Store,Store Location,Open/Closed Status,Open / Remo / Relo Year,New Store GO / Closed / Relo / Remodel Date,Details,Original Open Year,Original Open Date,"Comp Status 
(at time of Store Master refresh)",SE 2.0 Store,Designer Store,Territory,Region,District,Region & District Short,MSA,DMA,Top 10 DMA or PR?,Street Address,City,State,Zip,Lat,Lon, Selling Square Feet ,Urbanicity,Trade Area Population,Trade Area Population Density,Population Density within 3 mi.,DMA Population,Trade Area Med HH Income,Trade Area MHI Bucket,Trade Area %HH w/ HH Income LT $50K,Trade Area %HH w/ HH Income $50K-$75K,Trade Area %HH w/ HH Income $75K-$100K,Trade Area %HH w/ Hh Income GT $100K, MHI Index , MHI Index Bucket ,DMA Med HH Income,TA White %,TA White % Bucket,TA AA %,TA AA% Bucket,TA Hispanic %,TA Hispanic % Bucket,TA Asian %,TA Asian % Bucket, DMA Pop Growth % , DMA Married % ,FY'22 Volume Band (Tot Sales),FY'23 Volume Band (Tot Sales),FY'24 Volume Band (Tot Sales),FY'25 Volume Band (Tot Sales),VGR (L52W based on Update Date),Sales $ FY'15,FY'16 Sales $,FY'17 Sales $,FY'18 Sales $ Comp,FY'18 Sales $,FY'19 Sales Comp $,FY'20 Sales Comp $,Comp FY'21 Sales $,Comp FY'22 Sales $,FY'22 Total Sales $,Comp FY'23 Sales $,FY'23 Total Sales $,Comp FY'24 Sales $,FY'24 Total Sales $,Comp FY'25 Sales $,FY'25 Total Sales $,FY'14 Sales $ Comp %,FY'15 Sales $ Comp %,FY'16 Sales $ Comp %,FY'17 Sales $ Comp %,FY'18 Sales $ Comp % Restated,FY'19 Sales $ Comp %,FY'20 Sales $ Comp %,FY'21 Sales $ Comp %,FY'22 Sales $ Comp %,FY'23 Sales $ Comp %,FY'24 Sales $ Comp %,FY'25 Sales $ Comp %,Last Quarter Wk Avg OH$ @ Cost,Last Quarter Wk Avg OHU
2,"MILWAUKEE, WI",Open,1981,,Original Location,1981,11/27/1981,Comp,,,1,5,2,R05 D02,Milwaukee-Waukesha-West Allis,"Milwaukee, WI",,1501 WEST ZELLMAN COURT,MILWAUKEE,WI,53221,42.9,-87.9," 26,973 ",Light Suburban,"436,735","3,320","2,552","2,243,542","$62,987",60K-70K,44%,19%,12%,25%,104%,100 - 120,"$80,132",38%,20-40%,26%,20-30%,25%,20-30%,6%,6-8%,0.03%,48.38%,10 - 12 MM, 08 - 10 MM ,08 - 10 MM,08 - 10 MM,E,"$10,752,337","$11,064,742","$11,011,849","$11,004,310","$11,004,310","$11,386,171","$8,507,395","$12,734,461","$10,184,726","$10,184,726","$9,830,842","$9,960,993","$9,737,789","$9,737,789","$9,374,350","$9,374,350",5.8%,-2.7%,2.9%,-1.7%,1.2%,3.5%,-25.3%,11.8%,-20.0%,-3.5%,-0.7%,-3.7%,"$403,361 ","17,520"
3,"BRAINTREE, MA",Open,1984,,Original Location,1984,1/6/1984,Comp,Yes,Yes,3,10,4,R10 D04,Boston-Cambridge-Newton,"Boston, MA (Manchester, NH)",Top 10 DMA,705 GRANITE STREET,BRAINTREE,MA,2184,42.2,-71.0," 49,851 ",Light Suburban,"398,907","5,041","2,871","6,834,716","$85,537",GT80K,33%,14%,12%,41%,103%,100 - 120,"$112,082",29%,20-40%,34%,GT 30%,17%,10-20%,9%,GT 8%,0.28%,49.68%,20M+, 20M+ ,20M+,20M+,A,"$18,009,039","$19,744,665","$20,199,676","$20,016,021","$20,016,021","$19,760,803","$11,075,891","$23,147,839","$21,820,181","$21,820,181","$22,235,650","$22,522,832","$21,302,893","$21,302,893","$22,283,369","$22,283,369",14.9%,5.1%,9.6%,1.0%,0.3%,-1.3%,-44.0%,17.1%,-5.7%,1.9%,-4.2%,4.6%,"$753,929 ","36,025"
5,CLOSED,Closed,,8/14/2022,Closure Date,,,,,,0,0,,,,,,,,,,,,,,,,,,,,,,,,,,,,,,,,,,,,,LT8MM, LT8MM ,,,,"$10,498,041","$9,501,841","$9,520,600","$8,691,518","$8,691,518","$8,208,940","$4,444,936","$8,305,242","$4,356,413","$4,592,931",,$0,,,,,13.4%,-5.0%,-9.5%,-1.0%,-7.6%,-5.6%,-45.9%,1.2%,11.8%,,,,$0 ,NA
6,"PARAMUS, NJ (RT. 17)",Open,1978,,Original Location,1978,9/1/1978,Comp,,,3,13,6,R13 D06,New York-Newark-Jersey City,"New York, NY",Top 10 DMA,651 ROUTE 17 SOUTH,PARAMUS,NJ,7652,41.0,-74.1," 42,422 ",Suburban,"1,149,255","4,715","3,883","22,165,424","$106,015",GT80K,26%,12%,11%,51%,172%,GT 120,"$101,231",46%,40-60%,9%,5-10%,32%,30-40%,10%,GT 8%,0.08%,49.12%,12 - 20 MM, 12 - 20 MM ,08 - 10 MM,08 - 10 MM,E,"$15,558,426","$16,419,284","$16,374,865","$16,683,913","$16,683,913","$15,771,826","$8,339,115","$15,860,168","$13,528,089","$13,528,089","$11,879,228","$12,031,936","$9,831,435","$9,831,435","$9,811,692","$9,811,692",9.0%,8.8%,5.5%,-1.5%,3.2%,-5.5%,-47.1%,0.6%,-14.7%,-12.2%,-17.2%,-0.2%,"$501,365 ","16,539"
7,CLOSED,Closed,,1/23/2017,Closure Date,,,,,,0,0,,,,,,,,,,,,,,,,,,,,,,,,,,,,,,,,,,,,,,,,,,"$4,226,597","$4,428,980",,,,, ,,,,,,,,,,-4.3%,1.1%,2.8%,,,, ,,,,,,$0 ,NA
8,"STONY BROOK, NY",Open,1978,,Original Location,1978,10/15/1978,Comp,Yes,,3,14,1,R14 D01,New York-Newark-Jersey City,"New York, NY",Top 10 DMA,2199 NESCONSET HIGHWAY,STONY BROOK,NY,11790,40.9,-73.1," 28,040 ",Light Suburban,"414,388","3,339","2,950","22,165,424","$126,492",GT80K,18%,11%,12%,59%,141%,GT 120,"$101,231",50%,40-60%,9%,5-10%,32%,30-40%,7%,6-8%,0.08%,49.12%,10 - 12 MM, 10 - 12 MM ,10 - 12 MM,08 - 10 MM,E,"$9,895,605","$10,353,689","$11,254,605","$11,768,648","$11,768,648","$11,158,206","$6,411,091","$12,092,968","$10,660,013","$10,660,013","$11,684,676","$11,835,240","$10,524,312","$10,524,312","$8,796,516","$8,796,516",15.2%,6.4%,4.6%,7.3%,5.8%,-5.2%,-42.5%,8.4%,-11.8%,9.6%,-10.0%,-16.4%,"$400,253 ","19,811"
9,CLOSED,Closed,,8/24/2018,Closure Date,,,,,,0,0,,,,,,,,,,,,,,,,,,,,,,,,,,,,,,,,,,,,,,,,,,"$7,168,760","$7,591,738","$8,311,237","$3,696,631","$4,253,179",$0, ,,,,,,,,,,-0.1%,-0.8%,5.9%,8.1%,2.1%,, ,,,,,,$0 ,NA
12,"FORESTVILLE, MD",Open,1980,,Original Location,1980,7/28/1980,Comp,,,5,11,6,R11 D06,Washington-Arlington-Alexandria,"Washington, DC (Hagerstown, MD)",Top 10 DMA,3200 DONNELL DRIVE,FORESTVILLE,MD,20747,38.8,-76.9," 31,937 ",Suburban,"618,073","2,498","3,298","7,403,493","$88,588",GT80K,29%,15%,13%,43%,70%,LT 80,"$120,994",5%,LT 20%,78%,GT 30%,12%,10-20%,2%,LT 2%,0.54%,51.13%,08 - 10 MM, LT8MM ,08 - 10 MM,08 - 10 MM,F,"$10,256,304","$9,873,505","$9,651,548","$9,467,233","$9,467,233","$9,195,929","$5,579,088","$9,646,256","$8,094,798","$8,094,798","$7,555,824","$7,660,474","$8,270,793","$8,270,793","$8,570,054","$8,570,054",1.4%,5.2%,-3.7%,-3.5%,-0.6%,-2.9%,-39.3%,4.9%,-16.1%,-6.7%,9.6%,3.6%,"$439,671 ","15,866"
13,"BAILEY'S CROSSROADS, VA",Open,1981,,Original Location,1981,12/18/1981,Comp,Yes,Yes,5,11,4,R11 D04,Washington-Arlington-Alexandria,"Washington, DC (Hagerstown, MD)",Top 10 DMA,3524 SOUTH JEFFERSON STREET,BAILEYS CROSSROAD,VA,22041,38.8,-77.1," 54,223 ",Urban,"941,837","5,289","10,577","7,403,493","$127,165",GT80K,18%,11%,12%,59%,97%,80 - 100,"$120,994",38%,20-40%,17%,15-20%,25%,20-30%,14%,GT 8%,0.54%,51.13%,12 - 20 MM, 12 - 20 MM ,12 - 20 MM,12 - 20 MM,C,"$16,651,648","$17,373,659","$18,156,685","$18,201,110","$18,201,110","$18,756,303","$11,329,630","$18,112,160","$16,219,080","$16,219,080","$15,606,554","$15,822,314","$15,324,406","$15,324,406","$15,892,905","$15,892,905",8.0%,6.3%,4.3%,3.1%,1.5%,3.1%,-39.6%,-3.4%,-10.5%,-3.8%,-1.8%,3.7%,"$669,564 ","26,513"
14,"DORAVILLE, GA",Open,1980,,Original Location,1980,11/2/1980,Comp,Yes,Yes,5,19,1,R19 D01,Atlanta-Sandy Springs-Roswell,"Atlanta, GA",Top 10 DMA,5766  BUFORD HIGHWAY NE,DORAVILLE,GA,30340,33.9,-84.3," 53,165 ",Suburban,"1,689,064","2,233","3,543","7,692,390","$78,077",70K-80K,27%,16%,12%,45%,77%,LT 80,"$87,109",19%,LT 20%,49%,GT 30%,19%,10-20%,10%,GT 8%,0.88%,50.12%,12 - 20 MM, 12 - 20 MM ,12 - 20 MM,12 - 20 MM,B,"$11,199,288","$13,377,743","$14,628,259","$15,385,804","$15,385,804","$16,740,891","$11,889,850","$19,609,921","$18,324,268","$18,324,268","$18,514,628","$18,749,854","$17,670,467","$17,670,467","$18,368,055","$18,368,055",9.6%,4.7%,19.5%,7.9%,6.5%,8.8%,-29.0%,17.1%,-6.6%,1.0%,-4.3%,3.9%,"$817,841 ","29,989"
19,"ARLINGTON HTS., IL",Open,2024,9/13/2024,2024 Relo - SEP '24 Open,1981,10/18/1981,Comp,Yes,,4,7,2,R07 D02,Chicago-Naperville-Elgin,"Chicago, IL",Top 10 DMA,601 E PALATINE RD,ARLINGTON HEIGHTS,IL,60004,42.1,-88.0," 19,385 ",Suburban,"657,188","2,690","4,468","9,518,952","$104,825",GT80K,21%,13%,13%,53%,122%,GT 120,"$91,619",58%,40-60%,3%,LT 5%,19%,10-20%,17%,GT 8%,-0.18%,48.49%,08 - 10 MM, 10 - 12 MM ,08 - 10 MM,08 - 10 MM,F,"$10,044,161","$10,998,267","$11,625,333","$10,238,173","$10,238,173","$10,749,395","$6,679,908","$10,928,477","$9,481,502","$9,481,502","$10,062,926","$10,206,074","$6,573,056","$8,975,866","$6,056,997","$8,244,729",8.7%,2.5%,9.5%,4.3%,-10.8%,5.0%,-37.9%,1.7%,-13.2%,6.1%,-7.9%,-7.9%,"$450,023 ","16,252"
22,"STRATFORD, CT",Open,1982,,Original Location,1982,9/4/1982,Comp,Yes,Yes,3,25,1,R25 D01,Bridgeport-Stamford-Norwalk,"New York, NY",Top 10 DMA,800 BARNUM AVENUE CUTOFF,STRATFORD,CT,6614,41.2,-73.1," 53,320 ",Suburban,"230,179","4,911","4,621","22,165,424","$75,802",70K-80K,37%,14%,14%,35%,79%,LT 80,"$101,231",29%,20-40%,28%,20-30%,35%,30-40%,3%,2-4%,0.08%,49.12%,20M+, 20M+ ,20M+,20M+,A,"$14,247,498","$15,590,945","$14,760,247","$16,347,558","$16,347,558","$18,223,241","$13,117,287","$23,829,449","$22,834,574","$22,834,574","$24,766,063","$25,109,865","$27,586,802","$27,586,802","$27,259,121","$27,259,121",8.0%,3.5%,9.4%,-6.5%,12.2%,11.5%,-28.0%,30.8%,-4.2%,8.5%,11.3%,-1.2%,"$961,412 ","45,224"
23,"NEW LONDON, CT",Open,1982,,Original Location,1982,9/7/1982,Comp,,,3,10,6,R10 D06,Norwich-New London,"Hartford & New Haven, CT",,268-276 BRIDGE APPROACH,NEW LONDON,CT,6320,41.4,-72.1," 44,629 ",Light Suburban,"226,675",514,"1,899","2,641,771","$82,829",GT80K,33%,16%,14%,37%,83%,80 - 100,"$89,240",68%,GT 60%,7%,5-10%,14%,10-20%,5%,4-6%,-0.04%,48.18%,08 - 10 MM, 10 - 12 MM ,10 - 12 MM,10 - 12 MM,D,"$6,329,395","$6,703,719","$7,110,265","$7,479,502","$7,479,502","$7,883,954","$5,591,422","$9,579,863","$8,673,355","$8,673,355","$10,169,160","$10,315,522","$11,237,139","$11,237,139","$11,695,708","$11,695,708",7.5%,3.4%,5.9%,4.6%,6.6%,5.4%,-29.1%,21.5%,-9.5%,17.2%,10.3%,4.1%,"$478,786 ","20,331"
24,"SOUTHFIELD, MI",Open,1982,,Original Location,1982,10/21/1982,Comp,,,3,8,4,R08 D04,Detroit-Warren-Dearborn,"Detroit, MI",,29720 SOUTHFIELD ROAD,SOUTHFIELD,MI,48076,42.5,-83.2," 27,045 ",Suburban,"293,607","4,530","3,917","4,913,743","$55,501",LT60K,38%,16%,12%,34%,130%,GT 120,"$77,383",15%,LT 20%,78%,GT 30%,2%,LT 10%,1%,LT 2%,-0.10%,48.12%,LT8MM, 08 - 10 MM ,08 - 10 MM,LT8MM,F,"$10,192,754","$10,273,263","$10,128,018","$9,188,107","$9,188,107","$8,304,732","$5,075,755","$9,050,990","$7,991,385","$7,991,385","$8,119,155","$8,231,074","$8,679,605","$8,679,605","$7,894,541","$7,894,541",17.1%,5.0%,0.8%,-2.6%,-8.1%,-9.6%,-38.9%,9.0%,-11.7%,1.6%,6.9%,-9.0%,"$470,814 ","15,727"
25,"STERLING HTS, MI",Open,1982,,Original Location,1982,10/8/1982,Comp,Yes,Yes,3,8,2,R08 D02,Detroit-Warren-Dearborn,"Detroit, MI",,39200 VAN DYKE AVENUE,STERLING HEIGHTS,MI,48313,42.6,-83.0," 41,998 ",Suburban,"471,218","3,386","3,599","4,913,743","$81,055",GT80K,29%,17%,13%,41%,107%,100 - 120,"$77,383",73%,GT 60%,10%,10-15%,3%,LT 10%,9%,GT 8%,-0.10%,48.12%,10 - 12 MM, 12 - 20 MM ,12 - 20 MM,12 - 20 MM,D,"$8,859,042","$9,770,331","$10,879,286","$10,693,886","$10,693,886","$11,018,589","$7,017,536","$13,326,457","$11,539,979","$11,539,979","$12,154,412","$12,325,314","$12,647,858","$12,647,858","$12,561,877","$12,561,877",1.1%,-1.6%,10.3%,9.9%,-0.5%,3.0%,-36.3%,20.9%,-13.4%,5.3%,4.0%,-0.7%,"$580,935 ","21,562"
26,"VILLA PARK, IL",Open,2023,1/27/2023,2023 Relo - JAN '23 Open,1982,10/20/1982,Comp,Yes,,4,7,4,R07 D04,Chicago-Naperville-Elgin,"Chicago, IL",Top 10 DMA,174 WEST ROOSEVELT ROAD,VILLA PARK,IL,60181,41.9,-88.0," 21,931 ",Suburban,"808,731","4,191","3,658","9,518,952","$88,965",GT80K,29%,16%,13%,42%,119%,100 - 120,"$91,619",41%,40-60%,15%,15-20%,34%,30-40%,8%,6-8%,-0.18%,48.49%,LT8MM, 08 - 10 MM ,08 - 10 MM,08 - 10 MM,F,"$9,172,452","$9,460,553","$9,581,587","$9,044,168","$9,044,168","$8,935,517","$6,244,827","$9,995,509","$7,230,463","$7,626,793","$7,016,727","$9,139,851","$7,382,028","$8,759,936","$8,346,715","$8,346,715",8.7%,0.9%,3.1%,0.1%,-4.5%,-1.2%,-30.1%,11.9%,-24.6%,15.5%,-0.8%,-4.7%,"$426,982 ","16,963"
27,"NATICK, MA",Open,1982,,Original Location,1982,10/9/1982,Comp,Yes,,3,10,4,R10 D04,Boston-Cambridge-Newton,"Boston, MA (Manchester, NH)",Top 10 DMA,321 A. SPEEN STREET,NATICK,MA,1760,42.3,-71.4," 29,424 ",Suburban,"414,353","1,652","3,376","6,834,716","$134,638",GT80K,20%,11%,10%,59%,106%,100 - 120,"$112,082",65%,GT 60%,4%,LT 5%,12%,10-20%,10%,GT 8%,0.28%,49.68%,10 - 12 MM, 12 - 20 MM ,12 - 20 MM,12 - 20 MM,D,"$8,349,301","$9,040,765","$9,398,814","$9,342,189","$9,342,189","$9,868,970","$5,816,597","$12,031,137","$11,101,610","$11,101,610","$12,500,905","$12,653,518","$13,130,367","$13,130,367","$13,075,625","$13,075,625",10.5%,3.5%,8.3%,2.6%,0.6%,5.6%,-41.1%,21.9%,-7.7%,12.6%,4.9%,-0.4%,"$513,446 ","24,231"
32,"MEMPHIS, TN (EASTGATE)",Open,2018,10/26/2018,2018 Relo - OCT '18 Open,1982,11/5/1982,Comp,,,4,6,2,R06 D02,Memphis,"Memphis, TN",,5048 PARK AVE,MEMPHIS,TN,38117,35.1,-89.9," 31,094 ",Light Suburban,"365,783","2,076","2,838","1,776,622","$60,845",60K-70K,45%,16%,11%,28%,123%,GT 120,"$64,171",16%,LT 20%,70%,GT 30%,9%,LT 10%,3%,2-4%,-0.15%,45.03%,08 - 10 MM, 08 - 10 MM ,08 - 10 MM,08 - 10 MM,E,"$6,700,155","$6,896,494","$7,179,458","$4,741,930","$7,123,325","$5,228,542","$5,701,521","$9,879,013","$8,160,664","$8,160,664","$9,195,845","$9,332,101","$9,736,948","$9,736,948","$9,870,427","$9,870,427",2.3%,-3.3%,2.9%,2.7%,-0.6%,10.3%,-28.1%,24.5%,-17.4%,12.7%,5.3%,1.4%,"$542,638 ","18,884"
34,"E. PROVIDENCE, RI",Open,1983,,Original Location,1983,8/25/1983,Comp,,,3,10,2,R10 D02,Providence-Warwick,"Providence, RI-New Bedford, MA",,60 NEWPORT AVENUE ROUTE 1,EAST PROVIDENCE,RI,2916,41.9,-71.4," 33,250 ",Suburban,"257,319","5,118","4,757","1,683,219","$66,726",60K-70K,41%,16%,12%,31%,88%,80 - 100,"$87,015",36%,20-40%,11%,10-15%,41%,GT 40%,2%,2-4%,0.02%,47.37%,12 - 20 MM, 12 - 20 MM ,12 - 20 MM,12 - 20 MM,D,"$10,374,679","$11,129,004","$11,592,653","$12,654,834","$12,654,834","$13,714,079","$8,708,747","$14,582,894","$12,976,717","$12,976,717","$13,506,952","$13,671,461","$12,381,692","$12,381,692","$12,438,595","$12,438,595",9.6%,6.8%,7.3%,2.9%,10.5%,8.4%,-36.5%,6.3%,-11.0%,4.1%,-8.3%,0.5%,"$515,099 ","22,770"
35,"DES MOINES, IA",Open,1983,,Original Location,1983,8/27/1983,Comp,,,1,5,3,R05 D03,Des Moines-West Des Moines,"Des Moines-Ames, IA",,4094 MERLE HAY ROAD,DES MOINES,IA,50310,41.6,-93.7," 46,482 ",Suburban,"566,133","1,008","3,080","1,255,295","$83,772",GT80K,29%,16%,13%,42%,102%,100 - 120,"$78,485",72%,GT 60%,7%,5-10%,10%,10-20%,5%,4-6%,0.65%,52.91%,08 - 10 MM, 08 - 10 MM ,08 - 10 MM,08 - 10 MM,F,"$10,274,399","$10,986,983","$10,788,729","$10,326,795","$10,326,795","$10,238,941","$7,717,548","$11,569,648","$8,732,684","$8,732,684","$8,416,803","$8,527,507","$8,097,734","$8,097,734","$8,289,461","$8,289,461",6.4%,-2.6%,6.9%,-3.1%,-2.9%,-0.9%,-24.6%,13.0%,-24.5%,-3.6%,-3.6%,2.4%,"$385,811 ","14,393"
41,"PARMA, OH",Open,2019,3/15/2019,2019 Relo - MAR '19 Open,1983,10/7/1983,Comp,Yes,,3,8,3,R08 D03,Cleveland-Elyria,"Cleveland-Akron (Canton), OH",,8253 W RIDGEWOOD DR,PARMA,OH,44129,41.4,-81.7," 33,444 ",Suburban,"381,336","2,911","3,661","3,823,814","$65,557",60K-70K,37%,20%,13%,30%,100%,100 - 120,"$69,527",64%,GT 60%,15%,15-20%,13%,10-20%,3%,2-4%,-0.09%,47.83%,LT8MM, LT8MM ,LT8MM,LT8MM,G,"$6,660,991","$6,557,387","$6,837,009","$6,669,518","$6,669,518","$6,020,142","$5,817,037","$10,658,210","$7,882,269","$7,882,269","$7,886,750","$7,997,435","$7,476,114","$7,476,114","$7,314,378","$7,314,378",-2.4%,-6.9%,-1.6%,2.9%,-1.2%,32.8%,-3.4%,17.6%,-26.0%,0.1%,-5.1%,-2.2%,"$370,147 ","14,222"
42,"GREENSBORO, NC (GUILFORD)",Open,1987,,Original Location,1987,10/28/1987,Comp,,,5,18,4,R18 D04,Greensboro-High Point,"Greensboro-High Point-Winston Salem, NC",,3022 HIGH POINT ROAD,GREENSBORO,NC,27403,36.0,-79.8," 31,629 ",Suburban,"780,475",452,"3,119","1,891,531","$64,632",60K-70K,43%,18%,14%,26%,81%,80 - 100,"$66,103",50%,40-60%,29%,20-30%,12%,10-20%,4%,2-4%,0.38%,50.49%,08 - 10 MM, LT8MM ,08 - 10 MM,08 - 10 MM,E,"$8,034,119","$8,414,727","$8,868,792","$8,925,528","$8,925,528","$9,664,665","$6,664,632","$10,175,966","$8,155,450","$8,155,450","$7,679,139","$7,790,373","$8,140,411","$8,140,411","$8,832,770","$8,832,770",4.1%,6.1%,4.7%,4.0%,1.9%,8.3%,-31.0%,5.3%,-19.9%,-5.8%,6.2%,8.5%,"$385,030 ","14,728"
43,"DALLAS, TX (NORTH TOWN MALL)",Open,1983,,Original Location,1983,10/7/1983,Comp,Yes,Yes,4,16,4,R16 D04,Dallas-Fort Worth-Arlington,"Dallas-Ft. Worth, TX",Top 10 DMA,3131 FOREST LN STE 400,DALLAS,TX,75234,32.9,-96.9," 47,971 ",Suburban,"2,295,628","2,882","3,705","9,039,276","$76,384",70K-80K,39%,18%,12%,32%,111%,100 - 120,"$89,635",25%,20-40%,24%,20-30%,42%,GT 40%,7%,6-8%,1.36%,52.96%,12 - 20 MM, 20M+ ,20M+,20M+,B,"$10,888,212","$11,891,998","$13,891,055","$15,401,953","$15,401,953","$16,988,086","$11,526,735","$20,177,628","$19,097,506","$19,097,506","$20,366,760","$20,610,326","$21,581,023","$21,581,023","$21,342,668","$21,342,668",13.7%,6.6%,9.2%,15.3%,12.1%,10.3%,-32.1%,18.8%,-5.4%,6.6%,5.8%,-1.1%,"$796,686 ","40,170"
44,"ROCHESTER, NY (JAY SCUTTI)",Open,2019,5/3/2019,2019 Relo - APR '19 Open,1983,11/19/1983,Comp,Yes,,3,10,1,R10 D01,Rochester,"Rochester, NY",,654 HYLAN DRIVE,ROCHESTER,NY,14623,43.1,-77.6," 35,519 ",Light Suburban,"290,066","1,573","1,651","1,070,857","$57,746",LT60K,46%,17%,12%,26%,87%,80 - 100,"$75,675",42%,40-60%,29%,20-30%,17%,10-20%,7%,6-8%,-0.07%,48.57%,LT8MM, LT8MM ,08 - 10 MM,LT8MM,G,"$8,539,240","$8,974,311","$9,542,663","$8,764,109","$8,764,109","$6,855,301","$5,422,487","$9,998,430","$7,669,053","$7,669,053","$7,730,634","$7,833,723","$8,009,975","$8,009,975","$7,555,406","$7,555,406",6.9%,2.2%,5.1%,4.9%,-7.0%,7.9%,-20.9%,0.2%,-23.3%,0.8%,3.7%,-5.7%,"$415,588 ","14,729"
45,"REDFORD, MI",Open,2022,11/4/2022,2022 Relo - NOV '22 Open,1983,10/20/1983,Comp,Yes,,3,8,2,R08 D02,Detroit-Warren-Dearborn,"Detroit, MI",,"9313 TELEGRAPH RD, SPACE 245",REDFORD,MI,48239,42.4,-83.3," 19,227 ",Suburban,"348,955","4,966","4,290","4,913,743","$51,133",LT60K,43%,17%,12%,28%,78%,LT 80,"$77,383",39%,20-40%,52%,GT 30%,3%,LT 10%,1%,LT 2%,-0.10%,48.12%,LT8MM, LT8MM ,LT8MM,LT8MM,F,"$5,232,523","$5,717,264","$5,936,630","$5,878,144","$5,878,144","$5,972,208","$4,090,044","$7,962,792","$4,335,954","$6,475,577","$4,520,732","$7,177,530","$7,895,187","$7,895,187","$7,678,873","$7,678,873",10.7%,5.8%,9.3%,2.4%,0.4%,1.6%,-31.5%,33.3%,-15.2%,4.3%,11.7%,-2.7%,"$450,486 ","14,720"
46,"WICHITA, KS (EAST WICHITA)",Open,1983,,Original Location,1983,11/4/1983,Comp,,,4,6,4,R06 D04,Wichita,"Wichita-Hutchinson, KS Plus",,8225 EAST KELLOGG DRIVE,WICHITA,KS,67207,37.7,-97.2," 30,713 ",Light Suburban,"208,153","2,404","2,965","1,222,255","$55,159",LT60K,44%,17%,14%,25%,103%,100 - 120,"$66,170",45%,40-60%,16%,15-20%,24%,20-30%,7%,6-8%,-0.08%,52.77%,LT8MM, LT8MM ,LT8MM,LT8MM,H,"$5,067,461","$5,329,864","$5,520,032","$5,860,998","$5,860,998","$6,480,334","$4,717,835","$7,548,125","$5,996,712","$5,996,712","$5,594,978","$5,669,741","$5,762,920","$5,762,920","$6,160,794","$6,160,794",2.0%,3.3%,5.2%,2.2%,7.6%,10.6%,-27.2%,16.5%,-20.6%,-6.7%,3.2%,6.9%,"$300,357 ","12,056"
47,CLOSED,Closed,,5/21/2023,Closure Date,,,,,,0,0,,,,,,,,,,,,,,,,,,,,,,,,,,,,,,,,,,,,,20M+, LT8MM ,,,,"$12,994,803","$14,860,950","$15,492,445","$15,000,828","$15,000,828","$16,112,004","$11,673,013","$20,336,143","$20,195,442","$20,195,442","$4,615,126","$5,426,874",,,,,6.3%,-5.2%,14.4%,2.8%,-1.9%,7.4%,-27.6%,26.2%,-0.7%,8.2%,,,$0 ,NA
49,"YORK, PA (MARKET)",Open,2023,3/10/2023,2023 Relo - MAR '23 Open,1983,11/18/1983,Comp,,,3,25,3,R25 D03,York-Hanover,"Harrisburg-Lancaster-Lebanon-York, PA",,2845 CONCORD RD,YORK,PA,17402,40.0,-76.7," 15,763 ",Light Suburban,"458,308",742,"1,947","2,122,849","$80,322",GT80K,29%,17%,14%,41%,91%,80 - 100,"$80,631",72%,GT 60%,7%,5-10%,14%,10-20%,2%,2-4%,0.29%,54.70%,LT8MM, LT8MM ,LT8MM,LT8MM,H,"$5,204,402","$4,701,422","$4,948,819","$4,815,555","$4,815,555","$5,232,095","$4,266,542","$6,631,146","$5,496,798","$5,496,798","$4,349,400","$6,004,467","$4,845,212","$6,340,893","$6,547,662","$6,547,662",-1.3%,-6.3%,-9.7%,3.8%,-1.4%,8.6%,-18.5%,26.7%,-17.1%,3.5%,14.0%,3.3%,"$357,639 ","12,742"
50,"VIRGINIA BEACH, VA (MILITAR)",Open,1983,,Original Location,1983,11/16/1983,Comp,,,5,11,3,R11 D03,Virginia Beach-Norfolk-Newport News,"Norfolk-Portsmouth-Newport News, VA",,880 SOUTH MILITARY HIGHWAY,VIRGINIA BEACH,VA,23464,36.8,-76.2," 39,689 ",Suburban,"453,277","1,825","3,780","1,996,676","$77,632",70K-80K,34%,18%,13%,34%,99%,80 - 100,"$80,782",38%,20-40%,41%,GT 30%,9%,LT 10%,6%,4-6%,0.17%,51.00%,08 - 10 MM, 08 - 10 MM ,08 - 10 MM,08 - 10 MM,F,"$8,864,507","$9,148,619","$9,281,947","$8,736,521","$8,736,521","$8,462,598","$6,010,756","$10,205,311","$8,864,713","$8,864,713","$9,226,473","$9,358,115","$8,064,182","$8,064,182","$8,026,620","$8,026,620",3.6%,1.2%,3.2%,0.1%,-4.6%,-3.1%,-29.0%,20.6%,-13.1%,4.1%,-12.6%,-0.5%,"$346,550 ","14,532"
55,"TULSA, OK",Open,1984,,Original Location,1984,9/8/1984,Comp,,,4,16,5,R16 D05,Tulsa,"Tulsa, OK",,7030 SOUTH MEMORIAL DRIVE,TULSA,OK,74133,36.1,-95.9," 42,490 ",Suburban,"483,342",945,"3,403","1,468,910","$68,007",60K-70K,37%,17%,12%,33%,113%,100 - 120,"$64,849",49%,40-60%,12%,10-15%,18%,10-20%,5%,4-6%,0.41%,50.94%,12 - 20 MM, 12 - 20 MM ,12 - 20 MM,12 - 20 MM,C,"$11,705,239","$12,102,995","$13,636,857","$12,601,926","$12,601,926","$14,266,648","$10,131,591","$16,584,346","$13,895,144","$13,895,144","$15,282,152","$15,474,779","$14,919,528","$14,919,528","$14,292,693","$14,292,693",9.5%,4.9%,3.4%,11.3%,-6.5%,13.2%,-29.0%,16.2%,-16.2%,10.0%,-2.5%,-4.2%,"$573,876 ","27,606"
58,CLOSED,Closed,,7/25/2025,Closure Date,,,,,,0,0,,,,,,,,,,,,,,,,,,,,,,,,,,,,,,,,,,,,,LT8MM, LT8MM ,LT8MM,LT8MM,,"$11,940,506","$12,063,650","$11,906,393","$10,060,010","$10,060,010","$9,628,634","$6,663,411","$8,361,132","$7,122,800","$7,122,800","$7,648,071","$7,748,844","$7,144,209","$7,144,209","$2,121,008","$2,971,744",9.4%,-4.8%,1.0%,-2.6%,-14.4%,-4.3%,-30.8%,-13.2%,-14.8%,7.4%,-6.6%,-4.1%,"$10,734 ","12,511"
59,"W. ST. PAUL, MN",Open,1984,,Original Location,1984,9/30/1984,Comp,,,1,5,4,R05 D04,Minneapolis-St. Paul-Bloomington,"Minneapolis-St. Paul, MN",,2035 SOUTH ROBERT STREET,WEST SAINT PAUL,MN,55118,44.9,-93.1," 35,099 ",Light Suburban,"509,900","2,388","2,600","5,035,066","$84,044",GT80K,28%,15%,13%,44%,96%,80 - 100,"$91,896",52%,40-60%,14%,10-15%,11%,10-20%,17%,GT 8%,0.42%,52.29%,LT8MM, LT8MM ,08 - 10 MM,LT8MM,F,"$5,640,190","$6,723,379","$7,128,949","$6,914,489","$6,914,489","$6,671,245","$5,152,510","$6,946,013","$6,538,235","$6,538,235","$7,422,647","$7,524,541","$8,506,059","$8,506,059","$7,572,843","$7,572,843",1.9%,-4.7%,19.2%,4.5%,-1.7%,-3.5%,-22.8%,4.1%,-5.9%,13.5%,14.6%,-11.0%,"$437,810 ","14,341"
60,"MADISON, WI (EAST MADISON)",Open,1992,,Original Location,1992,8/19/1992,Comp,,,1,5,2,R05 D02,Madison,"Madison, WI",,2025 ZEIER ROAD,MADISON,WI,53704,43.1,-89.3," 33,012 ",Light Suburban,"332,854",498,"1,805","1,155,056","$87,508",GT80K,27%,17%,13%,44%,91%,80 - 100,"$82,595",71%,GT 60%,8%,5-10%,10%,10-20%,5%,4-6%,0.46%,50.27%,LT8MM, LT8MM ,LT8MM,LT8MM,H,"$5,703,781","$5,796,259","$5,769,212","$5,403,195","$5,403,195","$4,967,077","$3,276,697","$6,087,531","$5,197,303","$5,197,303","$5,542,384","$5,621,380","$5,533,626","$5,533,626","$5,908,088","$5,908,088",-2.4%,1.4%,1.6%,-1.8%,-5.1%,-8.1%,-34.0%,22.6%,-14.6%,6.6%,-0.2%,6.8%,"$296,043 ","10,366"
61,CLOSED,Closed,,1/19/2024,Closure Date,,,,,,0,0,,,,,,,,,,,,,,,,,,,,,,,,,,,,,,,,,,,,,LT8MM, LT8MM ,,,,"$5,268,164","$5,033,516","$4,909,250","$4,901,243","$4,901,243","$5,086,227","$3,948,851","$6,533,308","$4,599,920","$4,599,920","$3,953,498","$4,203,810",,,,,8.5%,-8.9%,-4.5%,-3.7%,1.2%,3.8%,-22.4%,28.5%,-29.6%,-9.3%,,,$0 ,NA
62,"BUFFALO, NY (AMHERST)",Open,2019,9/13/2019,2019 Relo - SEP '19 Open,1984,9/8/1984,Comp,Yes,,3,10,1,R10 D01,Buffalo-Cheektowaga-Niagara Falls,"Buffalo, NY",,3030 SHERIDAN DR,AMHERST,NY,14226,43.0,-78.8," 35,972 ",Light Urban,"317,742","3,593","5,230","1,556,799","$60,196",60K-70K,44%,16%,12%,29%,109%,100 - 120,"$68,948",49%,40-60%,28%,20-30%,10%,LT 10%,9%,GT 8%,-0.20%,47.55%,08 - 10 MM, 08 - 10 MM ,08 - 10 MM,08 - 10 MM,F,"$8,859,572","$8,798,950","$8,938,504","$8,910,864","$8,910,864","$5,750,501","$2,511,852","$9,829,179","$8,238,389","$8,238,389","$8,217,591","$8,333,471","$8,381,616","$8,381,616","$8,048,241","$8,048,241",-0.8%,-7.2%,-0.7%,0.4%,0.8%,4.2%,-56.3%,10.4%,-16.2%,-0.3%,2.0%,-4.0%,"$395,170 ","15,882"
63,CLOSED,Closed,,1/29/2023,Closure Date,,,,,,0,0,,,,,,,,,,,,,,,,,,,,,,,,,,,,,,,,,,,,,LT8MM, LT8MM ,,,,"$5,196,412","$4,305,120","$4,761,301","$4,995,799","$4,995,799","$5,406,551","$4,083,009","$6,731,512","$5,768,293","$5,768,293",,"$4,802",,,,,-1.0%,-13.0%,-17.2%,9.1%,6.2%,8.2%,-24.5%,24.5%,-14.3%,,,,$0 ,NA
65,"FREDERICK, MD",Open,2026,9/25/2026,2026 Relo - SEP '26 Open,1991,9/7/1991,Comp,,,5,11,6,R11 D06,Washington-Arlington-Alexandria,"Washington, DC (Hagerstown, MD)",Top 10 DMA,1025 WEST PATRICK STREET,FREDERICK,MD,21702,39.4,-77.4, -   ,Suburban,"769,451",722,"3,125","7,403,493","$106,794",GT80K,22%,13%,13%,53%,78%,LT 80,"$120,994",52%,40-60%,15%,15-20%,17%,10-20%,11%,GT 8%,0.54%,51.13%,LT8MM, 08 - 10 MM ,08 - 10 MM,08 - 10 MM,E,"$7,056,480","$7,114,808","$7,509,662","$7,387,416","$7,387,416","$7,210,033","$4,348,509","$8,736,560","$7,625,682","$7,625,682","$8,289,893","$8,407,439","$8,632,325","$8,632,325","$9,138,413","$9,138,413",4.2%,0.8%,0.8%,4.1%,-0.3%,-2.4%,-39.7%,21.2%,-12.7%,8.7%,4.0%,5.9%,"$433,056 ","15,785"
69,"ALBUQUERQUE, NM (MONTGOMERY)",Open,2022,10/14/2022,2022 Relo - OCT '22 Open,1984,10/17/1984,Comp,,,1,3,4,R03 D04,Albuquerque,"Albuquerque-Santa Fe, NM",,5001 MONTGOMERY NE,ALBUQUERQUE,NM,87109,35.1,-106.6," 23,781 ",Suburban,"468,026",137,"3,546","1,971,885","$64,844",60K-70K,35%,16%,14%,35%,95%,80 - 100,"$66,276",28%,20-40%,3%,LT 5%,58%,GT 40%,3%,2-4%,0.32%,45.65%,08 - 10 MM, 10 - 12 MM ,10 - 12 MM,10 - 12 MM,D,"$12,436,751","$11,412,352","$11,265,083","$10,470,958","$10,470,958","$10,202,553","$5,977,038","$10,749,991","$5,677,654","$8,832,953","$6,663,584","$10,116,449","$10,779,346","$10,779,346","$10,969,083","$10,969,083",4.7%,-3.5%,-8.2%,-2.5%,-5.8%,-2.6%,-41.4%,5.4%,-23.6%,17.4%,8.1%,1.8%,"$535,068 ","21,978"
70,"BURBANK, IL (BURBANK STA)",Open,2020,8/14/2020,2020 Relo - AUG '20 Open,1985,10/14/1985,Comp,Yes,,4,7,1,R07 D01,Chicago-Naperville-Elgin,"Chicago, IL",Top 10 DMA,7220 S. CICERO AVE,BURBANK,IL,60459,41.8,-87.7," 68,228 ",Light Urban,"744,241","7,663","7,619","9,518,952","$66,627",60K-70K,40%,17%,13%,30%,86%,80 - 100,"$91,619",22%,20-40%,25%,20-30%,49%,GT 40%,2%,LT 2%,-0.18%,48.49%,12 - 20 MM, 12 - 20 MM ,12 - 20 MM,12 - 20 MM,B,"$9,784,189","$9,785,276","$9,726,244","$9,365,770","$9,365,770","$9,477,896","$5,025,915","$15,217,456","$13,920,044","$13,920,044","$16,058,957","$16,281,742","$17,048,310","$17,048,310","$17,989,050","$17,989,050",-0.8%,0.2%,0.0%,-2.0%,-2.3%,1.2%,-47.0%,60.6%,-8.5%,15.4%,6.1%,5.5%,"$642,110 ","31,833"
72,"LANCASTER, PA (E. TOWNE MALL)",Open,1991,,Original Location,1991,8/31/1991,Comp,,,3,25,3,R25 D03,Lancaster,"Harrisburg-Lancaster-Lebanon-York, PA",,2090 LINCOLN HIGHWAY EAST,LANCASTER,PA,17602,40.0,-76.2," 38,756 ",Exurban,"621,898",622,"1,370","2,122,849","$83,293",GT80K,27%,17%,14%,43%,95%,80 - 100,"$80,631",76%,GT 60%,6%,5-10%,12%,10-20%,3%,2-4%,0.29%,54.70%,10 - 12 MM, 10 - 12 MM ,10 - 12 MM,10 - 12 MM,D,"$9,133,440","$9,311,929","$9,362,804","$8,403,450","$8,403,450","$9,147,752","$6,888,621","$12,584,285","$10,591,562","$10,591,562","$11,083,917","$11,231,344","$10,868,826","$10,868,826","$10,495,578","$10,495,578",6.0%,-0.6%,2.0%,-0.7%,-9.1%,8.9%,-24.7%,37.6%,-15.8%,4.6%,-2.0%,-3.4%,"$589,061 ","20,138"
74,CLOSED,Closed,,10/8/2016,Closure Date,,,,,,0,0,,,,,,,,,,,,,,,,,,,,,,,,,,,,,,,,,,,,,,,,,,"$8,455,191","$5,570,472",,,,, ,,,,,,,,,,0.8%,-4.7%,5.6%,,,, ,,,,,,$0 ,NA
78,"DENVER, CO (BOWLES CROSSING)",Open,2024,3/1/2024,2024 Relo - FEB '24 Open,1985,11/12/1985,Comp,,,1,1,1,R01 D01,Denver-Aurora-Lakewood,"Denver, CO",,"8055 W BOWLES AVE, SUITE 400",LITTLETON,CO,80123,39.6,-105.1," 20,573 ",Suburban,"435,462","2,304","3,962","4,891,657","$97,175",GT80K,22%,13%,13%,52%,118%,100 - 120,"$102,369",58%,40-60%,2%,LT 5%,31%,30-40%,4%,2-4%,0.81%,52.15%,LT8MM, LT8MM ,LT8MM,LT8MM,H,"$7,748,390","$8,179,962","$9,412,224","$8,514,444","$8,514,444","$7,209,399","$4,428,461","$6,749,912","$5,710,287","$5,710,287","$5,946,914","$6,005,126","$4,373,015","$5,647,738","$4,027,197","$5,194,582",8.5%,8.3%,5.6%,13.7%,-8.6%,-15.3%,-38.6%,-6.4%,-15.4%,4.1%,-4.9%,-7.9%,"$343,209 ","11,491"
79,"MURRAY, UT (SALT LAKE CITY)",Open,1986,,Original Location,1986,8/29/1986,Comp,,,1,1,3,R01 D03,Salt Lake City,"Salt Lake City, UT",,5976 SOUTH STATE STREET,MURRAY,UT,84107,40.6,-111.9," 26,560 ",Light Urban,"802,860","2,968","5,172","3,722,607","$95,333",GT80K,25%,18%,15%,42%,88%,80 - 100,"$97,769",59%,40-60%,2%,LT 5%,27%,20-30%,5%,4-6%,1.16%,56.35%,LT8MM, 08 - 10 MM ,08 - 10 MM,08 - 10 MM,F,"$9,666,303","$10,226,051","$10,020,402","$9,209,920","$9,209,920","$8,962,454","$5,997,160","$9,632,801","$7,868,162","$7,868,162","$8,359,882","$8,473,247","$8,703,950","$8,703,950","$8,278,870","$8,278,870",9.6%,6.3%,5.8%,-3.3%,-6.8%,-2.7%,-33.1%,7.5%,-18.3%,6.2%,4.1%,-4.9%,"$376,432 ","16,201"
80,"FAIRVIEW HEIGHTS, IL",Open,2024,10/18/2024,2024 Relo - OCT '24 Open,1986,8/29/1986,Comp,Yes,,4,6,3,R06 D03,St. Louis,"St. Louis, MO",,6611 N. ILLINOIS ST,FAIRVIEW HEIGHTS,IL,62208,38.6,-90.0," 18,590 ",Exurban,"378,071",325,"1,150","3,181,819","$72,126",70K-80K,33%,19%,14%,35%,111%,100 - 120,"$80,162",64%,GT 60%,24%,20-30%,6%,LT 10%,1%,LT 2%,0.01%,50.74%,LT8MM, LT8MM ,LT8MM,LT8MM,F,"$7,773,822","$7,219,728","$7,158,252","$7,052,853","$7,052,853","$6,817,735","$4,716,416","$7,595,875","$6,426,386","$6,426,386","$6,539,421","$6,630,074","$4,115,705","$6,781,580","$5,083,554","$7,863,524",2.1%,-2.0%,-7.1%,-2.0%,-0.3%,-3.3%,-30.8%,11.4%,-15.4%,1.8%,-5.6%,23.5%,"$319,933 ","15,528"
82,CLOSED,Closed,,5/23/2025,Closure Date,,,,,,0,0,,,,,,,,,,,,,,,,,,,,,,,,,,,,,,,,,,,,,LT8MM, LT8MM ,LT8MM,LT8MM,,"$6,025,294","$5,618,966","$5,413,863","$5,340,672","$5,340,672","$5,524,511","$3,932,489","$6,244,660","$4,915,765","$4,915,765","$5,270,804","$5,339,621","$4,984,269","$4,984,269","$687,642","$1,211,111",-1.0%,-4.8%,-6.7%,-4.9%,0.0%,3.4%,-28.8%,13.0%,-21.3%,7.2%,-5.4%,-15.0%,$0 ,"10,072"
83,"MONROEVILLE, PA",Open,2019,9/13/2019,2019 Relo - SEP '19 Open,1986,8/29/1986,Comp,,,3,25,2,R25 D02,Pittsburgh,"Pittsburgh, PA",,"3700 WM PENN HWY, SUITE 4",MONROEVILLE,PA,15146,40.4,-79.8," 28,647 ",Light Suburban,"227,508","1,661","1,995","2,826,882","$66,256",60K-70K,40%,18%,13%,29%,97%,80 - 100,"$74,411",61%,GT 60%,29%,20-30%,3%,LT 10%,2%,2-4%,-0.07%,50.10%,LT8MM, LT8MM ,LT8MM,LT8MM,H,"$7,443,618","$7,311,270","$7,142,628","$7,020,898","$7,020,898","$4,620,904","$2,869,420","$8,067,934","$6,404,489","$6,404,489","$6,636,073","$6,726,608","$6,268,330","$6,268,330","$6,031,570","$6,031,570",-1.8%,-10.2%,-1.8%,-3.5%,-0.5%,2.3%,-37.9%,12.3%,-20.6%,3.6%,-5.6%,-3.8%,"$322,921 ","11,362"
84,"LAWRENCE, NY",Open,1986,,Original Location,1986,8/29/1986,Comp,,Yes,3,14,6,R14 D06,New York-Newark-Jersey City,"New York, NY",Top 10 DMA,345-365 ROCKAWAY TPK #290,LAWRENCE,NY,11559,40.6,-73.7," 77,585 ",Light Urban,"548,828","13,243","9,170","22,165,424","$97,663",GT80K,27%,13%,11%,49%,99%,80 - 100,"$101,231",18%,LT 20%,42%,GT 30%,19%,10-20%,10%,GT 8%,0.08%,49.12%,20M+, 20M+ ,20M+,20M+,A,"$24,471,404","$25,128,676","$25,371,330","$26,022,009","$26,022,009","$25,107,540","$13,721,834","$25,935,912","$23,143,328","$23,143,328","$23,821,345","$24,132,634","$23,654,445","$23,654,445","$23,055,143","$23,055,143",9.8%,2.5%,2.7%,-0.3%,3.9%,-3.5%,-45.3%,3.3%,-10.8%,2.9%,-0.7%,-2.5%,"$939,744 ","39,064"
85,CLOSED,Closed,,5/15/2021,Closure Date,,,,,,0,0,,,,,,,,,,,,,,,,,,,,,,,,,,,,,,,,,,,,,LT8MM,,,,,"$10,047,863","$10,913,828","$11,366,053","$11,058,987","$11,058,987","$12,433,519","$7,547,853","$3,371,683",$0,$0,,,,,,,10.8%,0.5%,8.6%,2.8%,-1.5%,12.4%,-39.3%,22.9%,0.0%,,,,$0 ,NA
91,CLOSED,Closed,,8/16/2019,Closure Date,,,,,,0,0,,,,,,,,,,,,,,,,,,,,,,,,,,,,,,,,,,,,,,,,,,"$5,566,537","$5,463,380","$5,158,772","$5,001,497","$5,001,497","$2,327,692",$0,$0,,,,,,,,,0.6%,0.3%,-1.9%,-6.8%,-1.7%,-4.1%, ,0.0%,,,,,$0 ,NA
92,"DAYTON, OH (SOUTHTOWNE)",Open,1986,,Original Location,1986,11/26/1986,Comp,,,3,8,6,R08 D06,Dayton,"Dayton, OH",,2122 MIAMISBURG CNTVILLE RD,DAYTON,OH,45459,39.6,-84.2," 59,361 ",Light Suburban,"279,142",954,"2,348","1,221,964","$66,978",60K-70K,39%,17%,13%,32%,111%,100 - 120,"$69,915",59%,40-60%,30%,20-30%,3%,LT 10%,3%,2-4%,0.02%,50.23%,LT8MM, LT8MM ,LT8MM,LT8MM,H,"$7,004,490","$7,228,341","$7,381,685","$7,061,515","$7,061,515","$6,366,097","$3,999,003","$6,574,718","$5,307,962","$5,307,962","$5,357,573","$5,425,794","$5,178,755","$5,178,755","$4,830,064","$4,830,064",9.2%,-2.1%,3.2%,0.8%,-3.1%,-9.8%,-37.2%,3.3%,-19.3%,0.9%,-3.2%,-6.7%,"$360,753 ","10,331"
98,"NORTH BRUNSWICK, NJ",Open,1987,,Original Location,1987,10/22/1987,Comp,Yes,Yes,3,13,2,R13 D02,New York-Newark-Jersey City,"New York, NY",Top 10 DMA,989 ROUTE 1 SOUTH,NORTH BRUNSWICK,NJ,8902,40.5,-74.5," 50,884 ",Suburban,"637,064","2,390","4,416","22,165,424","$112,878",GT80K,20%,12%,11%,56%,99%,80 - 100,"$101,231",31%,20-40%,12%,10-15%,28%,20-30%,26%,GT 8%,0.08%,49.12%,12 - 20 MM, 12 - 20 MM ,12 - 20 MM,20M+,B,"$14,212,129","$13,795,660","$14,269,672","$15,097,595","$15,097,595","$16,142,074","$10,008,037","$19,470,279","$17,935,212","$17,935,212","$19,568,436","$19,819,132","$19,551,667","$19,551,667","$20,134,038","$20,134,038",9.0%,-3.1%,-2.9%,2.1%,7.2%,6.9%,-38.0%,20.6%,-7.9%,9.1%,-0.1%,3.0%,"$758,971 ","32,224"
100,"CANTON, OH",Open,2021,9/10/2021,2021 Relo - SEP '21 Open,1987,9/16/1987,Comp,Yes,,3,8,3,R08 D03,Canton-Massillon,"Cleveland-Akron (Canton), OH",,3975 EVERHARD ROAD NW,CANTON,OH,44709,40.9,-81.4," 22,313 ",Light Suburban,"309,425","1,018","1,958","3,823,814","$66,052",60K-70K,39%,18%,15%,28%,97%,80 - 100,"$69,527",81%,GT 60%,9%,5-10%,3%,LT 10%,1%,LT 2%,-0.09%,47.83%,08 - 10 MM, 08 - 10 MM ,LT8MM,LT8MM,F,"$7,127,657","$7,372,529","$7,700,466","$7,912,557","$7,912,557","$7,923,057","$5,710,809","$8,828,071","$5,334,005","$8,332,245","$8,337,422","$8,446,922","$7,942,785","$7,942,785","$7,923,042","$7,923,042",3.3%,6.8%,3.4%,3.0%,4.1%,0.1%,-27.9%,15.2%,-8.5%,0.1%,-4.6%,-0.2%,"$419,949 ","15,601"
101,"NASHUA, NH",Open,1987,,Original Location,1987,9/11/1987,Comp,,,3,10,3,R10 D03,Manchester-Nashua,"Boston, MA (Manchester, NH)",Top 10 DMA,51 GUSABEL AVENUE,NASHUA,NH,3063,42.8,-71.5," 32,988 ",Light Suburban,"324,624","1,509","2,814","6,834,716","$104,464",GT80K,24%,14%,12%,49%,89%,80 - 100,"$112,082",63%,GT 60%,5%,LT 5%,14%,10-20%,13%,GT 8%,0.28%,49.68%,08 - 10 MM, 10 - 12 MM ,08 - 10 MM,08 - 10 MM,F,"$10,071,885","$10,290,271","$10,292,112","$10,111,673","$10,111,673","$9,533,875","$6,748,024","$10,520,279","$9,153,407","$9,153,407","$10,020,804","$10,150,623","$8,994,683","$8,994,683","$8,555,411","$8,555,411",8.3%,-1.9%,2.2%,-1.2%,-0.5%,-5.7%,-29.2%,10.3%,-13.0%,9.5%,-10.3%,-4.9%,"$406,833 ","17,281"
107,"SHREVEPORT, LA",Open,1987,,Original Location,1987,10/10/1987,Comp,Yes,,4,16,6,R16 D06,Shreveport-Bossier City,"Shreveport, LA",,1239 SHREVEPORT BARKSDALE HW,SHREVEPORT,LA,71105,32.5,-93.7," 18,518 ",Light Suburban,"276,343",300,"2,248","955,034","$60,689",60K-70K,45%,18%,12%,25%,108%,100 - 120,"$54,877",47%,40-60%,41%,GT 30%,6%,LT 10%,2%,LT 2%,-0.35%,47.72%,LT8MM, LT8MM ,LT8MM,LT8MM,H,"$6,747,132","$6,546,599","$6,198,249","$5,849,897","$5,849,897","$5,980,992","$4,380,222","$6,968,002","$5,809,986","$5,809,986","$6,206,697","$6,270,262","$5,608,335","$5,608,335","$5,573,535","$5,573,535",-4.3%,-10.6%,-3.0%,-6.6%,-4.2%,2.2%,-26.8%,16.5%,-16.6%,6.8%,-9.3%,-0.6%,"$277,589 ","10,537"
108,"KINGSPORT, TN",Open,2025,10/10/2025,2025 Relo - OCT '25 Open,1989,4/1/1989,Comp,Yes,,5,18,6,R18 D06,Kingsport-Bristol-Bristol,"Tri-Cities, TN-VA",,1116 EAST STONE DRIVE,KINGSPORT,TN,37660,36.6,-82.5," 12,707 ",Exurban,"279,801",151,"1,140","792,695","$59,708",LT60K,43%,18%,13%,26%,100%,100 - 120,"$55,499",91%,GT 60%,2%,LT 5%,3%,LT 10%,1%,LT 2%,-0.07%,52.27%,LT8MM, LT8MM ,LT8MM,LT8MM,H,"$4,961,204","$4,585,837","$4,544,594","$4,477,922","$4,477,922","$4,707,401","$3,640,925","$6,151,447","$4,647,561","$4,647,561","$4,781,440","$4,850,931","$4,434,956","$4,434,956","$2,173,626","$4,470,767",-3.1%,-9.2%,-7.6%,-2.3%,0.0%,5.1%,-22.7%,30.7%,-24.4%,2.9%,-7.1%,-5.0%,"$275,088 ","10,112"
110,"GREENBELT, MD",Open,1987,,Original Location,1987,11/27/1987,Comp,,,5,11,6,R11 D06,Washington-Arlington-Alexandria,"Washington, DC (Hagerstown, MD)",Top 10 DMA,6200 GREENBELT ROAD,GREENBELT,MD,20770,39.0,-76.9," 37,384 ",Suburban,"1,396,367","2,814","3,837","7,403,493","$103,062",GT80K,24%,14%,14%,48%,74%,LT 80,"$120,994",14%,LT 20%,54%,GT 30%,22%,20-30%,6%,4-6%,0.54%,51.13%,12 - 20 MM, 12 - 20 MM ,12 - 20 MM,12 - 20 MM,D,"$12,395,945","$12,583,702","$11,691,981","$11,893,067","$11,893,067","$12,312,634","$7,275,899","$14,000,829","$12,052,651","$12,052,651","$12,115,574","$12,269,146","$12,313,928","$12,313,928","$12,642,493","$12,642,493",8.1%,3.4%,1.5%,-8.1%,2.9%,3.5%,-40.9%,13.7%,-13.9%,0.5%,1.7%,2.7%,"$607,830 ","21,399"
112,"BROOKFIELD, WI",Open,1991,,Original Location,1991,9/25/1991,Comp,,,1,5,2,R05 D02,Milwaukee-Waukesha-West Allis,"Milwaukee, WI",,12575 WEST CAPITOL DRIVE,BROOKFIELD,WI,53005,43.1,-88.1," 30,524 ",Light Suburban,"262,249","3,970","2,808","2,243,542","$54,958",LT60K,49%,18%,11%,22%,109%,100 - 120,"$80,132",22%,20-40%,61%,GT 30%,6%,LT 10%,6%,6-8%,0.03%,48.38%,LT8MM, LT8MM ,LT8MM,LT8MM,G,"$6,407,461","$6,549,546","$6,959,498","$6,597,310","$6,597,310","$6,547,522","$4,538,663","$7,821,161","$6,628,711","$6,628,711","$6,758,284","$6,871,462","$7,320,630","$7,320,630","$6,582,292","$6,582,292",7.0%,-5.4%,2.2%,4.6%,-3.8%,-0.8%,-30.7%,19.5%,-15.2%,2.0%,8.0%,-10.1%,"$405,117 ","13,565"
113,"KANSAS CITY, MO (ANTIOCH)",Open,1992,,Original Location,1992,8/20/1992,Comp,,,4,6,4,R06 D04,Kansas City,"Kansas City, MO",,5330 CHOUTEAU TRAFFICWAY,KANSAS CITY,MO,64119,39.2,-94.5," 37,845 ",Light Suburban,"293,280","1,990","2,859","2,667,726","$75,318",70K-80K,35%,18%,13%,34%,89%,80 - 100,"$80,698",61%,GT 60%,13%,10-15%,16%,10-20%,4%,2-4%,0.36%,51.96%,08 - 10 MM, 08 - 10 MM ,08 - 10 MM,10 - 12 MM,D,"$6,046,087","$6,601,516","$7,385,289","$7,991,086","$7,991,086","$8,814,421","$6,398,502","$11,115,415","$9,801,941","$9,801,941","$9,832,931","$9,963,307","$9,946,685","$9,946,685","$10,916,263","$10,916,263",7.3%,14.6%,9.2%,10.5%,9.4%,10.3%,-27.4%,26.1%,-11.8%,0.3%,1.3%,9.7%,"$483,041 ","19,433"
114,CLOSED,Closed,,8/13/2021,Closure Date,,,,,,0,0,,,,,,,,,,,,,,,,,,,,,,,,,,,,,,,,,,,,,LT8MM,,,,,"$11,438,908","$11,696,729","$11,294,943","$10,171,177","$10,171,177","$9,599,914","$3,717,998","$3,590,583",$0,$0,,,,,,,2.4%,1.7%,2.3%,-4.9%,-8.5%,-5.6%,-61.3%,-23.3%,0.0%,,,,$0 ,NA
117,"AUBURN HILLS, MI",Open,1988,,Original Location,1988,9/9/1988,Comp,Yes,,3,8,4,R08 D04,Detroit-Warren-Dearborn,"Detroit, MI",,4128 BALDWIN ROAD A401,AUBURN HILLS,MI,48326,42.7,-83.3," 39,656 ",Light Suburban,"1,050,350","2,056","1,577","4,913,743","$83,798",GT80K,30%,15%,12%,43%,87%,80 - 100,"$77,383",70%,GT 60%,10%,5-10%,7%,LT 10%,8%,GT 8%,-0.10%,48.12%,10 - 12 MM, 10 - 12 MM ,10 - 12 MM,10 - 12 MM,D,"$13,094,467","$13,279,093","$13,710,132","$12,976,589","$12,976,589","$13,305,508","$7,746,388","$12,238,584","$10,767,823","$10,767,823","$10,646,499","$10,785,783","$11,181,273","$11,181,273","$10,097,720","$10,097,720",14.0%,3.9%,1.4%,2.0%,-4.2%,2.5%,-41.8%,-8.0%,-12.0%,-1.1%,5.1%,-9.7%,"$517,088 ","18,636"
118,"BEAVERTON, OR",Open,1988,,Original Location,1988,9/29/1988,Comp,,,1,1,4,R01 D04,Portland-Vancouver-Hillsboro,"Portland, OR",,9125 SW CASCADE AVE STE 150,BEAVERTON,OR,97008,45.5,-122.8," 25,243 ",Light Urban,"582,075","2,813","5,085","3,591,920","$109,732",GT80K,21%,14%,13%,52%,110%,100 - 120,"$92,668",58%,40-60%,3%,LT 5%,19%,10-20%,13%,GT 8%,0.50%,51.18%,LT8MM, LT8MM ,LT8MM,08 - 10 MM,F,"$7,861,452","$8,290,323","$8,942,430","$8,626,693","$8,626,693","$8,539,827","$5,529,981","$8,546,749","$6,617,401","$6,617,401","$6,956,622","$7,052,848","$7,544,369","$7,544,369","$8,404,401","$8,404,401",5.0%,-0.1%,5.5%,6.4%,-2.3%,-1.0%,-35.2%,0.1%,-22.6%,5.1%,8.3%,11.4%,"$360,377 ","16,014"
119,"EDMONDS, WA",Open,1988,,Original Location,1988,9/29/1988,Comp,,,1,1,6,R01 D06,Seattle-Tacoma-Bellevue,"Seattle-Tacoma, WA",,24111 HIGHWAY 99,EDMONDS,WA,98026,47.8,-122.3," 31,858 ",Light Urban,"579,853","5,601","5,242","5,772,567","$110,644",GT80K,21%,13%,14%,51%,105%,100 - 120,"$108,737",51%,40-60%,6%,5-10%,13%,10-20%,21%,GT 8%,0.66%,52.46%,LT8MM, LT8MM ,LT8MM,LT8MM,G,"$7,908,529","$7,870,486","$8,223,933","$8,053,456","$8,053,456","$7,354,173","$3,932,400","$8,029,273","$7,249,259","$7,249,259","$6,902,863","$7,006,257","$6,809,299","$6,809,299","$6,710,487","$6,710,487",-9.1%,-5.5%,-0.5%,3.1%,-0.8%,-8.7%,-46.5%,9.2%,-9.7%,-4.8%,-1.3%,-1.5%,"$353,691 ","12,329"
121,"TAYLOR, MI",Open,1988,,Original Location,1988,11/1/1988,Comp,,,3,8,2,R08 D02,Detroit-Warren-Dearborn,"Detroit, MI",,22331 EUREKA ROAD,TAYLOR,MI,48180,42.2,-83.3," 43,302 ",Light Suburban,"470,519","2,287","2,213","4,913,743","$61,496",60K-70K,42%,19%,13%,27%,82%,80 - 100,"$77,383",59%,40-60%,18%,15-20%,15%,10-20%,2%,LT 2%,-0.10%,48.12%,08 - 10 MM, 08 - 10 MM ,08 - 10 MM,08 - 10 MM,E,"$9,373,576","$9,656,899","$9,965,874","$9,991,593","$9,991,593","$10,622,358","$6,727,202","$12,113,672","$9,909,760","$9,909,760","$9,178,391","$9,284,546","$8,995,563","$8,995,563","$9,136,750","$9,136,750",2.8%,-0.6%,3.0%,1.9%,1.5%,6.3%,-36.7%,14.0%,-18.2%,-7.4%,-1.8%,1.6%,"$331,682 ","16,911"
123,"FARRAGUT, TN (PNNCLE TKY CK)",Open,2023,11/17/2023,2023 Relo - NOV '23 Open,1988,10/17/1988,Comp,,,5,18,6,R18 D06,Knoxville,"Knoxville, TN",,11449 PARKSIDE DRIVE,FARRAGUT,TN,37934,35.9,-84.2," 18,763 ",Exurban,"798,569",497,"1,392","1,479,672","$75,829",70K-80K,28%,14%,12%,46%,190%,GT 120,"$65,830",80%,GT 60%,6%,5-10%,6%,LT 10%,2%,2-4%,0.66%,53.85%,LT8MM, LT8MM ,LT8MM,LT8MM,H,"$7,394,480","$7,043,868","$7,555,649","$7,212,863","$7,212,863","$7,463,945","$5,425,257","$8,845,398","$3,167,002","$6,991,861","$4,796,080","$6,863,550","$3,471,114","$5,467,051","$5,119,952","$5,119,952",1.6%,-11.2%,-4.7%,5.9%,-3.3%,3.5%,-27.3%,18.5%,-64.2%,49.8%,-27.4%,-6.3%,"$267,556 ","10,781"
125,"APPLETON, WI",Open,2020,9/18/2020,2020 Remodel - SEP '20 Open,1988,8/25/1988,Comp,Yes,,1,5,2,R05 D02,Appleton,"Green Bay-Appleton, WI",,697 N WESTHILL BOULEVARD,APPLETON,WI,54914,44.3,-88.5, -   ,Light Suburban,"338,419",416,"2,001","1,177,776","$85,893",GT80K,28%,18%,15%,39%,101%,100 - 120,"$77,127",84%,GT 60%,2%,LT 5%,6%,LT 10%,4%,2-4%,0.15%,53.54%,LT8MM, LT8MM ,LT8MM,LT8MM,H,"$6,211,051","$6,047,003","$6,605,765","$6,536,118","$6,536,118","$6,433,039","$2,925,944","$7,195,680","$6,223,086","$6,223,086","$6,670,318","$6,756,329","$6,531,573","$6,531,573","$6,403,525","$6,403,525",-5.7%,3.8%,-2.6%,7.9%,0.1%,-1.6%,-54.5%,11.9%,-13.5%,7.2%,-1.8%,-2.0%,"$326,390 ","12,618"
126,"DANBURY, CT",Open,1988,,Original Location,1988,8/15/1988,Comp,,,3,25,1,R25 D01,Bridgeport-Stamford-Norwalk,"New York, NY",Top 10 DMA,1 PADANARAM ROAD,DANBURY,CT,6811,41.4,-73.5," 43,648 ",Light Suburban,"257,134",604,"2,907","22,165,424","$110,065",GT80K,21%,12%,14%,53%,82%,80 - 100,"$101,231",63%,GT 60%,4%,LT 5%,22%,20-30%,5%,4-6%,0.08%,49.12%,10 - 12 MM, 12 - 20 MM ,12 - 20 MM,12 - 20 MM,C,"$8,133,850","$8,599,335","$9,072,788","$9,985,431","$9,985,431","$10,801,280","$6,967,709","$11,525,913","$11,282,129","$11,282,129","$13,499,737","$13,679,625","$14,469,532","$14,469,532","$14,154,751","$14,154,751",8.3%,14.0%,5.7%,4.2%,11.4%,8.2%,-35.5%,6.7%,-2.1%,19.7%,7.1%,-2.2%,"$670,061 ","26,125"
127,"AUGUSTA, GA",Open,2017,9/22/2017,2017 Relo - SEP '17 Open,1988,8/15/1988,Comp,,,5,19,2,R19 D02,Augusta-Richmond County,"Augusta, GA-Aiken, SC",,245 ROBERT C. DAN JR. PKWY,AUGUSTA,GA,30909,33.5,-82.1, -   ,Light Suburban,"686,734",137,"2,246","755,445","$68,268",60K-70K,38%,16%,13%,33%,109%,100 - 120,"$66,111",50%,40-60%,36%,GT 30%,7%,LT 10%,2%,2-4%,0.48%,47.30%,10 - 12 MM, 10 - 12 MM ,10 - 12 MM,12 - 20 MM,D,"$8,951,528","$9,162,930","$10,270,836","$7,856,283","$10,547,605","$10,565,208","$7,549,843","$12,991,904","$11,069,798","$11,069,798","$10,850,268","$11,011,972","$10,944,977","$10,944,977","$12,571,076","$12,571,076",5.5%,1.1%,2.4%,10.0%,4.2%,0.2%,-28.5%,23.0%,-14.8%,-2.0%,0.9%,14.9%,"$522,943 ","22,440"
128,"COLUMBIA, SC (DUTCH SQUARE)",Open,1988,,Original Location,1988,11/24/1988,Comp,,,5,18,3,R18 D03,Columbia,"Columbia, SC",,302 BUSH RIVER ROAD,COLUMBIA,SC,29210,34.0,-81.1," 57,660 ",Light Suburban,"727,591",214,"2,190","1,130,272","$65,240",60K-70K,39%,18%,14%,29%,82%,80 - 100,"$66,112",45%,40-60%,41%,GT 30%,7%,LT 10%,2%,2-4%,0.50%,49.07%,08 - 10 MM, 08 - 10 MM ,08 - 10 MM,10 - 12 MM,D,"$9,768,389","$10,039,004","$9,840,766","$9,448,071","$9,448,071","$9,852,792","$6,989,130","$11,954,040","$9,882,388","$9,882,388","$9,279,523","$9,402,785","$9,468,686","$9,468,686","$11,007,465","$11,007,465",7.4%,6.9%,2.8%,-3.4%,-2.6%,4.3%,-29.1%,21.3%,-17.3%,-6.1%,2.4%,16.3%,"$508,110 ","18,669"
129,"PHILADELPHIA, PA (ROOSEVELT)",Open,2019,11/8/2019,2019 Relo - NOV '19 Open,1988,10/21/1988,Comp,Yes,,3,25,6,R25 D06,Philadelphia-Camden-Wilmington,"Philadelphia, PA",Top 10 DMA,9940 ROOSEVELT BLVD,PHILADELPHIA,PA,19115,40.1,-75.0," 35,676 ",Light Urban,"770,868","9,494","6,270","8,441,533","$61,603",60K-70K,45%,17%,11%,27%,88%,80 - 100,"$88,536",34%,20-40%,28%,20-30%,24%,20-30%,10%,GT 8%,0.23%,48.33%,08 - 10 MM, 08 - 10 MM ,08 - 10 MM,08 - 10 MM,E,"$6,577,392","$6,959,859","$6,722,234","$6,745,486","$6,745,486","$3,646,365","$1,539,321","$10,292,499","$8,969,475","$8,969,475","$9,543,623","$9,678,624","$9,724,097","$9,724,097","$9,901,635","$9,901,635",-3.7%,-6.4%,5.8%,-4.6%,1.6%,2.1%,-57.8%,54.9%,-12.9%,6.4%,1.9%,1.8%,"$517,203 ","18,507"
130,"MACON, GA",Open,1988,,Original Location,1988,10/26/1988,Comp,,,5,19,3,R19 D03,Macon-Bibb County,"Macon, GA",,3661 EISENHOWER PARKWAY,MACON,GA,31206,32.8,-83.7," 32,061 ",Light Suburban,"219,883",206,"1,774","691,356","$59,110",LT60K,41%,16%,13%,30%,54%,LT 80,"$61,669",42%,40-60%,48%,GT 30%,5%,LT 10%,2%,LT 2%,0.26%,45.94%,08 - 10 MM, 08 - 10 MM ,08 - 10 MM,08 - 10 MM,E,"$8,298,775","$7,799,149","$8,024,261","$8,183,697","$8,183,697","$8,519,505","$6,076,120","$10,243,740","$8,919,815","$8,919,815","$9,051,994","$9,181,327","$8,173,048","$8,173,048","$8,594,593","$8,594,593",-2.9%,12.5%,-7.0%,1.4%,3.5%,4.1%,-28.7%,20.2%,-12.9%,1.5%,-9.7%,5.2%,"$448,710 ","16,683"
131,"LITTLE ROCK, AR",Open,1988,,Original Location,1988,10/13/1988,Comp,,,4,6,2,R06 D02,Little Rock-North Little Rock-Conway,"Little Rock-Pine Bluff, AR",,9101 WEST MARKHAM STREET,LITTLE ROCK,AR,72205,34.8,-92.4," 36,003 ",Light Suburban,"420,560",654,"2,835","1,476,977","$65,760",60K-70K,42%,16%,13%,28%,114%,100 - 120,"$61,355",49%,40-60%,35%,GT 30%,9%,LT 10%,2%,2-4%,0.00%,49.82%,LT8MM, LT8MM ,LT8MM,LT8MM,G,"$6,706,014","$6,236,222","$6,565,989","$6,502,502","$6,502,502","$6,700,537","$4,646,941","$7,074,852","$5,855,558","$5,855,558","$6,231,824","$6,313,322","$6,716,626","$6,716,626","$6,888,662","$6,888,662",2.0%,-2.4%,-7.0%,3.9%,0.3%,3.0%,-30.6%,5.6%,-17.2%,6.4%,7.5%,2.6%,"$365,154 ","13,322"
134,CLOSED,Closed,,1/19/2024,Closure Date,,,,,,0,0,,,,,,,,,,,,,,,,,,,,,,,,,,,,,,,,,,,,,LT8MM, LT8MM ,,,,"$8,344,282","$8,559,566","$8,287,060","$7,727,251","$7,727,251","$7,232,956","$3,148,143","$6,905,559","$5,986,281","$5,986,281","$5,878,322","$6,225,772",,,,,3.5%,1.1%,2.6%,-4.4%,-5.5%,-6.4%,-56.5%,-4.5%,-13.3%,4.5%,,,$0 ,NA
137,"STERLING, VA",Open,1988,,Original Location,1988,12/8/1988,Comp,Yes,Yes,5,11,4,R11 D04,Washington-Arlington-Alexandria,"Washington, DC (Hagerstown, MD)",Top 10 DMA,47100 COMMUNITY PL DR # 101,STERLING,VA,20164,39.0,-77.4," 49,191 ",Suburban,"832,558","2,274","3,684","7,403,493","$160,006",GT80K,11%,8%,10%,70%,134%,GT 120,"$120,994",42%,40-60%,9%,5-10%,20%,10-20%,24%,GT 8%,0.54%,51.13%,12 - 20 MM, 12 - 20 MM ,12 - 20 MM,12 - 20 MM,B,"$12,261,658","$13,123,471","$13,957,868","$14,569,693","$14,569,693","$15,936,766","$10,154,278","$17,517,367","$16,705,031","$16,705,031","$18,604,917","$18,848,588","$18,135,328","$18,135,328","$18,771,475","$18,771,475",6.6%,7.2%,7.0%,4.9%,5.8%,9.4%,-36.3%,9.9%,-4.6%,11.4%,-2.5%,3.5%,"$764,443 ","30,458"
138,"ALTAMONTE SPRINGS, FL",Open,1992,,Original Location,1992,3/1/1992,Comp,,,5,30,2,R30 D02,Orlando-Kissimmee-Sanford,"Orlando-Daytona Beach-Melbourne, FL",,130-A EAST ALTAMONTE DRIVE,ALTAMONTE SPRINGS,FL,32701,28.7,-81.4," 37,799 ",Suburban,"2,658,474","1,362","3,602","4,872,913","$83,093",GT80K,29%,20%,15%,36%,94%,80 - 100,"$78,250",39%,20-40%,15%,15-20%,36%,30-40%,5%,4-6%,1.47%,51.85%,10 - 12 MM, 10 - 12 MM ,10 - 12 MM,10 - 12 MM,D,"$11,042,052","$11,126,137","$11,369,719","$9,696,126","$10,459,512","$9,760,890","$6,841,997","$11,594,453","$10,046,832","$10,046,832","$10,593,780","$10,743,088","$10,832,337","$10,832,337","$10,971,025","$10,971,025",1.2%,-5.7%,0.8%,2.7%,-8.0%,-6.7%,-29.9%,18.8%,-13.3%,5.4%,2.4%,1.3%,"$493,637 ","23,670"
139,"RICHMOND, VA (CENTRAL)",Open,1989,,Original Location,1989,8/31/1989,Comp,,,5,11,1,R11 D01,Richmond,"Richmond-Petersburg, VA",,6303 WEST BROAD ST,RICHMOND,VA,23230,37.6,-77.5," 31,297 ",Suburban,"571,860","1,650","3,162","1,613,854","$79,096",70K-80K,34%,16%,13%,37%,105%,100 - 120,"$85,072",43%,40-60%,35%,GT 30%,10%,LT 10%,7%,6-8%,0.62%,50.06%,10 - 12 MM, 10 - 12 MM ,10 - 12 MM,10 - 12 MM,D,"$9,223,431","$9,060,998","$9,747,571","$9,714,586","$9,714,586","$10,076,443","$6,898,410","$11,430,040","$10,370,253","$10,370,253","$11,414,223","$11,577,671","$11,034,237","$11,034,237","$10,428,956","$10,428,956",1.8%,-4.9%,-1.8%,6.1%,1.0%,3.7%,-31.5%,13.4%,-9.3%,10.1%,-3.4%,-5.5%,"$537,940 ","18,470"
140,"SPRINGFIELD, IL",Open,2018,4/13/2018,2018 Relo - APR '18 Open,1989,9/5/1989,Comp,,,4,6,3,R06 D03,Springfield,"Champaign & Springfield-Decatur, IL",,2530 C WABASH AVE,SPRINGFIELD,IL,62704,39.8,-89.7," 30,895 ",Light Suburban,"302,534",90,"1,827","912,676","$73,811",70K-80K,35%,16%,14%,35%,118%,100 - 120,"$66,585",79%,GT 60%,10%,10-15%,4%,LT 10%,2%,LT 2%,-0.35%,48.15%,LT8MM, LT8MM ,LT8MM,LT8MM,H,"$3,805,493","$3,720,618","$3,837,480","$4,209,753","$6,249,034","$4,028,438","$4,039,829","$5,947,609","$4,813,776","$4,813,776","$5,179,106","$5,256,137","$5,309,016","$5,309,016","$5,261,518","$5,261,518",-3.3%,-9.7%,-2.2%,1.7%,67.1%,-4.3%,-32.0%,0.1%,-19.1%,7.6%,2.4%,-0.9%,"$308,831 ","10,342"
141,"MENTOR, OH",Open,2019,9/20/2019,2019 Relo - SEP '19 Open,1989,10/13/1989,Comp,Yes,,3,8,3,R08 D03,Cleveland-Elyria,"Cleveland-Akron (Canton), OH",,7900 PLAZA BOULEVARD,MENTOR,OH,44060,41.7,-81.4," 24,006 ",Exurban,"343,328",706,"1,453","3,823,814","$68,547",60K-70K,36%,15%,13%,36%,119%,100 - 120,"$69,527",72%,GT 60%,18%,15-20%,5%,LT 10%,1%,LT 2%,-0.09%,47.83%,LT8MM, LT8MM ,LT8MM,LT8MM,H,"$5,037,098","$5,055,897","$5,476,701","$5,590,111","$5,590,111","$3,818,657","$2,203,483","$6,904,693","$5,415,380","$5,415,380","$5,069,913","$5,136,493","$4,756,018","$4,756,018","$4,878,308","$4,878,308",3.3%,3.8%,0.4%,7.0%,3.3%,-3.7%,-35.9%,27.7%,-21.6%,-6.4%,-6.1%,2.6%,"$311,398 ","9,656"
143,"MAPLEWOOD, MN",Open,1989,,Original Location,1989,11/17/1989,Comp,Yes,,1,5,1,R05 D01,Minneapolis-St. Paul-Bloomington,"Minneapolis-St. Paul, MN",,1729 BEAM AVENUE,MAPLEWOOD,MN,55109,45.0,-93.0," 31,509 ",Light Suburban,"369,616","2,685","2,620","5,035,066","$79,674",70K-80K,30%,16%,13%,41%,94%,80 - 100,"$91,896",49%,40-60%,15%,10-15%,10%,LT 10%,21%,GT 8%,0.42%,52.29%,08 - 10 MM, 10 - 12 MM ,10 - 12 MM,10 - 12 MM,D,"$7,892,276","$8,426,558","$8,846,540","$8,787,735","$8,787,735","$9,545,105","$7,130,610","$11,284,455","$9,645,655","$9,645,655","$10,352,772","$10,486,391","$11,355,385","$11,355,385","$11,209,423","$11,209,423",9.8%,-4.2%,6.8%,3.5%,0.7%,8.6%,-25.3%,18.2%,-14.5%,7.3%,9.8%,-1.3%,"$542,948 ","19,656"
146,"MATTESON, IL",Open,2017,10/13/2017,2017 Relo - OCT '17 Open,1989,10/19/1989,Comp,Yes,,4,7,1,R07 D01,Chicago-Naperville-Elgin,"Chicago, IL",Top 10 DMA,4832 211TH STREET,MATTESON,IL,60443,41.5,-87.7," 29,829 ",Light Suburban,"325,606","1,595","1,821","9,518,952","$74,315",70K-80K,35%,17%,14%,34%,96%,80 - 100,"$91,619",20%,LT 20%,61%,GT 30%,15%,10-20%,1%,LT 2%,-0.18%,48.49%,LT8MM, LT8MM ,LT8MM,LT8MM,F,"$6,525,864","$6,252,399","$6,584,037","$5,312,982","$7,179,181","$6,823,605","$4,741,604","$8,555,058","$7,037,645","$7,037,645","$7,118,835","$7,218,486","$7,404,058","$7,404,058","$7,947,736","$7,947,736",-2.1%,-3.1%,-4.2%,1.8%,11.6%,-5.0%,-30.5%,25.4%,-17.7%,1.2%,4.0%,7.3%,"$354,615 ","14,405"
147,"BIRMINGHAM, AL (HOOVER)",Open,1989,,Original Location,1989,9/29/1989,Comp,Yes,,5,19,5,R19 D05,Birmingham-Hoover,"Birmingham (Anniston and Tuscaloosa), AL",,1615 MONTGOMERY HIGHWAY,BIRMINGHAM,AL,35216,33.4,-86.8," 20,542 ",Light Suburban,"509,757",957,"2,368","1,984,881","$66,158",60K-70K,38%,16%,13%,33%,130%,GT 120,"$66,607",41%,40-60%,47%,GT 30%,6%,LT 10%,2%,2-4%,0.18%,50.12%,LT8MM, LT8MM ,LT8MM,08 - 10 MM,F,"$6,327,335","$6,614,388","$7,824,791","$8,225,133","$8,225,133","$8,653,829","$5,811,743","$8,731,030","$7,512,608","$7,512,608","$7,169,831","$7,273,240","$7,650,393","$7,650,393","$8,396,061","$8,396,061",-2.6%,12.4%,4.5%,16.6%,6.5%,5.2%,-32.8%,0.9%,-14.0%,-4.6%,6.8%,9.7%,"$402,492 ","14,832"
148,"JACKSONVILLE, FL (CROSSROADS)",Open,2023,11/3/2023,2023 Relo - NOV '23 Open,1989,10/10/1989,Comp,,,5,19,4,R19 D04,Jacksonville,"Jacksonville, FL",,6001-24 ARGYLE FOREST BLVD,JACKSONVILLE,FL,32244,30.2,-81.7," 18,377 ",Light Suburban,"1,346,426",542,"2,642","2,186,986","$76,707",70K-80K,32%,16%,15%,37%,87%,80 - 100,"$78,343",53%,40-60%,25%,20-30%,12%,10-20%,5%,4-6%,1.23%,51.32%,08 - 10 MM, 08 - 10 MM ,10 - 12 MM,12 - 20 MM,D,"$7,139,270","$7,268,779","$8,139,925","$8,457,112","$8,457,112","$8,294,200","$5,995,353","$10,541,258","$9,446,707","$9,446,707","$6,066,768","$9,676,156","$6,663,617","$10,796,221","$12,008,634","$12,008,634",-2.0%,2.6%,1.8%,10.3%,5.3%,-1.9%,-27.7%,27.1%,-10.4%,6.7%,12.0%,11.2%,"$501,187 ","21,636"
149,CLOSED,Closed,,1/22/2021,Closure Date,,,,,,0,0,,,,,,,,,,,,,,,,,,,,,,,,,,,,,,,,,,,,,,,,,,"$6,321,306","$6,331,273","$6,608,410","$5,314,567","$5,314,567","$5,395,283","$3,193,960",$0,,,,,,,,,4.1%,7.0%,0.2%,3.1%,-18.6%,1.5%, ,0.0%,,,,,$0 ,NA
156,CLOSED,Closed,,1/19/2024,Closure Date,,,,,,0,0,,,,,,,,,,,,,,,,,,,,,,,,,,,,,,,,,,,,,LT8MM, LT8MM ,,,,"$5,075,296","$4,968,448","$4,940,768","$4,993,416","$4,993,416","$5,236,746","$3,574,682","$5,567,054","$4,386,779","$4,386,779","$4,299,814","$4,578,178",,,,,-1.7%,-2.5%,-2.1%,-1.8%,2.4%,4.9%,-31.7%,6.3%,-21.2%,3.5%,,,$0 ,NA
159,CLOSED,Closed,,12/19/2025,Closure Date,,,,,,0,0,,,,,,,,,,,,,,,,,,,,,,,,,,,,,,,,,,,,,LT8MM, LT8MM ,LT8MM,LT8MM,,"$6,563,221","$6,802,854","$6,930,009","$6,613,672","$6,613,672","$6,579,688","$4,524,994","$7,258,503","$5,335,881","$5,335,881","$5,196,086","$5,267,142","$5,077,640","$5,077,640","$3,513,373","$4,317,525",-1.1%,-1.2%,3.7%,0.5%,-3.3%,-0.5%,-31.2%,10.3%,-26.5%,-2.6%,-2.2%,-2.5%,"$109,501 ","9,990"
160,"VIRGINIA BEACH, VA (BIRCHWOOD)",Open,1990,,Original Location,1990,8/1/1990,Comp,,,5,11,3,R11 D03,Virginia Beach-Norfolk-Newport News,"Norfolk-Portsmouth-Newport News, VA",,"3750 VIRGINIA BEACH BLVD, 26",VIRGINIA BEACH,VA,23452,36.8,-76.1," 26,438 ",Suburban,"626,270","2,051","4,322","1,996,676","$86,524",GT80K,29%,18%,13%,39%,100%,100 - 120,"$80,782",48%,40-60%,28%,20-30%,9%,LT 10%,7%,6-8%,0.17%,51.00%,LT8MM, LT8MM ,LT8MM,LT8MM,G,"$8,484,337","$8,385,160","$8,345,548","$8,242,768","$8,242,768","$8,496,443","$6,006,842","$9,454,171","$7,295,944","$7,295,944","$7,111,958","$7,205,115","$6,017,774","$6,017,774","$6,573,019","$6,573,019",-2.2%,-1.5%,-1.2%,-1.8%,0.1%,3.1%,-29.3%,11.3%,-22.8%,-2.5%,-15.2%,9.2%,"$314,623 ","11,994"
161,"RALEIGH, NC (NORTHEAST)",Open,2018,9/21/2018,2018 Relo - SEP '18 Open,1990,8/6/1990,Comp,,,5,18,2,R18 D02,Raleigh,"Raleigh-Durham (Fayetteville), NC",,6441 TRIANGLE PLANTATION DR,RALEIGH,NC,27616,35.9,-78.6," 31,189 ",Suburban,"1,103,885",542,"3,097","3,519,023","$86,937",GT80K,26%,18%,13%,43%,96%,80 - 100,"$82,758",49%,40-60%,28%,20-30%,15%,10-20%,4%,2-4%,1.03%,51.85%,10 - 12 MM, 10 - 12 MM ,10 - 12 MM,10 - 12 MM,D,"$6,737,182","$7,368,423","$8,114,828","$5,577,067","$8,225,139","$5,935,691","$6,881,326","$12,188,147","$10,965,844","$10,965,844","$11,574,711","$11,735,110","$11,595,580","$11,595,580","$11,967,562","$11,967,562",-0.2%,2.3%,9.4%,8.7%,3.6%,6.4%,-24.0%,34.5%,-10.0%,5.6%,0.2%,3.2%,"$612,284 ","20,796"
162,"NILES, IL (GOLF MILLS)",Open,2021,10/29/2021,2021 Relo - OCT '21 Open,1990,9/18/1990,Comp,Yes,,4,7,2,R07 D02,Chicago-Naperville-Elgin,"Chicago, IL",Top 10 DMA,590 GOLF MILL CNTR,NILES,IL,60714,42.1,-87.8," 34,021 ",Suburban,"955,357","6,180","4,949","9,518,952","$91,786",GT80K,27%,15%,13%,45%,110%,100 - 120,"$91,619",49%,40-60%,5%,5-10%,26%,20-30%,16%,GT 8%,-0.18%,48.49%,08 - 10 MM, 10 - 12 MM ,10 - 12 MM,10 - 12 MM,D,"$8,565,385","$8,585,740","$9,276,138","$8,087,863","$8,087,863","$7,606,299","$4,630,993","$8,393,269","$6,156,759","$9,154,298","$9,995,047","$10,125,934","$10,167,736","$10,167,736","$10,112,072","$10,112,072",9.0%,-3.3%,0.2%,6.7%,-11.8%,-6.0%,-39.1%,2.1%,17.0%,9.2%,1.7%,-0.5%,"$487,675 ","19,072"
164,"GREENVILLE, SC",Open,2022,10/14/2022,2022 Relo - OCT '22 Open,1990,9/8/1990,Comp,,,5,18,5,R18 D05,Greenville-Anderson-Mauldin,"Greenville-Spartanburg, SC-Asheville, NC-Anderson, SC",,1125 WOODRUFF ROAD STE 600,GREENVILLE,SC,29607,34.8,-82.3," 20,925 ",Light Suburban,"1,334,039",371,"1,893","2,489,022","$70,408",70K-80K,29%,18%,14%,38%,133%,GT 120,"$67,472",65%,GT 60%,18%,15-20%,10%,LT 10%,2%,2-4%,0.88%,53.22%,08 - 10 MM, 08 - 10 MM ,08 - 10 MM,08 - 10 MM,E,"$8,535,853","$8,752,866","$9,184,756","$8,993,744","$8,993,744","$9,588,081","$6,945,661","$11,585,593","$5,193,948","$8,248,041","$5,195,500","$8,816,121","$8,974,281","$8,974,281","$9,479,604","$9,479,604",1.2%,-2.8%,2.5%,3.6%,-0.9%,6.6%,-27.6%,20.8%,-26.8%,0.0%,3.4%,5.6%,"$452,610 ","18,327"
165,"SAN ANTONIO, TX",Open,1990,,Original Location,1990,9/17/1990,Comp,,Yes,4,28,3,R28 D03,San Antonio-New Braunfels,"San Antonio, TX",,4522 FREDERICKSBURG ROAD,SAN ANTONIO,TX,78201,29.5,-98.5," 68,033 ",Light Urban,"2,317,871",619,"5,077","3,079,144","$74,988",70K-80K,40%,19%,13%,28%,68%,LT 80,"$76,315",26%,20-40%,8%,5-10%,60%,GT 40%,3%,2-4%,1.18%,50.03%,20M+, 20M+ ,20M+,20M+,B,"$14,759,909","$16,221,704","$16,649,511","$18,759,244","$18,759,244","$21,553,917","$13,917,825","$26,336,905","$21,404,376","$21,404,376","$22,315,739","$22,623,021","$22,075,492","$22,075,492","$20,374,467","$20,374,467",1.8%,-3.7%,9.9%,1.3%,14.1%,14.9%,-35.4%,22.2%,-18.7%,4.3%,-1.1%,-7.7%,"$849,980 ","39,469"
166,"ARLINGTON, TX",Open,2020,3/6/2020,2020 Relo - MAR '20 Open,1990,11/16/1990,Comp,Yes,Yes,4,16,3,R16 D03,Dallas-Fort Worth-Arlington,"Dallas-Ft. Worth, TX",Top 10 DMA,4111 S COOPER ST,ARLINGTON,TX,76015,32.7,-97.1," 35,555 ",Suburban,"1,446,839","2,305","4,298","9,039,276","$76,607",70K-80K,33%,18%,13%,36%,89%,80 - 100,"$89,635",23%,20-40%,32%,GT 30%,35%,30-40%,5%,4-6%,1.36%,52.96%,12 - 20 MM, 12 - 20 MM ,12 - 20 MM,12 - 20 MM,C,"$10,438,731","$11,252,920","$11,307,967","$11,796,168","$11,796,168","$10,612,751","$8,074,811","$14,993,292","$12,738,101","$12,738,101","$13,719,762","$13,888,218","$13,749,239","$13,749,239","$14,045,332","$14,045,332",5.4%,5.6%,7.8%,-0.8%,5.6%,-10.0%,-23.9%,41.3%,-15.0%,7.7%,0.0%,2.2%,"$645,876 ","26,284"
167,"ANCHORAGE, AK (BAYSHORE)",Open,2024,7/19/2024,2024 Relo - JUL '24 Open,1990,10/30/1990,Comp,,,1,1,6,R01 D06,Anchorage,"Anchorage, AK",,601 EAST DIMOND BLVD,ANCHORAGE,AK,99515,61.1,-149.9," 20,124 ",Suburban,"177,417","3,008","3,154","465,756","$92,539",GT80K,21%,14%,13%,52%,109%,100 - 120,"$95,133",45%,40-60%,5%,5-10%,10%,10-20%,13%,GT 8%,0.35%,50.86%,10 - 12 MM, 12 - 20 MM ,12 - 20 MM,12 - 20 MM,C,"$14,023,685","$13,458,035","$13,613,660","$13,601,855","$13,601,855","$13,898,797","$9,221,710","$14,262,632","$11,903,961","$11,903,961","$13,469,305","$13,621,977","$9,431,231","$13,545,275","$10,397,192","$15,816,808",7.8%,0.3%,-4.0%,-0.2%,1.3%,2.2%,-33.7%,2.6%,-16.5%,13.1%,10.5%,10.2%,"$494,697 ","28,296"
169,"HARRISBURG, PA",Open,1990,,Original Location,1990,10/18/1990,Comp,,,3,25,3,R25 D03,Harrisburg-Carlisle,"Harrisburg-Lancaster-Lebanon-York, PA",,4247 UNION DEPOSIT ROAD,HARRISBURG,PA,17111,40.3,-76.8," 31,814 ",Suburban,"824,604",469,"3,401","2,122,849","$81,967",GT80K,30%,19%,14%,37%,82%,80 - 100,"$80,631",72%,GT 60%,8%,5-10%,10%,LT 10%,6%,4-6%,0.29%,54.70%,10 - 12 MM, 10 - 12 MM ,10 - 12 MM,12 - 20 MM,D,"$7,510,127","$8,065,923","$8,724,310","$9,225,661","$9,225,661","$9,609,379","$7,836,938","$12,560,041","$10,256,415","$10,256,415","$11,026,079","$11,194,449","$11,860,807","$11,860,807","$12,967,791","$12,967,791",8.5%,2.1%,7.4%,6.8%,7.0%,4.2%,-18.4%,30.7%,-18.3%,7.5%,7.4%,9.3%,"$583,476 ","21,449"
171,"YOUNGSTOWN, OH",Open,2026,5/1/2026,2026 Relo - APR '26 Open,1991,8/21/1991,Non-Comp,,,3,25,2,R25 D02,Youngstown-Warren-Boardman,"Youngstown, OH",,461 BOARDMAN-CANFIELD RD,YOUNGSTOWN,OH,44512,41.0,-80.7, -   ,Light Suburban,"211,357",687,"1,642","633,154","$55,609",LT60K,44%,18%,12%,26%,115%,100 - 120,"$56,957",74%,GT 60%,14%,10-15%,7%,LT 10%,1%,LT 2%,-0.26%,47.55%,LT8MM, LT8MM ,LT8MM,LT8MM,H,"$6,964,806","$6,951,799","$7,309,957","$7,297,171","$7,297,171","$7,197,427","$5,184,459","$7,941,139","$6,131,182","$6,131,182","$6,144,991","$6,223,584","$5,962,792","$5,962,792","$6,048,738","$6,048,738",2.0%,-3.1%,-0.2%,3.7%,1.2%,-1.4%,-28.0%,10.3%,-22.8%,0.2%,-2.9%,1.4%,"$352,527 ","12,827"
172,"POUGHKEEPSIE, NY",Open,2020,3/6/2020,2020 Relo - MAR '20 Open,1991,8/20/1991,Comp,Yes,,3,25,1,R25 D01,New York-Newark-Jersey City,"New York, NY",Top 10 DMA,2576 SOUTH ROAD,POUGHKEEPSIE,NY,12603,41.7,-73.9," 32,546 ",Light Suburban,"262,727",717,"1,937","22,165,424","$95,192",GT80K,28%,14%,12%,46%,85%,80 - 100,"$101,231",59%,40-60%,13%,10-15%,19%,10-20%,4%,2-4%,0.08%,49.12%,12 - 20 MM, 12 - 20 MM ,12 - 20 MM,12 - 20 MM,C,"$7,397,116","$7,640,015","$8,691,609","$9,148,798","$9,148,798","$9,777,484","$6,470,861","$13,452,834","$12,219,947","$12,219,947","$13,619,629","$13,801,517","$14,764,825","$14,764,825","$14,761,267","$14,761,267",-1.3%,8.0%,3.3%,12.4%,6.4%,6.9%,-33.8%,37.6%,-9.2%,11.5%,8.3%,0.0%,"$661,444 ","26,463"
175,CLOSED,Closed,,1/24/2025,Closure Date,,,,,,0,0,,,,,,,,,,,,,,,,,,,,,,,,,,,,,,,,,,,,,LT8MM, LT8MM ,LT8MM,,,"$9,715,916","$10,502,077","$10,786,162","$10,314,334","$10,314,334","$8,892,339","$5,452,897","$9,028,645","$7,593,153","$7,593,153","$7,485,083","$7,587,155","$6,533,503","$6,725,403",,,2.9%,4.4%,8.1%,1.4%,-3.2%,-13.8%,-38.7%,1.5%,-15.9%,-1.4%,-7.1%,,$0 ,"14,299"
176,"WALDORF, MD",Open,2018,9/14/2018,2018 Relo - SEP '18 Open,1992,9/20/1992,Comp,Yes,,5,11,4,R11 D04,Washington-Arlington-Alexandria,"Washington, DC (Hagerstown, MD)",Top 10 DMA,3326 CRAIN HIGHWAY,WALDORF,MD,20603,38.6,-76.9," 35,786 ",Light Suburban,"451,236",516,"2,348","7,403,493","$116,349",GT80K,17%,11%,12%,60%,85%,80 - 100,"$120,994",23%,20-40%,58%,GT 30%,10%,10-20%,3%,2-4%,0.54%,51.13%,10 - 12 MM, 12 - 20 MM ,12 - 20 MM,12 - 20 MM,C,"$9,990,632","$9,908,155","$9,975,909","$7,036,688","$10,504,748","$7,093,836","$7,588,467","$12,792,940","$11,505,918","$11,505,918","$12,683,496","$12,858,077","$13,128,585","$13,128,585","$14,136,108","$14,136,108",5.0%,5.1%,-0.8%,-0.7%,8.7%,0.8%,-29.4%,19.1%,-10.1%,10.2%,3.4%,7.7%,"$634,676 ","26,233"
177,"CORPUS CHRISTI, TX",Open,2021,10/29/2021,2021 Relo - OCT '21 Open,1992,11/18/1992,Comp,,,4,28,5,R28 D05,Corpus Christi,"Corpus Christi, TX",,5425 S PADRE ISLAND DR 136D,CORPUS CHRISTI,TX,78411,27.7,-97.4," 20,195 ",Suburban,"453,824",207,"4,755","583,711","$67,579",60K-70K,39%,18%,13%,30%,104%,100 - 120,"$64,949",29%,20-40%,3%,LT 5%,63%,GT 40%,2%,2-4%,-0.01%,47.89%,08 - 10 MM, 08 - 10 MM ,10 - 12 MM,10 - 12 MM,D,"$8,374,602","$8,302,450","$6,964,903","$5,140,556","$7,345,197","$7,544,943","$5,153,502","$9,120,685","$6,648,299","$9,714,610","$9,674,442","$9,824,420","$10,362,648","$10,362,648","$11,458,945","$11,458,945",-1.3%,-2.0%,-0.9%,2.5%,-13.5%,2.7%,-31.7%,20.9%,7.7%,-0.4%,7.1%,10.6%,"$565,977 ","20,493"
179,"PITTSBURG, CA",Open,1992,,Original Location,1992,10/22/1992,Comp,,,1,21,4,R21 D04,San Francisco-Oakland-Hayward,"San Francisco-Oakland-San Jose, CA",,4105 CENTURY BOULEVARD,PITTSBURG,CA,94565,38.0,-121.8," 38,143 ",Suburban,"297,832","2,017","4,070","7,691,388","$108,641",GT80K,23%,12%,12%,53%,60%,LT 80,"$137,673",22%,20-40%,15%,10-15%,41%,GT 40%,15%,GT 8%,0.02%,50.97%,10 - 12 MM, 12 - 20 MM ,12 - 20 MM,12 - 20 MM,C,"$9,215,159","$10,639,044","$10,682,765","$11,091,047","$11,091,047","$11,385,001","$6,754,494","$12,788,122","$11,458,176","$11,458,176","$13,046,193","$13,241,769","$14,455,326","$14,455,326","$14,714,974","$14,714,974",7.6%,5.2%,15.5%,-0.9%,5.2%,2.7%,-40.7%,12.3%,-10.4%,13.9%,10.8%,1.8%,"$606,178 ","28,816"
181,"PHOENIX, AZ (METRO SQUARE)",Open,1992,,Original Location,1992,11/3/1992,Comp,,,1,3,6,R03 D06,Phoenix-Mesa-Scottsdale,"Phoenix (Prescott), AZ",,2728 WEST PEORIA AVENUE,PHOENIX,AZ,85029,33.6,-112.1," 32,758 ",Light Urban,"681,719","6,773","5,838","6,067,817","$63,840",60K-70K,39%,20%,14%,27%,76%,LT 80,"$86,887",30%,20-40%,8%,5-10%,53%,GT 40%,4%,2-4%,0.98%,49.87%,10 - 12 MM, 10 - 12 MM ,10 - 12 MM,10 - 12 MM,D,"$13,057,793","$13,108,350","$13,540,270","$14,351,734","$14,351,734","$14,883,279","$9,867,020","$14,850,086","$11,687,896","$11,687,896","$11,710,342","$11,883,969","$11,292,522","$11,292,522","$10,560,793","$10,560,793",6.7%,1.6%,0.4%,1.9%,7.4%,3.7%,-33.7%,-0.2%,-21.3%,0.2%,-3.5%,-6.5%,"$524,917 ","22,833"
182,"DALY CITY, CA",Open,2023,3/31/2023,2023 Relo - MAR '23 Open,1992,11/13/1992,Comp,,,1,21,1,R21 D01,San Francisco-Oakland-Hayward,"San Francisco-Oakland-San Jose, CA",,418 WESTLAKE CENTER,DALY CITY,CA,94015,37.7,-122.5," 18,541 ",Urban,"500,175","11,683","11,610","7,691,388","$123,242",GT80K,19%,9%,11%,61%,93%,80 - 100,"$137,673",17%,LT 20%,6%,5-10%,26%,20-30%,45%,GT 8%,0.02%,50.97%,, 08 - 10 MM ,08 - 10 MM,08 - 10 MM,E,"$10,314,255","$11,505,576","$10,941,859","$10,422,072","$10,422,072","$5,425,880",$0,$0,,,,"$8,184,183","$5,934,204","$8,845,798","$8,686,652","$8,686,652",11.4%,8.8%,11.6%,-6.2%,-3.3%,-6.1%, ,0.0%,,,-5.0%,-1.8%,"$395,104 ","16,542"
183,"UNION CITY, CA",Open,2020,3/6/2020,2020 Relo - MAR '20 Open,1993,3/3/1993,Comp,,,1,21,1,R21 D01,San Francisco-Oakland-Hayward,"San Francisco-Oakland-San Jose, CA",,31250 COURTHOUSE DR,UNION CITY,CA,94587,37.6,-122.1," 29,102 ",Light Urban,"320,351","5,029","5,930","7,691,388","$128,463",GT80K,18%,13%,12%,57%,103%,100 - 120,"$137,673",11%,LT 20%,6%,5-10%,34%,30-40%,42%,GT 8%,0.02%,50.97%,10 - 12 MM, 10 - 12 MM ,10 - 12 MM,10 - 12 MM,D,"$9,800,706","$10,637,805","$10,679,761","$10,125,256","$10,125,256","$9,854,943","$5,218,473","$11,441,843","$10,038,023","$10,038,023","$10,211,881","$10,361,069","$10,681,442","$10,681,442","$10,371,843","$10,371,843",7.1%,4.7%,8.5%,-0.9%,-3.9%,-2.7%,-47.0%,16.1%,-12.3%,1.7%,4.6%,-2.9%,"$509,415 ","20,868"
186,"OREM, UT",Open,1993,,Original Location,1993,3/23/1993,Comp,,,1,1,3,R01 D03,Provo-Orem,"Salt Lake City, UT",,340 E. UNIVERSITY PARKWAY,OREM,UT,84058,40.3,-111.7," 26,513 ",Light Urban,"333,048","2,864","5,275","3,722,607","$92,178",GT80K,18%,15%,16%,51%,79%,LT 80,"$97,769",71%,GT 60%,1%,LT 5%,20%,10-20%,2%,LT 2%,1.16%,56.35%,LT8MM, LT8MM ,LT8MM,LT8MM,G,"$7,758,705","$8,354,504","$8,716,030","$8,743,223","$8,743,223","$8,507,387","$5,670,167","$8,725,975","$6,752,892","$6,752,892","$6,839,802","$6,924,418","$6,810,877","$6,810,877","$7,042,199","$7,042,199",7.6%,7.3%,7.7%,2.9%,1.7%,-2.7%,-33.4%,2.6%,-22.6%,1.3%,-0.2%,3.4%,"$221,132 ","13,263"
188,"MANASSAS, VA",Open,1993,,Original Location,1993,4/30/1993,Comp,Yes,,5,11,1,R11 D01,Washington-Arlington-Alexandria,"Washington, DC (Hagerstown, MD)",Top 10 DMA,7685 SUDLEY ROAD,MANASSAS,VA,20109,38.8,-77.5," 40,229 ",Light Suburban,"434,845",851,"2,788","7,403,493","$147,707",GT80K,13%,11%,12%,63%,83%,80 - 100,"$120,994",43%,40-60%,10%,5-10%,23%,20-30%,18%,GT 8%,0.54%,51.13%,12 - 20 MM, 12 - 20 MM ,12 - 20 MM,12 - 20 MM,B,"$10,442,198","$11,427,963","$11,832,810","$12,416,799","$12,416,799","$13,923,188","$9,792,463","$16,268,708","$14,918,435","$14,918,435","$16,786,097","$17,001,066","$17,177,843","$17,177,843","$18,117,971","$18,117,971",5.2%,4.8%,9.4%,2.2%,6.2%,12.1%,-29.7%,16.8%,-8.3%,12.5%,2.3%,5.5%,"$611,313 ","30,568"
190,"MCALLEN, TX (LAPLAZA)",Open,1993,,Original Location,1993,9/2/1993,Comp,Yes,Yes,4,28,1,R28 D01,McAllen-Edinburg-Mission,"Harlingen-Weslaco-Brownsville-McAllen, TX",,500 EAST EXPRESSWAY #83,MCALLEN,TX,78503,26.2,-98.2," 58,919 ",Light Suburban,"526,347","2,250","2,980","1,426,817","$58,565",LT60K,47%,17%,12%,24%,85%,80 - 100,"$55,116",7%,LT 20%,1%,LT 5%,91%,GT 40%,1%,LT 2%,0.55%,51.13%,20M+, 20M+ ,20M+,20M+,AA,"$28,850,196","$26,210,332","$24,174,579","$26,452,519","$26,452,519","$30,525,257","$16,775,124","$32,524,719","$34,672,540","$34,672,540","$35,565,998","$36,154,601","$38,130,351","$38,130,351","$31,646,075","$31,646,075",7.1%,-4.8%,-9.2%,-8.8%,10.8%,15.7%,-45.0%,6.5%,6.6%,2.6%,7.2%,-17.0%,"$598,584 ","65,191"
191,"PITTSBURGH, PA (DOWNTOWN)",Open,2023,9/29/2023,2023 Relo - SEP '23 Open,1994,3/14/1994,Comp,,,3,25,2,R25 D02,Pittsburgh,"Pittsburgh, PA",,432 SMITHFIELD ST,PITTSBURGH,PA,15222,40.4,-80.0," 28,758 ",Light Urban,"239,820","4,194","6,160","2,826,882","$60,428",60K-70K,35%,17%,13%,34%,81%,80 - 100,"$74,411",53%,40-60%,33%,GT 30%,4%,LT 10%,5%,4-6%,-0.07%,50.10%,LT8MM, LT8MM ,LT8MM,LT8MM,G,"$12,810,920","$13,093,278","$12,594,421","$11,704,374","$11,704,374","$11,417,256","$5,552,110","$8,534,566","$6,767,182","$6,767,182","$4,763,300","$6,511,681","$5,017,044","$6,901,276","$6,799,766","$6,799,766",3.7%,5.5%,2.2%,-5.1%,-5.7%,-2.5%,-51.4%,-25.2%,-20.7%,-3.7%,6.8%,-1.5%,"$335,510 ","11,687"
193,"BRICK, NJ",Open,1993,,Original Location,1993,10/8/1993,Comp,,,3,13,2,R13 D02,New York-Newark-Jersey City,"New York, NY",Top 10 DMA,55 BRICK BOULEVARD,BRICK,NJ,8723,40.0,-74.1," 57,684 ",Light Suburban,"311,803","3,231","2,614","22,165,424","$89,492",GT80K,28%,16%,11%,45%,86%,80 - 100,"$101,231",78%,GT 60%,4%,LT 5%,13%,10-20%,2%,2-4%,0.08%,49.12%,LT8MM, LT8MM ,LT8MM,LT8MM,H,"$8,115,942","$8,837,613","$9,165,469","$9,755,954","$9,755,954","$9,725,925","$5,552,235","$8,083,139","$6,849,250","$6,849,250","$6,664,095","$6,750,412","$6,133,045","$6,133,045","$5,522,758","$5,522,758",3.0%,3.8%,8.9%,2.3%,7.9%,-0.3%,-42.9%,-16.9%,-15.3%,-2.7%,-7.9%,-10.0%,"$385,067 ","12,254"
195,CLOSED,Closed,,1/26/2024,Closure Date,,,,,,0,0,,,,,,,,,,,,,,,,,,,,,,,,,,,,,,,,,,,,,08 - 10 MM, 08 - 10 MM ,,,,"$11,871,635","$12,607,329","$13,212,322","$12,930,716","$12,930,716","$12,434,537","$7,458,132","$12,115,424","$9,063,999","$9,063,999","$8,688,696","$9,154,122",,,,,6.5%,2.4%,6.2%,3.3%,-0.8%,-3.8%,-40.0%,-2.6%,-25.2%,2.1%,,,$0 ,NA
197,CLOSED,Closed,,2/20/2026,Closure Date,,,,,Yes,3,25,6,,,,,1563 FRANKLIN MILLS CIRCLE,PHILADELPHIA,PA,19154,,,,,,,,,,,,,,,,,,,,,,,,,,,,08 - 10 MM, 08 - 10 MM ,08 - 10 MM,LT8MM,,"$11,396,559","$13,456,993","$12,921,459","$11,983,499","$11,983,499","$11,644,396","$6,543,076","$11,184,944","$9,183,630","$9,183,630","$8,877,364","$8,989,394","$8,041,882","$8,041,882","$7,345,694","$7,689,980",0.4%,11.8%,18.1%,-5.2%,-6.0%,-2.8%,-43.8%,-3.9%,-17.9%,-3.3%,-9.4%,-4.1%,"$504,411 ","14,586"
198,"GURNEE, IL",Open,1993,,Original Location,1993,10/8/1993,Comp,Yes,,4,7,2,R07 D02,Chicago-Naperville-Elgin,"Chicago, IL",Top 10 DMA,6104 GRAND AVENUE,GURNEE,IL,60031,42.4,-88.0," 39,589 ",Exurban,"743,664","1,422","1,396","9,518,952","$91,046",GT80K,27%,15%,14%,44%,138%,GT 120,"$91,619",52%,40-60%,10%,5-10%,28%,20-30%,6%,4-6%,-0.18%,48.49%,LT8MM, 08 - 10 MM ,LT8MM,LT8MM,G,"$9,432,458","$9,100,428","$8,590,002","$7,583,560","$7,583,560","$8,369,218","$6,491,635","$10,467,737","$7,995,548","$7,995,548","$8,005,969","$8,106,766","$7,762,406","$7,762,406","$7,554,042","$7,554,042",-3.1%,-6.0%,-3.5%,-6.6%,-10.7%,10.4%,-22.4%,25.1%,-23.6%,0.1%,-3.1%,-2.7%,"$415,980 ","15,438"
199,"PRINCE WILLIAM, VA (POTO ML)",Open,1993,,Original Location,1993,9/30/1993,Comp,Yes,Yes,5,11,1,R11 D01,Washington-Arlington-Alexandria,"Washington, DC (Hagerstown, MD)",Top 10 DMA,2700 POTOMAC MILLS CIR S 445,PRINCE WILLIAM,VA,22192,38.6,-77.3," 62,970 ",Suburban,"656,033","3,189","4,764","7,403,493","$117,117",GT80K,15%,13%,13%,59%,88%,80 - 100,"$120,994",29%,20-40%,21%,20-30%,31%,30-40%,13%,GT 8%,0.54%,51.13%,20M+, 12 - 20 MM ,12 - 20 MM,12 - 20 MM,B,"$21,240,648","$23,317,722","$22,624,470","$21,462,174","$21,462,174","$21,452,221","$13,224,219","$22,670,357","$20,234,131","$20,234,131","$18,844,026","$19,065,193","$17,312,276","$17,312,276","$18,544,617","$18,544,617",6.8%,11.6%,9.8%,-4.2%,-3.9%,0.0%,-38.4%,5.7%,-10.7%,-6.9%,-7.9%,7.1%,"$593,097 ","28,831"
200,CLOSED,Closed,,1/24/2025,Closure Date,,,,,,0,0,,,,,,,,,,,,,,,,,,,,,,,,,,,,,,,,,,,,,LT8MM, LT8MM ,LT8MM,,,"$8,521,155","$9,133,953","$5,210,619","$1,195,972","$5,179,993","$4,694,820","$4,021,099","$6,756,156","$5,161,771","$5,161,771","$5,140,904","$5,199,260","$3,973,407","$4,104,205",,,6.0%,6.5%,7.2%,3.2%,-11.9%,-9.4%,-39.7%,1.2%,-23.6%,-0.4%,-17.8%,,$0 ,"10,295"
201,"PORTLAND, OR (CLACKAMAS)",Open,2024,9/27/2024,2024 Relo - SEP '24 Open,1993,9/27/1993,Comp,Yes,,1,1,4,R01 D04,Portland-Vancouver-Hillsboro,"Portland, OR",,9606 SE 82ND AVE,CLACKAMAS,OR,97086,45.5,-122.6," 22,093 ",Suburban,"576,767","2,118","4,984","3,591,920","$83,732",GT80K,26%,15%,13%,46%,100%,100 - 120,"$92,668",62%,GT 60%,5%,LT 5%,15%,10-20%,10%,GT 8%,0.50%,51.18%,08 - 10 MM, 08 - 10 MM ,10 - 12 MM,10 - 12 MM,D,"$10,463,166","$11,021,058","$11,504,274","$11,117,612","$11,117,612","$10,002,190","$6,516,755","$11,666,896","$9,541,876","$9,541,876","$9,634,077","$9,784,191","$7,553,614","$10,288,874","$7,927,485","$10,665,174",3.1%,8.4%,5.3%,3.0%,-2.1%,-10.0%,-34.8%,16.6%,-18.2%,1.0%,8.2%,4.9%,"$534,488 ","21,319"
203,"PLANO, TX",Open,1993,,Original Location,1993,8/30/1993,Comp,Yes,Yes,4,16,1,R16 D01,Dallas-Fort Worth-Arlington,"Dallas-Ft. Worth, TX",Top 10 DMA,121 WEST PARKER ROAD,PLANO,TX,75075,33.0,-96.7," 41,864 ",Suburban,"1,823,585","1,440","4,199","9,039,276","$105,174",GT80K,22%,14%,13%,51%,107%,100 - 120,"$89,635",39%,20-40%,15%,15-20%,26%,20-30%,14%,GT 8%,1.36%,52.96%,10 - 12 MM, 12 - 20 MM ,10 - 12 MM,12 - 20 MM,D,"$9,860,574","$10,392,486","$10,692,988","$12,012,249","$12,012,249","$11,595,626","$7,461,596","$13,089,614","$11,391,982","$11,391,982","$11,979,676","$12,118,999","$11,771,911","$11,771,911","$12,155,971","$12,155,971",10.2%,2.8%,5.4%,1.6%,13.7%,-3.5%,-35.7%,12.9%,-13.0%,5.2%,-1.9%,3.3%,"$577,097 ","22,374"
205,CLOSED,Closed,,2/24/2023,Closure Date,,,,,,0,0,,,,,,,,,,,,,,,,,,,,,,,,,,,,,,,,,,,,,08 - 10 MM, LT8MM ,,,,"$8,643,003","$8,270,760","$7,978,721","$7,328,370","$7,328,370","$7,794,293","$5,410,018","$10,958,754","$9,877,860","$9,877,860",,"$108,959",,,,,0.2%,-8.5%,-4.3%,-4.7%,-7.0%,6.4%,-30.6%,40.6%,-9.9%,,,,"$5,269 ",NA
206,"LAREDO, TX",Open,1993,,Original Location,1993,11/1/1993,Comp,Yes,Yes,4,28,5,R28 D05,Laredo,"Laredo, TX",,4500 SAN BERNARDO AVE STE A,LAREDO,TX,78041,27.5,-99.5," 56,971 ",Suburban,"178,655","1,908","3,293","284,769","$66,064",60K-70K,39%,15%,16%,30%,81%,80 - 100,"$61,990",4%,LT 20%,0%,LT 5%,95%,GT 40%,0%,LT 2%,0.23%,49.33%,20M+, 20M+ ,20M+,20M+,AAA,"$25,334,774","$24,947,617","$28,172,895","$29,291,051","$29,291,051","$29,286,343","$15,192,269","$26,871,386","$30,497,271","$30,497,271","$32,599,651","$33,100,855","$37,837,843","$37,837,843","$38,592,256","$38,592,256",16.3%,0.6%,-1.5%,11.6%,5.1%,0.2%,-48.1%,-8.2%,13.5%,6.9%,15.8%,2.0%,"$1,192,118 ","66,499"
207,"FREDERICKSBURG, VA",Open,2023,5/12/2023,2023 Relo - MAY '23 Open,1993,10/13/1993,Comp,Yes,,5,11,1,R11 D01,Washington-Arlington-Alexandria,"Washington, DC (Hagerstown, MD)",Top 10 DMA,1845 CARL D. SILVER PARKWAY,FREDERICKSBURG,VA,22401,38.3,-77.5," 19,078 ",Light Suburban,"794,763",256,"1,853","7,403,493","$111,305",GT80K,22%,13%,13%,52%,78%,LT 80,"$120,994",48%,40-60%,21%,20-30%,19%,10-20%,5%,4-6%,0.54%,51.13%,LT8MM, LT8MM ,LT8MM,LT8MM,F,"$7,845,499","$8,160,681","$8,148,199","$8,089,211","$8,089,211","$8,134,108","$5,406,680","$8,987,329","$7,894,848","$7,894,848","$5,234,492","$7,232,396","$4,836,694","$7,067,695","$7,820,387","$7,820,387",-3.4%,-4.2%,4.0%,-1.4%,0.5%,0.6%,-33.5%,10.5%,-12.2%,-14.0%,0.5%,10.6%,"$290,053 ","13,738"
209,"SUNRISE, FL",Open,1993,,Original Location,1993,12/11/1993,Comp,,Yes,5,30,3,R30 D03,Miami-Fort Lauderdale-West Palm Beach,"Miami-Ft. Lauderdale, FL",Top 10 DMA,12801 WEST SUNRISE BLVD,SUNRISE,FL,33323,26.2,-80.3," 86,177 ",Light Suburban,"1,995,215","4,867","2,592","4,800,721","$79,031",70K-80K,29%,17%,14%,41%,121%,GT 120,"$78,384",22%,20-40%,29%,20-30%,41%,GT 40%,4%,2-4%,0.33%,48.16%,20M+, 20M+ ,20M+,20M+,AAA,"$43,985,694","$48,914,390","$49,420,526","$49,123,546","$49,123,546","$48,910,612","$22,943,385","$40,723,213","$39,136,440","$39,136,440","$37,063,562","$37,691,662","$44,522,157","$44,522,157","$47,408,313","$47,408,313",15.7%,0.4%,11.2%,-0.6%,1.0%,-0.1%,-53.1%,-16.7%,-3.9%,-5.3%,20.1%,6.5%,"$1,600,815 ","73,392"
212,BCF WEB,Open,1997,,Original Location,1997,1/5/1997,E-comm,,,0,0,,,,,,,,,,,, -   ,,,,,,,,,,,,,,,,,,,,,,,,,LT8MM,,,,,,,,,,"$44,878,340",$0,$0,$0,$0,,,,,,,,,,,,10.9%, ,0.0%,0.0%,,,,"$2,342 ",NA
213,"LAS VEGAS, NV (WEST SAHARA)",Open,1994,,Original Location,1994,4/11/1994,Comp,Yes,Yes,1,4,1,R04 D01,Las Vegas-Henderson-Paradise,"Las Vegas, NV",,5959 WEST SAHARA AVE,LAS VEGAS,NV,89146,36.1,-115.2," 77,415 ",Light Urban,"513,514","4,250","6,258","2,478,119","$69,978",60K-70K,36%,18%,13%,33%,77%,LT 80,"$79,597",28%,20-40%,17%,15-20%,36%,30-40%,13%,GT 8%,0.87%,45.85%,20M+, 20M+ ,20M+,20M+,B,"$25,326,388","$26,470,595","$27,093,271","$26,474,646","$26,474,646","$26,023,221","$15,045,142","$26,088,732","$22,956,308","$22,956,308","$24,480,012","$24,839,583","$24,298,410","$24,298,410","$20,734,287","$20,734,287",5.6%,3.9%,4.5%,1.1%,-1.1%,-1.7%,-42.2%,0.3%,-12.0%,6.6%,-0.9%,-14.7%,"$930,998 ","43,900"
215,CLOSED,Closed,,2/18/2022,Closure Date,,,,,,0,0,,,,,,,,,,,,,,,,,,,,,,,,,,,,,,,,,,,,,LT8MM, LT8MM ,,,,"$8,412,305","$8,498,074","$7,902,004","$7,087,885","$7,087,885","$5,612,540","$3,451,905","$6,492,553",$0,"$182,118",,$0,,,,,1.4%,-0.4%,1.0%,-8.2%,-9.0%,-20.8%,-38.5%,15.7%,0.0%,,,,$0 ,NA
217,CLOSED,Closed,,8/25/2023,Closure Date,,,,,,0,0,,,,,,,,,,,,,,,,,,,,,,,,,,,,,,,,,,,,,LT8MM, LT8MM ,,,,"$7,709,995","$7,702,495","$7,855,261","$7,980,910","$7,980,910","$8,066,249","$4,718,926","$6,843,733","$5,909,218","$5,909,218","$2,755,011","$3,093,951",,,,,5.0%,1.9%,-0.1%,0.7%,2.9%,1.1%,-41.5%,-15.2%,-13.7%,6.9%,,,$0 ,NA
220,"PATCHOGUE, NY",Open,2021,6/4/2021,2021 Relo - JUN '21 Open,1994,9/8/1994,Comp,Yes,Yes,3,14,1,R14 D01,New York-Newark-Jersey City,"New York, NY",Top 10 DMA,499-2B SUNRISE HWY,PATCHOGUE,NY,11772,40.8,-73.0," 17,747 ",Suburban,"415,518","2,771","3,096","22,165,424","$116,636",GT80K,20%,11%,12%,56%,123%,GT 120,"$101,231",47%,40-60%,9%,5-10%,36%,30-40%,4%,2-4%,0.08%,49.12%,10 - 12 MM, 08 - 10 MM ,08 - 10 MM,08 - 10 MM,E,"$6,382,878","$7,344,559","$7,975,490","$8,122,864","$8,122,864","$7,814,753","$4,979,502","$12,075,851","$7,207,736","$10,620,515","$9,812,211","$9,953,035","$9,153,799","$9,153,799","$8,877,077","$8,877,077",9.2%,-5.1%,15.1%,7.1%,3.2%,-3.8%,-4.9%,53.1%,-10.1%,-7.6%,-6.8%,-3.0%,"$351,343 ","15,967"
224,"MILPITAS, CA",Open,1994,,Original Location,1994,9/20/1994,Comp,,Yes,1,21,1,R21 D01,San Jose-Sunnyvale-Santa Clara,"San Francisco-Oakland-San Jose, CA",,1400 GREAT MALL DRIVE,MILPITAS,CA,95035,37.4,-121.9," 52,186 ",Light Urban,"993,965","4,521","6,010","7,691,388","$147,720",GT80K,17%,9%,9%,65%,137%,GT 120,"$137,673",13%,LT 20%,3%,LT 5%,32%,30-40%,48%,GT 8%,0.02%,50.97%,12 - 20 MM, 12 - 20 MM ,12 - 20 MM,12 - 20 MM,C,"$16,011,853","$16,978,153","$17,168,051","$17,237,970","$17,237,970","$17,476,452","$8,353,021","$17,401,540","$15,412,629","$15,412,629","$16,608,982","$16,840,085","$14,666,785","$14,666,785","$15,377,834","$15,377,834",1.3%,9.8%,6.0%,-0.2%,1.8%,1.4%,-52.2%,-0.4%,-11.4%,7.8%,-11.6%,4.8%,"$638,511 ","26,603"
225,CLOSED,Closed,,3/22/2024,Closure Date,,,,,,0,0,,,,,,,,,,,,,,,,,,,,,,,,,,,,,,,,,,,,,LT8MM, LT8MM ,LT8MM,,,"$8,251,616","$8,659,467","$9,097,483","$8,837,173","$8,837,173","$8,652,369","$5,109,108","$8,619,141","$7,084,283","$7,084,283","$6,688,845","$6,772,367","$379,770","$602,632",,,-0.6%,-0.3%,4.9%,3.6%,-1.6%,-2.1%,-41.0%,-0.4%,-17.8%,-5.6%,-23.8%,,$0 ,NA
226,"LAWRENCEVILLE, NJ",Open,1994,,Original Location,1994,9/30/1994,Comp,Yes,,3,13,1,R13 D01,Trenton,"Philadelphia, PA",Top 10 DMA,2495 US ROUTE 1 SUITE 1,LAWRENCEVILLE,NJ,8648,40.3,-74.7," 35,176 ",Suburban,"333,694","2,530","3,658","8,441,533","$89,760",GT80K,29%,14%,12%,44%,90%,80 - 100,"$88,536",39%,20-40%,22%,20-30%,26%,20-30%,10%,GT 8%,0.23%,48.33%,10 - 12 MM, 12 - 20 MM ,12 - 20 MM,12 - 20 MM,C,"$10,525,462","$10,815,840","$10,835,651","$11,404,264","$11,404,264","$11,844,832","$7,242,614","$13,131,657","$11,815,231","$11,815,231","$12,951,807","$13,120,776","$13,015,881","$13,015,881","$13,177,411","$13,177,411",3.7%,4.8%,2.8%,-1.1%,6.6%,3.9%,-38.9%,10.9%,-10.0%,9.6%,0.4%,1.2%,"$658,395 ","23,305"
228,"WEBSTER, TX (BAYBROOK)",Open,2020,3/6/2020,2020 Relo - MAR '20 Open,1994,9/5/1994,Comp,Yes,Yes,4,17,3,R17 D03,Houston-The Woodlands-Sugar Land,"Houston, TX",Top 10 DMA,1449 W BAY AREA BLVD,WEBSTER,TX,77598,29.5,-95.1," 34,650 ",Light Suburban,"1,365,767","1,075","2,927","8,054,291","$86,189",GT80K,28%,17%,14%,41%,94%,80 - 100,"$82,684",32%,20-40%,16%,15-20%,42%,GT 40%,7%,6-8%,1.17%,52.51%,12 - 20 MM, 12 - 20 MM ,12 - 20 MM,12 - 20 MM,C,"$12,915,769","$12,874,718","$13,654,584","$13,824,679","$13,824,679","$13,516,932","$8,539,769","$15,693,555","$13,421,909","$13,421,909","$14,503,298","$14,704,875","$15,536,659","$15,536,659","$16,033,833","$16,033,833",8.6%,7.5%,-0.3%,4.7%,2.5%,-2.2%,-36.8%,16.1%,-14.5%,8.1%,7.2%,3.2%,"$698,097 ","31,426"
230,CLOSED,Closed,,5/3/2019,Closure Date,,,,,,0,0,,,,,,,,,,,,,,,,,,,,,,,,,,,,,,,,,,,,,,,,,,"$9,234,713","$9,550,338","$10,007,745","$9,941,727","$9,941,727","$1,601,084",$0,$0,,,,,,,,,4.6%,-1.8%,3.4%,3.3%,0.8%,-5.0%, ,0.0%,,,,,$0 ,NA
231,"BATON ROUGE, LA",Open,1994,,Original Location,1994,9/2/1994,Comp,,,4,17,2,R17 D02,Baton Rouge,"Baton Rouge, LA",,9632 AIRLINE HIGHWAY,BATON ROUGE,LA,70815,30.4,-91.1," 32,400 ",Light Suburban,"406,348",601,"2,616","947,313","$66,573",60K-70K,37%,19%,13%,31%,97%,80 - 100,"$66,734",37%,20-40%,50%,GT 30%,7%,LT 10%,3%,2-4%,0.09%,46.49%,10 - 12 MM, 10 - 12 MM ,12 - 20 MM,12 - 20 MM,C,"$9,611,184","$11,259,995","$11,907,732","$11,566,231","$11,566,231","$11,108,468","$7,549,754","$12,660,573","$10,539,880","$10,539,880","$10,475,028","$10,633,415","$12,702,895","$12,702,895","$13,754,376","$13,754,376",1.0%,1.9%,17.2%,4.2%,-1.5%,-4.0%,-32.0%,14.0%,-16.8%,-0.6%,21.2%,8.3%,"$767,413 ","25,949"
232,"HOUSTON, TX (WILLOWBROOK)",Open,1994,,Original Location,1994,9/15/1994,Comp,,,4,17,1,R17 D01,Houston-The Woodlands-Sugar Land,"Houston, TX",Top 10 DMA,8415 FM 1960 WEST,HOUSTON,TX,77070,30.0,-95.6," 30,991 ",Suburban,"1,870,391","2,433","3,330","8,054,291","$84,762",GT80K,30%,17%,12%,40%,90%,80 - 100,"$82,684",27%,20-40%,20%,20-30%,42%,GT 40%,8%,6-8%,1.17%,52.51%,08 - 10 MM, 08 - 10 MM ,08 - 10 MM,LT8MM,F,"$11,425,042","$11,307,759","$11,555,288","$11,594,514","$11,594,514","$11,565,673","$7,710,970","$12,114,572","$9,552,366","$9,552,366","$9,531,426","$9,662,993","$9,207,232","$9,207,232","$7,757,842","$7,757,842",4.9%,0.0%,-1.0%,0.9%,1.6%,-0.2%,-33.3%,4.7%,-21.1%,-0.2%,-3.2%,-15.7%,"$418,216 ","15,964"
235,"NEW YORK CITY, NY (CHELSEA)",Open,2026,4/3/2026,2026 Relo - MAR '26 Open,1995,9/7/1995,Non-Comp,,Yes,3,14,4,R14 D04,New York-Newark-Jersey City,"New York, NY",Top 10 DMA,707 6TH AVENUE,NEW YORK,NY,10010,40.7,-74.0, -   ,Super Urban,"2,993,258","55,174","59,925","22,165,424","$67,524",60K-70K,42%,14%,11%,34%,137%,GT 120,"$101,231",20%,LT 20%,24%,20-30%,42%,GT 40%,10%,GT 8%,0.08%,49.12%,20M+, 20M+ ,20M+,20M+,,"$34,603,526","$36,966,362","$38,644,655","$38,574,386","$38,574,386","$39,393,217","$17,146,952","$31,812,068","$31,655,828","$31,655,828","$32,558,414","$32,965,349","$31,388,395","$31,388,395","$30,961,450","$30,961,450",6.5%,7.9%,6.8%,3.0%,1.2%,2.1%,-56.5%,-19.2%,-0.5%,2.9%,-3.6%,-1.4%,"$1,131,917 ","45,714"
236,"WOONSOCKET, RI",Open,1994,,Original Location,1994,11/10/1994,Comp,,,3,10,2,R10 D02,Providence-Warwick,"Providence, RI-New Bedford, MA",,2000 DIAMOND HILL ROAD,WOONSOCKET,RI,2895,42.0,-71.5," 51,327 ",Light Suburban,"597,042","1,523","2,050","1,683,219","$82,309",GT80K,32%,15%,12%,40%,87%,80 - 100,"$87,015",56%,40-60%,7%,5-10%,26%,20-30%,4%,2-4%,0.02%,47.37%,LT8MM, LT8MM ,LT8MM,LT8MM,G,"$5,431,211","$5,638,858","$5,897,428","$6,248,639","$6,248,639","$6,637,537","$4,818,787","$8,603,492","$7,384,588","$7,384,588","$7,541,517","$7,640,881","$7,285,071","$7,285,071","$6,854,901","$6,854,901",4.6%,4.8%,3.8%,3.3%,7.3%,6.2%,-27.4%,29.6%,-14.2%,2.1%,-3.4%,-5.9%,"$426,794 ","14,147"
238,"BILLERICA, MA",Open,2024,7/19/2024,2024 Relo - JUL '24 Open,1994,10/29/1994,Comp,Yes,,3,10,3,R10 D03,Boston-Cambridge-Newton,"Boston, MA (Manchester, NH)",Top 10 DMA,700 BOSTON ROAD,BILLERICA,MA,1821,42.5,-71.2," 22,387 ",Light Suburban,"393,355","2,821","1,802","6,834,716","$103,415",GT80K,29%,14%,12%,45%,139%,GT 120,"$112,082",54%,40-60%,5%,5-10%,23%,20-30%,13%,GT 8%,0.28%,49.68%,10 - 12 MM, 12 - 20 MM ,10 - 12 MM,10 - 12 MM,D,"$8,363,481","$8,510,367","$8,867,567","$8,897,691","$8,897,691","$9,303,025","$5,955,826","$12,265,718","$11,658,877","$11,658,877","$12,983,840","$13,154,852","$8,948,580","$11,777,015","$8,447,275","$11,281,089",4.6%,-2.6%,1.8%,2.8%,1.6%,4.6%,-36.0%,31.8%,-4.9%,11.4%,-7.4%,-5.6%,"$500,905 ","20,748"
239,"LAS VEGAS, NV (PARADISE)",Open,1994,,Original Location,1994,10/21/1994,Comp,,,1,4,1,R04 D01,Las Vegas-Henderson-Paradise,"Las Vegas, NV",,4750 SOUTH EASTERN AVENUE,LAS VEGAS,NV,89119,36.1,-115.1," 44,587 ",Light Urban,"514,845","6,059","6,360","2,478,119","$61,780",60K-70K,39%,18%,13%,30%,70%,LT 80,"$79,597",24%,20-40%,13%,10-15%,50%,GT 40%,7%,6-8%,0.87%,45.85%,10 - 12 MM, 10 - 12 MM ,10 - 12 MM,10 - 12 MM,D,"$12,357,631","$13,041,824","$13,195,471","$14,293,118","$14,293,118","$15,007,200","$9,620,873","$14,885,815","$11,389,553","$11,389,553","$11,176,686","$11,332,940","$11,547,915","$11,547,915","$10,496,970","$10,496,970",-1.9%,-4.7%,5.5%,-0.1%,9.7%,5.0%,-35.9%,-0.8%,-23.5%,-1.9%,3.5%,-9.1%,"$542,365 ","22,274"
249,CLOSED,Closed,,8/16/2019,Closure Date,,,,,,0,0,,,,,,,,,,,,,,,,,,,,,,,,,,,,,,,,,,,,,,,,,,"$5,828,040","$6,419,300","$5,943,157","$4,455,829","$4,455,829","$1,805,442",$0,$0,,,,,,,,,4.3%,1.2%,10.1%,-8.6%,-24.0%,-23.9%, ,0.0%,,,,,$0 ,NA
253,"WESTMINSTER, CO",Open,1994,,Original Location,1994,11/16/1994,Comp,,,1,1,5,R01 D05,Denver-Aurora-Lakewood,"Denver, CO",,7325 WEST 88TH AVENUE,WESTMINSTER,CO,80021,39.9,-105.1," 45,265 ",Suburban,"676,237","2,613","4,246","4,891,657","$93,374",GT80K,24%,15%,14%,47%,101%,100 - 120,"$102,369",46%,40-60%,2%,LT 5%,43%,GT 40%,4%,2-4%,0.81%,52.15%,08 - 10 MM, 10 - 12 MM ,10 - 12 MM,10 - 12 MM,D,"$9,694,647","$10,093,507","$11,853,386","$11,807,583","$11,807,583","$10,824,935","$7,151,677","$11,566,425","$9,818,611","$9,818,611","$10,636,757","$10,758,006","$11,339,939","$11,339,939","$11,819,071","$11,819,071",15.4%,4.3%,4.1%,16.0%,0.7%,-8.3%,-33.9%,6.8%,-15.1%,8.3%,6.7%,4.2%,"$503,797 ","23,637"
255,"AUSTIN, TX (HIGHLAND)",Open,1995,,Original Location,1995,3/4/1995,Comp,,,4,28,2,R28 D02,Austin-Round Rock,"Austin, TX",,6600 MIDDLE FISKVILLE ROAD,AUSTIN,TX,78752,30.3,-97.7," 32,044 ",Light Urban,"2,168,470",638,"5,628","2,777,592","$102,220",GT80K,24%,18%,15%,43%,80%,80 - 100,"$102,471",45%,40-60%,7%,5-10%,34%,30-40%,8%,GT 8%,1.97%,51.72%,10 - 12 MM, 12 - 20 MM ,12 - 20 MM,12 - 20 MM,C,"$6,833,424","$7,088,576","$7,494,302","$8,025,038","$8,025,038","$8,222,209","$5,638,772","$10,070,682","$10,096,606","$10,096,606","$12,058,338","$12,221,447","$13,667,717","$13,667,717","$13,136,314","$13,136,314",-2.1%,-9.6%,3.7%,4.4%,8.4%,2.5%,-31.4%,22.5%,0.3%,19.4%,13.2%,-3.9%,"$588,461 ","23,995"
256,CLOSED,Closed,,5/2/2025,Closure Date,,,,,,0,0,,,,,,,,,,,,,,,,,,,,,,,,,,,,,,,,,,,,,LT8MM, LT8MM ,LT8MM,LT8MM,,"$4,756,917","$4,570,125","$4,625,444","$4,692,451","$4,692,451","$4,896,092","$3,661,150","$5,975,392","$4,678,590","$4,678,590","$4,521,142","$4,578,018","$4,492,092","$4,492,092","$329,303","$978,815",-2.1%,-8.1%,-3.9%,-0.1%,2.8%,4.3%,-25.2%,22.0%,-21.7%,-3.4%,-0.3%,-0.5%,$0 ,"9,119"
257,"ROCHESTER, NY (GREECE RIDGE)",Open,2024,3/29/2024,2024 Relo - MAR '24 Open,1995,4/1/1995,Comp,Yes,,3,10,1,R10 D01,Rochester,"Rochester, NY",,112 GREECE RIDGE CENTER DR,ROCHESTER,NY,14626,43.2,-77.7," 18,063 ",Light Suburban,"217,814","3,114","2,881","1,070,857","$61,330",60K-70K,39%,16%,13%,31%,90%,80 - 100,"$75,675",49%,40-60%,27%,20-30%,17%,10-20%,3%,2-4%,-0.07%,48.57%,LT8MM, LT8MM ,08 - 10 MM,08 - 10 MM,F,"$7,745,971","$8,215,038","$8,553,751","$7,877,902","$7,877,902","$7,091,457","$4,143,412","$7,651,073","$6,481,607","$6,481,607","$6,941,167","$7,041,246","$6,208,640","$8,005,673","$6,323,522","$8,197,490",4.7%,6.3%,6.1%,2.7%,-6.7%,-10.0%,-41.6%,7.9%,-15.3%,7.1%,15.8%,1.9%,"$426,299 ","14,527"
258,"KENNER, LA",Open,2021,12/2/2021,2021 Remodel - DEC '21 Open,1995,9/2/1995,Comp,,,4,17,2,R17 D02,New Orleans-Metairie,"New Orleans, LA",,3324 WILLIAMS BOULEVARD,KENNER,LA,70065,30.0,-90.2, -   ,Light Urban,"306,916",783,"5,309","1,749,451","$64,090",60K-70K,40%,17%,12%,32%,108%,100 - 120,"$64,913",37%,20-40%,38%,GT 30%,18%,10-20%,4%,2-4%,-0.21%,46.83%,12 - 20 MM, 12 - 20 MM ,12 - 20 MM,10 - 12 MM,D,"$10,723,759","$11,169,487","$11,673,859","$12,321,797","$12,321,797","$13,485,327","$9,972,658","$12,765,376","$11,252,992","$14,737,678","$13,337,514","$13,489,593","$12,034,672","$12,034,672","$11,427,434","$11,427,434",0.7%,-2.1%,4.2%,3.1%,7.0%,9.4%,-26.0%,30.1%,-11.8%,-9.5%,-9.3%,-5.0%,"$658,484 ","24,077"
259,"AUBURN, WA",Open,1995,,Original Location,1995,8/25/1995,Comp,,Yes,1,1,2,R01 D02,Seattle-Tacoma-Bellevue,"Seattle-Tacoma, WA",,1101 OUTLT CLLCTN WY,AUBURN,WA,98001,47.3,-122.2," 50,788 ",Light Suburban,"709,710","2,445","2,937","5,772,567","$101,101",GT80K,24%,16%,14%,46%,78%,LT 80,"$108,737",42%,40-60%,12%,10-15%,17%,10-20%,19%,GT 8%,0.66%,52.46%,12 - 20 MM, 20M+ ,20M+,20M+,B,"$16,965,446","$17,296,328","$17,284,384","$19,216,559","$19,216,559","$21,043,217","$12,031,614","$20,382,557","$18,580,942","$18,580,942","$20,556,171","$20,834,001","$20,427,044","$20,427,044","$21,324,642","$21,324,642",3.7%,0.9%,2.0%,-1.4%,12.7%,9.5%,-42.8%,-3.1%,-8.8%,10.6%,-0.5%,4.4%,"$895,375 ","39,409"
260,"MARLTON, NJ",Open,1995,,Original Location,1995,9/1/1995,Comp,Yes,,3,13,1,R13 D01,Philadelphia-Camden-Wilmington,"Philadelphia, PA",Top 10 DMA,201 ROUTE 73 SOUTH,MARLTON,NJ,8053,39.9,-74.9," 25,212 ",Light Suburban,"756,482","1,397","2,589","8,441,533","$97,973",GT80K,25%,15%,13%,48%,147%,GT 120,"$88,536",53%,40-60%,19%,15-20%,16%,10-20%,7%,6-8%,0.23%,48.33%,LT8MM, LT8MM ,LT8MM,LT8MM,H,"$7,496,993","$7,227,620","$7,361,293","$6,402,547","$6,402,547","$6,577,389","$3,930,725","$7,559,080","$6,616,634","$6,616,634","$6,322,851","$6,398,774","$5,965,172","$5,965,172","$5,873,960","$5,873,960",-2.6%,-12.5%,-3.6%,0.6%,-11.9%,2.7%,-40.2%,14.9%,-12.5%,-4.4%,-5.5%,-1.5%,"$370,159 ","12,649"
261,"HIALEAH, FL",Open,1995,,Original Location,1995,9/1/1995,Comp,Yes,Yes,5,31,3,R31 D03,Miami-Fort Lauderdale-West Palm Beach,"Miami-Ft. Lauderdale, FL",Top 10 DMA,590 WEST 49TH STREET,HIALEAH,FL,33012,25.9,-80.3," 71,041 ",Light Urban,"704,592","5,722","7,794","4,800,721","$64,898",60K-70K,47%,12%,14%,27%,70%,LT 80,"$78,384",5%,LT 20%,15%,10-15%,78%,GT 40%,1%,LT 2%,0.33%,48.16%,20M+, 20M+ ,20M+,20M+,A,"$21,369,098","$21,860,033","$24,488,597","$26,338,803","$26,338,803","$27,678,540","$18,914,546","$28,943,040","$29,664,537","$29,664,537","$27,714,737","$28,118,212","$27,527,824","$27,527,824","$27,525,976","$27,525,976",7.2%,1.2%,2.3%,10.2%,9.2%,5.2%,-31.7%,4.6%,2.5%,-6.6%,-0.2%,0.0%,"$1,053,545 ","50,980"
264,"WEST HILLS, CA",Open,1995,,Original Location,1995,9/28/1995,Comp,Yes,,1,3,2,R03 D02,Los Angeles-Long Beach-Anaheim,"Los Angeles, CA",Top 10 DMA,22835 VICTORY BLVD,WEST HILLS,CA,91307,34.2,-118.6," 46,879 ",Light Urban,"401,656","3,970","5,960","18,082,820","$103,053",GT80K,25%,13%,12%,50%,112%,100 - 120,"$97,162",40%,20-40%,4%,LT 5%,37%,30-40%,14%,GT 8%,-0.04%,47.33%,12 - 20 MM, 12 - 20 MM ,10 - 12 MM,10 - 12 MM,D,"$12,297,977","$13,945,059","$14,794,883","$15,195,698","$15,195,698","$15,001,534","$9,284,420","$15,663,116","$12,780,728","$12,780,728","$12,793,940","$12,968,035","$11,854,692","$11,854,692","$11,040,291","$11,040,291",-3.2%,3.3%,13.4%,4.8%,4.0%,-1.3%,-38.1%,4.4%,-18.4%,0.1%,-7.2%,-6.9%,"$549,141 ","22,511"
265,"JACKSONVILLE, FL (REGENCY)",Open,1995,,Original Location,1995,9/7/1995,Comp,,,5,19,4,R19 D04,Jacksonville,"Jacksonville, FL",,9824 ATLANTIC BLVD,JACKSONVILLE,FL,32225,30.3,-81.5," 23,806 ",Suburban,"1,639,829",728,"3,473","2,186,986","$81,785",GT80K,38%,15%,13%,35%,83%,80 - 100,"$78,343",56%,40-60%,22%,20-30%,12%,10-20%,5%,4-6%,1.23%,51.32%,08 - 10 MM, 08 - 10 MM ,08 - 10 MM,10 - 12 MM,D,"$7,599,168","$7,363,450","$7,595,590","$7,964,121","$7,964,121","$8,087,216","$6,169,742","$9,872,310","$8,085,943","$8,085,943","$8,466,872","$8,603,989","$9,324,010","$9,324,010","$10,031,000","$10,031,000",-1.7%,-1.1%,-3.1%,1.7%,6.3%,1.5%,-23.7%,22.1%,-18.1%,4.7%,10.0%,7.6%,"$515,603 ","18,719"
266,"ATLANTA, GA (CAMP CREEK)",Open,2019,3/15/2019,2019 Relo - MAR '19 Open,1995,9/6/1995,Comp,Yes,,5,19,3,R19 D03,Atlanta-Sandy Springs-Roswell,"Atlanta, GA",Top 10 DMA,"3755 CARMIA DR, SW# 110",ATLANTA,GA,30331,33.7,-84.5," 25,929 ",Light Suburban,"1,056,179","1,663","1,919","7,692,390","$66,493",60K-70K,42%,17%,13%,27%,74%,LT 80,"$87,109",8%,LT 20%,78%,GT 30%,9%,LT 10%,2%,2-4%,0.88%,50.12%,LT8MM, 08 - 10 MM ,LT8MM,LT8MM,F,"$6,035,127","$5,949,524","$5,661,292","$5,387,638","$5,387,638","$5,096,331","$5,001,996","$8,877,769","$7,860,053","$7,860,053","$7,973,135","$8,087,780","$7,427,219","$7,427,219","$7,638,316","$7,638,316",6.2%,-4.8%,-1.4%,-6.3%,-3.3%,41.7%,-1.9%,17.3%,-11.5%,1.4%,-6.8%,2.8%,"$398,026 ","14,168"
269,"WAYNE, NJ (WAYNE HILLS MALL)",Open,2024,11/8/2024,2024 Relo - NOV '24 Open,1995,11/6/1995,Comp,Yes,Yes,3,13,6,R13 D06,New York-Newark-Jersey City,"New York, NY",Top 10 DMA,7 WAYNE HILLS MALL,WAYNE,NJ,7470,41.0,-74.2," 21,961 ",Light Suburban,"332,097","3,306","2,368","22,165,424","$89,673",GT80K,30%,12%,13%,45%,146%,GT 120,"$101,231",38%,20-40%,12%,10-15%,41%,GT 40%,6%,6-8%,0.08%,49.12%,10 - 12 MM, 12 - 20 MM ,10 - 12 MM,10 - 12 MM,D,"$10,397,504","$11,116,145","$12,002,356","$12,430,336","$12,430,336","$13,090,684","$7,566,338","$13,918,245","$11,536,942","$11,536,942","$12,074,696","$12,240,678","$7,420,540","$11,299,190","$7,525,760","$11,921,122",15.0%,9.3%,6.9%,6.6%,4.8%,5.3%,-42.2%,6.3%,-17.1%,4.7%,-4.3%,1.4%,"$546,227 ","22,748"
272,"NEWARK, DE (CHRISTIANA)",Open,2022,4/1/2022,2022 Relo - MAR '22 Open,1996,9/1/1996,Comp,Yes,,3,25,3,R25 D03,Philadelphia-Camden-Wilmington,"Philadelphia, PA",Top 10 DMA,55 UNIVERSITY PLAZA,NEWARK,DE,19702,39.7,-75.7," 22,177 ",Suburban,"569,405","1,261","3,100","8,441,533","$89,503",GT80K,27%,14%,14%,44%,91%,80 - 100,"$88,536",49%,40-60%,27%,20-30%,12%,10-20%,6%,6-8%,0.23%,48.33%,10 - 12 MM, 10 - 12 MM ,10 - 12 MM,12 - 20 MM,C,"$12,932,718","$12,824,766","$11,971,244","$10,675,432","$10,675,432","$9,586,952","$6,116,415","$10,978,546","$9,042,260","$10,827,937","$9,800,618","$11,719,809","$11,839,208","$11,839,208","$13,269,614","$13,269,614",3.4%,2.8%,-0.8%,-7.8%,-9.6%,-10.2%,-36.2%,14.5%,-2.0%,8.4%,2.5%,12.1%,"$613,665 ","23,723"
273,"NORTH RIVERSIDE, IL",Open,1996,,Original Location,1996,10/16/1996,Comp,Yes,Yes,4,7,3,R07 D03,Chicago-Naperville-Elgin,"Chicago, IL",Top 10 DMA,2208 S. HARLEM AVE,NORTH RIVERSIDE,IL,60546,41.8,-87.8," 45,502 ",Light Urban,"972,782","9,233","9,063","9,518,952","$68,604",60K-70K,42%,16%,13%,29%,89%,80 - 100,"$91,619",18%,LT 20%,23%,20-30%,55%,GT 40%,2%,2-4%,-0.18%,48.49%,12 - 20 MM, 12 - 20 MM ,12 - 20 MM,10 - 12 MM,D,"$12,731,155","$13,038,729","$13,571,592","$13,177,620","$13,177,620","$13,485,693","$8,952,759","$15,282,164","$12,579,843","$12,579,843","$12,799,663","$12,968,496","$12,086,915","$12,086,915","$11,616,106","$11,616,106",1.7%,-2.6%,2.4%,2.8%,-1.7%,2.3%,-33.6%,13.3%,-17.7%,1.7%,-5.5%,-3.9%,"$586,820 ","23,015"
274,"ONTARIO, CA",Open,1996,,Original Location,1996,10/25/1996,Comp,Yes,Yes,1,4,3,R04 D03,Riverside-San Bernardino-Ontario,"Los Angeles, CA",Top 10 DMA,4777 MILLS CIRCLE,ONTARIO,CA,91764,34.1,-117.5," 81,358 ",Light Suburban,"1,808,539","3,043","1,817","18,082,820","$89,906",GT80K,27%,16%,15%,43%,95%,80 - 100,"$97,162",15%,LT 20%,8%,5-10%,65%,GT 40%,9%,GT 8%,-0.04%,47.33%,20M+, 20M+ ,20M+,20M+,A,"$23,188,966","$25,690,134","$28,695,266","$30,626,302","$30,626,302","$31,604,834","$19,281,867","$31,363,206","$27,078,718","$27,078,718","$25,709,576","$26,052,068","$25,850,719","$25,850,719","$27,105,319","$27,105,319",3.3%,1.5%,10.8%,10.3%,8.0%,3.5%,-39.0%,-0.8%,-13.7%,-5.1%,0.7%,4.9%,"$938,620 ","46,562"
276,"SILVER SPRING, MD",Open,1997,,Original Location,1997,3/1/1997,Comp,Yes,Yes,5,11,6,R11 D06,Washington-Arlington-Alexandria,"Washington, DC (Hagerstown, MD)",Top 10 DMA,8661 COLEVILLE ROAD,SILVER SPRINGS,MD,20910,39.0,-77.0," 38,840 ",Light Urban,"572,847","7,105","8,354","7,403,493","$106,227",GT80K,23%,14%,12%,51%,94%,80 - 100,"$120,994",22%,20-40%,32%,GT 30%,34%,30-40%,8%,6-8%,0.54%,51.13%,10 - 12 MM, 10 - 12 MM ,08 - 10 MM,10 - 12 MM,D,"$9,500,751","$11,423,902","$12,348,062","$12,851,612","$12,851,612","$13,087,961","$6,535,015","$13,181,645","$11,322,436","$11,322,436","$11,107,292","$11,240,459","$9,876,579","$9,876,579","$10,032,861","$10,032,861",5.1%,6.9%,20.2%,6.7%,5.4%,1.8%,-50.1%,0.7%,-14.1%,-1.9%,-11.0%,1.6%,"$522,603 ","16,517"
277,"MEMPHIS, TN (CENTENNIAL)",Open,2016,9/30/2016,2016 Relo - SEP '16 Open,1997,2/27/1997,Comp,,,4,6,2,R06 D02,Memphis,"Memphis, TN",,7761 WINCHESTER RD,MEMPHIS,TN,38125,35.0,-89.8," 34,848 ",Suburban,"273,147",744,"3,038","1,776,622","$63,985",60K-70K,41%,16%,11%,32%,125%,GT 120,"$64,171",16%,LT 20%,69%,GT 30%,9%,LT 10%,3%,2-4%,-0.15%,45.03%,LT8MM, 08 - 10 MM ,08 - 10 MM,08 - 10 MM,E,"$7,087,218","$7,473,559","$7,872,902","$8,530,924","$8,530,924","$8,405,057","$5,800,164","$9,628,370","$7,954,684","$7,954,684","$8,740,061","$8,856,567","$9,661,274","$9,661,274","$9,603,498","$9,603,498",14.1%,3.9%,18.4%,2.0%,9.8%,-1.5%,-31.0%,14.6%,-17.4%,9.9%,10.1%,-0.6%,"$546,130 ","18,920"
278,"SAN DIEGO, CA (CLAIREMONT)",Open,1997,,Original Location,1997,2/27/1997,Comp,,,1,4,2,R04 D02,San Diego-Carlsbad,"San Diego, CA",,3962 CLAIREMONT MESA BLVD,SAN DIEGO,CA,92117,32.8,-117.2," 34,948 ",Light Urban,"700,954","5,655","5,057","3,292,550","$94,423",GT80K,29%,15%,13%,43%,108%,100 - 120,"$108,694",25%,20-40%,8%,5-10%,45%,GT 40%,16%,GT 8%,0.09%,49.94%,08 - 10 MM, 08 - 10 MM ,08 - 10 MM,LT8MM,F,"$12,272,905","$12,942,694","$14,089,496","$14,123,232","$14,123,232","$13,681,346","$7,952,207","$12,388,065","$9,967,932","$9,967,932","$9,118,488","$9,245,687","$8,440,689","$8,440,689","$7,763,486","$7,763,486",2.3%,-1.9%,5.5%,7.4%,1.5%,-3.1%,-41.9%,-9.5%,-19.5%,-8.5%,-7.2%,-8.0%,"$404,422 ","18,012"
279,"PHILADELPHIA, PA (CHELTENHAM)",Open,1997,,Original Location,1997,2/28/1997,Comp,,,3,25,5,R25 D05,Philadelphia-Camden-Wilmington,"Philadelphia, PA",Top 10 DMA,2471 W CHELTENHAM AVE STE B,WYNCOTE,PA,19095,40.1,-75.2," 49,078 ",Light Urban,"353,306","12,257","7,867","8,441,533","$55,312",LT60K,46%,17%,12%,25%,79%,LT 80,"$88,536",13%,LT 20%,59%,GT 30%,19%,10-20%,6%,4-6%,0.23%,48.33%,LT8MM, LT8MM ,LT8MM,LT8MM,H,"$7,852,774","$7,303,306","$7,386,973","$7,634,243","$7,634,243","$7,479,148","$4,695,194","$7,923,766","$6,077,098","$6,077,098","$6,117,374","$6,201,656","$5,820,263","$5,820,263","$5,876,444","$5,876,444",6.8%,-3.4%,-7.0%,-0.2%,4.8%,-2.0%,-37.2%,5.9%,-23.3%,0.7%,-4.7%,1.0%,"$370,397 ","11,222"
282,"WILKES-BARRE, PA",Open,2024,9/27/2024,2024 Relo - SEP '24 Open,1997,2/26/1997,Comp,Yes,,3,25,3,R25 D03,Scranton--Wilkes-Barre--Hazleton,"Wilkes Barre-Scranton-Hazleton, PA",,435 ARENA HUB PLAZA,WILKES-BARRE,PA,18702,41.2,-75.8," 19,826 ",Light Suburban,"547,404",317,"1,996","1,505,315","$62,677",60K-70K,39%,18%,14%,29%,79%,LT 80,"$65,410",73%,GT 60%,5%,5-10%,17%,10-20%,2%,LT 2%,-0.04%,49.07%,08 - 10 MM, 08 - 10 MM ,10 - 12 MM,10 - 12 MM,D,"$5,648,780","$6,280,870","$6,811,283","$7,283,064","$7,283,064","$7,672,183","$5,960,819","$9,767,306","$8,617,193","$8,617,193","$9,590,964","$9,716,498","$8,089,073","$10,848,229","$8,590,665","$11,428,228",-0.6%,2.9%,11.2%,7.0%,8.3%,5.3%,-22.3%,27.3%,-11.8%,11.3%,15.3%,6.2%,"$487,880 ","20,107"
284,"ERIE, PA (MILLCREEK)",Open,1997,,Original Location,1997,8/8/1997,Comp,,,3,10,1,R10 D01,Erie,"Erie, PA",,1900 KEYSTONE DRIVE,ERIE,PA,16509,42.1,-80.1," 31,631 ",Exurban,"226,850",492,"1,280","387,415","$62,337",60K-70K,44%,17%,12%,27%,110%,100 - 120,"$63,028",78%,GT 60%,8%,5-10%,5%,LT 10%,3%,2-4%,-0.29%,49.15%,LT8MM, LT8MM ,LT8MM,LT8MM,G,"$8,175,786","$8,098,183","$8,257,643","$8,009,187","$8,009,187","$8,006,057","$5,218,457","$8,818,662","$7,130,868","$7,130,868","$7,677,387","$7,778,100","$7,545,866","$7,545,866","$7,206,844","$7,206,844",3.6%,-6.9%,-0.9%,0.9%,-1.9%,0.0%,-34.8%,10.1%,-19.1%,7.7%,-1.9%,-4.5%,"$407,157 ","14,070"
285,"WEST COVINA, CA",Open,2024,10/18/2024,2024 Relo - OCT '24 Open,1997,9/30/1997,Comp,Yes,,1,4,4,R04 D04,Los Angeles-Long Beach-Anaheim,"Los Angeles, CA",Top 10 DMA,2753 E EASTLAND CTR 1450,WEST COVINA,CA,91791,34.1,-117.9," 20,620 ",Light Urban,"567,601","6,277","5,776","18,082,820","$93,014",GT80K,26%,15%,14%,45%,107%,100 - 120,"$97,162",9%,LT 20%,2%,LT 5%,65%,GT 40%,22%,GT 8%,-0.04%,47.33%,10 - 12 MM, 10 - 12 MM ,10 - 12 MM,08 - 10 MM,E,"$10,919,305","$11,682,547","$12,343,519","$12,768,307","$12,768,307","$12,721,936","$8,497,040","$13,586,718","$10,130,379","$10,130,379","$10,266,934","$10,410,093","$6,483,938","$10,133,011","$6,636,573","$9,672,425",2.1%,-3.0%,7.0%,4.3%,4.8%,-0.4%,-33.2%,6.8%,-25.4%,1.3%,-8.0%,2.4%,"$487,459 ","23,258"
286,"GRAPEVINE, TX",Open,1997,,Original Location,1997,10/30/1997,Comp,Yes,Yes,4,16,4,R16 D04,Dallas-Fort Worth-Arlington,"Dallas-Ft. Worth, TX",Top 10 DMA,3000 GRAPEVINE MILLS PRKWY,GRAPEVINE,TX,76051,33.0,-97.0," 42,146 ",Light Suburban,"6,067,234","1,934","2,111","9,039,276","$92,632",GT80K,24%,16%,13%,47%,131%,GT 120,"$89,635",36%,20-40%,18%,15-20%,31%,30-40%,11%,GT 8%,1.36%,52.96%,12 - 20 MM, 12 - 20 MM ,12 - 20 MM,12 - 20 MM,C,"$14,825,307","$15,409,811","$15,659,137","$16,429,183","$16,429,183","$17,122,469","$10,140,090","$18,337,861","$16,614,691","$16,614,691","$16,514,732","$16,706,931","$16,228,375","$16,228,375","$15,054,580","$15,054,580",16.7%,5.5%,3.9%,0.4%,6.2%,4.2%,-40.8%,7.1%,-9.4%,-0.6%,-2.0%,-7.2%,"$572,115 ","24,692"
287,"TEMPE, AZ",Open,1997,,Original Location,1997,11/20/1997,Comp,Yes,Yes,1,3,6,R03 D06,Phoenix-Mesa-Scottsdale,"Phoenix (Prescott), AZ",,5000 S ARIZONA MILLS CIR,TEMPE,AZ,85282,33.4,-112.0," 50,885 ",Suburban,"1,084,356","2,311","4,062","6,067,817","$75,926",70K-80K,33%,18%,15%,33%,91%,80 - 100,"$86,887",28%,20-40%,9%,5-10%,51%,GT 40%,4%,4-6%,0.98%,49.87%,12 - 20 MM, 12 - 20 MM ,12 - 20 MM,12 - 20 MM,C,"$16,386,161","$15,427,384","$16,298,788","$15,833,689","$15,833,689","$16,529,701","$10,618,525","$19,051,780","$14,881,594","$15,839,234","$15,016,095","$16,536,804","$17,159,872","$17,159,872","$16,248,952","$16,248,952",5.5%,1.5%,-5.9%,4.1%,-1.5%,4.4%,-35.8%,15.3%,-14.3%,0.9%,5.3%,-5.3%,"$646,982 ","30,731"
288,"CALUMET CITY, IL",Open,2025,8/15/2025,2025 Relo - AUG '25 Open,1997,10/15/1997,Comp,Yes,,4,7,1,R07 D01,Chicago-Naperville-Elgin,"Chicago, IL",Top 10 DMA,470 RIVER OAKS W,CALUMET CITY,IL,60409,41.6,-87.6," 18,676 ",Suburban,"526,259","2,620","4,090","9,518,952","$64,107",60K-70K,42%,17%,13%,28%,70%,LT 80,"$91,619",15%,LT 20%,57%,GT 30%,24%,20-30%,1%,LT 2%,-0.18%,48.49%,LT8MM, LT8MM ,LT8MM,LT8MM,G,"$8,883,549","$9,309,611","$9,397,649","$9,455,621","$9,455,621","$9,031,964","$5,509,720","$10,382,400","$7,414,445","$7,414,445","$7,031,104","$7,127,167","$6,677,461","$6,677,461","$4,344,855","$7,254,091",-1.2%,-0.1%,4.8%,-0.3%,1.9%,-4.5%,-39.0%,15.0%,-28.6%,-5.2%,-4.9%,7.3%,"$304,185 ","12,563"
289,"INDIANAPOLIS, IN (CASTLETON)",Open,1997,,Original Location,1997,10/23/1997,Comp,,,4,6,1,R06 D01,Indianapolis-Carmel-Anderson,"Indianapolis, IN",,5450 EAST 82ND STREET,INDIANAPOLIS,IN,46250,39.9,-86.1," 29,265 ",Light Suburban,"1,775,310","1,229","1,916","3,190,106","$83,697",GT80K,30%,14%,12%,44%,106%,100 - 120,"$75,828",61%,GT 60%,18%,15-20%,10%,10-20%,5%,4-6%,0.46%,50.09%,08 - 10 MM, 08 - 10 MM ,10 - 12 MM,10 - 12 MM,D,"$11,559,582","$11,893,942","$11,855,519","$11,560,676","$11,560,676","$10,805,906","$7,509,932","$12,082,334","$9,305,994","$9,305,994","$9,738,371","$9,856,251","$10,259,968","$10,259,968","$10,404,209","$10,404,209",16.8%,1.9%,2.9%,-1.5%,-1.3%,-6.5%,-30.5%,11.8%,-23.0%,4.6%,5.4%,1.4%,"$475,184 ","17,618"
290,"MORROW, GA",Open,1997,,Original Location,1997,10/31/1997,Comp,Yes,,5,19,3,R19 D03,Atlanta-Sandy Springs-Roswell,"Atlanta, GA",Top 10 DMA,1516 S LAKE PARKWAY,MORROW,GA,30260,33.6,-84.3," 46,128 ",Light Suburban,"1,190,962","1,324","2,862","7,692,390","$72,109",70K-80K,34%,19%,15%,32%,65%,LT 80,"$87,109",13%,LT 20%,72%,GT 30%,9%,LT 10%,2%,2-4%,0.88%,50.12%,12 - 20 MM, 12 - 20 MM ,12 - 20 MM,12 - 20 MM,C,"$11,314,630","$11,809,091","$12,282,493","$12,916,663","$12,916,663","$14,108,976","$10,395,141","$17,560,084","$14,910,707","$14,910,707","$14,082,771","$14,284,361","$13,438,260","$13,438,260","$14,272,538","$14,272,538",13.4%,2.4%,4.4%,2.5%,6.6%,9.2%,-26.3%,24.5%,-15.1%,-5.6%,-4.5%,6.2%,"$659,621 ","23,995"
294,"PLEASANT HILL, CA",Open,2019,5/17/2019,2019 Relo - MAY '19 Open,1998,10/30/1998,Comp,,,1,21,1,R21 D01,San Francisco-Oakland-Hayward,"San Francisco-Oakland-San Jose, CA",,568 CONTRA COSTA BLVD,PLEASANT HILL,CA,94523,38.0,-122.1," 31,125 ",Suburban,"490,191","1,962","4,655","7,691,388","$114,749",GT80K,22%,11%,12%,56%,86%,80 - 100,"$137,673",31%,20-40%,10%,10-15%,34%,30-40%,17%,GT 8%,0.02%,50.97%,08 - 10 MM, 08 - 10 MM ,08 - 10 MM,08 - 10 MM,E,"$7,677,702","$8,505,091","$8,274,379","$8,027,092","$8,027,092","$6,470,249","$5,353,478","$11,050,230","$9,423,905","$9,423,905","$9,401,889","$9,527,536","$9,102,394","$9,102,394","$9,216,726","$9,216,726",7.9%,7.5%,10.8%,-4.0%,-1.7%,18.2%,-17.3%,18.4%,-14.7%,-0.2%,-3.0%,1.3%,"$470,159 ","18,345"
295,"MAYS LANDING, NJ",Open,2019,9/13/2019,2019 Relo - SEP '19 Open,1998,3/22/1998,Comp,Yes,,3,13,2,R13 D02,Atlantic City-Hammonton,"Philadelphia, PA",Top 10 DMA,130 CONSUMER SQ RD,MAYS LANDING,NJ,8330,39.5,-74.6," 30,708 ",Exurban,"263,379",453,"1,026","8,441,533","$77,891",70K-80K,33%,16%,13%,38%,107%,100 - 120,"$88,536",52%,40-60%,15%,10-15%,21%,20-30%,8%,GT 8%,0.23%,48.33%,08 - 10 MM, 10 - 12 MM ,10 - 12 MM,10 - 12 MM,D,"$7,114,924","$7,540,810","$7,790,998","$8,021,468","$8,021,468","$5,657,028","$2,749,974","$11,403,311","$9,902,265","$9,902,265","$10,470,471","$10,611,914","$11,154,887","$11,154,887","$11,926,822","$11,926,822",2.9%,-4.7%,6.0%,2.0%,4.2%,8.7%,-51.4%,29.6%,-13.2%,5.7%,6.4%,6.9%,"$493,819 ","21,380"
297,CLOSED,Closed,,2/23/2024,Closure Date,,,,,,0,0,,,,,,,,,,,,,,,,,,,,,,,,,,,,,,,,,,,,,LT8MM, LT8MM ,LT8MM,,,"$4,340,358","$4,204,381","$4,872,654","$5,117,695","$5,117,695","$5,189,001","$3,658,031","$5,930,621","$4,403,006","$4,403,006","$4,476,585","$4,527,845",,"$168,052",,,4.8%,3.8%,-3.1%,14.3%,6.3%,1.4%,-26.1%,14.3%,-25.8%,1.7%,,,$0 ,NA
298,"CERRITOS, CA",Open,1998,,Original Location,1998,10/27/1998,Comp,Yes,Yes,1,3,3,R03 D03,Los Angeles-Long Beach-Anaheim,"Los Angeles, CA",Top 10 DMA,11211 183RD STREET,CERRITOS,CA,90703,33.9,-118.1," 32,162 ",Light Urban,"709,427","9,311","8,854","18,082,820","$90,757",GT80K,26%,15%,13%,46%,107%,100 - 120,"$97,162",11%,LT 20%,8%,5-10%,63%,GT 40%,15%,GT 8%,-0.04%,47.33%,12 - 20 MM, 12 - 20 MM ,12 - 20 MM,12 - 20 MM,D,"$11,642,506","$13,087,676","$15,570,803","$15,395,691","$15,395,691","$15,209,266","$9,000,218","$15,199,215","$12,848,222","$12,848,222","$12,875,513","$13,062,607","$12,503,852","$12,503,852","$12,184,228","$12,184,228",2.3%,4.0%,12.4%,17.2%,0.1%,-1.2%,-40.8%,-0.1%,-15.5%,0.2%,-2.7%,-2.6%,"$583,816 ","25,148"
299,"FRESNO, CA (BLACKSTONE)",Open,2026,4/17/2026,2026 Relo - APR '26 Open,1998,11/12/1998,Non-Comp,,,1,21,5,R21 D05,Fresno,"Fresno-Visalia, CA",,5630 NORTH BLACKSTONE,FRESNO,CA,93710,36.8,-119.8, -   ,Suburban,"378,625","3,663","4,901","2,139,083","$60,555",60K-70K,47%,16%,11%,25%,97%,80 - 100,"$72,136",16%,LT 20%,8%,5-10%,60%,GT 40%,13%,GT 8%,0.33%,47.34%,08 - 10 MM, 08 - 10 MM ,LT8MM,LT8MM,,"$6,890,795","$7,248,939","$7,701,736","$8,333,584","$8,333,584","$8,962,148","$6,391,099","$10,464,559","$8,441,614","$8,441,614","$8,247,395","$8,357,413","$7,727,663","$7,727,663","$7,644,238","$7,644,238",-19.7%,-3.0%,5.2%,4.9%,9.5%,7.5%,-28.7%,16.8%,-19.3%,-2.3%,-5.9%,-1.1%,"$420,566 ","15,889"
300,"FLEMINGTON, NJ",Open,2023,10/27/2023,2023 Relo - OCT '23 Open,2003,10/24/2003,Comp,Yes,,3,13,1,R13 D01,New York-Newark-Jersey City,"New York, NY",Top 10 DMA,276 US-202 31 N,FLEMINGTON,NJ,8822,40.5,-74.9," 22,566 ",Exurban,"442,724",594,888,"22,165,424","$131,506",GT80K,15%,10%,11%,64%,133%,GT 120,"$101,231",58%,40-60%,8%,5-10%,17%,10-20%,13%,GT 8%,0.08%,49.12%,LT8MM, LT8MM ,LT8MM,LT8MM,H,"$7,468,767","$7,442,171","$7,490,663","$6,918,776","$6,918,776","$6,609,309","$3,318,080","$6,160,520","$5,586,768","$5,586,768","$3,981,510","$5,816,122","$3,187,130","$4,527,494","$4,261,152","$4,261,152",5.9%,-1.1%,-0.4%,-0.5%,-6.5%,-4.5%,-49.8%,-6.8%,-9.3%,6.4%,-19.6%,-5.9%,"$330,689 ","8,178"
301,"MISSION VIEJO, CA",Open,1999,,Original Location,1999,3/9/1999,Comp,,,1,3,5,R03 D05,Los Angeles-Long Beach-Anaheim,"Los Angeles, CA",Top 10 DMA,28452 MARGUERITE PARKWAY,MISSION  VIEJO,CA,92692,33.5,-117.7," 26,401 ",Suburban,"280,723","3,963","4,091","18,082,820","$125,716",GT80K,18%,10%,9%,62%,148%,GT 120,"$97,162",54%,40-60%,1%,LT 5%,25%,20-30%,13%,GT 8%,-0.04%,47.33%,LT8MM, LT8MM ,LT8MM,LT8MM,H,"$7,463,330","$7,666,827","$8,252,793","$7,873,049","$7,873,049","$7,638,022","$4,760,475","$7,984,774","$6,978,081","$6,978,081","$7,095,166","$7,194,848","$6,804,773","$6,804,773","$6,436,274","$6,436,274",5.3%,6.3%,2.7%,6.3%,-3.5%,-3.0%,-37.7%,4.5%,-12.6%,1.7%,-3.9%,-5.4%,"$394,526 ","13,959"
302,CLOSED,Closed,,1/17/2019,Closure Date,,,,,,0,0,,,,,,,,,,,,,,,,,,,,,,,,,,,,,,,,,,,,,,,,,,"$5,232,805","$5,212,393","$5,388,267","$4,919,643","$5,052,953",$0, ,,,,,,,,,,-1.4%,0.9%,-0.4%,2.1%,-2.6%,, ,,,,,,$0 ,NA
303,"GAITHERSBURG, MD",Open,1999,,Original Location,1999,3/19/1999,Comp,,Yes,5,11,6,R11 D06,Washington-Arlington-Alexandria,"Washington, DC (Hagerstown, MD)",Top 10 DMA,600 NORTH FREDRICK AVE,GAITHERSBURG,MD,20877,39.2,-77.2," 58,726 ",Light Urban,"565,264","2,009","5,568","7,403,493","$123,529",GT80K,17%,11%,12%,60%,87%,80 - 100,"$120,994",31%,20-40%,18%,15-20%,27%,20-30%,18%,GT 8%,0.54%,51.13%,12 - 20 MM, 12 - 20 MM ,12 - 20 MM,12 - 20 MM,B,"$11,328,287","$11,889,477","$12,105,980","$13,074,086","$13,074,086","$14,747,512","$9,020,434","$19,687,652","$18,250,810","$18,250,810","$17,622,596","$17,844,350","$17,166,012","$17,166,012","$18,766,663","$18,766,663",8.9%,4.0%,5.0%,0.5%,9.4%,12.8%,-38.8%,33.5%,-7.3%,-3.4%,-2.4%,9.3%,"$707,388 ","30,691"
304,CLOSED,Closed,,3/22/2024,Closure Date,,,,,,0,0,,,,,,,,,,,,,,,,,,,,,,,,,,,,,,,,,,,,,LT8MM, LT8MM ,LT8MM,,,"$7,249,725","$7,626,105","$7,782,461","$6,381,340","$6,381,340","$6,037,171","$3,434,432","$6,591,028","$5,712,287","$5,712,287","$5,244,713","$5,308,248","$290,241","$555,802",,,6.6%,8.5%,5.2%,0.6%,-16.9%,-5.4%,-43.1%,9.2%,-13.3%,-8.2%,-22.9%,,$0 ,NA
305,"TINLEY PARK, IL",Open,2021,9/17/2021,2021 Relo - SEP '21 Open,1999,3/11/1999,Comp,Yes,,4,7,1,R07 D01,Chicago-Naperville-Elgin,"Chicago, IL",Top 10 DMA,16001 S. HARLEM AVE,TINLEY PARK,IL,60477,41.6,-87.8," 18,630 ",Suburban,"710,934","2,485","3,155","9,518,952","$81,763",GT80K,32%,16%,14%,38%,110%,100 - 120,"$91,619",43%,40-60%,33%,GT 30%,19%,10-20%,2%,2-4%,-0.18%,48.49%,08 - 10 MM, 08 - 10 MM ,10 - 12 MM,10 - 12 MM,D,"$6,052,174","$6,078,157","$6,752,638","$7,114,479","$7,114,479","$7,773,205","$5,772,354","$9,117,963","$6,299,114","$9,593,630","$9,646,813","$9,800,134","$10,135,737","$10,135,737","$10,292,566","$10,292,566",-2.9%,-2.6%,0.4%,9.5%,6.8%,9.3%,-25.7%,25.3%,0.5%,0.6%,4.9%,1.5%,"$475,167 ","18,573"
306,"FREEHOLD, NJ",Open,1999,,Original Location,1999,3/12/1999,Comp,Yes,,3,13,2,R13 D02,New York-Newark-Jersey City,"New York, NY",Top 10 DMA,3684 ROUTE 9 NORTH,FREEHOLD,NJ,7728,40.2,-74.3," 19,586 ",Light Suburban,"396,406",987,"1,696","22,165,424","$128,279",GT80K,18%,10%,9%,62%,112%,100 - 120,"$101,231",69%,GT 60%,4%,LT 5%,13%,10-20%,11%,GT 8%,0.08%,49.12%,LT8MM, 08 - 10 MM ,LT8MM,LT8MM,F,"$9,443,151","$9,536,333","$9,419,008","$9,418,886","$9,418,886","$9,042,763","$5,422,870","$8,800,992","$7,911,368","$7,911,368","$8,696,551","$8,800,868","$7,992,386","$7,992,386","$7,914,698","$7,914,698",2.1%,-1.0%,1.0%,-2.4%,1.2%,-4.0%,-40.0%,-2.7%,-10.1%,9.9%,-8.0%,-1.0%,"$367,180 ","14,738"
307,"EAST WINDSOR, NJ",Open,1999,,Original Location,1999,3/19/1999,Comp,,,3,13,2,R13 D02,Trenton,"Philadelphia, PA",Top 10 DMA,370 ROUTE 130 SOUTH,HIGHTSTOWN,NJ,8520,40.3,-74.5," 23,956 ",Light Suburban,"664,947","1,233","1,574","8,441,533","$109,535",GT80K,22%,12%,11%,54%,139%,GT 120,"$88,536",41%,40-60%,15%,15-20%,21%,20-30%,20%,GT 8%,0.23%,48.33%,LT8MM, LT8MM ,LT8MM,LT8MM,F,"$6,001,404","$6,421,041","$6,451,833","$6,522,558","$6,522,558","$6,573,409","$3,973,979","$7,777,864","$7,265,526","$7,265,526","$7,634,846","$7,733,059","$7,629,840","$7,629,840","$7,618,875","$7,618,875",-1.1%,2.9%,7.0%,-0.7%,2.3%,0.8%,-39.5%,18.3%,-6.6%,5.1%,-0.1%,-0.1%,"$395,438 ","14,326"
309,CLOSED,Closed,,1/19/2024,Closure Date,,,,,,0,0,,,,,,,,,,,,,,,,,,,,,,,,,,,,,,,,,,,,,LT8MM, LT8MM ,,,,"$7,249,344","$7,920,617","$8,071,306","$8,310,316","$8,310,316","$8,282,470","$4,822,481","$7,730,493","$5,996,987","$5,996,987","$5,456,506","$5,784,008",,,,,-2.4%,-0.7%,9.3%,0.5%,4.3%,-0.3%,-41.8%,-6.7%,-22.4%,-4.0%,,,$0 ,NA
310,"FAIRFAX, VA",Open,1999,,Original Location,1999,11/5/1999,Comp,,,5,11,4,R11 D04,Washington-Arlington-Alexandria,"Washington, DC (Hagerstown, MD)",Top 10 DMA,11284 JAMES SWART CIRCLE,FAIRFAX,VA,22030,38.9,-77.3," 63,211 ",Suburban,"862,479","2,761","3,788","7,403,493","$153,114",GT80K,13%,9%,11%,67%,120%,GT 120,"$120,994",40%,40-60%,8%,5-10%,21%,20-30%,24%,GT 8%,0.54%,51.13%,08 - 10 MM, 10 - 12 MM ,08 - 10 MM,08 - 10 MM,E,"$10,508,288","$11,894,674","$12,629,854","$12,309,777","$12,309,777","$12,329,641","$7,119,481","$11,444,032","$9,704,391","$9,704,391","$10,053,788","$10,186,827","$9,366,652","$9,366,652","$9,333,646","$9,333,646",5.9%,7.8%,13.2%,4.6%,-1.1%,0.2%,-42.3%,-7.2%,-15.2%,3.6%,-6.7%,-0.4%,"$500,453 ","16,988"
311,"FORT MYERS, FL",Open,1999,,Original Location,1999,11/5/1999,Comp,,Yes,5,30,7,R30 D07,Cape Coral-Fort Myers,"Ft. Myers-Naples, FL",,4650 S CLEVELAND AVE STE 13A,FORT MYERS,FL,33907,26.6,-81.9," 54,908 ",Suburban,"685,372",263,"3,212","1,553,978","$68,850",60K-70K,34%,22%,15%,29%,76%,LT 80,"$78,978",50%,40-60%,10%,10-15%,34%,30-40%,2%,LT 2%,1.55%,56.33%,12 - 20 MM, 12 - 20 MM ,12 - 20 MM,12 - 20 MM,C,"$14,453,938","$14,899,839","$16,378,894","$16,679,542","$16,679,542","$16,900,779","$11,661,147","$18,766,446","$16,517,876","$16,517,876","$18,137,154","$18,402,619","$17,210,045","$17,210,045","$16,357,794","$16,357,794",0.9%,3.2%,3.1%,8.2%,3.3%,1.3%,-31.0%,11.0%,-12.0%,9.8%,-5.0%,-5.0%,"$730,976 ","32,745"
312,"MOBILE, AL",Open,2019,3/15/2019,2019 Relo - MAR '19 Open,1999,11/15/1999,Comp,,,5,19,5,R19 D05,Mobile,"Mobile, AL-Pensacola (Ft. Walton Beach), FL",,"3250 AIRPORT BLVD, ST F-1",MOBILE,AL,36606,30.7,-88.1," 36,755 ",Light Suburban,"282,999",445,"2,442","1,562,017","$58,151",LT60K,45%,16%,10%,28%,73%,LT 80,"$73,580",47%,40-60%,42%,GT 30%,4%,LT 10%,2%,2-4%,0.69%,52.09%,LT8MM, LT8MM ,LT8MM,LT8MM,F,"$6,777,303","$6,637,023","$7,076,209","$6,852,555","$6,852,555","$4,985,028","$4,978,854","$8,620,369","$7,221,423","$7,221,423","$7,424,925","$7,525,711","$7,328,769","$7,328,769","$7,736,517","$7,736,517",-3.0%,-2.9%,-2.1%,5.1%,-1.8%,8.5%,-0.1%,11.3%,-16.2%,2.8%,-1.0%,5.6%,"$448,593 ","15,637"
313,"NORTH LITTLE ROCK, AR",Open,2024,8/23/2024,2024 Relo - AUG '24 Open,1999,10/30/1999,Comp,Yes,,4,6,2,R06 D02,Little Rock-North Little Rock-Conway,"Little Rock-Pine Bluff, AR",,4122 EAST MCCAIN BLVD,NORTH LITTLE ROCK,AR,72117,34.8,-92.2," 19,137 ",Light Suburban,"410,430",199,"1,702","1,476,977","$61,745",60K-70K,45%,17%,14%,24%,99%,80 - 100,"$61,355",49%,40-60%,34%,GT 30%,9%,LT 10%,2%,LT 2%,0.00%,49.82%,LT8MM, LT8MM ,LT8MM,LT8MM,G,"$6,595,017","$6,248,370","$6,571,179","$6,719,138","$6,719,138","$6,788,449","$4,730,045","$6,894,795","$5,164,395","$5,164,395","$5,662,031","$5,735,212","$4,852,673","$6,448,613","$5,434,100","$7,082,469",-1.7%,-7.0%,-5.3%,3.8%,3.6%,1.0%,-30.3%,1.6%,-25.1%,9.6%,14.3%,12.0%,"$301,708 ","14,294"
314,"RENO, NV",Open,1999,,Original Location,1999,10/15/1999,Comp,,,1,21,3,R21 D03,Reno,"Reno, NV",,4015 SOUTH VIRGINIA STREET,RENO,NV,89502,39.5,-119.8," 28,596 ",Suburban,"467,641",40,"3,468","832,043","$81,423",GT80K,31%,17%,15%,38%,85%,80 - 100,"$84,979",53%,40-60%,3%,LT 5%,31%,30-40%,6%,6-8%,0.68%,48.97%,LT8MM, 08 - 10 MM ,08 - 10 MM,08 - 10 MM,E,"$13,064,621","$13,942,299","$14,109,476","$10,845,313","$10,845,313","$10,387,116","$6,974,552","$10,658,256","$7,956,627","$7,956,627","$7,972,555","$8,076,356","$8,873,454","$8,873,454","$9,151,205","$9,151,205",3.6%,5.9%,6.7%,-0.2%,-22.1%,-4.2%,-32.9%,2.6%,-25.3%,0.2%,11.4%,3.1%,"$321,990 ","17,716"
315,"HARVEY, LA",Open,2026,3/12/2026,2026 Remodel - MAR '26 Open,1999,9/28/1999,Comp,,,4,17,2,R17 D02,New Orleans-Metairie,"New Orleans, LA",,900 MANHATTAN BLVD,HARVEY,LA,70058,29.9,-90.1, -   ,Suburban,"376,811",331,"4,827","1,749,451","$55,610",LT60K,43%,18%,11%,28%,92%,80 - 100,"$64,913",27%,20-40%,51%,GT 30%,14%,10-20%,4%,4-6%,-0.21%,46.83%,08 - 10 MM, 08 - 10 MM ,08 - 10 MM,08 - 10 MM,F,"$7,470,928","$7,680,920","$7,493,556","$7,556,586","$7,556,586","$7,768,675","$5,792,781","$11,423,664","$9,098,143","$9,835,164","$9,647,441","$9,767,285","$9,658,891","$9,658,891","$8,129,896","$8,129,896",-8.2%,-2.5%,2.8%,-3.8%,2.3%,2.8%,-25.4%,49.1%,-14.2%,-1.9%,0.4%,-15.8%,"$610,441 ","18,281"
316,CLOSED,Closed,,9/20/2024,Closure Date,,,,,,0,0,,,,,,,,,,,,,,,,,,,,,,,,,,,,,,,,,,,,,LT8MM, LT8MM ,LT8MM,,,"$8,089,651","$8,934,352","$9,277,977","$8,921,383","$8,921,383","$7,376,646","$4,962,106","$7,834,773","$5,961,573","$5,961,573","$5,591,020","$5,672,644","$2,841,266","$3,000,502",,,8.9%,2.3%,10.4%,2.5%,-2.6%,-17.3%,-32.7%,6.2%,-23.9%,-6.2%,-2.9%,,$0 ,NA
317,"ELIZABETH, NJ (BURLINGTON)",Open,1999,,Original Location,1999,10/21/1999,Comp,Yes,Yes,3,13,4,R13 D04,New York-Newark-Jersey City,"New York, NY",Top 10 DMA,651 KAPKOWSKI STREET,ELIZABETH,NJ,7201,40.7,-74.2," 65,406 ",Urban,"2,232,200","8,972","11,114","22,165,424","$78,711",70K-80K,36%,17%,12%,36%,70%,LT 80,"$101,231",21%,20-40%,23%,20-30%,42%,GT 40%,9%,GT 8%,0.08%,49.12%,20M+, 20M+ ,20M+,20M+,AAA,"$32,065,238","$37,133,802","$40,494,302","$41,063,953","$41,063,953","$42,614,315","$21,804,930","$41,599,762","$38,899,645","$38,899,645","$41,641,543","$42,166,626","$41,760,707","$41,760,707","$46,581,022","$46,581,022",15.1%,7.5%,15.8%,7.6%,2.7%,3.8%,-48.8%,-2.4%,-6.5%,7.0%,0.3%,11.5%,"$1,291,802 ","62,044"
318,"CONCORD, NC",Open,1999,,Original Location,1999,9/16/1999,Comp,,,5,18,4,R18 D04,Charlotte-Concord-Gastonia,"Charlotte, NC",,8141 CONCORD MILLS BLVD,CONCORD,NC,28027,35.4,-80.7," 53,238 ",Light Suburban,"2,683,903",646,"2,135","3,598,950","$87,545",GT80K,30%,18%,14%,38%,126%,GT 120,"$79,954",55%,40-60%,22%,20-30%,13%,10-20%,5%,4-6%,1.03%,52.17%,10 - 12 MM, 10 - 12 MM ,10 - 12 MM,10 - 12 MM,D,"$11,979,549","$12,264,528","$11,542,230","$11,913,181","$11,913,181","$12,965,660","$8,727,264","$13,907,260","$10,129,498","$10,129,498","$11,124,345","$11,269,554","$11,293,415","$11,293,415","$11,962,739","$11,962,739",4.3%,1.9%,2.4%,-7.0%,4.6%,8.8%,-32.7%,7.3%,-27.2%,9.8%,1.5%,5.9%,"$521,719 ","20,898"
319,"KATY, TX",Open,1999,,Original Location,1999,10/8/1999,Comp,Yes,Yes,4,17,4,R17 D04,Houston-The Woodlands-Sugar Land,"Houston, TX",Top 10 DMA,5000 KATY MILLS CIRCLE,KATY,TX,77494,29.8,-95.8," 66,233 ",Suburban,"2,222,027",962,"3,551","8,054,291","$95,174",GT80K,19%,14%,12%,56%,131%,GT 120,"$82,684",25%,20-40%,21%,20-30%,35%,30-40%,15%,GT 8%,1.17%,52.51%,20M+, 20M+ ,20M+,20M+,A,"$18,855,124","$17,951,549","$19,212,009","$21,881,255","$21,881,255","$23,541,635","$15,303,707","$26,400,560","$22,507,417","$22,507,417","$22,975,198","$23,291,091","$26,567,860","$26,567,860","$25,591,560","$25,591,560",6.0%,-2.3%,-4.8%,5.7%,15.3%,8.2%,-35.0%,12.1%,-14.7%,2.1%,15.7%,-3.7%,"$1,157,355 ","44,739"
320,"RIVERSIDE, CA",Open,2024,10/11/2024,2024 Relo - OCT '24 Open,1999,10/21/1999,Comp,Yes,,1,4,3,R04 D03,Riverside-San Bernardino-Ontario,"Los Angeles, CA",Top 10 DMA,3700 TYLER ST STE 14,RIVERSIDE,CA,92503,33.9,-117.5," 21,706 ",Suburban,"377,565","2,788","4,902","18,082,820","$92,254",GT80K,22%,15%,13%,49%,92%,80 - 100,"$97,162",20%,20-40%,5%,LT 5%,65%,GT 40%,6%,6-8%,-0.04%,47.33%,10 - 12 MM, 08 - 10 MM ,08 - 10 MM,10 - 12 MM,D,"$7,351,146","$7,821,531","$8,584,049","$9,292,661","$9,292,661","$8,002,518","$5,429,116","$11,501,351","$10,274,114","$10,274,114","$9,689,435","$9,820,684","$5,268,806","$9,574,008","$6,211,519","$10,223,127",5.7%,4.1%,6.4%,8.3%,9.6%,1.7%,-32.2%,21.2%,-10.7%,-5.7%,-8.8%,17.9%,"$471,246 ","24,157"
322,"ORLANDO, FL (ORANGE BLOSSOM)",Open,1999,,Original Location,1999,11/12/1999,Comp,,Yes,5,30,6,R30 D06,Orlando-Kissimmee-Sanford,"Orlando-Daytona Beach-Melbourne, FL",,8204 S ORANGE BLOSSOM TRAIL,ORLANDO,FL,32809,28.4,-81.4," 66,855 ",Light Suburban,"2,922,323",859,"2,514","4,872,913","$83,255",GT80K,32%,24%,14%,30%,78%,LT 80,"$78,250",38%,20-40%,15%,10-15%,37%,30-40%,5%,4-6%,1.47%,51.85%,12 - 20 MM, 12 - 20 MM ,12 - 20 MM,12 - 20 MM,C,"$21,094,460","$21,627,269","$24,558,774","$24,496,102","$24,496,102","$21,290,460","$11,846,719","$19,246,037","$17,439,801","$17,439,801","$17,292,778","$17,520,923","$16,404,970","$16,404,970","$15,671,996","$15,671,996",-0.4%,1.4%,2.5%,11.6%,1.3%,-12.9%,-44.4%,-9.6%,-9.4%,-0.8%,-4.8%,-4.5%,"$785,120 ","30,135"
323,"VENTURA, CA",Open,1999,,Original Location,1999,10/28/1999,Comp,,,1,3,2,R03 D02,Oxnard-Thousand Oaks-Ventura,"Los Angeles, CA",Top 10 DMA,4762 TELEPHONE ROAD,VENTURA,CA,93003,34.3,-119.2," 32,868 ",Light Suburban,"269,662","1,818","2,691","18,082,820","$95,078",GT80K,27%,15%,15%,43%,112%,100 - 120,"$97,162",19%,LT 20%,2%,LT 5%,70%,GT 40%,6%,4-6%,-0.04%,47.33%,10 - 12 MM, 10 - 12 MM ,10 - 12 MM,10 - 12 MM,D,"$8,603,492","$9,441,260","$9,642,316","$10,658,423","$10,658,423","$11,498,814","$8,219,502","$13,278,272","$10,078,483","$10,078,483","$10,301,802","$10,446,473","$10,218,597","$10,218,597","$10,080,749","$10,080,749",2.9%,2.5%,9.7%,0.9%,11.9%,7.9%,-28.5%,15.5%,-24.1%,2.2%,-0.7%,-1.3%,"$460,803 ","21,900"
324,"BALTIMORE, MD (SECURITY)",Open,2024,9/27/2024,2024 Relo - SEP '24 Open,1999,11/12/1999,Comp,Yes,,5,11,2,R11 D02,Baltimore-Columbia-Towson,"Baltimore, MD",,6501-B BALTIMORE NATIONAL PK,CATONSVILLE,MD,21228,39.3,-76.8," 21,048 ",Suburban,"392,173","4,342","3,592","3,060,911","$73,563",70K-80K,37%,15%,13%,35%,95%,80 - 100,"$99,245",19%,LT 20%,62%,GT 30%,7%,LT 10%,8%,6-8%,0.19%,48.69%,LT8MM, LT8MM ,LT8MM,LT8MM,F,"$7,123,147","$7,492,395","$7,719,834","$7,583,145","$7,583,145","$6,899,605","$3,811,125","$6,549,448","$5,676,793","$5,676,793","$5,529,301","$5,601,319","$4,324,185","$6,083,637","$5,638,417","$7,595,916",6.7%,-2.8%,5.2%,1.7%,-0.5%,-9.0%,-44.8%,-5.1%,-13.3%,-2.6%,4.3%,30.4%,"$329,869 ","13,851"
325,"SAINT LOUIS,  MO",Open,1999,,Original Location,1999,11/15/1999,Comp,,,4,6,3,R06 D03,St. Louis,"St. Louis, MO",,4930 CHRISTY BOULEVARD,SAINT LOUIS,MO,63116,38.6,-90.3," 39,342 ",Light Urban,"394,582","3,449","5,921","3,181,819","$57,278",LT60K,48%,17%,11%,24%,86%,80 - 100,"$80,162",34%,20-40%,55%,GT 30%,4%,LT 10%,3%,2-4%,0.01%,50.74%,08 - 10 MM, 08 - 10 MM ,08 - 10 MM,08 - 10 MM,E,"$9,414,123","$9,145,395","$10,347,052","$10,427,652","$10,427,652","$10,058,506","$6,398,800","$9,247,981","$8,458,003","$8,458,003","$8,842,095","$8,968,427","$8,490,838","$8,490,838","$9,383,921","$9,383,921",3.6%,-2.0%,-2.9%,11.5%,2.1%,-3.5%,-36.4%,-8.1%,-8.5%,4.5%,-4.0%,10.5%,"$150,691 ","14,976"
326,"TALLAHASSEE, FL",Open,2018,9/28/2018,2018 Relo - SEP '18 Open,1999,11/12/1999,Comp,,,5,19,4,R19 D04,Tallahassee,"Tallahassee, FL-Thomasville, GA",,1719 APALACHEE PKWY,TALLAHASSEE,FL,32301,30.4,-84.3," 27,427 ",Light Suburban,"574,149",78,"2,835","799,247","$63,522",60K-70K,43%,15%,12%,30%,99%,80 - 100,"$61,746",54%,40-60%,31%,GT 30%,8%,LT 10%,2%,2-4%,0.35%,44.18%,LT8MM, LT8MM ,LT8MM,LT8MM,F,"$5,460,387","$5,440,957","$5,266,829","$4,484,287","$6,067,976","$5,001,315","$4,840,377","$8,036,289","$6,969,237","$6,969,237","$6,996,891","$7,110,721","$7,384,399","$7,384,399","$7,949,310","$7,949,310",-1.2%,-5.7%,-0.4%,-4.7%,9.5%,11.5%,-26.5%,22.0%,-13.3%,0.4%,5.6%,7.7%,"$413,490 ","15,719"
327,"TURNERSVILLE, NJ",Open,2022,11/4/2022,2022 Relo - NOV '22 Open,1999,11/4/1999,Comp,Yes,,3,13,1,R13 D01,Philadelphia-Camden-Wilmington,"Philadelphia, PA",Top 10 DMA,3921 ROUTE 42,TURNERSVILLE,NJ,8012,39.7,-75.0," 17,311 ",Light Suburban,"421,459",914,"2,246","8,441,533","$89,898",GT80K,26%,17%,12%,45%,123%,GT 120,"$88,536",58%,40-60%,17%,15-20%,17%,10-20%,4%,2-4%,0.23%,48.33%,LT8MM, LT8MM ,LT8MM,LT8MM,H,"$7,217,476","$6,819,304","$6,723,313","$6,047,933","$6,047,933","$5,722,823","$3,427,606","$6,444,316","$3,102,097","$5,172,258","$3,901,635","$6,319,540","$6,056,929","$6,056,929","$6,434,344","$6,434,344",0.6%,-23.5%,-5.5%,-2.6%,-8.9%,-5.4%,-36.8%,12.6%,-23.3%,25.8%,-2.8%,6.2%,"$383,601 ","13,004"
328,"SOUTH PLAINFIELD, NJ",Open,2000,,Original Location,2000,3/8/2000,Comp,Yes,,3,13,4,R13 D04,New York-Newark-Jersey City,"New York, NY",Top 10 DMA,6747 HADLEY ROAD,SOUTH PLAINFIELD,NJ,7080,40.6,-74.4," 39,386 ",Suburban,"595,326","3,732","3,565","22,165,424","$106,521",GT80K,22%,13%,13%,52%,128%,GT 120,"$101,231",24%,20-40%,15%,15-20%,33%,30-40%,25%,GT 8%,0.08%,49.12%,12 - 20 MM, 12 - 20 MM ,12 - 20 MM,12 - 20 MM,C,"$10,951,750","$11,448,995","$11,739,528","$13,704,626","$13,704,626","$14,779,014","$8,678,521","$16,480,298","$14,244,354","$14,244,354","$14,969,979","$15,151,782","$15,310,187","$15,310,187","$15,639,320","$15,639,320",5.6%,-2.2%,4.5%,1.3%,18.1%,7.8%,-41.3%,11.5%,-13.6%,5.1%,2.4%,2.1%,"$603,700 ","26,454"
329,"GARDEN CITY, NY",Open,2000,,Original Location,2000,4/7/2000,Comp,Yes,Yes,3,14,6,R14 D06,New York-Newark-Jersey City,"New York, NY",Top 10 DMA,650 STEWART AVENUE,GARDEN CITY,NY,11530,40.7,-73.6," 49,304 ",Light Urban,"705,359","7,930","7,249","22,165,424","$139,786",GT80K,17%,10%,10%,63%,126%,GT 120,"$101,231",39%,20-40%,18%,15-20%,25%,20-30%,14%,GT 8%,0.08%,49.12%,20M+, 20M+ ,20M+,20M+,A,"$16,187,888","$17,332,565","$17,218,665","$18,811,517","$18,811,517","$20,127,545","$12,834,177","$26,280,536","$25,740,862","$25,740,862","$23,728,473","$24,037,683","$25,686,248","$25,686,248","$25,523,005","$25,523,005",5.0%,5.4%,7.1%,-1.9%,10.7%,7.0%,-36.2%,30.6%,-2.1%,-7.8%,8.3%,-0.6%,"$1,076,001 ","43,866"
330,"VISTA, CA",Open,2021,2/26/2021,2021 Relo - FEB '21 Open,2000,3/9/2000,Comp,Yes,,1,4,2,R04 D02,San Diego-Carlsbad,"San Diego, CA",,1740- 1744 UNIVERSITY DR,VISTA,CA,92083,33.2,-117.2," 28,328 ",Suburban,"311,996","2,171","3,317","3,292,550","$100,479",GT80K,23%,14%,12%,52%,97%,80 - 100,"$108,694",36%,20-40%,2%,LT 5%,48%,GT 40%,8%,6-8%,0.09%,49.94%,08 - 10 MM, 08 - 10 MM ,08 - 10 MM,08 - 10 MM,E,"$9,677,939","$9,781,904","$10,095,104","$9,961,665","$9,961,665","$9,392,278","$5,496,876","$10,455,497","$6,445,531","$8,367,889","$8,766,897","$8,897,308","$8,634,138","$8,634,138","$8,947,999","$8,947,999",-1.0%,3.2%,1.1%,1.9%,0.0%,-5.7%,-23.1%,9.4%,-17.6%,4.8%,-1.5%,3.6%,"$453,125 ","18,144"
331,"CHEEKTOWAGA, NY",Open,2000,,Original Location,2000,3/8/2000,Comp,,Yes,3,10,1,R10 D01,Buffalo-Cheektowaga-Niagara Falls,"Buffalo, NY",,2001 WALDEN AVENUE,CHEEKTOWAGA,NY,14225,42.9,-78.8," 37,136 ",Suburban,"296,313","5,214","3,923","1,556,799","$49,976",LT60K,52%,17%,11%,20%,84%,80 - 100,"$68,948",41%,40-60%,33%,GT 30%,12%,10-20%,9%,GT 8%,-0.20%,47.55%,12 - 20 MM, 12 - 20 MM ,12 - 20 MM,12 - 20 MM,D,"$13,083,705","$13,237,589","$13,083,392","$14,176,488","$14,176,488","$15,679,837","$8,730,920","$14,855,460","$12,969,784","$12,969,784","$13,625,778","$13,818,386","$14,456,341","$14,456,341","$12,913,773","$12,913,773",-4.0%,-6.8%,1.2%,-2.4%,9.8%,10.6%,-44.3%,-5.3%,-12.7%,5.1%,6.0%,-10.7%,"$631,367 ","22,887"
333,PEABODY (PEABODY PLC) MA,Open,2021,10/29/2021,2021 Relo - OCT '21 Open,2000,8/31/2000,Comp,Yes,,3,10,4,R10 D04,Boston-Cambridge-Newton,"Boston, MA (Manchester, NH)",Top 10 DMA,300 ANDOVER STREET,PEABODY,MA,1960,42.5,-71.0," 29,679 ",Suburban,"402,641","3,394","3,080","6,834,716","$89,947",GT80K,31%,13%,13%,42%,91%,80 - 100,"$112,082",52%,40-60%,5%,5-10%,33%,30-40%,5%,4-6%,0.28%,49.68%,10 - 12 MM, 10 - 12 MM ,10 - 12 MM,12 - 20 MM,D,"$9,444,103","$9,769,944","$9,587,576","$9,279,723","$9,279,723","$9,386,961","$5,906,030","$11,176,171","$7,358,584","$10,605,796","$11,189,020","$11,343,622","$11,465,763","$11,465,763","$12,050,380","$12,050,380",9.8%,6.7%,3.5%,-3.2%,-1.9%,1.2%,-10.6%,25.3%,-5.5%,5.5%,2.3%,5.1%,"$483,983 ","21,190"
335,"E. HARTFORD, CT (CHARTER OAK)",Open,2000,,Original Location,2000,8/31/2000,Comp,,,3,10,6,R10 D06,Hartford-West Hartford-East Hartford,"Hartford & New Haven, CT",,940 SILVER LANE,EAST HARTFORD,CT,6118,41.8,-72.6," 45,383 ",Light Suburban,"242,618","3,185","2,286","2,641,771","$65,943",60K-70K,40%,15%,14%,30%,82%,80 - 100,"$89,240",25%,20-40%,32%,GT 30%,33%,30-40%,6%,6-8%,-0.04%,48.18%,12 - 20 MM, 12 - 20 MM ,12 - 20 MM,12 - 20 MM,C,"$10,984,551","$12,260,329","$12,593,824","$12,736,764","$12,736,764","$13,785,958","$9,794,643","$15,771,011","$13,797,773","$13,797,773","$14,764,714","$14,970,303","$15,810,758","$15,810,758","$15,645,019","$15,645,019",9.7%,4.0%,11.6%,1.3%,2.5%,8.2%,-29.0%,14.4%,-12.5%,7.0%,7.0%,-1.0%,"$641,508 ","28,818"
336,"OKLAHOMA CITY, OK (FRENCH MKT)",Open,2000,,Original Location,2000,9/29/2000,Comp,,,4,16,2,R16 D02,Oklahoma City,"Oklahoma City, OK",,2898 NW 63RD STREET,OKLAHOMA CITY,OK,73116,35.5,-97.6," 34,919 ",Suburban,"539,779",909,"3,252","2,048,734","$74,496",70K-80K,37%,15%,13%,35%,98%,80 - 100,"$70,481",52%,40-60%,17%,15-20%,16%,10-20%,4%,4-6%,0.54%,49.53%,10 - 12 MM, 10 - 12 MM ,08 - 10 MM,08 - 10 MM,E,"$9,906,456","$10,029,207","$10,912,830","$11,216,771","$11,216,771","$10,763,096","$7,157,133","$12,223,615","$10,150,394","$10,150,394","$10,452,763","$10,581,464","$9,736,509","$9,736,509","$9,138,635","$9,138,635",10.2%,-5.6%,1.2%,7.5%,4.0%,-4.0%,-33.5%,13.6%,-17.0%,3.0%,-6.8%,-6.1%,"$452,553 ","19,669"
337,"ROCKFORD, IL",Open,2023,11/17/2023,2023 Relo - NOV '23 Open,2000,8/31/2000,Comp,,,4,7,4,R07 D04,Rockford,"Rockford, IL",,6350 E STATE STREET,ROCKFORD,IL,61108,42.3,-89.0," 20,020 ",Light Suburban,"352,135",343,"1,923","456,357","$69,429",60K-70K,36%,18%,13%,33%,106%,100 - 120,"$69,983",62%,GT 60%,11%,10-15%,19%,10-20%,3%,2-4%,-0.41%,49.58%,LT8MM, LT8MM ,08 - 10 MM,08 - 10 MM,E,"$6,274,158","$6,282,878","$6,807,814","$6,871,871","$6,871,871","$7,214,648","$3,511,242","$9,614,488","$7,953,728","$7,953,728","$5,298,025","$7,625,076","$6,303,635","$8,870,763","$9,267,521","$9,267,521",7.9%,2.6%,0.1%,6.9%,2.2%,5.0%,-51.3%,33.3%,-17.3%,-3.7%,21.3%,4.5%,"$412,996 ","16,597"
338,"WICHITA, KS (WEST WICHITA)",Open,2000,,Original Location,2000,10/6/2000,Comp,,,4,6,4,R06 D04,Wichita,"Wichita-Hutchinson, KS Plus",,613 SOUTH DUGAN RD STE 200,WICHITA,KS,67209,37.7,-97.4," 23,095 ",Light Suburban,"293,001",950,"2,271","1,222,255","$61,308",60K-70K,43%,18%,14%,26%,85%,80 - 100,"$66,170",59%,40-60%,7%,5-10%,22%,20-30%,5%,4-6%,-0.08%,52.77%,LT8MM, LT8MM ,LT8MM,LT8MM,G,"$6,813,953","$6,559,781","$6,558,303","$6,882,982","$6,882,982","$7,392,231","$5,501,144","$9,154,235","$6,890,680","$6,890,680","$6,401,572","$6,488,654","$6,529,107","$6,529,107","$7,276,337","$7,276,337",0.2%,-5.7%,-3.7%,-1.3%,6.4%,7.4%,-25.6%,23.8%,-24.7%,-7.1%,2.3%,11.4%,"$348,875 ","14,053"
340,"FULLERTON, CA",Open,2000,,Original Location,2000,10/4/2000,Comp,Yes,,1,3,5,R03 D05,Los Angeles-Long Beach-Anaheim,"Los Angeles, CA",Top 10 DMA,140 ORANGEFAIR MALL,FULLERTON,CA,92832,33.9,-117.9," 46,950 ",Light Urban,"485,361","8,305","8,601","18,082,820","$92,370",GT80K,23%,14%,13%,50%,96%,80 - 100,"$97,162",18%,LT 20%,2%,LT 5%,58%,GT 40%,19%,GT 8%,-0.04%,47.33%,12 - 20 MM, 12 - 20 MM ,12 - 20 MM,10 - 12 MM,D,"$10,237,796","$11,659,382","$12,724,492","$14,026,559","$14,026,559","$14,441,534","$9,832,556","$17,211,034","$14,580,122","$14,580,122","$12,910,743","$13,098,640","$12,059,935","$12,059,935","$10,913,936","$10,913,936",5.7%,12.9%,13.9%,7.7%,11.6%,3.0%,-31.9%,19.2%,-15.3%,-11.4%,-6.4%,-9.5%,"$628,347 ","23,959"
343,"NORTH SAN ANTONIO, TX",Open,2000,,Original Location,2000,10/12/2000,Comp,,,4,28,3,R28 D03,San Antonio-New Braunfels,"San Antonio, TX",,13013 SAN PEDRO AVE STE A,SAN ANTONIO,TX,78216,29.6,-98.5," 26,619 ",Suburban,"2,141,195","1,241","3,352","3,079,144","$74,632",70K-80K,36%,18%,13%,32%,96%,80 - 100,"$76,315",26%,20-40%,8%,5-10%,60%,GT 40%,3%,2-4%,1.18%,50.03%,LT8MM, LT8MM ,LT8MM,LT8MM,H,"$7,662,386","$7,183,167","$7,898,357","$7,567,124","$7,567,124","$7,529,191","$4,877,230","$8,702,567","$6,767,570","$6,767,570","$6,966,523","$7,049,876","$6,558,764","$6,558,764","$6,051,160","$6,051,160",-0.5%,-8.2%,-6.3%,8.4%,-3.0%,-0.5%,-35.2%,15.6%,-22.2%,2.9%,-5.7%,-7.7%,"$376,255 ","13,801"
344,"HANOVER, MD",Open,2000,,Original Location,2000,11/17/2000,Comp,Yes,Yes,5,11,2,R11 D02,Baltimore-Columbia-Towson,"Baltimore, MD",,7000 ARUNDEL MILLS CIR S A1,HANOVER,MD,21076,39.2,-76.7," 65,510 ",Light Suburban,"2,006,233","2,689","2,221","3,060,911","$103,073",GT80K,22%,12%,13%,52%,132%,GT 120,"$99,245",28%,20-40%,42%,GT 30%,17%,10-20%,8%,GT 8%,0.19%,48.69%,20M+, 20M+ ,20M+,20M+,A,"$22,393,795","$23,553,301","$24,115,023","$22,918,788","$22,918,788","$22,173,048","$12,529,757","$24,103,589","$21,993,562","$21,993,562","$23,799,397","$24,096,860","$27,811,353","$27,811,353","$27,371,641","$27,371,641",7.9%,4.0%,5.2%,1.1%,-3.8%,-3.3%,-43.5%,8.7%,-8.8%,8.2%,16.8%,-1.6%,"$1,095,368 ","46,129"
345,"N. EL PASO, TX",Open,2000,,Original Location,2000,10/12/2000,Comp,,Yes,4,28,4,R28 D04,El Paso,"El Paso, TX (Las Cruces, NM)",,6020 NORTH MESA ST STE A,EL PASO,TX,79912,31.8,-106.5," 50,675 ",Light Suburban,"215,030",224,"2,534","1,105,750","$66,880",60K-70K,40%,16%,12%,31%,117%,100 - 120,"$61,021",15%,LT 20%,2%,LT 5%,79%,GT 40%,2%,LT 2%,0.30%,48.20%,20M+, 20M+ ,20M+,20M+,B,"$12,854,520","$13,456,230","$14,903,792","$15,173,717","$15,173,717","$17,244,323","$10,395,963","$22,269,631","$23,718,745","$23,718,745","$26,545,953","$26,941,494","$24,604,432","$24,604,432","$21,736,117","$21,736,117",8.7%,4.4%,4.7%,9.3%,3.1%,13.6%,-39.7%,29.1%,6.5%,11.9%,-7.4%,-11.7%,"$873,557 ","44,263"
346,"MISHAWAKA, IN",Open,2024,10/4/2024,2024 Relo - SEP '24 Open,2000,10/13/2000,Comp,Yes,,3,8,5,R08 D05,South Bend-Mishawaka,"South Bend-Elkhart, IN",,4520 GRAPE ROAD UNIT 011B,MISHAWAKA,IN,46545,41.7,-86.2," 18,919 ",Light Suburban,"316,206","1,272","2,466","909,561","$65,680",60K-70K,40%,19%,12%,29%,92%,80 - 100,"$69,546",63%,GT 60%,13%,10-15%,15%,10-20%,2%,2-4%,-0.06%,50.50%,08 - 10 MM, 08 - 10 MM ,08 - 10 MM,08 - 10 MM,E,"$9,411,644","$9,362,703","$10,435,717","$10,148,603","$10,148,603","$9,536,065","$6,748,792","$10,135,857","$8,490,894","$8,490,894","$8,284,721","$8,395,581","$4,764,967","$8,116,572","$5,090,464","$8,598,763",3.6%,1.5%,-0.5%,9.9%,-1.5%,-6.0%,-29.2%,6.3%,-16.2%,-2.4%,-4.9%,6.8%,"$405,969 ","16,623"
347,"BRANDON, FL",Open,2000,,Original Location,2000,10/20/2000,Comp,Yes,,5,30,5,R30 D05,Tampa-St. Petersburg-Clearwater,"Tampa-St. Petersburg (Sarasota), FL",,955 WEST BRANDON BLVD,BRANDON,FL,33511,27.9,-82.3," 47,471 ",Suburban,"1,438,689","1,571","3,761","5,413,557","$79,439",70K-80K,33%,20%,14%,33%,105%,100 - 120,"$76,582",42%,40-60%,16%,15-20%,32%,30-40%,5%,4-6%,1.37%,51.59%,20M+, 20M+ ,20M+,20M+,A,"$12,025,999","$12,751,970","$13,835,296","$14,669,096","$14,669,096","$15,528,104","$12,159,504","$21,633,601","$21,935,115","$21,935,115","$24,059,435","$24,403,819","$25,105,336","$26,645,332","$25,317,221","$27,145,835",-3.2%,3.1%,6.0%,6.8%,7.6%,5.9%,-21.7%,39.3%,1.4%,9.7%,13.8%,0.8%,"$1,007,096 ","52,194"
348,"MIAMI, FL (DOLPHIN)",Open,2001,,Original Location,2001,3/1/2001,Comp,Yes,Yes,5,31,2,R31 D02,Miami-Fort Lauderdale-West Palm Beach,"Miami-Ft. Lauderdale, FL",Top 10 DMA,11301 NW 12TH STREET,MIAMI,FL,33172,25.8,-80.4," 67,025 ",Light Urban,"1,662,845","1,134","5,500","4,800,721","$76,014",70K-80K,38%,12%,14%,36%,97%,80 - 100,"$78,384",7%,LT 20%,10%,10-15%,79%,GT 40%,2%,LT 2%,0.33%,48.16%,20M+, 20M+ ,20M+,20M+,A,"$35,160,847","$38,013,165","$39,905,766","$40,376,588","$40,376,588","$41,013,245","$21,732,101","$33,387,003","$28,839,145","$28,839,145","$24,754,760","$25,199,683","$27,599,708","$27,599,708","$26,528,866","$26,528,866",13.3%,6.5%,8.1%,3.1%,3.0%,1.8%,-47.0%,-18.6%,-13.6%,-14.2%,11.9%,-3.9%,"$986,713 ","45,955"
349,"TAMPA, FL (SOUTH TAMPA)",Open,2001,,Original Location,2001,2/26/2001,Comp,Yes,,5,30,1,R30 D01,Tampa-St. Petersburg-Clearwater,"Tampa-St. Petersburg (Sarasota), FL",,3950 SOUTH DALE MABRY,TAMPA,FL,33611,27.9,-82.5," 32,244 ",Light Urban,"681,686","3,679","5,685","5,413,557","$70,629",70K-80K,36%,20%,14%,30%,148%,GT 120,"$76,582",36%,20-40%,20%,15-20%,35%,30-40%,4%,4-6%,1.37%,51.59%,08 - 10 MM, LT8MM ,LT8MM,LT8MM,G,"$9,983,099","$10,013,317","$10,632,190","$11,071,173","$11,071,173","$10,820,062","$7,496,306","$11,071,442","$9,066,491","$9,066,491","$7,490,334","$7,603,573","$6,960,388","$6,960,388","$6,659,937","$6,659,937",0.3%,1.2%,0.3%,4.6%,5.6%,-2.3%,-30.7%,2.3%,-18.1%,-17.4%,-7.0%,-4.3%,"$373,495 ","14,580"
350,"MASSAPEQUA, NY",Open,2025,9/12/2025,2025 Relo - SEP '25 Open,2001,3/9/2001,Comp,Yes,Yes,3,14,1,R14 D01,New York-Newark-Jersey City,"New York, NY",Top 10 DMA,5520 SUNRISE HIGHWAY,MASSAPEQUA,NY,11758,40.7,-73.4," 24,649 ",Light Urban,"713,280","4,058","6,326","22,165,424","$137,464",GT80K,16%,10%,10%,64%,140%,GT 120,"$101,231",54%,40-60%,10%,5-10%,27%,20-30%,6%,4-6%,0.08%,49.12%,12 - 20 MM, 12 - 20 MM ,12 - 20 MM,12 - 20 MM,C,"$10,928,052","$12,051,417","$13,531,538","$14,272,883","$14,272,883","$13,928,458","$8,929,657","$17,026,760","$15,523,770","$15,523,770","$16,429,303","$16,636,915","$15,695,534","$15,695,534","$9,625,169","$15,724,922",14.9%,11.0%,10.3%,10.8%,6.8%,-2.4%,-35.9%,22.2%,-8.8%,5.8%,-4.5%,4.0%,"$661,399 ","27,070"
351,"LA MESA, CA",Open,2001,,Original Location,2001,2/26/2001,Comp,Yes,,1,4,2,R04 D02,San Diego-Carlsbad,"San Diego, CA",,7938 EL CAJON BLVD,LA MESA,CA,91942,32.8,-117.0," 50,798 ",Light Urban,"567,971","5,249","6,134","3,292,550","$85,977",GT80K,26%,14%,12%,47%,89%,80 - 100,"$108,694",36%,20-40%,9%,5-10%,39%,30-40%,10%,GT 8%,0.09%,49.94%,10 - 12 MM, 10 - 12 MM ,10 - 12 MM,08 - 10 MM,E,"$12,554,178","$13,401,435","$13,212,203","$14,578,363","$14,578,363","$15,706,789","$9,324,202","$13,465,079","$11,464,578","$11,464,578","$11,780,024","$11,959,389","$10,357,620","$10,357,620","$9,377,564","$9,377,564",6.8%,-4.8%,6.7%,-2.7%,11.9%,7.7%,-40.6%,-14.3%,-14.9%,2.8%,-12.0%,-9.5%,"$428,828 ","20,806"
352,"SOUTH SAN ANTONIO, TX",Open,2001,,Original Location,2001,2/23/2001,Comp,,,4,28,5,R28 D05,San Antonio-New Braunfels,"San Antonio, TX",,2920 SW MILITARY DR STE A,SAN ANTONIO,TX,78224,29.4,-98.5," 33,537 ",Suburban,"665,352",397,"3,149","3,079,144","$59,966",LT60K,45%,19%,13%,22%,70%,LT 80,"$76,315",13%,LT 20%,6%,5-10%,78%,GT 40%,1%,LT 2%,1.18%,50.03%,12 - 20 MM, 12 - 20 MM ,12 - 20 MM,12 - 20 MM,C,"$9,427,907","$9,724,353","$10,574,453","$11,332,316","$11,332,316","$12,777,747","$9,240,297","$16,456,747","$13,668,320","$13,668,320","$15,151,965","$15,378,299","$16,355,395","$16,355,395","$15,620,304","$15,620,304",6.6%,2.2%,3.1%,7.3%,8.5%,12.8%,-27.7%,28.8%,-16.9%,10.9%,7.7%,-4.5%,"$594,241 ","33,565"
353,"SEMINOLE, FL",Open,2001,,Original Location,2001,8/18/2001,Comp,Yes,,5,30,1,R30 D01,Tampa-St. Petersburg-Clearwater,"Tampa-St. Petersburg (Sarasota), FL",,7351 SEMINOLE BLVD,SEMINOLE,FL,33772,27.8,-82.8," 35,736 ",Suburban,"448,315","3,867","3,888","5,413,557","$70,409",70K-80K,41%,15%,11%,33%,107%,100 - 120,"$76,582",63%,GT 60%,14%,10-15%,12%,10-20%,5%,4-6%,1.37%,51.59%,08 - 10 MM, LT8MM ,LT8MM,LT8MM,H,"$9,526,018","$9,751,571","$10,226,779","$10,153,969","$10,153,969","$9,947,298","$7,229,095","$11,148,494","$9,278,586","$9,278,586","$7,095,587","$7,200,254","$6,124,360","$6,124,360","$5,775,567","$5,775,567",3.8%,1.3%,2.4%,3.2%,0.9%,-2.0%,-27.3%,12.1%,-16.8%,-23.5%,-13.3%,-5.7%,"$333,506 ","13,332"
355,"WALKER, MI (GREEN RIDGE)",Open,2021,10/29/2021,2021 Relo - OCT '21 Open,2001,3/15/2001,Comp,,,3,8,5,R08 D05,Grand Rapids-Wyoming,"Grand Rapids-Kalamazoo-Battle Creek, MI",,3352 ALPINE AVE NW,WALKER,MI,49544,43.0,-85.7," 21,080 ",Light Suburban,"305,799",617,"1,834","2,126,807","$71,800",70K-80K,35%,18%,15%,31%,95%,80 - 100,"$75,179",61%,GT 60%,13%,10-15%,18%,10-20%,2%,2-4%,0.16%,52.70%,08 - 10 MM, 10 - 12 MM ,10 - 12 MM,10 - 12 MM,D,"$9,431,307","$9,713,051","$10,154,433","$9,778,677","$9,778,677","$9,899,292","$6,336,833","$9,822,817","$6,208,551","$9,424,290","$10,271,556","$10,413,639","$10,310,356","$10,310,356","$10,028,069","$10,028,069",3.0%,4.3%,3.0%,3.2%,-2.5%,1.2%,-36.0%,11.3%,-15.3%,9.0%,0.4%,-2.7%,"$502,643 ","18,254"
356,"WARREN, MI",Open,2001,,Original Location,2001,9/13/2001,Comp,Yes,,3,8,2,R08 D02,Detroit-Warren-Dearborn,"Detroit, MI",,28746 DEQUINDRE ROAD,WARREN,MI,48092,42.5,-83.1," 40,476 ",Suburban,"495,770","4,932","3,924","4,913,743","$61,872",60K-70K,39%,17%,12%,31%,95%,80 - 100,"$77,383",48%,40-60%,36%,GT 30%,2%,LT 10%,9%,GT 8%,-0.10%,48.12%,10 - 12 MM, 12 - 20 MM ,12 - 20 MM,12 - 20 MM,D,"$10,507,672","$11,595,567","$13,090,399","$13,109,931","$13,109,931","$13,127,398","$8,411,440","$13,500,055","$11,346,272","$11,346,272","$11,858,711","$12,040,941","$12,739,145","$12,739,145","$12,123,498","$12,123,498",10.2%,10.1%,10.4%,11.4%,1.3%,0.1%,-35.9%,2.8%,-16.0%,4.5%,7.4%,-4.8%,"$540,978 ","21,545"
357,"LAWRENCEVILLE, GA",Open,2001,,Original Location,2001,11/1/2001,Comp,Yes,Yes,5,19,1,R19 D01,Atlanta-Sandy Springs-Roswell,"Atlanta, GA",Top 10 DMA,5900 SUGARLOAF PRKWY STE 605,LAWRENCEVILLE,GA,30043,34.0,-84.1," 62,902 ",Suburban,"1,390,589","2,092","3,263","7,692,390","$83,383",GT80K,29%,18%,13%,39%,93%,80 - 100,"$87,109",24%,20-40%,40%,GT 30%,20%,10-20%,12%,GT 8%,0.88%,50.12%,20M+, 20M+ ,20M+,20M+,B,"$16,190,104","$17,184,731","$19,201,895","$20,320,968","$20,320,968","$22,819,061","$16,257,699","$26,071,630","$22,983,973","$22,983,973","$22,459,325","$22,722,452","$21,264,524","$21,264,524","$21,804,313","$21,804,313",9.3%,7.7%,6.1%,10.3%,7.0%,12.3%,-28.8%,14.3%,-11.8%,-2.3%,-5.0%,2.5%,"$1,015,020 ","36,451"
358,"KINGSTON, NY",Open,2021,10/1/2021,2021 Relo - SEP '21 Open,2001,8/16/2001,Comp,Yes,,3,25,1,R25 D01,Kingston,"New York, NY",Top 10 DMA,1177 ULSTER AVENUE,KINGSTON,NY,12401,42.0,-74.0," 18,713 ",Exurban,"149,194",204,949,"22,165,424","$81,685",GT80K,34%,17%,11%,39%,73%,LT 80,"$101,231",73%,GT 60%,7%,5-10%,12%,10-20%,2%,2-4%,0.08%,49.12%,LT8MM, LT8MM ,LT8MM,LT8MM,G,"$6,495,335","$6,867,399","$7,116,566","$7,429,850","$7,429,850","$7,578,070","$4,689,596","$8,027,929","$5,139,738","$7,134,577","$7,400,642","$7,491,929","$7,435,198","$7,435,198","$7,377,892","$7,377,892",-0.2%,11.0%,5.7%,2.5%,5.5%,2.0%,-38.1%,10.2%,-14.0%,3.7%,0.6%,-0.8%,"$421,065 ","14,045"
359,"CHARLOTTE, NC (McMULLEN CREEK)",Open,2001,,Original Location,2001,8/20/2001,Comp,,,5,18,5,R18 D05,Charlotte-Concord-Gastonia,"Charlotte, NC",,8310 PINEVILLE MATTHEWS RD,CHARLOTTE,NC,28226,35.1,-80.9," 43,904 ",Light Suburban,"2,246,562",795,"2,602","3,598,950","$89,560",GT80K,21%,14%,12%,53%,127%,GT 120,"$79,954",52%,40-60%,24%,20-30%,14%,10-20%,6%,4-6%,1.03%,52.17%,LT8MM, LT8MM ,LT8MM,LT8MM,G,"$6,107,001","$6,407,206","$7,549,579","$7,269,362","$7,269,362","$7,454,990","$5,252,627","$8,143,075","$6,940,293","$6,940,293","$7,295,041","$7,398,947","$7,545,061","$7,545,061","$7,554,163","$7,554,163",3.6%,7.6%,4.9%,16.0%,-2.4%,2.6%,-29.5%,9.2%,-14.8%,5.1%,3.3%,0.1%,"$454,881 ","14,863"
361,CLOSED,Closed,,2/20/2026,Closure Date,,,,,,5,18,4,,,,,7770 NORTH POINT BLVD,WINSTON-SALEM,NC,27106,,,,,,,,,,,,,,,,,,,,,,,,,,,,LT8MM, LT8MM ,LT8MM,LT8MM,,"$7,374,532","$7,504,073","$7,721,440","$7,324,502","$7,324,502","$6,651,956","$4,060,978","$6,605,546","$5,308,441","$5,308,441","$4,769,048","$4,830,608","$4,618,700","$4,618,700","$4,636,073","$4,844,265",1.2%,5.1%,1.8%,1.5%,-3.9%,-9.2%,-39.0%,-0.7%,-19.6%,-10.2%,-2.9%,5.6%,"$318,618 ","9,870"
362,"ORANGE, CT",Open,2001,,Original Location,2001,10/5/2001,Comp,,,3,25,1,R25 D01,New Haven-Milford,"Hartford & New Haven, CT",,80 BOSTON POST ROAD,ORANGE,CT,6477,41.3,-73.0," 54,095 ",Suburban,"371,655","3,194","3,116","2,641,771","$68,269",60K-70K,37%,14%,13%,36%,82%,80 - 100,"$89,240",37%,20-40%,26%,20-30%,29%,20-30%,4%,4-6%,-0.04%,48.18%,10 - 12 MM, 10 - 12 MM ,10 - 12 MM,10 - 12 MM,D,"$10,095,383","$11,095,962","$11,344,734","$10,869,058","$10,869,058","$11,028,973","$7,659,591","$12,624,319","$11,272,672","$11,272,672","$11,580,090","$11,743,488","$11,934,579","$11,934,579","$10,675,225","$10,675,225",2.0%,-1.4%,9.9%,0.9%,-2.9%,1.5%,-30.6%,14.5%,-10.7%,2.7%,3.0%,-10.6%,"$642,052 ","21,272"
363,"YONKERS, NY",Open,2001,,Original Location,2001,11/1/2001,Comp,,Yes,3,14,2,R14 D02,New York-Newark-Jersey City,"New York, NY",Top 10 DMA,2500 CENTRAL PARK AVE,YONKERS,NY,10710,41.0,-73.8," 75,423 ",Suburban,"774,693","10,574","4,533","22,165,424","$75,696",70K-80K,37%,14%,12%,37%,160%,GT 120,"$101,231",23%,20-40%,27%,20-30%,40%,30-40%,6%,6-8%,0.08%,49.12%,20M+, 20M+ ,20M+,20M+,A,"$27,462,027","$29,514,236","$31,156,320","$31,757,533","$31,757,533","$31,880,615","$19,145,835","$38,359,065","$32,196,945","$32,196,945","$27,271,086","$27,623,821","$24,378,328","$24,378,328","$24,170,922","$24,170,922",2.2%,8.5%,7.5%,4.2%,3.2%,0.4%,-39.9%,20.3%,-16.1%,-15.3%,-10.5%,-0.9%,"$938,954 ","39,322"
364,"BROWNSVILLE, TX",Open,2001,,Original Location,2001,10/10/2001,Comp,,Yes,4,28,1,R28 D01,Brownsville-Harlingen,"Harlingen-Weslaco-Brownsville-McAllen, TX",,475 E MORRISON RD,BROWNSVILLE,TX,78520,26.0,-97.5," 38,638 ",Suburban,"263,033",821,"3,128","1,426,817","$53,383",LT60K,48%,18%,14%,21%,116%,100 - 120,"$55,116",5%,LT 20%,0%,LT 5%,93%,GT 40%,1%,LT 2%,0.55%,51.13%,12 - 20 MM, 12 - 20 MM ,12 - 20 MM,12 - 20 MM,B,"$13,075,229","$12,862,115","$12,849,705","$13,244,229","$13,244,229","$14,639,783","$8,776,273","$15,254,093","$13,925,626","$13,925,626","$15,725,990","$15,991,924","$17,953,815","$17,953,815","$18,305,162","$18,305,162",-4.3%,-6.5%,-1.6%,-1.5%,4.5%,11.1%,-40.1%,4.2%,-8.7%,12.9%,14.1%,2.0%,"$745,977 ","32,503"
365,"CUYAHOGA FALLS, OH",Open,2024,3/1/2024,2024 Relo - FEB '24 Open,2001,10/11/2001,Comp,Yes,,3,8,3,R08 D03,Akron,"Cleveland-Akron (Canton), OH",,430 HOWE AVENUE,CUYAHOGA FALLS,OH,44221,41.1,-81.5," 17,814 ",Suburban,"347,773","1,784","3,078","3,823,814","$60,524",60K-70K,35%,17%,14%,34%,89%,80 - 100,"$69,527",67%,GT 60%,20%,15-20%,3%,LT 10%,5%,4-6%,-0.09%,47.83%,LT8MM, LT8MM ,08 - 10 MM,08 - 10 MM,F,"$7,741,501","$7,478,609","$7,322,939","$7,494,546","$7,494,546","$7,082,606","$4,979,787","$7,953,233","$6,381,737","$6,381,737","$6,327,347","$6,407,908","$6,213,105","$8,014,598","$6,266,259","$8,024,018",8.6%,-2.6%,-3.4%,-3.4%,3.8%,-5.5%,-29.7%,12.3%,-19.8%,-0.9%,28.8%,0.9%,"$357,406 ","14,602"
366,"MESA, AZ(SUPERSTITION SPRINGS)",Open,2001,,Original Location,2001,10/26/2001,Comp,,,1,3,6,R03 D06,Phoenix-Mesa-Scottsdale,"Phoenix (Prescott), AZ",,6225 EAST SOUTHERN AVE,MESA,AZ,85206,33.4,-111.7," 25,331 ",Suburban,"973,377","1,040","4,103","6,067,817","$90,564",GT80K,26%,17%,15%,42%,88%,80 - 100,"$86,887",61%,GT 60%,4%,LT 5%,25%,20-30%,3%,2-4%,0.98%,49.87%,LT8MM, LT8MM ,LT8MM,LT8MM,H,"$8,659,937","$9,115,273","$9,033,843","$8,677,705","$8,677,705","$8,809,594","$5,672,531","$9,329,469","$7,488,168","$7,488,168","$7,040,174","$7,130,531","$6,574,141","$6,574,141","$5,998,139","$5,998,139",4.6%,-0.8%,5.3%,-2.3%,-2.5%,1.5%,-35.6%,5.9%,-19.7%,-6.0%,-6.3%,-8.8%,"$345,835 ","15,027"
367,"PHOENIX, AZ (DESERT SKY MALL)",Open,2025,10/10/2025,2025 Relo - OCT '25 Open,2001,10/12/2001,Comp,Yes,,1,3,6,R03 D06,Phoenix-Mesa-Scottsdale,"Phoenix (Prescott), AZ",,7333 W THOMAS RD,PHOENIX,AZ,85033,33.5,-112.2, -   ,Light Urban,"526,002","4,646","6,552","6,067,817","$71,839",70K-80K,34%,20%,16%,29%,78%,LT 80,"$86,887",14%,LT 20%,8%,5-10%,71%,GT 40%,3%,2-4%,0.98%,49.87%,12 - 20 MM, 12 - 20 MM ,12 - 20 MM,12 - 20 MM,C,"$10,382,997","$10,773,257","$10,728,561","$11,140,143","$11,140,143","$11,537,451","$8,653,666","$13,908,532","$12,398,113","$12,398,113","$13,648,640","$13,853,540","$15,511,444","$15,511,444","$7,580,536","$14,099,832",5.2%,1.2%,3.8%,-1.7%,5.2%,3.6%,-25.0%,20.6%,-10.9%,10.1%,13.6%,-6.0%,"$624,951 ","29,497"
369,CLOSED,Closed,,8/29/2025,Closure Date,,,,,,0,0,,,,,,,,,,,,,,,,,,,,,,,,,,,,,,,,,,,,,LT8MM, LT8MM ,LT8MM,LT8MM,,"$6,112,539","$6,526,019","$6,848,445","$5,398,064","$5,398,064","$4,887,775","$2,647,116","$5,453,870","$4,956,104","$4,956,104","$4,945,589","$5,010,808","$4,261,006","$4,261,006","$1,594,155","$2,204,631",9.1%,5.1%,6.8%,3.4%,-20.1%,-9.5%,-45.8%,11.6%,-9.1%,-0.2%,-13.6%,-7.6%,"$4,619 ","8,708"
370,"SACRAMENTO, CA (FLORIN RD)",Open,2001,,Original Location,2001,10/18/2001,Comp,,,1,21,3,R21 D03,Sacramento--Roseville--Arden-Arcade,"Sacramento-Stockton-Modesto, CA",,5601 FLORIN ROAD STORE 101,SACRAMENTO,CA,95823,38.5,-121.4," 34,143 ",Light Urban,"296,181","4,605","6,802","4,601,910","$76,286",70K-80K,29%,15%,14%,42%,71%,LT 80,"$95,209",14%,LT 20%,14%,10-15%,34%,30-40%,30%,GT 8%,0.42%,50.62%,10 - 12 MM, 10 - 12 MM ,10 - 12 MM,10 - 12 MM,D,"$12,881,623","$13,675,444","$13,800,779","$14,667,412","$14,667,412","$14,944,269","$9,811,366","$15,190,984","$11,541,671","$11,541,671","$10,854,562","$11,009,899","$10,815,884","$10,815,884","$10,878,781","$10,878,781",3.1%,2.0%,6.2%,-0.5%,7.8%,1.9%,-34.3%,1.7%,-24.0%,-6.0%,-0.3%,0.6%,"$530,143 ","21,011"
371,"BRADENTON, FL",Open,2001,,Original Location,2001,10/12/2001,Comp,Yes,,5,30,1,R30 D01,North Port-Sarasota-Bradenton,"Tampa-St. Petersburg (Sarasota), FL",,1205 CORTEZ RD WEST,BRADENTON,FL,34207,27.5,-82.6," 31,367 ",Suburban,"807,289",637,"4,278","5,413,557","$85,606",GT80K,27%,20%,15%,38%,72%,LT 80,"$76,582",67%,GT 60%,8%,5-10%,19%,10-20%,3%,2-4%,1.37%,51.59%,12 - 20 MM, 12 - 20 MM ,12 - 20 MM,12 - 20 MM,C,"$7,163,604","$7,577,316","$8,149,923","$8,794,618","$8,794,618","$9,593,673","$6,774,514","$11,637,133","$12,129,684","$12,129,684","$12,663,891","$12,855,107","$12,624,285","$12,624,285","$13,409,229","$13,409,229",6.9%,0.1%,5.8%,6.0%,9.4%,9.1%,-29.4%,21.3%,4.2%,4.4%,-0.3%,6.2%,"$692,143 ","26,150"
372,"BLOOMINGDALE, IL",Open,2023,2/24/2023,2023 Relo - FEB '23 Open,2001,11/14/2001,Comp,Yes,,4,7,4,R07 D04,Chicago-Naperville-Elgin,"Chicago, IL",Top 10 DMA,156 S GARY AVE SUITE 103,BLOOMINGDALE,IL,60108,41.9,-88.1," 20,637 ",Suburban,"543,545","2,677","3,582","9,518,952","$102,103",GT80K,22%,15%,14%,49%,122%,GT 120,"$91,619",50%,40-60%,4%,LT 5%,29%,20-30%,14%,GT 8%,-0.18%,48.49%,LT8MM, 08 - 10 MM ,08 - 10 MM,LT8MM,F,"$7,408,296","$8,024,977","$8,773,000","$8,181,274","$8,181,274","$7,507,245","$4,918,597","$8,168,739","$6,803,808","$6,803,808","$5,850,877","$8,523,838","$5,542,647","$8,037,590","$7,640,172","$7,640,172",6.2%,-1.4%,8.3%,7.9%,-5.6%,-8.2%,-34.5%,8.8%,-16.7%,22.8%,-4.5%,-4.9%,"$375,170 ","14,984"
373,"DALLAS, TX (SW MALL RED BIRD)",Open,2001,,Original Location,2001,9/24/2001,Comp,,,4,16,4,R16 D04,Dallas-Fort Worth-Arlington,"Dallas-Ft. Worth, TX",Top 10 DMA,3662 W CAMP WISDOM RD,DALLAS,TX,75237,32.7,-96.9," 26,559 ",Suburban,"824,360","1,875","3,430","9,039,276","$66,951",60K-70K,41%,17%,12%,30%,65%,LT 80,"$89,635",12%,LT 20%,36%,GT 30%,49%,GT 40%,1%,LT 2%,1.36%,52.96%,LT8MM, LT8MM ,LT8MM,LT8MM,H,"$8,378,172","$7,263,114","$6,765,548","$6,147,500","$6,147,500","$5,625,413","$3,959,376","$6,294,455","$5,343,933","$5,343,933","$6,050,350","$6,121,310","$5,666,406","$5,666,406","$5,535,522","$5,535,522",3.5%,-7.6%,-13.3%,-7.8%,-8.1%,-8.5%,-29.6%,11.9%,-15.1%,13.2%,-6.6%,-2.3%,"$355,544 ","10,020"
374,"SPOKANE, WA",Open,2025,7/18/2025,2025 Relo - JUL '25 Open,2001,10/24/2001,Comp,Yes,,1,1,6,R01 D06,Spokane-Spokane Valley,"Spokane, WA",,5628 N DIVISION ST,SPOKANE,WA,99208,47.7,-117.4, -   ,Suburban,"518,077",324,"4,614","1,330,088","$75,379",70K-80K,35%,17%,12%,36%,89%,80 - 100,"$73,282",78%,GT 60%,2%,LT 5%,8%,LT 10%,2%,2-4%,1.05%,52.65%,LT8MM, LT8MM ,LT8MM,LT8MM,H,"$9,936,939","$10,433,904","$10,299,281","$10,072,840","$10,072,840","$9,932,360","$5,552,673","$8,250,023","$6,170,766","$6,170,766","$6,098,028","$6,174,555","$5,893,880","$5,893,880","$3,591,851","$6,021,135",6.5%,-4.8%,5.0%,-2.4%,-1.1%,-1.4%,-44.1%,-16.9%,-25.2%,-1.2%,-3.2%,-0.1%,"$279,671 ","12,223"
375,"TAMPA, FL (UNIVERSITY MALL)",Open,2025,7/11/2025,2025 Relo - JUL '25 Open,2001,10/12/2001,Comp,Yes,Yes,5,30,5,R30 D05,Tampa-St. Petersburg-Clearwater,"Tampa-St. Petersburg (Sarasota), FL",,2160 E FOWLER AVE,TAMPA,FL,33612,28.1,-82.4," 22,610 ",Light Urban,"765,168","2,664","5,457","5,413,557","$69,892",60K-70K,36%,21%,14%,29%,61%,LT 80,"$76,582",31%,20-40%,22%,20-30%,36%,30-40%,6%,4-6%,1.37%,51.59%,10 - 12 MM, 10 - 12 MM ,12 - 20 MM,12 - 20 MM,C,"$11,913,162","$12,928,165","$13,814,821","$14,013,749","$14,013,749","$12,649,015","$8,514,788","$13,455,101","$10,996,942","$10,996,942","$11,230,083","$11,393,491","$12,308,333","$12,308,333","$8,330,528","$13,218,373",-6.9%,6.2%,8.5%,5.3%,2.9%,-9.7%,-32.7%,6.4%,-18.3%,2.1%,9.7%,8.4%,"$462,803 ","25,551"
376,CLOSED,Closed,,7/26/2019,Closure Date,,,,,,0,0,,,,,,,,,,,,,,,,,,,,,,,,,,,,,,,,,,,,,,,,,,"$3,680,097","$3,664,620","$3,198,017","$3,085,584","$3,085,584","$1,408,492",$0,$0,,,,,,,,,-1.8%,4.3%,-0.4%,-13.6%,-2.3%,7.5%, ,0.0%,,,,,$0 ,NA
377,"SARASOTA, FL",Open,2023,11/3/2023,2023 Relo - NOV '23 Open,2001,10/12/2001,Comp,Yes,,5,30,7,R30 D07,North Port-Sarasota-Bradenton,"Tampa-St. Petersburg (Sarasota), FL",,3941 CATTLEMEN ROAD,SARASOTA,FL,34233,27.3,-82.5, -   ,Light Suburban,"550,289",652,"2,311","5,413,557","$88,846",GT80K,26%,20%,16%,37%,117%,100 - 120,"$76,582",69%,GT 60%,7%,5-10%,17%,10-20%,3%,2-4%,1.37%,51.59%,08 - 10 MM, 10 - 12 MM ,10 - 12 MM,10 - 12 MM,D,"$7,573,697","$7,775,916","$8,743,526","$9,243,620","$9,243,620","$9,141,300","$6,233,442","$9,945,387","$9,293,418","$9,293,418","$6,962,018","$10,088,973","$6,761,366","$10,043,934","$10,070,261","$10,070,261",-0.5%,-2.4%,2.7%,10.7%,7.2%,-1.1%,-31.8%,8.8%,-6.6%,15.2%,-2.3%,0.3%,"$547,030 ","21,151"
378,"LAUREL, MD",Open,2001,,Original Location,2001,11/17/2001,Comp,,Yes,5,11,6,R11 D06,Washington-Arlington-Alexandria,"Washington, DC (Hagerstown, MD)",Top 10 DMA,14800 BALTIMORE AVENUE,LAUREL,MD,20707,39.1,-76.9," 54,383 ",Suburban,"905,812","3,085","3,595","7,403,493","$108,652",GT80K,21%,13%,13%,53%,84%,80 - 100,"$120,994",17%,LT 20%,43%,GT 30%,26%,20-30%,9%,GT 8%,0.54%,51.13%,12 - 20 MM, 12 - 20 MM ,12 - 20 MM,12 - 20 MM,B,"$12,311,039","$13,370,550","$13,954,505","$13,824,403","$13,824,403","$15,031,630","$9,021,781","$18,224,420","$16,744,937","$16,744,937","$16,746,617","$16,988,444","$17,544,250","$17,544,250","$18,072,443","$18,072,443",,7.3%,8.6%,3.0%,0.4%,8.7%,-40.0%,21.2%,-8.1%,0.0%,4.7%,3.0%,"$739,438 ","31,247"
379,"MERIDEN, CT",Open,2002,,Original Location,2002,3/7/2002,Comp,,,3,10,6,R10 D06,New Haven-Milford,"Hartford & New Haven, CT",,533 SOUTH BROAD ST,MERIDEN,CT,6450,41.5,-72.8," 26,053 ",Light Suburban,"161,189","1,457","2,138","2,641,771","$80,389",GT80K,31%,14%,13%,42%,79%,LT 80,"$89,240",57%,40-60%,8%,5-10%,27%,20-30%,4%,2-4%,-0.04%,48.18%,08 - 10 MM, 08 - 10 MM ,10 - 12 MM,10 - 12 MM,D,"$7,183,188","$7,617,376","$8,039,526","$7,958,275","$7,958,275","$8,609,420","$6,255,735","$10,144,983","$8,365,572","$8,365,572","$9,281,217","$9,411,836","$10,202,211","$10,202,211","$10,363,212","$10,363,212",4.6%,5.3%,6.0%,4.1%,0.3%,8.2%,-27.3%,17.8%,-17.5%,10.9%,9.6%,1.6%,"$501,106 ","19,566"
381,CLOSED,Closed,,1/27/2021,Closure Date,,,,,,0,0,,,,,,,,,,,,,,,,,,,,,,,,,,,,,,,,,,,,,,,,,,"$2,794,830","$2,475,681","$1,937,796","$1,392,554","$1,392,554","$1,108,202","$487,134",$0,,,,,,,,,3.2%,-4.7%,-11.4%,-22.7%,-27.0%,-20.4%, ,0.0%,,,,,$0 ,NA
383,CLOSED,Closed,,1/15/2021,Closure Date,,,,,,0,0,,,,,,,,,,,,,,,,,,,,,,,,,,,,,,,,,,,,,,,,,,"$2,962,059","$2,448,777","$1,904,768","$1,514,499","$1,514,499","$1,299,793","$484,189",$0,,,,,,,,,0.6%,-3.4%,-17.3%,-23.1%,-19.3%,-14.2%, ,0.0%,,,,,$0 ,NA
386,CLOSED,Closed,,1/15/2021,Closure Date,,,,,,0,0,,,,,,,,,,,,,,,,,,,,,,,,,,,,,,,,,,,,,,,,,,"$2,848,088","$2,609,244","$2,307,127","$2,158,138","$2,158,138","$1,929,140","$929,674",$0,,,,,,,,,4.2%,-1.5%,-8.4%,-12.8%,-4.9%,-10.6%, ,0.0%,,,,,$0 ,NA
387,CLOSED,Closed,,1/15/2021,Closure Date,,,,,,0,0,,,,,,,,,,,,,,,,,,,,,,,,,,,,,,,,,,,,,,,,,,"$3,005,160","$2,710,303","$2,138,745","$1,652,956","$1,652,956","$1,402,226","$706,432",$0,,,,,,,,,3.2%,-0.9%,-9.8%,-22.0%,-21.6%,-15.2%, ,0.0%,,,,,$0 ,NA
388,CLOSED,Closed,,8/15/2018,Closure Date,,,,,,0,0,,,,,,,,,,,,,,,,,,,,,,,,,,,,,,,,,,,,,,,,,,"$2,567,007","$2,376,875","$1,801,463","$709,698","$726,569",$0, ,,,,,,,,,,0.9%,0.3%,-7.4%,-24.9%,-25.8%,, ,,,,,,$0 ,NA
389,"GREENSBURG, PA",Open,2002,,Original Location,2002,3/7/2002,Comp,,,3,25,2,R25 D02,Pittsburgh,"Pittsburgh, PA",,1083 E PITTSBURGH ST,GREENSBURG,PA,15601,40.3,-79.5," 27,628 ",Exurban,"295,976",227,"1,274","2,826,882","$69,902",60K-70K,36%,17%,13%,34%,98%,80 - 100,"$74,411",92%,GT 60%,2%,LT 5%,2%,LT 10%,1%,LT 2%,-0.07%,50.10%,LT8MM, LT8MM ,LT8MM,LT8MM,H,"$6,596,276","$6,243,215","$6,273,550","$6,129,828","$6,129,828","$6,210,402","$4,399,343","$6,251,250","$4,819,115","$4,819,115","$4,583,788","$4,651,089","$4,275,116","$4,275,116","$4,045,361","$4,045,361",-2.8%,-4.2%,-5.4%,-0.8%,-1.0%,1.3%,-29.2%,0.7%,-22.9%,-4.9%,-6.7%,-5.4%,"$297,508 ","9,748"
390,"MODESTO, CA",Open,2002,,Original Location,2002,3/13/2002,Comp,,,1,21,5,R21 D05,Modesto,"Sacramento-Stockton-Modesto, CA",,2001 MCHENRY AVE STE 202,MODESTO,CA,95350,37.7,-121.0," 39,233 ",Light Urban,"389,110",950,"5,231","4,601,910","$83,477",GT80K,31%,17%,13%,39%,87%,80 - 100,"$95,209",30%,20-40%,3%,LT 5%,54%,GT 40%,7%,6-8%,0.42%,50.62%,12 - 20 MM, 12 - 20 MM ,12 - 20 MM,10 - 12 MM,D,"$12,061,603","$13,214,787","$13,201,931","$13,625,611","$13,625,611","$15,106,865","$11,509,174","$19,621,460","$15,341,809","$15,341,809","$14,119,981","$14,313,950","$13,271,918","$13,271,918","$10,988,067","$10,988,067",4.1%,4.8%,9.6%,-1.5%,4.6%,10.9%,-23.8%,29.9%,-21.8%,-8.0%,-5.8%,-17.2%,"$509,243 ","27,105"
392,"HOUSTON, TX (SHARPSTOWN)",Open,2002,,Original Location,2002,3/13/2002,Comp,,,4,17,5,R17 D05,Houston-The Woodlands-Sugar Land,"Houston, TX",Top 10 DMA,300 SHARPSTOWN CENTER,HOUSTON,TX,77036,29.7,-95.5," 47,186 ",Light Urban,"2,169,853","2,127","8,950","8,054,291","$83,875",GT80K,34%,17%,11%,37%,60%,LT 80,"$82,684",20%,LT 20%,24%,20-30%,37%,30-40%,17%,GT 8%,1.17%,52.51%,10 - 12 MM, 12 - 20 MM ,12 - 20 MM,10 - 12 MM,D,"$11,615,556","$11,535,042","$11,197,525","$12,310,528","$12,310,528","$12,866,052","$8,593,498","$13,904,311","$11,872,263","$11,872,263","$12,138,850","$12,310,598","$12,877,274","$12,877,274","$11,754,143","$11,754,143",4.6%,3.8%,-0.7%,-4.1%,11.4%,4.5%,-33.2%,8.1%,-14.6%,2.2%,6.2%,-8.7%,"$549,868 ","22,840"
393,"DURHAM, NC",Open,2022,2/25/2022,2022 Relo - FEB '22 Open,2002,8/15/2002,Comp,,,5,18,4,R18 D04,Durham-Chapel Hill,"Raleigh-Durham (Fayetteville), NC",,1515 NORTH POINTE DR,DURHAM,NC,27705,36.0,-78.9," 22,790 ",Suburban,"487,735",347,"3,246","3,519,023","$82,442",GT80K,29%,18%,13%,39%,82%,80 - 100,"$82,758",45%,40-60%,31%,GT 30%,15%,10-20%,4%,4-6%,1.03%,51.85%,10 - 12 MM, 10 - 12 MM ,10 - 12 MM,10 - 12 MM,D,"$7,466,496","$8,700,331","$9,815,744","$9,892,931","$9,892,931","$10,707,841","$7,300,635","$11,109,965","$8,159,393","$10,605,280","$8,244,027","$10,836,824","$10,880,302","$10,880,302","$10,669,650","$10,669,650",6.0%,1.2%,16.5%,11.4%,2.0%,8.2%,-31.8%,3.8%,-0.5%,1.0%,1.8%,-1.9%,"$648,780 ","20,278"
394,"BANGOR, ME",Open,2025,9/26/2025,2025 Relo - SEP '25 Open,2002,8/15/2002,Comp,Yes,,3,10,3,R10 D03,Bangor,"Bangor, ME",,6 BANGOR MALL BLVD,BANGOR,ME,4401,44.8,-68.7," 13,944 ",Exurban,"164,138",80,920,"351,747","$71,106",70K-80K,41%,12%,11%,35%,98%,80 - 100,"$66,211",90%,GT 60%,1%,LT 5%,2%,LT 10%,1%,LT 2%,0.13%,52.29%,LT8MM, LT8MM ,LT8MM,LT8MM,H,"$7,847,462","$7,831,744","$7,901,843","$7,564,631","$7,564,631","$7,521,451","$4,218,759","$7,187,991","$6,061,033","$6,061,033","$6,445,188","$6,516,922","$6,137,657","$6,137,657","$3,439,202","$5,664,682",-3.8%,-10.3%,-0.2%,-0.2%,-3.2%,-0.6%,-43.9%,-4.4%,-15.7%,6.3%,-4.8%,-5.8%,"$280,228 ","13,184"
400,"HUNTSVILLE, AL",Open,2022,5/20/2022,2022 Relo - MAY '22 Open,2002,7/18/2002,Comp,,,5,18,6,R18 D06,Huntsville,"Huntsville-Decatur (Florence), AL",,6125 UNIVERSITY DRIVE NW,HUNTSVILLE,AL,35806,34.7,-86.7," 18,146 ",Light Suburban,"868,637",213,"1,706","1,092,934","$79,329",70K-80K,33%,16%,13%,38%,99%,80 - 100,"$75,656",67%,GT 60%,17%,15-20%,8%,LT 10%,2%,LT 2%,0.87%,54.02%,08 - 10 MM, LT8MM ,LT8MM,LT8MM,F,"$8,063,354","$8,478,621","$8,848,970","$8,176,547","$8,176,547","$8,122,510","$5,596,340","$8,915,730","$6,122,938","$8,229,219","$5,890,407","$7,723,367","$7,642,074","$7,642,074","$7,600,201","$7,600,201",2.0%,-0.7%,5.2%,2.9%,-6.3%,-0.7%,-31.1%,9.8%,-8.4%,-3.8%,0.4%,-0.5%,"$420,416 ","13,873"
401,"PITTSBURGH, PA",Open,2025,2/28/2025,2025 Relo - FEB '25 Open,2002,7/18/2002,Non-Comp,Yes,,3,25,2,R25 D02,Pittsburgh,"Pittsburgh, PA",,451 CLAIRTON BLVD,PITTSBURGH,PA,15236,40.3,-79.9," 22,256 ",Light Suburban,"512,264","1,591","2,121","2,826,882","$67,578",60K-70K,39%,18%,13%,30%,113%,100 - 120,"$74,411",70%,GT 60%,19%,15-20%,3%,LT 10%,3%,2-4%,-0.07%,50.10%,LT8MM, LT8MM ,LT8MM,LT8MM,,"$5,475,689","$5,369,297","$5,508,973","$5,574,886","$5,574,886","$5,828,041","$4,507,895","$6,697,410","$5,400,688","$5,400,688","$5,602,031","$5,678,603","$5,797,009","$5,797,009","$5,170,091","$6,723,668",-3.9%,-7.2%,-1.9%,1.3%,2.5%,4.5%,-22.7%,14.9%,-19.4%,3.7%,3.5%,15.3%,"$341,479 ","11,093"
402,"CORAL SPRINGS, FL",Open,2002,,Original Location,2002,10/21/2002,Comp,Yes,Yes,5,30,3,R30 D03,Miami-Fort Lauderdale-West Palm Beach,"Miami-Ft. Lauderdale, FL",Top 10 DMA,6251 WEST SAMPLE ROAD,CORAL SPRINGS,FL,33067,26.3,-80.2," 49,870 ",Suburban,"758,743","5,373","4,855","4,800,721","$72,093",70K-80K,34%,19%,14%,32%,103%,100 - 120,"$78,384",27%,20-40%,36%,GT 30%,26%,20-30%,4%,2-4%,0.33%,48.16%,12 - 20 MM, 20M+ ,20M+,20M+,B,"$14,483,060","$15,529,938","$16,305,430","$17,137,284","$17,137,284","$18,034,858","$12,630,877","$19,870,496","$17,274,198","$17,274,198","$20,003,793","$20,326,768","$21,306,915","$21,306,915","$20,344,885","$20,344,885",1.0%,3.5%,7.2%,3.5%,6.6%,5.2%,-30.0%,10.2%,-13.1%,15.8%,6.5%,-4.5%,"$898,013 ","40,064"
403,"BARTLETT, TN (BARTLETT CTR)",Open,2025,7/25/2025,2025 Relo - JUL '25 Open,2002,8/30/2002,Comp,Yes,,4,6,2,R06 D02,Memphis,"Memphis, TN",,6015 STAGE ROAD,BARTLETT,TN,38134,35.2,-89.9," 11,971 ",Light Suburban,"266,750","1,037","2,577","1,776,622","$60,604",60K-70K,46%,16%,11%,27%,112%,100 - 120,"$64,171",30%,20-40%,51%,GT 30%,13%,10-20%,2%,2-4%,-0.15%,45.03%,LT8MM, LT8MM ,LT8MM,LT8MM,H,"$7,364,265","$7,153,433","$6,986,029","$7,073,934","$7,073,934","$6,991,774","$4,521,310","$7,557,476","$5,948,443","$5,948,443","$5,366,537","$5,449,449","$5,405,141","$5,405,141","$3,653,591","$5,403,360",0.5%,-6.8%,-2.9%,-3.5%,2.5%,-1.2%,-35.3%,8.1%,-21.3%,-9.8%,0.3%,-2.1%,"$299,413 ","10,163"
404,"ROANOKE, VA",Open,2022,11/11/2022,2022 Relo - NOV '22 Open,2002,8/15/2002,Comp,,,5,11,3,R11 D03,Roanoke,"Roanoke-Lynchburg, VA",,4228 ELECTRIC ROAD,ROANOKE,VA,24018,37.2,-80.0," 16,856 ",Light Suburban,"280,358",329,"1,950","1,148,226","$68,513",60K-70K,39%,18%,13%,31%,125%,GT 120,"$62,027",73%,GT 60%,14%,10-15%,6%,LT 10%,3%,2-4%,0.00%,48.99%,LT8MM, LT8MM ,LT8MM,LT8MM,H,"$5,703,525","$5,622,382","$5,236,275","$4,982,413","$4,982,413","$4,307,757","$3,082,879","$5,229,488","$2,750,406","$4,271,474","$3,216,233","$4,634,925","$4,261,979","$4,261,979","$4,269,893","$4,269,893",4.7%,0.0%,-1.4%,-7.9%,-3.7%,-13.5%,-28.4%,21.4%,-26.5%,16.9%,-6.4%,0.2%,"$288,224 ","9,415"
406,"SALEM, OR",Open,2026,7/31/2026,2026 Relo - JUL '26 Open,2002,10/12/2002,Comp,,,1,1,4,R01 D04,Salem,"Portland, OR",,833 LANCASTER DRIVE NE,SALEM,OR,97301,44.9,-123.0, -   ,Suburban,"456,088",272,"3,972","3,591,920","$79,884",70K-80K,32%,18%,14%,36%,65%,LT 80,"$92,668",62%,GT 60%,1%,LT 5%,27%,20-30%,2%,2-4%,0.50%,51.18%,08 - 10 MM, 08 - 10 MM ,10 - 12 MM,10 - 12 MM,D,"$8,470,551","$8,640,206","$9,055,332","$9,490,037","$9,490,037","$10,101,833","$7,132,361","$11,308,654","$9,093,099","$9,093,099","$9,790,125","$9,930,011","$10,653,099","$10,653,099","$11,917,233","$11,917,233",1.6%,8.7%,2.0%,3.4%,6.2%,6.4%,-29.4%,11.9%,-19.6%,7.7%,8.9%,11.9%,"$424,457 ","21,810"
407,"EVANSVILLE, IN",Open,2018,5/11/2018,2018 Relo - MAY '18 Open,2002,8/27/2002,Comp,,,4,6,1,R06 D01,Evansville,"Evansville, IN",,225 N BURKHARDT RD,EVANSVILLE,IN,47715,38.0,-87.5," 29,715 ",Light Suburban,"458,926",150,"1,881","737,903","$67,956",60K-70K,37%,19%,13%,31%,98%,80 - 100,"$65,802",83%,GT 60%,6%,5-10%,5%,LT 10%,1%,LT 2%,-0.04%,53.68%,LT8MM, LT8MM ,LT8MM,LT8MM,G,"$7,927,065","$7,648,008","$6,681,316","$5,013,971","$6,963,222","$4,597,228","$4,731,613","$6,911,701","$5,579,031","$5,579,031","$5,959,347","$6,042,590","$6,491,517","$6,491,517","$6,905,945","$6,905,945",8.1%,-1.6%,-3.5%,-13.8%,10.4%,-8.3%,-26.5%,7.4%,-19.3%,6.8%,8.7%,6.4%,"$320,389 ","13,581"
408,"MONTGOMERY, AL",Open,2019,10/4/2019,2019 Relo - SEP '19 Open,2002,8/31/2002,Comp,,,5,19,5,R19 D05,Montgomery,"Montgomery-Selma, AL",,7861 EASTCHASE PKWY,MONTGOMERY,AL,36117,32.4,-86.2," 25,730 ",Light Suburban,"351,088",171,"1,534","634,678","$65,243",60K-70K,39%,17%,14%,29%,140%,GT 120,"$59,822",41%,40-60%,48%,GT 30%,5%,LT 10%,3%,2-4%,-0.28%,45.12%,LT8MM, LT8MM ,LT8MM,LT8MM,H,"$7,288,941","$6,915,735","$6,826,979","$6,811,557","$6,811,557","$4,053,335","$1,822,002","$8,507,110","$7,168,368","$7,168,368","$6,439,546","$6,515,328","$5,559,348","$5,559,348","$6,084,001","$6,084,001",3.8%,2.4%,-5.1%,-2.6%,1.2%,2.7%,-55.0%,26.7%,-15.7%,-10.2%,-13.2%,9.4%,"$329,528 ","11,838"
409,"INDIANAPOLIS, IN (GREENW PL)",Open,2002,,Original Location,2002,9/19/2002,Comp,,,4,6,1,R06 D01,Indianapolis-Carmel-Anderson,"Indianapolis, IN",,7901 US HIGHWAY 31 SOUTH,INDIANAPOLIS,IN,46227,39.7,-86.1," 39,984 ",Suburban,"684,838",841,"3,261","3,190,106","$80,031",GT80K,32%,16%,16%,35%,96%,80 - 100,"$75,828",64%,GT 60%,14%,10-15%,10%,10-20%,7%,6-8%,0.46%,50.09%,10 - 12 MM, 10 - 12 MM ,10 - 12 MM,10 - 12 MM,D,"$9,741,207","$9,912,772","$10,742,548","$10,229,123","$10,229,123","$9,390,789","$7,189,580","$12,530,479","$10,190,334","$10,190,334","$9,913,206","$10,049,249","$10,457,242","$10,457,242","$10,407,211","$10,407,211",10.6%,6.0%,1.8%,6.9%,-3.6%,-8.2%,-23.4%,33.4%,-18.7%,-2.7%,5.5%,-0.5%,"$486,360 ","20,026"
410,CLOSED,Closed,,1/15/2021,Closure Date,,,,,,0,0,,,,,,,,,,,,,,,,,,,,,,,,,,,,,,,,,,,,,,,,,,"$2,617,705","$2,418,678","$1,877,721","$1,412,166","$1,412,166","$1,242,162","$603,466",$0,,,,,,,,,-1.3%,-3.3%,-7.6%,-23.3%,-23.5%,-12.0%, ,0.0%,,,,,$0 ,NA
415,"PINEBROOK,NJ",Open,2022,9/9/2022,2022 Relo - SEP '22 Open,2004,10/1/2004,Comp,Yes,,3,13,6,R13 D06,New York-Newark-Jersey City,"New York, NY",Top 10 DMA,44 US HIGHWAY 46,PINEBROOK,NJ,7058,40.9,-74.3," 20,003 ",Light Suburban,"728,841","4,099","1,619","22,165,424","$89,867",GT80K,28%,13%,12%,47%,144%,GT 120,"$101,231",34%,20-40%,15%,15-20%,39%,30-40%,9%,GT 8%,0.08%,49.12%,LT8MM, 08 - 10 MM ,LT8MM,LT8MM,G,"$3,556,726","$4,032,177","$4,075,358","$3,867,724","$3,867,724","$4,040,233","$2,262,557","$4,142,341","$1,742,092","$4,337,983","$1,628,695","$8,713,654","$7,806,634","$7,806,634","$7,470,896","$7,470,896",-5.6%,14.9%,13.4%,-0.2%,-3.9%,4.5%,-44.0%,2.5%,176.0%,-6.5%,-9.2%,-4.3%,"$399,124 ","13,620"
416,"JACKSONVILLE, FL (AUGUSTINE)",Open,2002,,Original Location,2002,10/11/2002,Comp,,,5,19,4,R19 D04,Jacksonville,"Jacksonville, FL",,11250 OLD ST AUGUSTINE RD,JACKSONVILLE,FL,32257,30.2,-81.6," 34,228 ",Light Suburban,"740,444","1,008","2,813","2,186,986","$88,762",GT80K,26%,15%,15%,44%,123%,GT 120,"$78,343",57%,40-60%,17%,15-20%,14%,10-20%,7%,6-8%,1.23%,51.32%,08 - 10 MM, 08 - 10 MM ,08 - 10 MM,08 - 10 MM,E,"$7,132,855","$6,959,361","$7,650,796","$8,131,400","$8,131,400","$8,077,484","$5,889,169","$9,675,292","$8,361,672","$8,361,672","$9,220,892","$9,364,095","$9,243,380","$9,243,380","$9,437,384","$9,437,384",4.3%,-1.2%,-2.4%,8.4%,7.6%,-0.7%,-27.1%,19.8%,-13.6%,10.3%,0.2%,2.1%,"$521,890 ","19,614"
419,"ATLANTA, GA (BRIARCLIFF)",Open,2021,8/20/2021,2021 Relo - AUG '21 Open,2002,11/15/2002,Comp,Yes,,5,19,2,R19 D02,Atlanta-Sandy Springs-Roswell,"Atlanta, GA",Top 10 DMA,2126 HENDERSON MILL RD,ATLANTA,GA,30345,33.8,-84.3," 19,840 ",Suburban,"1,864,264","1,793","3,474","7,692,390","$78,479",70K-80K,29%,16%,12%,43%,111%,100 - 120,"$87,109",19%,LT 20%,55%,GT 30%,16%,10-20%,7%,6-8%,0.88%,50.12%,08 - 10 MM, 08 - 10 MM ,08 - 10 MM,08 - 10 MM,F,"$8,754,354","$9,252,228","$9,505,810","$9,157,229","$9,157,229","$8,484,492","$5,313,960","$8,410,944","$5,985,472","$8,627,622","$8,642,823","$8,754,463","$8,150,302","$8,150,302","$8,216,545","$8,216,545",12.9%,6.5%,5.7%,1.3%,-2.4%,-7.3%,-37.4%,4.8%,-3.3%,0.2%,-5.6%,0.8%,"$468,198 ","15,562"
420,CLOSED,Closed,,1/15/2021,Closure Date,,,,,,0,0,,,,,,,,,,,,,,,,,,,,,,,,,,,,,,,,,,,,,,,,,,"$3,215,505","$3,440,646","$2,966,708","$2,657,630","$2,657,630","$2,512,391","$886,587",$0,,,,,,,,,9.0%,-3.8%,7.0%,-14.6%,-9.4%,-5.5%, ,0.0%,,,,,$0 ,NA
422,"WHITEHALL, PA",Open,2003,,Original Location,2003,2/24/2003,Comp,Yes,,3,25,5,R25 D05,Allentown-Bethlehem-Easton,"Philadelphia, PA",Top 10 DMA,2669 MACARTHUR CMNS RD,WHITEHALL,PA,18052,40.6,-75.5," 36,116 ",Light Suburban,"914,313",582,"2,946","8,441,533","$80,739",GT80K,36%,18%,12%,34%,79%,LT 80,"$88,536",65%,GT 60%,7%,5-10%,21%,20-30%,3%,2-4%,0.23%,48.33%,10 - 12 MM, 10 - 12 MM ,10 - 12 MM,12 - 20 MM,D,"$10,190,680","$10,713,518","$10,193,250","$9,869,912","$9,869,912","$9,322,688","$6,953,789","$13,057,060","$11,059,287","$11,059,287","$10,888,077","$11,038,430","$11,545,342","$11,545,342","$12,000,380","$12,000,380",-0.9%,-0.1%,5.1%,-6.1%,-1.8%,-5.5%,-25.4%,40.1%,-15.3%,-1.5%,6.0%,3.9%,"$561,934 ","22,005"
423,"TERRE HAUTE, IN",Open,2003,,Original Location,2003,3/4/2003,Comp,Yes,,4,6,1,R06 D01,Terre Haute,"Terre Haute, IN",,3496 SOUTH U.S. HWY 41,TERRE HAUTE,IN,47802,39.4,-87.4," 15,551 ",Exurban,"233,775",87,"1,035","366,545","$59,040",LT60K,42%,18%,16%,24%,70%,LT 80,"$61,810",88%,GT 60%,4%,LT 5%,3%,LT 10%,1%,LT 2%,-0.20%,49.89%,LT8MM, LT8MM ,LT8MM,LT8MM,H,"$5,490,732","$5,487,838","$5,583,774","$5,487,882","$5,487,882","$5,701,462","$3,998,460","$6,349,901","$4,722,211","$4,722,211","$5,045,166","$5,119,882","$4,644,267","$4,644,267","$4,757,038","$4,757,038",2.2%,-2.2%,-0.1%,0.3%,-0.3%,3.9%,-29.9%,11.4%,-25.6%,6.8%,-8.1%,2.4%,"$271,866 ","9,273"
424,"NEWPORT NEWS, VA",Open,2021,10/1/2021,2021 Relo - SEP '21 Open,2003,8/6/2003,Comp,,,5,11,3,R11 D03,Virginia Beach-Norfolk-Newport News,"Norfolk-Portsmouth-Newport News, VA",,12132 JEFFERSON AVENUE,NEWPORT NEWS,VA,23602,37.1,-76.5," 20,167 ",Suburban,"402,803","1,504","3,003","1,996,676","$76,846",70K-80K,31%,18%,13%,38%,94%,80 - 100,"$80,782",42%,40-60%,38%,GT 30%,9%,LT 10%,4%,2-4%,0.17%,51.00%,LT8MM, LT8MM ,LT8MM,LT8MM,G,"$6,196,841","$6,253,439","$6,153,463","$5,899,807","$5,899,807","$6,352,067","$4,651,457","$7,383,612","$5,451,667","$7,222,048","$7,233,475","$7,319,123","$7,214,841","$7,214,841","$7,477,760","$7,477,760",-3.9%,-0.8%,0.9%,-2.8%,-2.9%,7.7%,-26.8%,22.6%,-4.5%,0.2%,0.0%,3.6%,"$325,157 ","14,163"
425,"ORLANDO, FL (ALAFAYA)",Open,2020,10/30/2020,2020 Relo - OCT '20 Open,2003,3/21/2003,Comp,,,5,30,2,R30 D02,Orlando-Kissimmee-Sanford,"Orlando-Daytona Beach-Melbourne, FL",,1250 N ALAFAYA TRAIL,ORLANDO,FL,32828,28.6,-81.2," 41,937 ",Suburban,"2,436,584","1,533","3,974","4,872,913","$83,652",GT80K,30%,21%,15%,35%,92%,80 - 100,"$78,250",37%,20-40%,15%,15-20%,37%,30-40%,5%,4-6%,1.47%,51.85%,10 - 12 MM, 10 - 12 MM ,10 - 12 MM,10 - 12 MM,D,"$7,774,774","$7,737,062","$8,299,614","$8,493,003","$8,493,003","$8,339,087","$1,309,921","$11,790,408","$10,139,009","$10,139,009","$11,069,887","$11,222,895","$11,433,607","$11,433,607","$11,947,294","$11,947,294",-7.4%,-9.4%,-0.5%,5.7%,3.8%,-1.8%,-84.3%,41.4%,-14.0%,9.2%,3.5%,4.5%,"$546,506 ","25,327"
426,"MADISON, WI (WEST MADISON)",Open,2003,,Original Location,2003,3/7/2003,Comp,,,1,5,2,R05 D02,Madison,"Madison, WI",,6905 ODANA ROAD,MADISON HEIGHTS,WI,53719,43.1,-89.5," 26,981 ",Suburban,"500,564","1,075","3,614","1,155,056","$86,522",GT80K,25%,16%,12%,48%,113%,100 - 120,"$82,595",72%,GT 60%,6%,5-10%,9%,LT 10%,8%,6-8%,0.46%,50.27%,LT8MM, LT8MM ,LT8MM,LT8MM,H,"$5,820,082","$5,999,595","$6,420,733","$6,446,467","$6,446,467","$6,443,980","$3,767,124","$5,933,541","$4,582,217","$4,582,217","$4,879,966","$4,940,679","$5,029,828","$5,029,828","$5,332,571","$5,332,571",2.1%,-1.4%,3.1%,5.5%,1.8%,0.0%,-41.5%,-7.9%,-22.8%,6.5%,3.5%,6.0%,"$275,010 ","9,533"
427,"AUSTIN, TX (LAKELINE)",Open,2025,9/12/2025,2025 Relo - SEP '25 Open,2003,3/7/2003,Comp,Yes,,4,28,2,R28 D02,Austin-Round Rock,"Austin, TX",,11066 PECAN PRK BLVD STE 307,CEDAR PARK,TX,78613,30.5,-97.8," 16,962 ",Suburban,"604,641","2,892","4,106","2,777,592","$106,265",GT80K,20%,18%,12%,50%,111%,100 - 120,"$102,471",47%,40-60%,6%,5-10%,25%,20-30%,17%,GT 8%,1.97%,51.72%,LT8MM, LT8MM ,LT8MM,LT8MM,H,"$7,685,944","$8,011,522","$8,020,909","$8,190,426","$8,190,426","$7,558,991","$4,475,673","$7,218,406","$5,792,909","$5,792,909","$6,287,400","$6,377,790","$6,160,135","$6,160,135","$3,632,335","$6,187,483",6.0%,-0.6%,4.2%,-1.2%,3.5%,-7.7%,-40.8%,-4.5%,-19.7%,8.5%,-2.7%,-3.6%,"$412,147 ","12,259"
428,"LEXINGTON, KY (HAMBURG)",Open,2021,10/29/2021,2021 Relo - OCT '21 Open,2003,3/7/2003,Comp,,,5,18,6,R18 D06,Lexington-Fayette,"Lexington, KY",,1937 STAR SHOOT PKWY,LEXINGTON,KY,40509,38.0,-84.4," 20,718 ",Light Suburban,"260,708",893,"2,459","1,341,385","$64,501",60K-70K,42%,17%,11%,29%,120%,GT 120,"$61,452",63%,GT 60%,18%,15-20%,11%,10-20%,3%,2-4%,0.23%,51.54%,LT8MM, LT8MM ,LT8MM,LT8MM,G,"$7,293,506","$6,870,973","$6,897,140","$6,765,262","$6,765,262","$6,773,115","$4,308,060","$6,525,123","$4,002,271","$6,159,674","$7,036,262","$7,130,958","$6,658,886","$6,658,886","$6,884,871","$6,884,871",-0.8%,-4.9%,-5.8%,-1.0%,-0.6%,0.1%,-36.4%,2.5%,-12.2%,14.2%,-5.3%,3.4%,"$290,505 ","12,815"
429,"GLEN OAKS, NY",Open,2003,,Original Location,2003,3/21/2003,Comp,Yes,Yes,3,14,6,R14 D06,New York-Newark-Jersey City,"New York, NY",Top 10 DMA,258-01 UNION TURNPIKE,GLEN OAKS,NY,11004,40.7,-73.7," 53,809 ",Light Urban,"499,238","16,257","9,399","22,165,424","$102,588",GT80K,25%,13%,11%,51%,119%,100 - 120,"$101,231",20%,LT 20%,23%,20-30%,17%,10-20%,33%,GT 8%,0.08%,49.12%,20M+, 20M+ ,20M+,20M+,B,"$16,032,435","$17,064,698","$18,080,606","$19,789,337","$19,789,337","$20,856,520","$12,085,741","$25,014,171","$23,400,048","$23,400,048","$22,079,282","$22,364,345","$21,168,876","$21,168,876","$20,342,124","$20,342,124",18.5%,14.1%,6.4%,4.6%,10.8%,5.4%,-42.1%,19.9%,-6.5%,-5.6%,-4.0%,-3.9%,"$907,399 ","34,882"
430,"MACEDONIA, OH",Open,2022,7/22/2022,2022 Relo - JUL '22 Open,2003,8/6/2003,Comp,Yes,,3,8,3,R08 D03,Akron,"Cleveland-Akron (Canton), OH",,500 EAST AURORA #10,MACEDONIA,OH,44056,41.3,-81.5," 18,954 ",Exurban,"293,712","1,225","1,224","3,823,814","$78,332",70K-80K,32%,17%,12%,39%,154%,GT 120,"$69,527",55%,40-60%,33%,GT 30%,3%,LT 10%,4%,4-6%,-0.09%,47.83%,LT8MM, LT8MM ,LT8MM,LT8MM,H,"$6,183,488","$6,181,660","$6,185,678","$6,063,993","$6,063,993","$6,005,359","$3,838,001","$5,688,489","$3,530,320","$4,708,583","$3,685,287","$4,967,508","$4,474,797","$4,474,797","$4,261,862","$4,261,862",-1.2%,1.3%,0.0%,-1.1%,-0.8%,-1.0%,-36.1%,-5.3%,-19.0%,4.4%,-8.6%,-4.8%,"$318,251 ","9,162"
431,"PHILADELPHIA, PA (MARKET ST)",Open,2017,9/22/2017,2017 Relo - SEP '17 Open,2003,8/7/2003,Comp,Yes,Yes,3,25,6,R25 D06,Philadelphia-Camden-Wilmington,"Philadelphia, PA",Top 10 DMA,833 MARKET STREET,PHILADELPHIA,PA,19107,40.0,-75.2," 39,512 ",Super Urban,"1,199,470","17,241","20,331","8,441,533","$56,497",LT60K,57%,16%,10%,17%,85%,80 - 100,"$88,536",23%,20-40%,47%,GT 30%,18%,10-20%,8%,GT 8%,0.23%,48.33%,10 - 12 MM, 12 - 20 MM ,12 - 20 MM,12 - 20 MM,C,"$17,346,388","$16,799,863","$16,471,614","$12,121,762","$16,496,880","$17,549,313","$8,739,759","$14,299,136","$11,365,964","$11,365,964","$12,048,408","$12,224,680","$12,011,493","$12,011,493","$13,216,569","$13,216,569",10.6%,-4.0%,-3.2%,-0.2%,0.3%,6.4%,-50.2%,-18.5%,-20.5%,6.0%,-0.4%,10.0%,"$622,749 ","19,877"
433,"JOHNSTON, RI",Open,2003,,Original Location,2003,9/26/2003,Comp,,Yes,3,10,2,R10 D02,Providence-Warwick,"Providence, RI-New Bedford, MA",,1386 ATWOOD AVENUE,JOHNSTON,RI,2919,41.8,-71.5," 50,788 ",Suburban,"249,834","3,716","3,778","1,683,219","$73,453",70K-80K,36%,18%,12%,33%,85%,80 - 100,"$87,015",40%,20-40%,10%,10-15%,41%,GT 40%,4%,4-6%,0.02%,47.37%,12 - 20 MM, 12 - 20 MM ,12 - 20 MM,12 - 20 MM,C,"$13,354,542","$14,072,891","$13,919,812","$15,386,850","$15,386,850","$16,922,423","$11,680,966","$18,227,213","$14,505,399","$14,505,399","$14,701,464","$14,903,985","$15,487,527","$15,487,527","$15,879,052","$15,879,052",4.0%,8.2%,5.4%,-2.3%,12.0%,10.0%,-31.0%,7.7%,-20.4%,1.4%,5.1%,2.5%,"$576,503 ","29,541"
434,"SOUTH AUSTIN, TX",Open,2003,,Original Location,2003,8/6/2003,Comp,,,4,28,2,R28 D02,Austin-Round Rock,"Austin, TX",,6715 INTERSTATE 35,AUSTIN,TX,78744,30.2,-97.8," 38,757 ",Suburban,"2,205,016",772,"4,486","2,777,592","$101,197",GT80K,25%,16%,13%,46%,81%,80 - 100,"$102,471",45%,40-60%,7%,5-10%,35%,30-40%,8%,GT 8%,1.97%,51.72%,12 - 20 MM, 12 - 20 MM ,12 - 20 MM,12 - 20 MM,C,"$8,449,189","$9,037,585","$9,330,424","$10,141,583","$10,141,583","$11,210,580","$7,959,574","$14,121,288","$14,208,694","$14,208,694","$15,930,523","$16,154,169","$17,820,492","$17,820,492","$16,981,354","$16,981,354",7.5%,-1.3%,7.0%,1.9%,10.1%,10.5%,-29.0%,26.0%,0.6%,12.1%,11.6%,-4.7%,"$691,849 ","32,501"
435,"APPLE VALLEY, MN",Open,2003,,Original Location,2003,8/7/2003,Comp,Yes,,1,5,4,R05 D04,Minneapolis-St. Paul-Bloomington,"Minneapolis-St. Paul, MN",,7575 WEST 153RD STREET,APPLE VALLEY,MN,55124,44.7,-93.2," 38,779 ",Suburban,"375,982","1,150","3,464","5,035,066","$104,553",GT80K,20%,14%,13%,53%,116%,100 - 120,"$91,896",68%,GT 60%,11%,10-15%,9%,LT 10%,7%,6-8%,0.42%,52.29%,LT8MM, 08 - 10 MM ,08 - 10 MM,08 - 10 MM,E,"$8,702,612","$8,561,993","$9,452,868","$9,266,275","$9,266,275","$9,883,695","$7,318,193","$9,053,352","$7,006,639","$7,006,639","$8,954,150","$9,089,434","$9,919,846","$9,919,846","$9,539,621","$9,539,621",7.4%,2.8%,-1.6%,9.0%,-0.8%,6.7%,-26.0%,-8.4%,-22.6%,27.8%,10.5%,-3.8%,"$519,431 ","16,999"
436,"SPRINGFIELD, MA",Open,2003,,Original Location,2003,8/1/2003,Comp,,,3,10,6,R10 D06,Springfield,"Springfield-Holyoke, MA",,390 COOLEY STREET,SPRINGFIELD,MA,1128,42.1,-72.5," 36,092 ",Light Suburban,"154,006","3,721","2,857","691,468","$56,470",LT60K,47%,14%,13%,27%,105%,100 - 120,"$73,016",31%,20-40%,18%,15-20%,44%,GT 40%,3%,2-4%,-0.20%,43.50%,12 - 20 MM, 12 - 20 MM ,12 - 20 MM,12 - 20 MM,C,"$9,556,131","$10,009,430","$10,794,285","$11,772,766","$11,772,766","$12,650,723","$8,029,629","$15,284,133","$13,385,358","$13,385,358","$14,079,338","$14,270,226","$15,019,893","$15,019,893","$15,839,495","$15,839,495",3.0%,2.7%,4.7%,6.4%,10.5%,7.5%,-36.5%,20.8%,-12.4%,5.2%,6.6%,5.5%,"$574,815 ","28,655"
437,"CONYERS, GA",Open,2003,,Original Location,2003,8/1/2003,Comp,,,5,19,2,R19 D02,Atlanta-Sandy Springs-Roswell,"Atlanta, GA",Top 10 DMA,1485 HIGHWAY 138 SOUTHEAST,CONYERS,GA,30013,33.7,-84.0," 24,777 ",Exurban,"778,984",698,"1,388","7,692,390","$79,121",70K-80K,31%,19%,15%,35%,77%,LT 80,"$87,109",22%,20-40%,64%,GT 30%,8%,LT 10%,2%,LT 2%,0.88%,50.12%,08 - 10 MM, 08 - 10 MM ,08 - 10 MM,08 - 10 MM,E,"$8,855,629","$9,470,901","$9,633,212","$8,844,904","$8,844,904","$8,994,740","$6,401,946","$10,353,224","$8,494,915","$8,494,915","$7,954,679","$8,072,556","$8,233,342","$8,233,342","$9,005,077","$9,005,077",4.8%,5.1%,6.9%,0.2%,-6.8%,1.7%,-28.8%,15.1%,-17.9%,-6.4%,3.5%,9.4%,"$457,138 ","16,760"
438,CLOSED,Closed,,1/18/2019,Closure Date,,,,,,0,0,,,,,,,,,,,,,,,,,,,,,,,,,,,,,,,,,,,,,,,,,,"$4,750,249","$4,453,403","$4,942,961","$4,777,576","$4,929,169",$0, ,,,,,,,,,,2.8%,-3.3%,-6.2%,9.5%,3.5%,, ,,,,,,$0 ,NA
439,"NAPERVILLE, IL",Open,2003,,Original Location,2003,9/26/2003,Comp,Yes,,4,7,4,R07 D04,Chicago-Naperville-Elgin,"Chicago, IL",Top 10 DMA,510 SOUTH ROUTE 59 #1A,NAPERVILLE,IL,60540,41.8,-88.2," 36,140 ",Suburban,"1,220,927","1,439","3,400","9,518,952","$111,704",GT80K,19%,14%,12%,55%,131%,GT 120,"$91,619",53%,40-60%,8%,5-10%,24%,20-30%,12%,GT 8%,-0.18%,48.49%,10 - 12 MM, 10 - 12 MM ,10 - 12 MM,10 - 12 MM,D,"$9,149,195","$9,803,658","$10,123,844","$8,933,483","$8,933,483","$8,993,091","$6,552,473","$11,482,128","$10,121,027","$10,121,027","$10,591,517","$10,734,985","$10,746,890","$10,746,890","$10,723,871","$10,723,871",2.9%,0.8%,7.2%,2.0%,-10.7%,0.7%,-27.1%,27.7%,-11.9%,4.6%,1.5%,-0.2%,"$487,177 ","19,360"
440,"VESTAL, NY (TWN SQ MALL)",Open,2022,10/28/2022,2022 Relo - OCT '22 Open,2003,8/6/2003,Comp,Yes,,3,10,5,R10 D05,Binghamton,"Binghamton, NY",,2433 VESTAL PKWY E SUITE C,VESTAL,NY,13850,42.1,-76.0," 16,359 ",Light Suburban,"215,719",212,"2,170","332,185","$65,939",60K-70K,40%,18%,13%,29%,95%,80 - 100,"$65,818",78%,GT 60%,6%,5-10%,5%,LT 10%,5%,4-6%,-0.40%,47.95%,LT8MM, LT8MM ,LT8MM,LT8MM,G,"$7,424,398","$7,339,496","$7,823,107","$7,926,343","$7,926,343","$8,182,042","$5,097,951","$8,520,217","$4,642,803","$7,034,117","$5,440,902","$7,996,240","$7,796,203","$7,796,203","$7,559,266","$7,559,266",0.6%,-2.3%,-1.1%,5.2%,2.6%,3.2%,-37.7%,4.1%,-21.3%,17.2%,-1.0%,-3.0%,"$349,325 ","15,062"
441,"S. ATTLEBORO, MA",Open,2004,,Original Location,2004,3/5/2004,Comp,,,3,10,2,R10 D02,Providence-Warwick,"Providence, RI-New Bedford, MA",,287 WASHINGTON STREET,SOUTH ATTLEBORO,MA,2703,41.9,-71.4," 35,904 ",Light Suburban,"378,816","3,163","2,785","1,683,219","$76,683",70K-80K,35%,15%,12%,38%,97%,80 - 100,"$87,015",47%,40-60%,9%,5-10%,33%,30-40%,4%,2-4%,0.02%,47.37%,10 - 12 MM, 10 - 12 MM ,08 - 10 MM,10 - 12 MM,D,"$9,213,261","$9,650,059","$10,535,108","$11,248,589","$11,248,589","$11,946,110","$7,424,091","$13,898,983","$11,314,942","$11,314,942","$11,569,672","$11,697,918","$9,640,151","$9,640,151","$10,664,148","$10,664,148",11.8%,8.2%,4.7%,7.9%,8.0%,6.2%,-37.9%,16.3%,-18.6%,2.3%,-16.6%,10.6%,"$484,868 ","18,443"
442,"AUSTELL, GA",Open,2022,10/14/2022,2022 Relo - OCT '22 Open,2003,8/1/2003,Comp,Yes,,5,19,1,R19 D01,Atlanta-Sandy Springs-Roswell,"Atlanta, GA",Top 10 DMA,4155 AUSTELL ROAD STE E400,AUSTELL,GA,30106,33.9,-84.6," 21,990 ",Light Suburban,"1,243,776","1,354","2,269","7,692,390","$80,789",GT80K,28%,18%,15%,39%,99%,80 - 100,"$87,109",23%,20-40%,59%,GT 30%,11%,10-20%,2%,2-4%,0.88%,50.12%,08 - 10 MM, 10 - 12 MM ,08 - 10 MM,10 - 12 MM,D,"$7,252,025","$7,540,332","$8,505,066","$8,519,166","$8,519,166","$9,260,237","$6,694,945","$10,247,167","$5,170,050","$8,622,781","$6,941,658","$11,021,689","$9,654,855","$9,654,855","$10,087,730","$10,087,730",2.1%,1.8%,4.0%,11.3%,1.4%,8.7%,-27.7%,10.7%,-19.1%,34.3%,-11.0%,4.5%,"$510,425 ","18,620"
443,"WORCESTER, MA",Open,2003,,Original Location,2003,8/1/2003,Comp,Yes,,3,10,3,R10 D03,Worcester,"Boston, MA (Manchester, NH)",Top 10 DMA,344 GREENWOOD STREET,WORCESTER,MA,1607,42.2,-71.8," 49,453 ",Light Suburban,"303,039","1,691","2,897","6,834,716","$78,793",70K-80K,38%,15%,12%,34%,70%,LT 80,"$112,082",56%,40-60%,11%,10-15%,22%,20-30%,6%,4-6%,0.28%,49.68%,12 - 20 MM, 20M+ ,20M+,20M+,B,"$11,166,789","$12,458,223","$13,206,164","$13,862,455","$13,862,455","$14,871,444","$9,919,016","$18,907,549","$17,872,468","$17,872,468","$20,238,265","$20,490,040","$21,075,959","$21,075,959","$21,098,997","$21,098,997",7.4%,8.1%,11.6%,4.7%,6.2%,7.3%,-33.3%,27.1%,-5.5%,13.2%,4.1%,0.1%,"$769,863 ","35,586"
445,"STAMFORD, CT",Open,2024,7/26/2024,2024 Relo - JUL '24 Open,2004,10/25/2004,Comp,Yes,,3,25,1,R25 D01,Bridgeport-Stamford-Norwalk,"New York, NY",Top 10 DMA,2135-2715 SUMMER STREET,STAMFORD,CT,6905,41.1,-73.5," 23,288 ",Light Urban,"588,730","3,210","5,502","22,165,424","$101,960",GT80K,22%,9%,12%,57%,107%,100 - 120,"$101,231",43%,40-60%,15%,15-20%,31%,30-40%,6%,4-6%,0.08%,49.12%,10 - 12 MM, 12 - 20 MM ,12 - 20 MM,12 - 20 MM,C,"$9,657,711","$10,317,771","$10,438,706","$9,879,185","$9,879,185","$10,209,261","$6,871,543","$12,452,182","$11,736,685","$11,736,685","$13,270,321","$13,445,252","$10,110,252","$13,560,455","$10,506,364","$13,945,619",4.4%,3.5%,6.8%,0.0%,-4.2%,3.3%,-32.7%,22.0%,-5.7%,13.1%,2.5%,3.9%,"$559,248 ","23,283"
446,"TACOMA, WA (LAKEWOOD)",Open,2003,,Original Location,2003,8/17/2003,Comp,Yes,,1,1,2,R01 D02,Seattle-Tacoma-Bellevue,"Seattle-Tacoma, WA",,"10420 59TH AVENUE, SOUTHWEST",LAKEWOOD,WA,98499,47.2,-122.5," 19,823 ",Suburban,"493,436","3,328","3,603","5,772,567","$88,003",GT80K,28%,17%,14%,40%,69%,LT 80,"$108,737",49%,40-60%,11%,10-15%,16%,10-20%,10%,GT 8%,0.66%,52.46%,LT8MM, 08 - 10 MM ,08 - 10 MM,10 - 12 MM,D,"$10,300,394","$10,533,225","$10,423,658","$10,815,124","$10,815,124","$10,615,409","$5,772,324","$10,098,449","$7,728,571","$7,728,571","$8,322,457","$8,455,701","$9,445,091","$9,445,091","$10,010,044","$10,010,044",-1.6%,-2.9%,2.3%,-2.4%,5.3%,-1.8%,-45.6%,-4.9%,-23.5%,7.7%,13.3%,6.0%,"$551,898 ","21,118"
447,"REVERE, MA",Open,2004,,Original Location,2004,3/5/2004,Comp,Yes,Yes,3,10,4,R10 D04,Boston-Cambridge-Newton,"Boston, MA (Manchester, NH)",Top 10 DMA,"339 SQUIRE ROAD, SUITE 160",REVERE,MA,2151,42.4,-71.0," 66,956 ",Urban,"394,222","9,174","10,678","6,834,716","$84,655",GT80K,33%,14%,13%,39%,81%,80 - 100,"$112,082",37%,20-40%,9%,5-10%,38%,30-40%,9%,GT 8%,0.28%,49.68%,20M+, 20M+ ,20M+,20M+,AAA,"$20,919,665","$23,995,535","$26,283,432","$26,477,787","$26,477,787","$29,604,012","$17,250,702","$36,742,766","$38,825,365","$38,825,365","$39,302,637","$39,782,724","$40,092,906","$40,092,906","$39,524,896","$39,524,896",11.1%,7.9%,12.4%,8.1%,2.0%,12.0%,-41.7%,24.1%,5.7%,1.2%,2.1%,-1.4%,"$1,393,481 ","64,528"
448,"HENDERSON, NV",Open,2024,9/20/2024,2024 Relo - SEP '24 Open,2004,3/12/2004,Comp,Yes,,1,4,1,R04 D01,Las Vegas-Henderson-Paradise,"Las Vegas, NV",,500 NORTH STEPHANIE STREET,HENDERSON,NV,89014,36.1,-115.0," 26,863 ",Light Urban,"529,818","2,887","5,002","2,478,119","$76,418",70K-80K,31%,17%,14%,38%,102%,100 - 120,"$79,597",36%,20-40%,10%,10-15%,39%,30-40%,8%,GT 8%,0.87%,45.85%,12 - 20 MM, 12 - 20 MM ,12 - 20 MM,12 - 20 MM,D,"$10,872,755","$11,347,055","$11,885,423","$12,301,033","$12,301,033","$13,241,062","$9,210,317","$15,446,107","$13,344,980","$13,344,980","$13,637,379","$13,838,052","$10,114,563","$13,421,845","$9,352,171","$12,365,244",0.3%,-0.7%,4.4%,3.4%,4.8%,7.6%,-30.4%,16.7%,-13.6%,2.2%,0.3%,-7.5%,"$621,068 ","27,357"
449,"RICHMOND, VA (POCONO CROSSING)",Open,2024,3/1/2024,2024 Relo - FEB '24 Open,2004,3/10/2004,Comp,,,5,11,1,R11 D01,Richmond,"Richmond-Petersburg, VA",,11609 MIDLOTHIAN TURNPIKE,MIDLOTHIAN,VA,23113,37.5,-77.6," 31,175 ",Light Suburban,"582,800",407,"2,195","1,613,854","$86,192",GT80K,30%,15%,12%,44%,128%,GT 120,"$85,072",48%,40-60%,32%,GT 30%,12%,10-20%,3%,2-4%,0.62%,50.06%,08 - 10 MM, 08 - 10 MM ,08 - 10 MM,LT8MM,F,"$9,314,639","$9,218,347","$9,460,566","$8,874,485","$8,874,485","$8,747,589","$5,948,838","$9,744,994","$8,362,716","$8,362,716","$8,495,841","$8,591,292","$6,751,119","$8,769,877","$6,188,594","$7,949,508",-1.7%,1.6%,-1.0%,1.3%,-5.0%,-1.4%,-32.0%,11.4%,-14.2%,1.6%,5.3%,-8.3%,"$386,938 ","15,130"
450,"MIDDLETOWN, NY",Open,2004,,Original Location,2004,3/10/2004,Comp,,Yes,3,25,1,R25 D01,New York-Newark-Jersey City,"New York, NY",Top 10 DMA,444 ROUTE 211 E,MIDDLETOWN,NY,10940,41.5,-74.4," 37,916 ",Light Suburban,"492,968",296,"1,754","22,165,424","$91,890",GT80K,29%,13%,13%,45%,82%,80 - 100,"$101,231",56%,40-60%,11%,10-15%,24%,20-30%,3%,2-4%,0.08%,49.12%,12 - 20 MM, 12 - 20 MM ,12 - 20 MM,12 - 20 MM,C,"$7,771,978","$8,081,235","$8,948,571","$10,153,587","$10,153,587","$11,328,125","$7,491,068","$13,850,008","$12,422,852","$12,422,852","$13,422,652","$13,575,198","$13,813,628","$13,813,628","$13,398,545","$13,398,545",-0.9%,1.4%,4.0%,9.5%,14.6%,11.6%,-33.9%,22.3%,-10.3%,8.0%,3.0%,-3.0%,"$597,623 ","24,463"
451,"PORTLAND, OR (JANTZEN BEACH)",Open,2004,,Original Location,2004,3/10/2004,Comp,,,1,1,4,R01 D04,Portland-Vancouver-Hillsboro,"Portland, OR",,1716 JANTZEN BEACH CENTER,PORTLAND,OR,97217,45.6,-122.7," 34,489 ",Suburban,"574,130","1,811","3,421","3,591,920","$96,534",GT80K,27%,16%,14%,43%,92%,80 - 100,"$92,668",65%,GT 60%,5%,LT 5%,15%,10-20%,5%,4-6%,0.50%,51.18%,LT8MM, LT8MM ,LT8MM,LT8MM,H,"$6,368,645","$6,574,937","$6,679,811","$6,507,125","$6,507,125","$6,200,241","$3,985,812","$6,182,845","$4,890,232","$4,890,232","$4,827,228","$4,898,193","$5,332,757","$5,332,757","$4,886,606","$4,886,606",4.1%,-4.0%,3.2%,0.2%,-1.2%,-4.7%,-35.7%,-0.3%,-20.9%,-1.3%,10.5%,-8.4%,"$312,834 ","11,467"
452,CLOSED,Closed,,7/26/2019,Closure Date,,,,,,0,0,,,,,,,,,,,,,,,,,,,,,,,,,,,,,,,,,,,,,,,,,,"$8,157,233","$7,264,608","$6,219,636","$4,938,341","$4,938,341","$2,126,143",$0,$0,,,,,,,,,0.6%,-14.3%,-10.9%,-15.4%,-19.4%,1.0%, ,0.0%,,,,,$0 ,NA
453,"ORLANDO, FL (HIGHLAND LAKES)",Open,2004,,Original Location,2004,3/10/2004,Comp,Yes,,5,30,2,R30 D02,Orlando-Kissimmee-Sanford,"Orlando-Daytona Beach-Melbourne, FL",,7475 WEST COLONIAL DRIVE,ORLANDO,FL,32818,28.6,-81.5," 45,832 ",Suburban,"1,980,271","1,168","4,526","4,872,913","$82,201",GT80K,29%,20%,14%,37%,77%,LT 80,"$78,250",33%,20-40%,17%,15-20%,39%,30-40%,5%,4-6%,1.47%,51.85%,12 - 20 MM, 12 - 20 MM ,12 - 20 MM,12 - 20 MM,C,"$10,442,896","$10,646,707","$11,299,228","$11,398,309","$11,398,309","$11,381,323","$8,066,933","$14,695,207","$14,187,779","$14,187,779","$15,167,937","$15,379,012","$15,484,586","$15,484,586","$16,099,470","$16,099,470",6.9%,-0.8%,2.0%,4.6%,2.3%,-0.1%,-29.1%,29.1%,-3.5%,6.9%,2.1%,4.0%,"$624,249 ","29,413"
455,"WESTBOROUGH, MA",Open,2003,,Original Location,2003,10/17/2003,Comp,Yes,,3,10,3,R10 D03,Worcester,"Boston, MA (Manchester, NH)",Top 10 DMA,"290 TURNPIKE ROAD, UNIT 10",WESTBOROUGH,MA,1581,42.3,-71.6," 31,683 ",Exurban,"350,596","2,164","1,333","6,834,716","$89,011",GT80K,34%,14%,12%,41%,131%,GT 120,"$112,082",53%,40-60%,10%,10-15%,19%,10-20%,11%,GT 8%,0.28%,49.68%,10 - 12 MM, 10 - 12 MM ,10 - 12 MM,10 - 12 MM,D,"$7,500,627","$8,076,337","$8,983,613","$9,724,258","$9,724,258","$10,052,341","$5,980,785","$11,648,191","$10,023,826","$10,023,826","$11,111,821","$11,248,401","$11,341,342","$11,341,342","$11,395,708","$11,395,708",20.3%,3.7%,7.7%,9.6%,9.7%,3.4%,-40.5%,15.9%,-13.9%,10.9%,2.1%,0.5%,"$524,501 ","20,474"
456,"MESQUITE, TX",Open,2004,,Original Location,2004,3/5/2004,Comp,Yes,Yes,4,16,6,R16 D06,Dallas-Fort Worth-Arlington,"Dallas-Ft. Worth, TX",Top 10 DMA,1330 NORTH TOWN EAST BLVD,MESQUITE,TX,75150,32.8,-96.6," 51,598 ",Suburban,"1,137,729","1,228","3,802","9,039,276","$73,341",70K-80K,38%,17%,12%,34%,78%,LT 80,"$89,635",22%,20-40%,26%,20-30%,45%,GT 40%,3%,2-4%,1.36%,52.96%,20M+, 20M+ ,20M+,20M+,B,"$13,042,095","$13,623,988","$14,255,407","$16,641,601","$16,641,601","$18,520,492","$13,705,429","$24,060,501","$22,004,546","$22,004,546","$22,696,228","$22,960,749","$23,031,907","$23,031,907","$22,125,543","$22,125,543",7.6%,2.6%,4.5%,3.4%,18.1%,11.3%,-26.0%,29.9%,-8.5%,3.1%,1.2%,-3.9%,"$1,009,057 ","41,373"
457,"BROOKLYN, NY (ATLANTIC CTR)",Open,2004,,Original Location,2004,3/10/2004,Comp,Yes,Yes,3,14,3,R14 D03,New York-Newark-Jersey City,"New York, NY",Top 10 DMA,625 ATLANTIC AVENUE,BROOKLYN,NY,11217,40.7,-74.0," 68,579 ",Super Urban,"1,517,991","49,135","53,565","22,165,424","$78,655",70K-80K,32%,12%,10%,46%,97%,80 - 100,"$101,231",24%,20-40%,38%,GT 30%,22%,20-30%,10%,GT 8%,0.08%,49.12%,20M+, 20M+ ,20M+,20M+,AA,"$25,260,007","$27,363,928","$29,143,737","$32,369,384","$32,369,384","$33,632,796","$11,557,932","$32,502,640","$30,237,437","$30,237,437","$29,562,122","$29,967,275","$31,462,730","$31,462,730","$31,066,211","$31,066,211",11.7%,6.7%,8.3%,5.0%,12.6%,3.9%,-65.6%,-3.4%,-7.0%,-2.2%,6.5%,-1.3%,"$1,313,604 ","51,253"
458,CLOSED,Closed,,1/15/2019,Closure Date,,,,,,0,0,,,,,,,,,,,,,,,,,,,,,,,,,,,,,,,,,,,,,,,,,,"$5,024,101","$4,594,491","$4,743,117","$4,713,524","$4,793,136",$0, ,,,,,,,,,,-2.2%,-5.4%,-8.6%,2.0%,5.9%,, ,,,,,,$0 ,NA
460,"BRIDGEWATER, MA",Open,2003,,Original Location,2003,10/17/2003,Comp,Yes,,3,10,4,R10 D04,Boston-Cambridge-Newton,"Boston, MA (Manchester, NH)",Top 10 DMA,233 BROAD STREET,BRIDGEWATER,MA,2324,42.0,-71.0," 19,222 ",Exurban,"150,170","1,597","1,124","6,834,716","$95,058",GT80K,28%,14%,13%,45%,107%,100 - 120,"$112,082",48%,40-60%,23%,20-30%,10%,LT 10%,2%,LT 2%,0.28%,49.68%,LT8MM, LT8MM ,LT8MM,LT8MM,H,"$5,840,215","$6,398,003","$7,299,912","$7,226,552","$7,226,552","$6,985,104","$4,458,390","$8,534,451","$6,898,488","$6,898,488","$6,747,554","$6,828,800","$6,509,047","$6,509,047","$6,175,866","$6,175,866",15.0%,4.2%,9.6%,12.6%,0.2%,-3.3%,-36.2%,22.2%,-19.2%,-2.2%,-3.5%,-5.1%,"$293,491 ","13,356"
462,"BURLINGTON, NC",Open,2019,4/15/2019,2019 Relo - APR '19 Open,2004,7/23/2004,Comp,,,5,18,4,R18 D04,Burlington,"Greensboro-High Point-Winston Salem, NC",,529 HUFFMAN MILL RD,BURLINGTON,NC,27215,36.1,-79.5," 26,323 ",Light Suburban,"332,426",264,"1,708","1,891,531","$71,389",70K-80K,35%,19%,14%,32%,109%,100 - 120,"$66,103",55%,40-60%,25%,20-30%,13%,10-20%,2%,LT 2%,0.38%,50.49%,LT8MM, LT8MM ,08 - 10 MM,08 - 10 MM,E,"$5,186,911","$5,559,217","$6,375,732","$6,397,475","$6,397,475","$4,943,403","$5,302,962","$8,887,885","$7,530,185","$7,530,185","$7,741,378","$7,853,437","$8,218,796","$8,218,796","$9,499,916","$9,499,916",5.8%,5.8%,7.2%,13.1%,1.6%,14.1%,7.3%,10.2%,-15.3%,2.8%,6.1%,15.6%,"$426,210 ","17,285"
463,"OMAHA, NE (WESTWOOD)",Open,2004,,Original Location,2004,3/10/2004,Comp,,,1,5,3,R05 D03,Omaha-Council Bluffs,"Omaha, NE",,12303 WEST CENTER ROAD,OMAHA,NE,68144,41.2,-96.1," 39,244 ",Light Suburban,"584,174","2,645","2,721","1,218,449","$80,235",GT80K,30%,16%,13%,41%,104%,100 - 120,"$82,622",62%,GT 60%,11%,10-15%,16%,10-20%,5%,4-6%,0.46%,53.97%,08 - 10 MM, 08 - 10 MM ,08 - 10 MM,08 - 10 MM,F,"$10,262,817","$11,090,795","$10,259,302","$10,314,016","$10,314,016","$9,924,263","$6,642,410","$11,019,980","$9,236,244","$9,236,244","$9,217,662","$9,345,275","$9,205,180","$9,205,180","$8,435,916","$8,435,916",10.2%,6.8%,8.1%,-8.7%,1.9%,-3.8%,-33.1%,11.0%,-16.2%,-0.2%,-0.1%,-8.4%,"$450,764 ","16,123"
464,"N. COLUMBUS, OH",Open,2004,,Original Location,2004,3/10/2004,Comp,Yes,Yes,3,8,1,R08 D01,Columbus,"Columbus, OH",,3575 W DUBLIN GRANVILLE RD,COLUMBUS,OH,43235,40.1,-83.1," 36,199 ",Suburban,"556,514","1,784","3,578","2,701,932","$85,111",GT80K,26%,17%,12%,44%,126%,GT 120,"$76,907",56%,40-60%,20%,15-20%,8%,LT 10%,11%,GT 8%,0.51%,49.28%,08 - 10 MM, 08 - 10 MM ,08 - 10 MM,08 - 10 MM,E,"$10,359,250","$11,012,605","$11,867,508","$12,166,637","$12,166,637","$10,823,253","$6,923,375","$10,687,037","$9,085,134","$9,085,134","$9,729,531","$9,849,254","$9,378,205","$9,378,205","$9,501,308","$9,501,308",3.9%,5.1%,6.3%,6.5%,3.6%,-11.0%,-36.0%,-1.3%,-15.0%,7.1%,-3.4%,1.3%,"$479,708 ","16,681"
465,CLOSED,Closed,,1/21/2020,Closure Date,,,,,,0,0,,,,,,,,,,,,,,,,,,,,,,,,,,,,,,,,,,,,,,,,,,"$5,626,461","$5,720,816","$5,350,186","$4,952,156","$4,952,156","$4,708,665",$0,$0,,,,,,,,,-6.1%,-3.2%,1.7%,-7.6%,-6.2%,-0.9%, ,0.0%,,,,,$0 ,NA
468,"ROSEVILLE, MI",Open,2004,,Original Location,2004,7/24/2004,Comp,,,3,8,2,R08 D02,Detroit-Warren-Dearborn,"Detroit, MI",,31940 GRATIOT AVENUE,ROSEVILLE,MI,48066,42.5,-82.9," 27,638 ",Suburban,"409,876","4,192","4,261","4,913,743","$64,854",60K-70K,39%,19%,13%,29%,89%,80 - 100,"$77,383",51%,40-60%,38%,GT 30%,3%,LT 10%,2%,2-4%,-0.10%,48.12%,LT8MM, LT8MM ,08 - 10 MM,08 - 10 MM,E,"$8,735,307","$8,845,603","$9,267,145","$8,723,771","$8,723,771","$8,523,946","$5,440,084","$8,912,478","$6,988,332","$6,988,332","$7,758,490","$7,860,577","$8,774,846","$8,774,846","$9,198,506","$9,198,506",11.3%,3.7%,1.3%,3.3%,-4.6%,-2.3%,-36.2%,4.6%,-21.6%,11.0%,13.1%,4.8%,"$395,093 ","17,045"
471,"HOUSTON, TX (ELDRIDGE)",Open,2019,3/8/2019,2019 Relo - MAR '19 Open,2004,10/1/2004,Comp,Yes,,4,17,4,R17 D04,Houston-The Woodlands-Sugar Land,"Houston, TX",Top 10 DMA,13441 WESTHEIMER RD STE 100,HOUSTON,TX,77082,29.7,-95.6," 29,576 ",Light Urban,"1,421,732","3,732","5,696","8,054,291","$85,254",GT80K,28%,16%,13%,43%,81%,80 - 100,"$82,684",23%,20-40%,20%,20-30%,36%,30-40%,17%,GT 8%,1.17%,52.51%,12 - 20 MM, 12 - 20 MM ,12 - 20 MM,12 - 20 MM,D,"$10,132,441","$9,565,818","$9,072,185","$9,710,567","$9,710,567","$9,233,158","$8,655,544","$15,498,274","$13,458,985","$13,458,985","$13,296,498","$13,480,201","$14,041,922","$14,041,922","$12,662,523","$12,662,523",3.8%,-8.8%,-5.6%,-6.4%,8.6%,36.9%,-6.3%,14.9%,-13.2%,-1.2%,5.9%,-9.8%,"$665,675 ","24,954"
474,CLOSED,Closed,,2/5/2020,Closure Date,,,,,,0,0,,,,,,,,,,,,,,,,,,,,,,,,,,,,,,,,,,,,,,,,,,"$6,927,509","$6,579,626","$6,524,402","$5,606,769","$5,606,769","$5,198,154",$0,$0,,,,,,,,,2.7%,-7.4%,-5.0%,-2.2%,-12.9%,-7.3%, ,0.0%,,,,,$0 ,NA
475,"BLOOMFIELD, CT",Open,2004,,Original Location,2004,8/28/2004,Comp,,,3,10,6,R10 D06,Hartford-West Hartford-East Hartford,"Hartford & New Haven, CT",,271A COTTAGE GROVE ROAD,BLOOMFIELD,CT,6002,41.8,-72.7," 35,185 ",Light Suburban,"98,666","1,863","2,440","2,641,771","$66,885",60K-70K,42%,15%,11%,32%,89%,80 - 100,"$89,240",22%,20-40%,51%,GT 30%,19%,10-20%,3%,2-4%,-0.04%,48.18%,10 - 12 MM, 12 - 20 MM ,12 - 20 MM,12 - 20 MM,C,"$9,892,223","$10,746,425","$10,545,839","$10,644,393","$10,644,393","$11,071,323","$7,426,484","$12,740,418","$11,459,701","$11,459,701","$12,157,449","$12,322,413","$12,997,200","$12,997,200","$13,276,465","$13,276,465",11.1%,6.7%,8.6%,-3.1%,2.3%,4.0%,-32.9%,15.1%,-10.1%,6.1%,6.8%,2.1%,"$589,704 ","23,513"
476,"LANSING, MI",Open,2024,10/4/2024,2024 Relo - SEP '24 Open,2004,9/23/2004,Comp,Yes,,3,8,5,R08 D05,Lansing-East Lansing,"Lansing, MI",,8110 W SAGINAW HWY STE D,LANSING,MI,48917,42.7,-84.7, -   ,Exurban,"190,996","1,039","1,077","675,546","$64,848",60K-70K,32%,19%,17%,32%,112%,100 - 120,"$70,456",61%,GT 60%,17%,15-20%,11%,10-20%,4%,2-4%,-0.11%,47.91%,LT8MM, 08 - 10 MM ,08 - 10 MM,08 - 10 MM,F,"$6,445,141","$6,869,455","$7,753,895","$7,936,619","$7,936,619","$8,289,307","$5,474,785","$8,874,133","$7,679,233","$7,679,233","$8,062,984","$8,173,856","$4,954,751","$8,057,065","$4,733,564","$8,037,262",8.7%,5.0%,6.6%,11.4%,3.6%,4.4%,-34.0%,7.1%,-13.5%,5.0%,2.0%,-4.5%,"$219,599 ","15,157"
477,"STATEN ISLAND, NY",Open,2004,,Original Location,2004,9/1/2004,Comp,Yes,,3,14,3,R14 D03,New York-Newark-Jersey City,"New York, NY",Top 10 DMA,1801 SOUTH AVENUE,STATEN ISLAND,NY,10314,40.6,-74.2," 45,031 ",Suburban,"477,120","8,976","4,936","22,165,424","$101,504",GT80K,27%,12%,11%,49%,98%,80 - 100,"$101,231",53%,40-60%,9%,5-10%,20%,10-20%,15%,GT 8%,0.08%,49.12%,12 - 20 MM, 12 - 20 MM ,12 - 20 MM,12 - 20 MM,D,"$12,033,809","$12,189,612","$12,375,734","$13,689,016","$13,689,016","$13,953,107","$8,600,504","$15,573,574","$13,164,218","$13,164,218","$14,327,502","$14,519,285","$12,389,802","$12,389,802","$12,710,100","$12,710,100",-2.1%,8.1%,1.3%,0.2%,12.1%,1.9%,-38.4%,11.6%,-15.5%,8.8%,-13.5%,2.6%,"$641,400 ","21,090"
478,"EAST HANOVER, NJ",Open,2004,,Original Location,2004,9/16/2004,Comp,Yes,,3,13,6,R13 D06,New York-Newark-Jersey City,"New York, NY",Top 10 DMA,240 STATE ROUTE 10,EAST HANOVER,NJ,7936,40.8,-74.4," 23,948 ",Light Suburban,"597,768","3,886","1,586","22,165,424","$103,973",GT80K,27%,13%,11%,49%,177%,GT 120,"$101,231",33%,20-40%,32%,GT 30%,19%,10-20%,11%,GT 8%,0.08%,49.12%,LT8MM, LT8MM ,LT8MM,LT8MM,H,"$3,958,905","$5,450,707","$5,569,647","$5,679,066","$5,679,066","$5,921,570","$3,901,440","$7,593,026","$6,839,837","$6,839,837","$6,562,705","$6,650,311","$6,372,339","$6,372,339","$5,909,333","$5,909,333",-4.4%,21.4%,45.4%,1.0%,3.2%,4.3%,-34.1%,28.2%,-9.9%,-4.1%,-2.7%,-7.3%,"$367,461 ","11,831"
479,"CONCORD, NH",Open,2004,,Original Location,2004,9/18/2004,Comp,Yes,,3,10,3,R10 D03,Concord,"Boston, MA (Manchester, NH)",Top 10 DMA,80 STORRS ST STE 10,CONCORD,NH,3301,43.2,-71.5," 14,988 ",Exurban,"335,763",223,"1,093","6,834,716","$90,998",GT80K,25%,18%,13%,43%,70%,LT 80,"$112,082",83%,GT 60%,3%,LT 5%,6%,LT 10%,3%,2-4%,0.28%,49.68%,LT8MM, LT8MM ,LT8MM,LT8MM,H,"$6,632,400","$6,338,954","$6,273,522","$6,060,694","$6,060,694","$5,993,596","$4,010,949","$6,713,208","$5,790,574","$5,790,574","$5,800,750","$5,873,335","$5,413,124","$5,413,124","$4,426,949","$4,426,949",4.4%,-2.8%,-4.4%,-2.3%,-2.1%,-1.1%,-33.1%,12.0%,-13.7%,0.2%,-6.6%,-18.2%,"$314,588 ","10,669"
480,"WATERBURY, CT",Open,2025,8/22/2025,2025 Relo - AUG '25 Open,2004,10/22/2004,Comp,Yes,,3,10,6,R10 D06,New Haven-Milford,"Hartford & New Haven, CT",,185 UNION STREET,WATERBURY,CT,6706,41.6,-73.0," 16,425 ",Suburban,"273,131","1,327","3,937","2,641,771","$75,433",70K-80K,33%,14%,13%,40%,60%,LT 80,"$89,240",54%,40-60%,12%,10-15%,27%,20-30%,2%,2-4%,-0.04%,48.18%,10 - 12 MM, 10 - 12 MM ,10 - 12 MM,10 - 12 MM,D,"$8,423,570","$8,581,979","$8,902,353","$9,350,127","$9,350,127","$10,406,052","$7,185,795","$11,586,982","$10,111,995","$10,111,995","$10,026,079","$10,166,359","$11,771,874","$11,771,874","$6,866,712","$11,408,839",6.0%,3.0%,1.9%,2.4%,6.4%,11.3%,-30.9%,11.3%,-12.7%,-0.8%,17.4%,-0.1%,"$417,170 ","21,429"
481,"AURORA, CO (SABLE RIDGE)",Open,2005,,Original Location,2005,2/26/2005,Comp,Yes,Yes,1,1,1,R01 D01,Denver-Aurora-Lakewood,"Denver, CO",,1200 SOUTH ABELINE STREET,AURORA,CO,80012,39.7,-104.8," 35,713 ",Light Urban,"575,545","1,886","6,592","4,891,657","$88,787",GT80K,28%,18%,15%,39%,73%,LT 80,"$102,369",35%,20-40%,18%,15-20%,35%,30-40%,7%,6-8%,0.81%,52.15%,12 - 20 MM, 12 - 20 MM ,20M+,20M+,B,"$13,803,618","$14,118,598","$15,428,403","$14,591,662","$14,591,662","$15,014,101","$10,493,229","$16,616,526","$16,302,203","$16,302,203","$18,473,631","$18,734,431","$21,407,456","$21,407,456","$20,464,740","$20,464,740",0.5%,5.3%,2.3%,8.0%,-4.4%,2.9%,-30.1%,10.7%,-1.9%,13.3%,15.7%,-4.4%,"$854,393 ","36,295"
482,"LYNCHBURG, VA",Open,2021,9/3/2021,2021 Relo - SEP '21 Open,2005,3/1/2005,Comp,,,5,11,3,R11 D03,Lynchburg,"Roanoke-Lynchburg, VA",,"475 SIMONS RUN, SUITE E",LYNCHBURG,VA,24502,37.3,-79.2," 18,455 ",Exurban,"235,135",121,"1,392","1,148,226","$66,727",60K-70K,39%,19%,13%,29%,99%,80 - 100,"$62,027",71%,GT 60%,18%,15-20%,4%,LT 10%,2%,LT 2%,0.00%,48.99%,LT8MM, LT8MM ,LT8MM,LT8MM,H,"$5,399,423","$5,120,929","$5,307,595","$5,270,015","$5,270,015","$5,257,222","$3,659,769","$5,694,150","$3,428,243","$5,114,380","$4,475,489","$4,540,189","$4,378,910","$4,378,910","$4,432,814","$4,432,814",3.1%,-4.9%,-5.2%,2.2%,0.6%,-0.2%,-30.4%,10.3%,-11.8%,-12.5%,-2.2%,1.2%,"$242,515 ","9,743"
483,"GRAND RAPIDS, MI",Open,2005,,Original Location,2005,3/1/2005,Comp,,,3,8,5,R08 D05,Grand Rapids-Wyoming,"Grand Rapids-Kalamazoo-Battle Creek, MI",,3800 28TH STREET SOUTH EAST,GRAND RAPIDS,MI,49512,42.9,-85.6," 31,502 ",Light Suburban,"231,855","3,268","2,403","2,126,807","$69,696",60K-70K,35%,19%,15%,31%,105%,100 - 120,"$75,179",48%,40-60%,19%,15-20%,21%,20-30%,6%,4-6%,0.16%,52.70%,10 - 12 MM, 12 - 20 MM ,12 - 20 MM,12 - 20 MM,C,"$7,412,532","$8,019,049","$8,486,355","$8,655,499","$9,418,785","$9,796,508","$7,127,277","$13,487,532","$11,664,420","$11,664,420","$12,862,017","$13,037,323","$13,784,171","$13,784,171","$13,893,883","$13,893,883",7.6%,6.9%,8.2%,4.5%,14.0%,13.2%,-33.8%,25.3%,-13.5%,10.3%,7.2%,0.8%,"$611,292 ","23,520"
486,"EL PASO, TX",Open,2005,,Original Location,2005,7/28/2005,Comp,Yes,Yes,4,28,4,R28 D04,El Paso,"El Paso, TX (Las Cruces, NM)",,1144 YARBROUGH DRIVE,EL PASO,TX,79925,31.8,-106.3," 65,671 ",Suburban,"417,822","2,617","4,391","1,105,750","$63,670",60K-70K,41%,21%,13%,25%,90%,80 - 100,"$61,021",7%,LT 20%,2%,LT 5%,89%,GT 40%,1%,LT 2%,0.30%,48.20%,20M+, 20M+ ,20M+,20M+,AA,"$19,715,209","$20,533,277","$22,669,796","$23,804,664","$23,804,664","$25,921,010","$15,317,127","$29,863,516","$30,181,700","$30,181,700","$30,448,186","$30,893,274","$31,829,607","$31,829,607","$30,028,296","$30,028,296",2.8%,3.6%,4.1%,9.0%,6.2%,9.3%,-40.9%,15.2%,1.1%,0.9%,4.6%,-5.7%,"$1,003,891 ","58,788"
487,"OKLAHOMA CITY, OK (S. SHIELDS)",Open,2022,5/26/2022,2022 Remodel - MAY '22 Open,2005,9/2/2005,Comp,,,4,16,2,R16 D02,Oklahoma City,"Oklahoma City, OK",,7401 SOUTH SHEILDS BLVD,OKLAHOMA CITY,OK,73149,35.4,-97.5, -   ,Suburban,"255,438","1,520","3,321","2,048,734","$63,246",60K-70K,39%,17%,13%,30%,76%,LT 80,"$70,481",40%,40-60%,9%,5-10%,36%,30-40%,3%,2-4%,0.54%,49.53%,LT8MM, LT8MM ,LT8MM,LT8MM,G,"$9,031,585","$9,359,545","$9,379,174","$9,431,278","$9,431,278","$8,473,576","$5,475,274","$9,430,004","$6,782,090","$6,983,687","$6,222,291","$7,383,465","$6,933,807","$6,933,807","$6,665,753","$6,665,753",6.9%,-2.4%,3.6%,-1.0%,1.8%,-10.2%,-35.4%,11.3%,-15.5%,-8.3%,-4.8%,-3.9%,"$385,817 ","14,635"
488,"HOUSTON, TX (BROOKHOLLOW)",Open,2020,9/10/2020,2020 Relo - SEP '20 Open,2005,10/19/2005,Comp,Yes,,4,17,5,R17 D05,Houston-The Woodlands-Sugar Land,"Houston, TX",Top 10 DMA,4518 DACOMA ST,HOUSTON,TX,77092,29.8,-95.5," 32,241 ",Suburban,"1,405,636","3,023","4,910","8,054,291","$78,645",70K-80K,34%,17%,12%,37%,116%,100 - 120,"$82,684",20%,20-40%,21%,20-30%,49%,GT 40%,7%,6-8%,1.17%,52.51%,10 - 12 MM, 12 - 20 MM ,12 - 20 MM,12 - 20 MM,C,"$8,866,642","$8,713,293","$8,948,172","$9,919,366","$9,919,366","$10,808,721","$4,301,574","$13,314,633","$11,877,829","$11,877,829","$12,355,043","$12,530,497","$13,455,269","$13,455,269","$13,404,532","$13,404,532",4.6%,-2.3%,-1.7%,1.5%,12.2%,9.0%,-60.2%,23.2%,-10.8%,4.0%,8.8%,-0.4%,"$689,622 ","26,645"
489,"ALBUQUERQUE, NM (COTTONWOOD)",Open,2021,10/22/2021,2021 Relo - OCT '21 Open,2005,9/2/2005,Comp,,,1,3,4,R03 D04,Albuquerque,"Albuquerque-Santa Fe, NM",,"3550 NM-528, SUITE BB1",ALBUQUERQUE,NM,87114,35.2,-106.7," 19,971 ",Light Suburban,"375,413",286,"2,514","1,971,885","$78,273",70K-80K,29%,17%,16%,38%,127%,GT 120,"$66,276",32%,20-40%,3%,LT 5%,56%,GT 40%,2%,LT 2%,0.32%,45.65%,LT8MM, LT8MM ,LT8MM,LT8MM,H,"$8,034,152","$7,354,921","$7,057,411","$6,637,559","$6,637,559","$6,713,943","$4,273,142","$6,502,257","$3,765,643","$6,321,463","$6,118,422","$6,202,966","$5,995,308","$5,995,308","$6,038,749","$6,038,749",-0.3%,-1.2%,-8.5%,-5.2%,-4.7%,1.2%,-36.4%,15.9%,-14.4%,-3.2%,-2.0%,0.7%,"$372,772 ","14,327"
490,"KENNEWICK, WA",Open,2005,,Original Location,2005,8/29/2005,Comp,,,1,1,2,R01 D02,Kennewick-Richland,"Yakima-Pasco-Richland-Kennewick, WA",,7411 W CANAL DRIVE UNIT J,KENNEWICK,WA,99336,46.2,-119.2," 35,638 ",Light Suburban,"309,897",113,"2,668","792,829","$77,313",70K-80K,30%,16%,16%,38%,110%,100 - 120,"$76,135",45%,40-60%,1%,LT 5%,47%,GT 40%,2%,2-4%,0.61%,50.69%,12 - 20 MM, 12 - 20 MM ,12 - 20 MM,12 - 20 MM,B,"$10,765,049","$11,958,121","$12,700,120","$13,414,799","$13,414,799","$15,007,136","$9,333,442","$17,778,885","$15,999,868","$15,999,868","$18,110,832","$18,356,377","$19,396,691","$19,396,691","$18,775,368","$18,775,368",11.2%,4.0%,11.1%,5.0%,6.8%,11.9%,-37.8%,18.5%,-10.0%,13.2%,7.2%,-3.2%,"$753,583 ","36,604"
491,"HALLANDALE, FL",Open,2005,,Original Location,2005,10/1/2005,Comp,Yes,Yes,5,31,7,R31 D07,Miami-Fort Lauderdale-West Palm Beach,"Miami-Ft. Lauderdale, FL",Top 10 DMA,1409 E HALLANDALE BEACH BLVD,HALLANDALE,FL,33009,26.0,-80.1," 56,631 ",Light Urban,"1,297,980","1,102","7,570","4,800,721","$72,067",70K-80K,42%,15%,14%,29%,90%,80 - 100,"$78,384",14%,LT 20%,25%,20-30%,56%,GT 40%,2%,2-4%,0.33%,48.16%,20M+, 20M+ ,20M+,20M+,A,"$20,136,453","$21,846,184","$23,643,164","$23,827,752","$23,827,752","$24,744,604","$14,978,000","$24,844,778","$21,495,056","$21,495,056","$21,920,228","$22,315,436","$23,336,458","$23,336,458","$22,181,794","$22,181,794",1.0%,10.3%,8.5%,6.4%,2.4%,4.2%,-39.5%,0.4%,-13.5%,2.0%,6.6%,-4.9%,"$938,636 ","38,954"
492,"MANSFIELD, OH",Open,2020,8/17/2020,2020 Remodel - AUG '20 Open,2005,8/29/2005,Comp,,,3,8,1,R08 D01,Mansfield,"Cleveland-Akron (Canton), OH",,580 N LEXINGTON SPRINGMILL R,MANSFIELD,OH,44906,40.8,-82.6, -   ,Exurban,"193,719",193,830,"3,823,814","$59,250",LT60K,44%,19%,14%,23%,74%,LT 80,"$69,527",85%,GT 60%,6%,5-10%,3%,LT 10%,1%,LT 2%,-0.09%,47.83%,LT8MM, LT8MM ,LT8MM,LT8MM,H,"$5,380,098","$5,267,556","$5,332,996","$5,277,811","$5,277,811","$5,270,698","$2,754,480","$6,196,664","$4,517,340","$4,517,340","$4,420,609","$4,481,799","$4,225,184","$4,225,184","$4,140,666","$4,140,666",2.4%,-1.8%,-2.1%,-0.1%,0.3%,-0.1%,-47.7%,17.6%,-27.1%,-2.1%,-4.1%,-2.0%,"$254,569 ","9,079"
493,"IRVING, TX",Open,2005,,Original Location,2005,7/28/2005,Comp,,Yes,4,16,4,R16 D04,Dallas-Fort Worth-Arlington,"Dallas-Ft. Worth, TX",Top 10 DMA,3710 IRVING MALL,IRVING,TX,75062,32.8,-97.0," 55,269 ",Light Urban,"1,253,430","3,180","5,135","9,039,276","$74,026",70K-80K,33%,18%,13%,36%,77%,LT 80,"$89,635",16%,LT 20%,28%,20-30%,43%,GT 40%,9%,GT 8%,1.36%,52.96%,12 - 20 MM, 12 - 20 MM ,10 - 12 MM,10 - 12 MM,D,"$9,674,876","$9,828,239","$10,695,342","$11,903,037","$11,903,037","$12,220,587","$8,222,571","$13,419,215","$10,290,597","$12,072,582","$12,574,849","$12,707,346","$11,871,952","$11,871,952","$11,652,554","$11,652,554",3.5%,1.1%,1.6%,7.4%,12.6%,2.7%,-20.2%,14.5%,-12.8%,4.2%,-5.7%,-1.8%,"$638,477 ","21,068"
494,"READING, PA",Open,2022,11/11/2022,2022 Relo - NOV '22 Open,2005,8/30/2005,Comp,Yes,,3,25,3,R25 D03,Reading,"Philadelphia, PA",Top 10 DMA,3215 N. 5TH ST. HIGHWAY,READING,PA,19605,40.4,-75.9," 18,199 ",Suburban,"341,300",621,"3,170","8,441,533","$76,094",70K-80K,32%,20%,13%,35%,70%,LT 80,"$88,536",59%,40-60%,5%,LT 5%,31%,30-40%,2%,LT 2%,0.23%,48.33%,08 - 10 MM, 08 - 10 MM ,10 - 12 MM,12 - 20 MM,D,"$6,807,404","$7,803,562","$8,401,502","$8,814,540","$8,814,540","$9,904,702","$6,814,892","$12,971,158","$6,205,652","$9,238,337","$6,305,977","$9,912,122","$10,738,517","$10,738,517","$12,510,402","$12,510,402",9.2%,5.3%,14.6%,6.2%,6.3%,12.4%,-31.2%,31.0%,-29.7%,1.6%,10.0%,16.5%,"$499,090 ","20,875"
495,"JENKINTOWN, PA",Open,2005,,Original Location,2005,8/23/2005,Comp,Yes,,3,25,5,R25 D05,Philadelphia-Camden-Wilmington,"Philadelphia, PA",Top 10 DMA,"323 OLD YORK ROAD, UNIT B",JENKINTOWN,PA,19046,40.1,-75.1," 30,642 ",Light Urban,"485,236","10,262","5,722","8,441,533","$62,440",60K-70K,42%,17%,11%,30%,95%,80 - 100,"$88,536",25%,20-40%,42%,GT 30%,20%,20-30%,8%,GT 8%,0.23%,48.33%,LT8MM, LT8MM ,LT8MM,LT8MM,H,"$5,311,371","$5,670,676","$6,807,901","$6,874,866","$6,874,866","$7,026,161","$4,486,623","$8,035,505","$6,595,466","$6,595,466","$6,523,179","$6,615,172","$6,265,265","$6,265,265","$6,440,664","$6,440,664",7.9%,7.5%,6.8%,18.2%,2.3%,2.2%,-36.1%,14.4%,-17.9%,-1.1%,-3.9%,2.8%,"$389,052 ","13,729"
496,"BLAINE, MN",Open,2005,,Original Location,2005,9/1/2005,Comp,Yes,Yes,1,5,1,R05 D01,Minneapolis-St. Paul-Bloomington,"Minneapolis-St. Paul, MN",,600 NORTHTOWN DRIVE,BLAINE,MN,55434,45.1,-93.3," 51,284 ",Light Suburban,"592,139","2,233","2,872","5,035,066","$89,641",GT80K,25%,16%,15%,44%,94%,80 - 100,"$91,896",57%,40-60%,19%,15-20%,8%,LT 10%,10%,GT 8%,0.42%,52.29%,12 - 20 MM, 12 - 20 MM ,12 - 20 MM,12 - 20 MM,C,"$12,179,443","$13,681,812","$14,992,497","$15,861,632","$15,861,632","$17,065,664","$10,885,986","$15,694,913","$12,912,449","$12,912,449","$13,992,449","$14,210,771","$16,003,338","$16,003,338","$15,856,910","$15,856,910",8.1%,1.2%,12.3%,8.0%,7.2%,7.6%,-36.2%,-8.0%,-17.7%,8.4%,14.1%,-0.9%,"$623,098 ","26,219"
497,"FORT WAYNE, IN",Open,2022,4/22/2022,2022 Relo - APR '22 Open,2005,9/8/2005,Comp,,,3,8,1,R08 D01,Fort Wayne,"Ft. Wayne, IN",,4140 W Jefferson Blvd Bldg J,FORT WAYNE,IN,46804,41.1,-85.2," 19,921 ",Light Suburban,"134,259","1,670","1,828","761,538","$61,208",60K-70K,40%,19%,14%,27%,82%,80 - 100,"$69,834",52%,40-60%,19%,15-20%,14%,10-20%,9%,GT 8%,0.26%,52.26%,LT8MM, 08 - 10 MM ,08 - 10 MM,08 - 10 MM,F,"$6,710,039","$6,863,725","$7,279,605","$7,129,297","$7,129,297","$6,997,635","$5,142,054","$7,979,753","$5,209,543","$7,141,255","$5,400,425","$8,093,739","$8,132,430","$8,132,430","$8,253,485","$8,253,485",-6.2%,10.2%,2.3%,4.7%,-0.9%,-1.8%,-26.5%,14.0%,0.0%,3.7%,2.0%,1.5%,"$455,561 ","15,368"
520,"SAVANNAH, GA",Open,2020,3/6/2020,2020 Relo - MAR '20 Open,2006,3/3/2006,Comp,,,5,19,4,R19 D04,Savannah,"Savannah, GA",,"7400 ABERCORN ST, ST 5",SAVANNAH,GA,31406,32.0,-81.1," 34,786 ",Light Suburban,"367,181",255,"2,268","1,042,193","$74,848",70K-80K,35%,15%,16%,34%,87%,80 - 100,"$70,570",48%,40-60%,34%,GT 30%,10%,LT 10%,3%,2-4%,1.08%,50.75%,10 - 12 MM, 12 - 20 MM ,10 - 12 MM,10 - 12 MM,D,"$7,308,233","$6,932,851","$6,996,098","$7,231,030","$7,231,030","$7,731,321","$6,611,835","$12,648,984","$11,258,878","$11,258,878","$12,155,717","$12,340,485","$10,884,979","$10,884,979","$11,455,344","$11,455,344",-2.7%,-12.7%,-5.1%,-0.5%,4.8%,6.9%,-14.5%,63.6%,-11.0%,8.0%,-10.5%,5.2%,"$619,038 ","21,070"
521,"SAGINAW, MI",Open,2006,,Original Location,2006,3/3/2006,Comp,,,3,8,5,R08 D05,Saginaw,"Flint-Saginaw-Bay City, MI",,3175 WEST BAY DRIVE SUITE C,SAGINAW,MI,48604,43.5,-84.0," 39,354 ",Exurban,"117,354",718,"1,204","1,108,869","$54,479",LT60K,50%,18%,12%,21%,99%,80 - 100,"$62,356",54%,40-60%,27%,20-30%,12%,10-20%,2%,LT 2%,-0.22%,48.92%,LT8MM, LT8MM ,LT8MM,LT8MM,G,"$5,915,959","$6,127,464","$6,278,256","$6,035,932","$6,035,932","$6,668,277","$4,807,933","$7,728,350","$6,030,356","$6,030,356","$6,700,392","$6,787,445","$6,965,545","$6,965,545","$7,336,859","$7,336,859",6.0%,1.7%,3.6%,1.1%,-2.6%,10.5%,-27.9%,15.9%,-22.0%,11.1%,3.9%,5.3%,"$310,732 ","14,259"
522,"HORSEHEADS, NY",Open,2026,5/15/2026,2026 Relo - MAY '26 Open,2006,8/24/2006,Non-Comp,,,3,10,5,R10 D05,Elmira,"Elmira (Corning), NY",,3300 CHAMBERS ROAD,HORSEHEADS,NY,14845,42.2,-76.9, -   ,Exurban,"152,583",134,546,"229,784","$64,571",60K-70K,41%,18%,12%,29%,107%,100 - 120,"$64,701",85%,GT 60%,4%,LT 5%,3%,LT 10%,2%,2-4%,-0.52%,52.60%,LT8MM, LT8MM ,LT8MM,LT8MM,H,"$6,536,987","$6,462,262","$6,920,362","$7,057,881","$7,057,881","$7,036,659","$4,250,233","$7,546,960","$5,668,197","$5,668,197","$5,973,761","$6,055,001","$6,049,304","$6,049,304","$5,882,582","$5,882,582",0.2%,0.0%,-1.1%,5.7%,3.2%,-0.3%,-39.6%,7.2%,-24.9%,5.4%,1.3%,-2.8%,"$322,597 ","12,923"
523,"MELROSE PARK, IL",Open,2006,,Original Location,2006,8/21/2006,Comp,Yes,,4,7,3,R07 D03,Chicago-Naperville-Elgin,"Chicago, IL",Top 10 DMA,2031 MANNHEIM ROAD,MELROSE PARK,IL,60160,41.9,-87.9," 40,744 ",Suburban,"746,456","6,525","4,965","9,518,952","$76,233",70K-80K,33%,16%,14%,36%,89%,80 - 100,"$91,619",27%,20-40%,20%,20-30%,47%,GT 40%,4%,2-4%,-0.18%,48.49%,10 - 12 MM, 10 - 12 MM ,08 - 10 MM,08 - 10 MM,E,"$8,497,704","$8,891,044","$9,381,819","$10,016,414","$10,016,414","$10,244,237","$7,254,056","$11,996,846","$10,158,582","$10,158,582","$10,457,788","$10,607,449","$9,258,768","$9,258,768","$8,789,031","$8,789,031",2.4%,3.5%,4.6%,4.2%,8.0%,2.3%,-29.2%,17.1%,-15.3%,2.9%,-11.5%,-5.1%,"$448,728 ","17,996"
524,"SHAWNEE MISSION, KS",Open,2006,,Original Location,2006,8/30/2006,Comp,,,4,6,4,R06 D04,Kansas City,"Kansas City, MO",,6451 QUIVERA ROAD,SHAWNEE MISSION,KS,66216,39.0,-94.7," 27,068 ",Light Suburban,"397,619","1,242","2,906","2,667,726","$84,223",GT80K,29%,17%,14%,40%,103%,100 - 120,"$80,698",59%,40-60%,11%,10-15%,20%,20-30%,4%,4-6%,0.36%,51.96%,08 - 10 MM, 08 - 10 MM ,08 - 10 MM,08 - 10 MM,E,"$8,713,082","$9,156,690","$9,855,719","$10,294,149","$10,294,149","$10,264,403","$6,578,196","$10,342,167","$8,238,871","$8,238,871","$8,168,827","$8,282,186","$8,460,895","$8,460,895","$8,778,522","$8,778,522",8.8%,7.7%,5.1%,6.2%,5.8%,-0.3%,-35.9%,0.8%,-20.3%,-0.9%,3.6%,3.8%,"$428,337 ","16,275"
525,"FARGO, ND",Open,2006,,Original Location,2006,9/7/2006,Comp,,,1,5,1,R05 D01,Fargo,"Fargo, ND",,4305 13TH AVENUE SOUTH,FARGO,ND,58103,46.9,-96.9," 56,103 ",Suburban,"195,954",620,"3,241","674,673","$77,259",70K-80K,33%,19%,14%,34%,86%,80 - 100,"$75,247",77%,GT 60%,9%,5-10%,4%,LT 10%,3%,2-4%,0.32%,50.89%,LT8MM, LT8MM ,LT8MM,LT8MM,G,"$6,132,801","$6,372,724","$6,988,753","$6,629,788","$6,629,788","$6,154,803","$4,419,613","$6,708,575","$6,588,228","$6,588,228","$7,155,084","$7,252,592","$7,617,471","$7,617,471","$7,254,255","$7,254,255",-4.8%,-14.7%,3.9%,8.3%,-4.0%,-7.2%,-28.2%,9.0%,-1.8%,8.6%,6.6%,-4.8%,"$367,316 ","11,885"
526,"DEARBORN, MI",Open,2006,,Original Location,2006,9/22/2006,Comp,Yes,Yes,3,8,2,R08 D02,Detroit-Warren-Dearborn,"Detroit, MI",,16301 FORD ROAD,DEARBORN,MI,48126,42.3,-83.2," 49,163 ",Suburban,"319,000","5,829","4,637","4,913,743","$45,640",LT60K,47%,17%,12%,24%,57%,LT 80,"$77,383",37%,20-40%,44%,GT 30%,13%,10-20%,1%,LT 2%,-0.10%,48.12%,12 - 20 MM, 12 - 20 MM ,20M+,20M+,B,"$12,952,888","$13,744,016","$15,486,073","$16,537,459","$16,537,459","$18,281,705","$11,512,281","$19,425,451","$18,508,940","$18,508,940","$19,339,443","$19,610,697","$20,923,667","$20,923,667","$20,735,748","$20,735,748",12.4%,7.5%,6.1%,11.2%,8.0%,10.5%,-37.0%,6.3%,-4.7%,4.5%,8.3%,-0.9%,"$862,511 ","33,895"
527,"LONGVIEW, TX",Open,2024,2/23/2024,2024 Relo - FEB '24 Open,2006,9/1/2006,Comp,,,4,16,6,R16 D06,Longview,"Tyler-Longview(Lufkin & Nacogdoches), TX",,422 W LOOP 281 SUITE 200,LONGVIEW,TX,75605,32.5,-94.8," 17,927 ",Light Suburban,"275,070",129,"1,722","778,093","$64,540",60K-70K,37%,19%,13%,32%,104%,100 - 120,"$66,299",59%,40-60%,17%,15-20%,18%,10-20%,1%,LT 2%,0.43%,51.49%,08 - 10 MM, 10 - 12 MM ,08 - 10 MM,10 - 12 MM,D,"$8,053,745","$8,389,051","$9,115,880","$9,310,907","$9,310,907","$9,524,646","$6,583,426","$11,521,076","$9,376,333","$9,376,333","$10,179,337","$10,283,706","$7,130,264","$9,486,168","$8,003,108","$10,283,103",8.7%,-6.4%,4.2%,7.1%,3.5%,2.3%,-30.9%,21.0%,-18.6%,8.6%,-7.8%,12.2%,"$433,486 ","17,380"
528,CLOSED,Closed,,2/12/2017,Closure Date,,,,,,0,0,,,,,,,,,,,,,,,,,,,,,,,,,,,,,,,,,,,,,,,,,,"$5,023,324","$4,412,260","$81,141",,,, ,,,,,,,,,,-4.1%,-2.8%,-12.2%,,,, ,,,,,,$0 ,NA
529,"SHERMAN, TX",Open,2026,6/19/2026,2026 Relo - JUN '26 Open,2006,8/31/2006,Comp,,,4,16,1,R16 D01,Sherman-Denison,"Sherman, TX-Ada, OK",,4800 TEXOMA PARKWAY,SHERMAN,TX,75090,33.7,-96.6, -   ,Exurban,"461,476",83,578,"368,121","$79,527",70K-80K,35%,17%,12%,37%,99%,80 - 100,"$62,001",66%,GT 60%,7%,5-10%,16%,10-20%,2%,LT 2%,0.81%,51.91%,LT8MM, LT8MM ,LT8MM,LT8MM,H,"$4,761,935","$4,818,297","$4,919,055","$5,017,891","$5,017,891","$5,317,933","$4,271,737","$7,068,257","$5,876,622","$5,876,622","$6,331,931","$6,400,089","$6,338,279","$6,338,279","$6,253,021","$6,253,021",4.0%,2.5%,1.2%,0.7%,3.4%,6.0%,-19.7%,32.9%,-16.9%,7.7%,0.1%,-1.3%,"$373,872 ","13,637"
530,"WESTLAND, MI",Open,2006,,Original Location,2006,9/20/2006,Comp,Yes,,3,8,4,R08 D04,Detroit-Warren-Dearborn,"Detroit, MI",,355555 WARREN ROAD,WESTLAND,MI,48185,42.3,-83.4," 29,904 ",Suburban,"483,907","3,149","3,540","4,913,743","$69,377",60K-70K,36%,17%,13%,34%,90%,80 - 100,"$77,383",62%,GT 60%,22%,20-30%,5%,LT 10%,6%,4-6%,-0.10%,48.12%,10 - 12 MM, 10 - 12 MM ,10 - 12 MM,10 - 12 MM,D,"$8,891,687","$9,320,636","$9,930,095","$9,928,541","$9,928,541","$9,742,249","$6,385,524","$12,146,630","$10,488,682","$10,488,682","$11,103,238","$11,264,480","$11,306,450","$11,306,450","$11,004,553","$11,004,553",7.6%,6.6%,4.8%,5.2%,1.2%,-1.9%,-34.5%,24.7%,-13.6%,5.9%,1.8%,-2.7%,"$565,925 ","20,035"
531,"RICHARDSON, TX",Open,2006,,Original Location,2006,9/15/2006,Comp,,,4,16,1,R16 D01,Dallas-Fort Worth-Arlington,"Dallas-Ft. Worth, TX",Top 10 DMA,300 SOUTH PLANO ROAD,RICHARDSON,TX,75081,32.9,-96.7," 38,471 ",Light Urban,"1,477,849","2,155","5,507","9,039,276","$84,102",GT80K,31%,16%,12%,41%,83%,80 - 100,"$89,635",31%,20-40%,18%,15-20%,36%,30-40%,11%,GT 8%,1.36%,52.96%,12 - 20 MM, 12 - 20 MM ,12 - 20 MM,12 - 20 MM,C,"$8,512,375","$9,434,133","$10,484,825","$11,231,003","$11,231,003","$11,485,031","$7,673,193","$13,760,031","$12,438,349","$12,438,349","$13,997,813","$14,164,750","$14,769,486","$14,769,486","$14,529,032","$14,529,032",5.2%,11.3%,10.8%,9.8%,8.3%,2.3%,-33.2%,19.8%,-9.6%,12.5%,5.3%,-1.6%,"$642,756 ","27,298"
532,"WACO, TX",Open,2024,2/23/2024,2024 Relo - FEB '24 Open,2006,9/22/2006,Comp,,,4,16,3,R16 D03,Waco,"Waco-Temple-Bryan, TX",,4633 S JACK KULTGEN EXPY,WACO,TX,76706,31.5,-97.2," 19,159 ",Exurban,"856,148",114,"1,428","1,182,789","$69,382",60K-70K,37%,18%,13%,33%,85%,80 - 100,"$67,084",48%,40-60%,17%,15-20%,26%,20-30%,2%,2-4%,0.84%,49.00%,08 - 10 MM, 08 - 10 MM ,08 - 10 MM,08 - 10 MM,E,"$5,759,890","$6,366,087","$6,756,929","$6,364,536","$6,364,536","$6,935,902","$5,359,101","$9,875,600","$8,319,760","$8,319,760","$9,245,394","$9,343,184","$6,814,088","$8,960,127","$6,625,138","$8,684,730",8.0%,-5.3%,10.5%,4.7%,-4.6%,9.0%,-22.7%,42.4%,-15.8%,11.1%,-4.6%,-2.8%,"$440,795 ","16,486"
533,"DENTON, TX",Open,2024,2/23/2024,2024 Relo - FEB '24 Open,2006,9/22/2006,Comp,Yes,,4,16,1,R16 D01,Dallas-Fort Worth-Arlington,"Dallas-Ft. Worth, TX",Top 10 DMA,2315 COLORADO BLVD STE 180,DENTON,TX,76205,33.2,-97.1," 21,980 ",Suburban,"1,066,863",350,"3,145","9,039,276","$110,520",GT80K,22%,13%,13%,51%,79%,LT 80,"$89,635",54%,40-60%,10%,5-10%,22%,20-30%,9%,GT 8%,1.36%,52.96%,LT8MM, LT8MM ,LT8MM,LT8MM,G,"$4,913,576","$5,162,228","$5,637,062","$5,734,812","$5,734,812","$5,467,397","$3,957,207","$6,736,067","$6,158,419","$6,158,419","$5,972,870","$6,052,730","$5,696,444","$7,411,761","$5,692,789","$7,335,638",-0.4%,-1.9%,5.1%,7.9%,2.9%,-4.7%,-27.6%,23.2%,-8.6%,-3.0%,24.3%,-0.1%,"$321,115 ","14,214"
534,"COLORADO SPRINGS, CO (CITADEL)",Open,2024,9/27/2024,2024 Relo - SEP '24 Open,2007,3/5/2007,Comp,Yes,,1,1,1,R01 D01,Colorado Springs,"Colorado Springs-Pueblo, CO",,545 N ACADEMY BLVD,COLORADO SPRINGS,CO,80909,38.8,-104.8," 16,989 ",Suburban,"782,032",311,"4,438","1,086,546","$89,061",GT80K,24%,16%,15%,45%,76%,LT 80,"$84,434",61%,GT 60%,5%,5-10%,23%,20-30%,3%,2-4%,0.79%,54.13%,LT8MM, LT8MM ,LT8MM,08 - 10 MM,E,"$9,098,132","$9,233,483","$9,186,942","$8,371,896","$8,371,896","$7,541,989","$5,358,138","$8,363,732","$6,056,247","$6,056,247","$5,934,768","$6,006,208","$5,057,286","$7,188,073","$6,867,222","$9,218,215",6.2%,0.9%,1.5%,-1.8%,-7.7%,-9.9%,-29.0%,10.9%,-27.6%,-2.0%,16.7%,35.8%,"$396,978 ","16,797"
536,"SOUTHAVEN, MS (SOUTH LAKE CTR)",Open,2017,9/15/2017,2017 Relo - SEP '17 Open,2006,9/8/2006,Comp,,,4,6,2,R06 D02,Memphis,"Memphis, TN",,225 GOODMAN ROAD W.,SOUTHAVEN,MS,38671,35.0,-90.0," 35,122 ",Light Suburban,"469,130",204,"1,744","1,776,622","$66,441",60K-70K,42%,17%,13%,29%,99%,80 - 100,"$64,171",32%,20-40%,57%,GT 30%,7%,LT 10%,2%,LT 2%,-0.15%,45.03%,10 - 12 MM, 10 - 12 MM ,12 - 20 MM,12 - 20 MM,C,"$6,341,963","$6,279,962","$8,118,691","$7,437,972","$9,582,973","$9,927,361","$7,195,392","$12,346,883","$10,944,550","$10,944,550","$11,455,713","$11,632,057","$13,357,496","$13,357,496","$14,520,202","$14,520,202",-3.9%,-10.0%,-1.0%,25.3%,19.5%,3.6%,-27.5%,24.4%,-11.4%,4.7%,16.0%,8.7%,"$578,176 ","27,277"
537,CLOSED,Closed,,1/19/2020,Closure Date,,,,,,0,0,,,,,,,,,,,,,,,,,,,,,,,,,,,,,,,,,,,,,,,,,,"$4,640,236","$4,550,833","$4,735,892","$4,650,583","$4,650,583","$3,889,599",$0,$0,,,,,,,,,2.6%,2.5%,-1.9%,2.8%,-0.6%,-12.3%, ,0.0%,,,,,$0 ,NA
538,"KALAMAZOO, MI (MAPLE)",Open,2021,10/29/2021,2021 Relo - OCT '21 Open,2007,2/27/2007,Comp,,,3,8,5,R08 D05,Kalamazoo-Portage,"Grand Rapids-Kalamazoo-Battle Creek, MI",,5022 W MAIN ST,KALAMAZOO,MI,49009,42.3,-85.6," 20,255 ",Light Suburban,"214,579",297,"2,194","2,126,807","$67,339",60K-70K,38%,15%,12%,34%,71%,LT 80,"$75,179",70%,GT 60%,12%,10-15%,9%,LT 10%,3%,2-4%,0.16%,52.70%,LT8MM, LT8MM ,LT8MM,LT8MM,G,"$6,242,890","$6,041,211","$6,075,221","$5,587,873","$5,587,873","$5,642,516","$3,514,319","$6,855,459","$4,893,276","$7,164,684","$7,671,578","$7,785,760","$7,768,747","$7,768,747","$7,111,290","$7,111,290",5.8%,-3.1%,-3.2%,-0.7%,-6.8%,1.0%,-37.7%,18.1%,10.1%,7.1%,1.2%,-8.5%,"$296,764 ","12,803"
539,"ALEXANDRIA, LA",Open,2024,9/27/2024,2024 Relo - SEP '24 Open,2007,2/25/2007,Comp,Yes,,4,17,2,R17 D02,Alexandria,"Alexandria, LA",,1460 MacArthur Drive,ALEXANDRIA,LA,71301,31.3,-92.5," 14,967 ",Light Suburban,"252,207",47,"1,555","231,969","$51,366",LT60K,44%,15%,12%,29%,88%,80 - 100,"$53,438",60%,40-60%,28%,20-30%,6%,LT 10%,1%,LT 2%,-0.63%,47.34%,LT8MM, LT8MM ,LT8MM,LT8MM,G,"$3,889,351","$3,938,008","$4,376,452","$4,906,459","$4,906,459","$5,567,581","$4,473,587","$7,169,860","$5,870,643","$5,870,643","$5,758,488","$5,828,565","$4,338,561","$5,819,139","$4,974,741","$6,641,450",-2.5%,4.7%,1.3%,9.6%,13.6%,13.5%,-19.6%,28.8%,-18.1%,-1.9%,0.7%,14.7%,"$284,339 ","12,698"
540,CLOSED,Closed,,2/12/2017,Closure Date,,,,,,0,0,,,,,,,,,,,,,,,,,,,,,,,,,,,,,,,,,,,,,,,,,,"$4,509,806","$4,244,580","$63,286",,,, ,,,,,,,,,,-3.9%,-5.2%,-5.9%,,,, ,,,,,,$0 ,NA
541,"JOLIET, IL",Open,2007,,Original Location,2007,2/27/2007,Comp,Yes,,4,7,1,R07 D01,Chicago-Naperville-Elgin,"Chicago, IL",Top 10 DMA,1300 NORTH LARKIN AVENUE,JOLIET,IL,60435,41.5,-88.1," 34,523 ",Suburban,"543,197",631,"3,335","9,518,952","$100,824",GT80K,23%,16%,14%,47%,80%,80 - 100,"$91,619",52%,40-60%,12%,10-15%,26%,20-30%,6%,4-6%,-0.18%,48.49%,10 - 12 MM, 12 - 20 MM ,12 - 20 MM,12 - 20 MM,D,"$7,592,569","$7,932,699","$8,262,457","$8,691,963","$8,691,963","$9,279,772","$6,958,659","$11,572,846","$10,730,881","$10,730,881","$12,612,986","$12,785,380","$13,382,517","$13,382,517","$12,295,872","$12,295,872",10.1%,3.0%,4.5%,2.9%,6.5%,6.8%,-25.0%,24.7%,-7.3%,17.5%,6.0%,-8.1%,"$549,806 ","24,849"
542,"JEFFERSONVILLE, IN",Open,2020,3/6/2020,2020 Relo - MAR '20 Open,2007,2/28/2007,Comp,,,5,18,1,R18 D01,Louisville/Jefferson County,"Louisville, KY",,4101 TOWN CNTR BLVD,CLARKSVILLE,IN,47129,38.3,-85.7," 27,656 ",Light Suburban,"377,965",307,"2,192","1,859,122","$66,815",60K-70K,37%,19%,13%,31%,96%,80 - 100,"$69,536",69%,GT 60%,19%,15-20%,5%,LT 10%,1%,LT 2%,0.32%,50.69%,LT8MM, 08 - 10 MM ,08 - 10 MM,08 - 10 MM,E,"$6,805,410","$6,883,437","$6,930,329","$6,342,919","$6,342,919","$6,420,049","$4,658,610","$7,616,178","$7,100,652","$7,100,652","$8,222,342","$8,337,332","$8,176,314","$8,176,314","$8,763,721","$8,763,721",4.1%,4.7%,1.1%,-0.6%,-7.3%,1.2%,-27.4%,18.6%,-6.8%,15.8%,-0.6%,7.2%,"$421,705 ","16,049"
543,"HOUSTON, TX (GREENSPOINT)",Open,2007,,Original Location,2007,3/8/2007,Comp,,,4,17,1,R17 D01,Houston-The Woodlands-Sugar Land,"Houston, TX",Top 10 DMA,205 WEST GREENS ROAD,HOUSTON,TX,77067,29.9,-95.4," 35,915 ",Suburban,"2,033,510","1,808","4,499","8,054,291","$83,163",GT80K,36%,19%,12%,33%,58%,LT 80,"$82,684",22%,20-40%,23%,20-30%,44%,GT 40%,9%,GT 8%,1.17%,52.51%,10 - 12 MM, 10 - 12 MM ,10 - 12 MM,10 - 12 MM,D,"$8,350,632","$8,010,408","$8,523,251","$9,549,527","$9,549,527","$9,539,680","$6,673,128","$11,707,501","$10,520,585","$10,520,585","$10,613,675","$10,765,771","$11,204,429","$11,204,429","$10,568,443","$10,568,443",-0.2%,-0.7%,-4.1%,5.2%,13.3%,-0.1%,-30.0%,22.7%,-10.1%,0.9%,5.7%,-5.7%,"$537,997 ","21,112"
544,"BAKERSFIELD, CA",Open,2007,,Original Location,2007,8/24/2007,Comp,,Yes,1,21,2,R21 D02,Bakersfield,"Bakersfield, CA",,4400 CALIFORNIA AVENUE,BAKERSFIELD,CA,93309,35.4,-119.1," 46,529 ",Suburban,"484,650",531,"3,573","834,772","$65,713",60K-70K,42%,18%,13%,27%,84%,80 - 100,"$70,763",15%,LT 20%,5%,5-10%,71%,GT 40%,6%,4-6%,0.30%,47.20%,12 - 20 MM, 12 - 20 MM ,20M+,20M+,A,"$11,282,940","$12,655,912","$13,800,022","$15,170,180","$15,170,180","$17,641,327","$13,259,074","$22,047,928","$18,752,455","$18,752,455","$19,671,677","$19,978,474","$21,120,996","$21,120,996","$22,300,288","$22,300,288",13.5%,-3.2%,12.2%,7.6%,11.2%,16.3%,-24.8%,25.0%,-14.9%,4.9%,7.4%,5.6%,"$825,204 ","40,339"
545,"COLONIE, NY (NORTHWAY CMMNS)",Open,2024,5/3/2024,2024 Relo - APR '24 Open,2007,3/1/2007,Comp,Yes,,3,10,5,R10 D05,Albany-Schenectady-Troy,"Albany-Schenectady-Troy, NY",,1440 CENTRAL AVE,COLONIE,NY,12205,42.7,-73.8," 27,333 ",Light Suburban,"412,377","1,844","2,139","1,403,073","$76,699",70K-80K,30%,14%,12%,44%,111%,100 - 120,"$80,596",60%,40-60%,15%,15-20%,9%,LT 10%,9%,GT 8%,-0.08%,48.89%,08 - 10 MM, 08 - 10 MM ,08 - 10 MM,08 - 10 MM,E,"$9,607,994","$9,146,948","$8,742,075","$9,057,933","$9,057,933","$8,842,813","$5,324,624","$10,244,496","$8,469,972","$8,469,972","$8,774,537","$8,885,425","$6,243,173","$8,416,559","$6,658,413","$8,610,185",7.5%,8.0%,-4.8%,-5.5%,4.8%,-2.4%,-39.8%,15.8%,-17.3%,3.6%,-8.2%,6.7%,"$385,980 ","13,756"
546,"ENFIELD, CT",Open,2021,10/15/2021,2021 Relo - OCT '21 Open,2007,3/1/2007,Comp,,,3,10,6,R10 D06,Hartford-West Hartford-East Hartford,"Hartford & New Haven, CT",,30 HAZARD AVENUE,ENFIELD,CT,6082,42.0,-72.6," 25,147 ",Exurban,"337,394","1,379","1,306","2,641,771","$75,203",70K-80K,37%,15%,13%,35%,106%,100 - 120,"$89,240",46%,40-60%,18%,15-20%,28%,20-30%,4%,2-4%,-0.04%,48.18%,LT8MM, LT8MM ,08 - 10 MM,08 - 10 MM,F,"$4,627,449","$4,823,856","$5,276,710","$5,402,116","$5,402,116","$5,970,698","$4,633,087","$7,554,792","$4,198,269","$7,121,753","$7,586,893","$7,687,154","$8,087,128","$8,087,128","$8,068,268","$8,068,268",6.3%,2.4%,4.2%,7.8%,3.7%,10.5%,-22.4%,29.9%,-6.4%,6.5%,6.5%,-0.2%,"$400,380 ","16,325"
547,"PHILADELPHIA, PA (ARAMINGO)",Open,2020,3/6/2020,2020 Relo - MAR '20 Open,2007,8/9/2007,Comp,Yes,,3,25,6,R25 D06,Philadelphia-Camden-Wilmington,"Philadelphia, PA",Top 10 DMA,3401 ARAMINGO AVE,PHILADELPHIA,PA,19134,40.0,-75.1," 33,216 ",Urban,"465,376","15,832","13,069","8,441,533","$49,377",LT60K,41%,16%,11%,33%,58%,LT 80,"$88,536",21%,20-40%,35%,GT 30%,34%,30-40%,6%,4-6%,0.23%,48.33%,10 - 12 MM, 10 - 12 MM ,12 - 20 MM,12 - 20 MM,C,"$7,357,666","$7,828,032","$7,646,279","$7,900,409","$7,900,409","$8,037,083","$4,687,624","$11,909,137","$10,009,756","$10,009,756","$11,085,229","$11,243,243","$13,069,618","$13,069,618","$13,195,839","$13,195,839",3.9%,-1.9%,6.4%,-3.6%,4.8%,1.7%,-41.7%,48.2%,-15.9%,10.7%,17.8%,1.0%,"$570,893 ","24,519"
548,"WARREN, OH",Open,2018,3/23/2018,2018 Relo - MAR '18 Open,2007,5/11/2007,Comp,,,3,25,2,R25 D02,Youngstown-Warren-Boardman,"Youngstown, OH",,2230 NILES-CORTLAND RD SE,WARREN,OH,44484,41.2,-80.7," 27,166 ",Exurban,"190,690",341,"1,438","633,154","$54,683",LT60K,43%,20%,14%,24%,91%,80 - 100,"$56,957",83%,GT 60%,9%,5-10%,2%,LT 10%,1%,LT 2%,-0.26%,47.55%,LT8MM, LT8MM ,LT8MM,LT8MM,H,"$5,942,469","$5,807,452","$5,958,289","$4,540,994","$6,579,130","$4,351,521","$4,420,129","$6,804,210","$5,123,937","$5,123,937","$4,982,185","$5,047,925","$4,718,544","$4,718,544","$4,667,034","$4,667,034",2.4%,-8.0%,-2.3%,1.3%,11.1%,-4.2%,-27.5%,11.6%,-24.7%,-2.8%,-5.1%,-1.1%,"$263,178 ","10,350"
549,CLOSED,Closed,,1/16/2018,Closure Date,,,,,,0,0,,,,,,,,,,,,,,,,,,,,,,,,,,,,,,,,,,,,,,,,,,"$6,298,209","$5,987,531","$4,702,853",,,, ,,,,,,,,,,5.4%,2.7%,-4.9%,-22.7%,,, ,,,,,,$0 ,NA
550,"FORT WORTH, TX (OVERTON PRK)",Open,2018,3/9/2018,2018 Relo - MAR '18 Open,2007,7/25/2007,Comp,Yes,,4,16,3,R16 D03,Dallas-Fort Worth-Arlington,"Dallas-Ft. Worth, TX",Top 10 DMA,4830 SW LOOP 820,FORT WORTH,TX,76109,32.7,-97.4," 31,079 ",Suburban,"1,003,326","1,330","3,932","9,039,276","$80,727",GT80K,30%,17%,13%,39%,83%,80 - 100,"$89,635",38%,20-40%,19%,15-20%,35%,30-40%,4%,4-6%,1.36%,52.96%,08 - 10 MM, 08 - 10 MM ,08 - 10 MM,10 - 12 MM,D,"$5,962,306","$5,798,002","$6,010,632","$5,352,650","$7,662,162","$5,743,316","$6,058,532","$10,757,426","$9,136,663","$9,136,663","$9,242,001","$9,349,732","$9,348,817","$9,348,817","$10,193,618","$10,193,618",-3.2%,-1.6%,-2.8%,2.4%,31.7%,7.3%,-25.4%,32.5%,-15.1%,1.2%,0.8%,9.0%,"$465,542 ","19,805"
551,"CRANSTON, RI",Open,2020,3/6/2020,2020 Relo - MAR '20 Open,2007,3/1/2007,Comp,,Yes,3,10,2,R10 D02,Providence-Warwick,"Providence, RI-New Bedford, MA",,296 GARFIELD AVE,CRANSTON,RI,2920,41.8,-71.4," 35,764 ",Light Urban,"221,299","6,792","7,301","1,683,219","$69,395",60K-70K,44%,19%,11%,26%,81%,80 - 100,"$87,015",33%,20-40%,11%,10-15%,46%,GT 40%,5%,4-6%,0.02%,47.37%,12 - 20 MM, 20M+ ,20M+,20M+,A,"$5,956,269","$6,288,771","$6,473,800","$6,376,484","$6,376,484","$6,102,028","$9,152,636","$18,689,004","$18,592,632","$18,592,632","$20,901,352","$21,198,653","$23,235,961","$23,235,961","$25,337,002","$25,337,002",8.3%,4.8%,5.6%,1.8%,-0.4%,-4.3%,50.0%,206.3%,-0.5%,12.4%,11.0%,9.0%,"$699,378 ","40,444"
552,"ELIZABETH, NJ (COHOES)",Open,2007,,Original Location,2007,3/1/2007,Comp,,Yes,3,13,4,R13 D04,,,,651 KAPKOWSKI STREET,ELIZABETH,NJ,7201,,," 45,425 ",,,,,,,,,,,,,,,,,,,,,,,,,12 - 20 MM, 12 - 20 MM ,12 - 20 MM,20M+,B,"$15,238,816","$17,162,332","$18,097,076","$18,943,390","$18,943,390","$18,357,924","$9,756,884","$19,381,234","$17,202,201","$17,202,201","$18,916,882","$19,127,414","$19,159,072","$19,159,072","$20,239,495","$20,239,495",13.0%,17.8%,12.6%,4.2%,5.8%,-3.1%,-46.9%,5.6%,-11.2%,10.0%,1.4%,5.6%,"$751,603 ","28,986"
553,"FLINT, MI",Open,2018,5/11/2018,2018 Relo - MAY '18 Open,2007,8/10/2007,Comp,,,3,8,4,R08 D04,Flint,"Flint-Saginaw-Bay City, MI",,4095 MILLER RD,FLINT,MI,48507,43.0,-83.8," 32,738 ",Exurban,"211,591","1,132","1,350","1,108,869","$57,663",LT60K,47%,18%,12%,23%,87%,80 - 100,"$62,356",58%,40-60%,30%,GT 30%,5%,LT 10%,2%,LT 2%,-0.22%,48.92%,LT8MM, LT8MM ,LT8MM,LT8MM,G,"$5,504,767","$5,603,498","$5,972,877","$5,522,206","$6,904,050","$5,699,658","$5,060,128","$8,385,674","$6,799,200","$6,799,200","$7,150,987","$7,251,602","$6,828,778","$6,828,778","$6,635,440","$6,635,440",3.0%,-1.3%,1.8%,5.1%,18.9%,3.2%,-30.1%,15.8%,-18.9%,5.2%,-4.5%,-2.8%,"$376,590 ","14,185"
554,"LAKELAND, FL",Open,2022,9/16/2022,2022 Relo - SEP '22 Open,2007,8/20/2007,Comp,Yes,,5,30,5,R30 D05,Lakeland-Winter Haven,"Tampa-St. Petersburg (Sarasota), FL",,4011 U.S. HIGHWAY 98 N,LAKELAND,FL,33809,28.1,-82.0," 18,100 ",Light Suburban,"1,033,097",520,"2,416","5,413,557","$72,069",70K-80K,42%,17%,13%,28%,82%,80 - 100,"$76,582",46%,40-60%,14%,10-15%,34%,30-40%,2%,2-4%,1.37%,51.59%,10 - 12 MM, 08 - 10 MM ,10 - 12 MM,10 - 12 MM,D,"$9,116,176","$9,582,500","$10,616,903","$11,408,882","$11,408,882","$11,410,119","$8,078,556","$13,739,629","$7,839,445","$10,094,767","$7,050,830","$9,498,443","$10,382,057","$10,382,057","$10,751,782","$10,751,782",3.0%,1.7%,5.1%,9.1%,9.0%,0.0%,-29.2%,20.4%,-24.9%,-10.1%,10.9%,3.6%,"$524,773 ","23,409"
555,"KISSIMMEE, FL (PLAZA DEL SOL)",Open,2008,,Original Location,2008,2/27/2008,Comp,,,5,30,6,R30 D06,Orlando-Kissimmee-Sanford,"Orlando-Daytona Beach-Melbourne, FL",,3831 VINE STREET STE 33,KISSIMMEE,FL,34741,28.3,-81.4," 41,744 ",Suburban,"268,448","2,696","3,171","4,872,913","$73,356",70K-80K,42%,17%,13%,28%,78%,LT 80,"$78,250",20%,LT 20%,9%,5-10%,61%,GT 40%,5%,4-6%,1.47%,51.85%,08 - 10 MM, 08 - 10 MM ,LT8MM,LT8MM,G,"$9,700,167","$10,014,496","$11,060,423","$11,425,693","$11,425,693","$11,058,538","$6,993,795","$11,509,338","$9,426,621","$9,426,621","$9,082,538","$9,207,128","$7,907,512","$7,907,512","$7,159,002","$7,159,002",5.7%,0.3%,3.2%,8.8%,4.8%,-3.2%,-36.8%,4.1%,-18.1%,-3.7%,-12.7%,-9.5%,"$436,816 ","15,652"
556,"HOUSTON, TX (EAST HOUSTON)",Open,2018,5/4/2018,2018 Remodel - APR '18 Open,2007,9/14/2007,Comp,Yes,,4,17,3,R17 D03,Houston-The Woodlands-Sugar Land,"Houston, TX",Top 10 DMA,12001 EAST FREEWAY (1-10),HOUSTON,TX,77029,29.8,-95.2, -   ,Light Suburban,"739,759","1,328","2,649","8,054,291","$72,009",70K-80K,34%,18%,12%,35%,68%,LT 80,"$82,684",19%,LT 20%,21%,20-30%,55%,GT 40%,2%,2-4%,1.17%,52.51%,12 - 20 MM, 10 - 12 MM ,12 - 20 MM,12 - 20 MM,D,"$11,440,733","$11,751,080","$6,075,861","$3,339,818","$9,937,031","$9,920,638","$9,394,376","$16,774,633","$13,579,336","$13,579,336","$11,681,621","$11,852,827","$13,000,965","$13,000,965","$12,948,068","$12,948,068",4.6%,6.0%,2.7%,-10.4%,27.7%,1.3%,-26.8%,30.7%,-19.0%,-14.0%,11.4%,-0.4%,"$692,159 ","26,556"
557,"CHICAGO, IL (GRAND & KOSTNER)",Open,2007,,Original Location,2007,10/26/2007,Comp,Yes,Yes,4,7,3,R07 D03,Chicago-Naperville-Elgin,"Chicago, IL",Top 10 DMA,1710 N KOSTNER AVE,CHICAGO,IL,60639,41.9,-87.7," 52,910 ",Urban,"555,869","15,067","15,817","9,518,952","$69,812",60K-70K,32%,14%,12%,42%,83%,80 - 100,"$91,619",21%,20-40%,28%,20-30%,47%,GT 40%,3%,2-4%,-0.18%,48.49%,12 - 20 MM, 20M+ ,20M+,12 - 20 MM,B,"$15,029,594","$14,887,691","$15,389,746","$15,180,593","$15,180,593","$15,948,421","$9,607,504","$21,717,344","$19,910,195","$19,910,195","$21,018,031","$21,315,853","$20,488,599","$20,488,599","$18,380,479","$18,380,479",9.3%,9.7%,-0.9%,2.0%,-0.1%,5.1%,-39.8%,36.2%,-8.3%,5.6%,-2.5%,-10.3%,"$812,042 ","33,916"
558,"COLUMBIA, SC (SANDHILLS STN)",Open,2018,3/9/2018,2018 Relo - MAR '18 Open,2007,9/20/2007,Comp,,,5,18,3,R18 D03,Columbia,"Columbia, SC",,717 FASHION DRIVE,COLUMBIA,SC,29229,34.1,-80.9," 33,121 ",Light Suburban,"404,533",244,"1,975","1,130,272","$64,952",60K-70K,39%,18%,14%,29%,125%,GT 120,"$66,112",36%,20-40%,50%,GT 30%,7%,LT 10%,2%,2-4%,0.50%,49.07%,LT8MM, LT8MM ,LT8MM,08 - 10 MM,E,"$6,155,163","$6,578,380","$6,926,365","$5,299,841","$7,834,027","$5,425,496","$5,570,908","$9,202,624","$7,825,652","$7,825,652","$7,505,757","$7,608,523","$7,812,255","$7,812,255","$9,148,963","$9,148,963",6.8%,1.3%,6.9%,3.7%,16.0%,2.4%,-28.3%,18.4%,-15.0%,-4.1%,4.4%,17.1%,"$417,290 ","16,765"
559,"NORTH RICHLAND HILLS, TX",Open,2007,,Original Location,2007,8/28/2007,Comp,Yes,,4,16,3,R16 D03,Dallas-Fort Worth-Arlington,"Dallas-Ft. Worth, TX",Top 10 DMA,6537 N.E. LOOP 820,NORTH RICHLAND HILLS,TX,76180,32.8,-97.2," 40,632 ",Suburban,"1,802,893","1,761","4,313","9,039,276","$85,404",GT80K,28%,17%,13%,42%,85%,80 - 100,"$89,635",38%,20-40%,18%,15-20%,32%,30-40%,7%,6-8%,1.36%,52.96%,12 - 20 MM, 12 - 20 MM ,12 - 20 MM,12 - 20 MM,C,"$9,613,012","$10,009,885","$10,768,847","$11,504,287","$11,504,287","$12,183,014","$8,928,250","$15,658,297","$13,135,866","$13,135,866","$13,062,621","$13,219,484","$12,838,123","$12,838,123","$13,122,263","$13,122,263",6.2%,-0.7%,4.1%,6.2%,8.2%,5.9%,-26.7%,28.5%,-16.1%,-0.6%,-2.0%,2.2%,"$580,872 ","24,920"
560,CLOSED,Closed,,2/18/2022,Closure Date,,,,,,0,0,,,,,,,,,,,,,,,,,,,,,,,,,,,,,,,,,,,,,LT8MM, LT8MM ,,,,"$7,070,198","$6,049,337","$5,197,633","$5,187,879","$5,187,879","$5,091,202","$3,708,523","$5,962,122",$0,"$196,799",,$0,,,,,-11.4%,-7.4%,-14.4%,-15.1%,1.2%,-1.9%,-27.2%,17.1%,0.0%,,,,$0 ,NA
561,"FORT WORTH, TX (LA GRAN PLAZA)",Open,2008,,Original Location,2008,2/26/2008,Comp,,,4,16,3,R16 D03,Dallas-Fort Worth-Arlington,"Dallas-Ft. Worth, TX",Top 10 DMA,4200 S FREEWAY SUITE 1700,FORT WORTH,TX,76115,32.7,-97.3," 36,644 ",Suburban,"1,865,761","1,507","3,983","9,039,276","$82,873",GT80K,30%,18%,14%,38%,69%,LT 80,"$89,635",38%,20-40%,18%,15-20%,34%,30-40%,6%,4-6%,1.36%,52.96%,08 - 10 MM, 08 - 10 MM ,08 - 10 MM,10 - 12 MM,D,"$7,401,294","$7,843,077","$8,005,804","$8,324,838","$8,324,838","$8,633,612","$5,852,359","$10,205,239","$8,599,807","$8,599,807","$9,347,739","$9,461,016","$9,778,524","$9,778,524","$10,032,130","$10,032,130",10.4%,-2.1%,6.0%,0.9%,5.2%,3.7%,-32.2%,18.2%,-15.7%,8.7%,4.3%,2.6%,"$495,156 ","18,182"
562,"HAMPTON, VA",Open,2007,,Original Location,2007,7/7/2007,Comp,,,5,11,3,R11 D03,Virginia Beach-Norfolk-Newport News,"Norfolk-Portsmouth-Newport News, VA",,103 MARKETPLACE DRIVE,HAMPTON,VA,23666,37.0,-76.4," 35,578 ",Suburban,"354,820","1,002","3,253","1,996,676","$71,228",70K-80K,36%,19%,14%,32%,81%,80 - 100,"$80,782",37%,20-40%,44%,GT 30%,9%,LT 10%,3%,2-4%,0.17%,51.00%,08 - 10 MM, 08 - 10 MM ,08 - 10 MM,08 - 10 MM,E,"$9,197,321","$9,666,993","$9,572,033","$9,164,884","$9,164,884","$9,410,125","$6,512,592","$10,554,981","$8,546,835","$8,546,835","$8,859,124","$8,972,850","$8,839,213","$8,839,213","$8,917,383","$8,917,383",3.0%,2.3%,5.1%,-2.3%,-2.9%,2.7%,-30.8%,12.2%,-19.0%,3.7%,-0.2%,0.9%,"$387,394 ","16,443"
563,"EL CENTRO, CA",Open,2008,,Original Location,2008,8/29/2008,Comp,,,1,3,1,R03 D01,El Centro,"Yuma, AZ-El Centro, CA",,550 EAST DANENBERG DRIVE,EL CENTRO,CA,92243,32.8,-115.5," 44,288 ",Light Suburban,"147,126",467,"1,537","410,331","$66,711",60K-70K,43%,17%,13%,28%,99%,80 - 100,"$62,675",7%,LT 20%,1%,LT 5%,90%,GT 40%,1%,LT 2%,0.41%,50.38%,12 - 20 MM, 20M+ ,20M+,12 - 20 MM,B,"$12,752,074","$12,774,094","$14,270,441","$14,913,439","$14,913,439","$16,593,763","$6,698,989","$15,743,027","$19,011,294","$19,011,294","$20,357,187","$20,650,833","$20,072,583","$20,072,583","$19,546,472","$19,546,472",4.1%,3.6%,0.2%,10.2%,5.8%,11.3%,-59.6%,-5.1%,20.8%,7.1%,-1.3%,-2.6%,"$694,726 ","38,400"
564,"AMARILLO, TX",Open,2008,,Original Location,2008,8/27/2008,Comp,,,4,16,2,R16 D02,Amarillo,"Amarillo, TX",,2201 S. WESTERN STREET,AMARILLO,TX,79109,35.2,-101.9," 34,291 ",Suburban,"296,664",78,"3,200","540,088","$67,294",60K-70K,36%,18%,14%,32%,92%,80 - 100,"$64,297",49%,40-60%,6%,5-10%,38%,30-40%,3%,2-4%,0.04%,51.61%,12 - 20 MM, 12 - 20 MM ,12 - 20 MM,12 - 20 MM,B,"$11,340,301","$12,179,116","$13,038,548","$13,529,344","$13,529,344","$15,149,327","$11,448,660","$19,979,287","$17,398,419","$17,398,419","$17,597,104","$17,833,998","$19,505,456","$19,505,456","$18,445,423","$18,445,423",11.5%,5.2%,7.4%,5.6%,5.1%,12.0%,-24.4%,31.9%,-12.9%,1.1%,10.9%,-5.4%,"$694,536 ","37,678"
565,"LUBBOCK, TX",Open,2007,,Original Location,2007,9/20/2007,Comp,,,4,28,4,R28 D04,Lubbock,"Lubbock, TX",,6050 BROWNFIELD HWY,LUBBOCK,TX,79407,33.5,-102.0," 34,053 ",Light Suburban,"459,345",43,"2,940","476,718","$62,492",60K-70K,41%,16%,14%,29%,101%,100 - 120,"$61,692",44%,40-60%,7%,5-10%,44%,GT 40%,2%,2-4%,0.38%,47.76%,10 - 12 MM, 12 - 20 MM ,12 - 20 MM,12 - 20 MM,C,"$8,654,901","$8,695,278","$8,562,466","$8,859,288","$8,859,288","$9,592,376","$7,168,220","$12,677,133","$10,669,802","$10,669,802","$12,235,131","$12,396,949","$13,482,200","$13,482,200","$13,363,826","$13,363,826",5.0%,-3.8%,0.5%,-2.8%,4.9%,8.3%,-25.3%,32.2%,-15.8%,14.7%,10.0%,-0.9%,"$661,862 ","28,741"
566,CLOSED,Closed,,1/19/2018,Closure Date,,,,,,0,0,,,,,,,,,,,,,,,,,,,,,,,,,,,,,,,,,,,,,,,,,,"$5,439,685","$5,208,064","$5,035,550",,,, ,,,,,,,,,,0.4%,-6.2%,-4.3%,-2.5%,,, ,,,,,,$0 ,NA
567,CLOSED,Closed,,1/19/2018,Closure Date,,,,,,0,0,,,,,,,,,,,,,,,,,,,,,,,,,,,,,,,,,,,,,,,,,,"$4,415,661","$4,218,193","$4,213,869",,,, ,,,,,,,,,,-6.5%,-3.8%,-4.5%,-0.4%,,, ,,,,,,$0 ,NA
568,"PALMDALE, CA",Open,2007,,Original Location,2007,10/26/2007,Comp,,,1,21,2,R21 D02,Los Angeles-Long Beach-Anaheim,"Los Angeles, CA",Top 10 DMA,320 WEST RANCHO VISTA BLVD,PALMDALE,CA,93551,34.6,-118.1," 28,750 ",Light Suburban,"218,656","1,449","2,244","18,082,820","$77,402",70K-80K,32%,17%,14%,36%,76%,LT 80,"$97,162",16%,LT 20%,13%,10-15%,63%,GT 40%,4%,2-4%,-0.04%,47.33%,10 - 12 MM, 10 - 12 MM ,10 - 12 MM,10 - 12 MM,D,"$10,543,991","$12,142,270","$12,575,454","$12,566,637","$12,566,637","$12,322,526","$8,603,377","$13,986,038","$10,736,326","$10,736,326","$10,711,356","$10,865,219","$11,029,703","$11,029,703","$11,159,778","$11,159,778",8.8%,8.7%,15.2%,2.2%,1.2%,-1.9%,-30.2%,13.5%,-23.2%,-0.2%,3.1%,1.2%,"$556,299 ","24,855"
569,"NAMPA, ID",Open,2018,9/21/2018,2018 Relo - SEP '18 Open,2007,9/7/2007,Comp,,,1,1,3,R01 D03,Boise City,"Boise, ID",,16828 N MKT PLACE BLVD,NAMPA,ID,83687,43.6,-116.6," 30,608 ",Light Suburban,"338,733",453,"2,263","984,885","$81,461",GT80K,26%,20%,18%,36%,84%,80 - 100,"$84,824",68%,GT 60%,1%,LT 5%,24%,20-30%,1%,LT 2%,1.64%,55.89%,08 - 10 MM, 08 - 10 MM ,08 - 10 MM,08 - 10 MM,E,"$5,419,235","$5,649,376","$5,718,157","$3,860,951","$6,232,639","$4,847,856","$6,106,249","$9,916,699","$8,224,594","$8,224,594","$8,851,181","$8,971,288","$8,560,006","$8,560,006","$9,047,311","$9,047,311",-0.4%,0.9%,4.2%,-0.2%,6.1%,25.6%,-21.5%,27.6%,-17.1%,7.6%,-3.3%,5.7%,"$399,760 ","17,622"
570,"KENNESAW, GA",Open,2008,,Original Location,2008,2/27/2008,Comp,,,5,19,1,R19 D01,Atlanta-Sandy Springs-Roswell,"Atlanta, GA",Top 10 DMA,2911 GEORGE BUSBEE PARKWAY,KENNESAW,GA,30144,34.0,-84.6," 31,595 ",Light Suburban,"1,399,338",984,"2,487","7,692,390","$95,903",GT80K,21%,16%,14%,50%,98%,80 - 100,"$87,109",46%,40-60%,32%,GT 30%,13%,10-20%,3%,2-4%,0.88%,50.12%,LT8MM, LT8MM ,LT8MM,LT8MM,G,"$6,267,506","$6,453,437","$6,925,369","$6,799,469","$6,799,469","$6,931,456","$4,713,596","$7,691,260","$6,730,325","$6,730,325","$7,108,909","$7,203,759","$6,969,900","$6,969,900","$6,901,995","$6,901,995",5.5%,8.2%,3.0%,5.9%,-0.6%,1.9%,-32.0%,11.0%,-12.5%,5.6%,-1.8%,-1.0%,"$401,153 ","13,396"
571,"STOCKTON, CA",Open,2007,,Original Location,2007,10/25/2007,Comp,,Yes,1,21,4,R21 D04,Stockton-Lodi,"Sacramento-Stockton-Modesto, CA",,3702 EAST HAMMER LANE,STOCKTON,CA,95212,38.0,-121.3," 39,181 ",Suburban,"227,347","2,419","4,037","4,601,910","$72,477",70K-80K,36%,16%,14%,33%,80%,80 - 100,"$95,209",12%,LT 20%,9%,5-10%,53%,GT 40%,22%,GT 8%,0.42%,50.62%,12 - 20 MM, 10 - 12 MM ,10 - 12 MM,10 - 12 MM,D,"$9,090,175","$10,059,672","$10,309,461","$11,408,375","$11,408,375","$12,370,407","$9,413,689","$15,345,311","$12,277,032","$12,277,032","$11,306,977","$11,470,900","$11,393,873","$11,393,873","$11,269,554","$11,269,554",5.1%,8.9%,10.7%,1.2%,12.1%,8.4%,-23.9%,24.0%,-20.0%,-7.9%,0.9%,-1.1%,"$563,355 ","22,287"
572,"LOUISVILLE, KY (BASHFORD MNR)",Open,2009,,Original Location,2009,3/6/2009,Comp,,,5,18,1,R18 D01,Louisville/Jefferson County,"Louisville, KY",,3600 BARDSTOWN ROAD,LOUISVILLE,KY,40218,38.2,-85.7," 36,016 ",Suburban,"458,027","2,645","3,594","1,859,122","$60,403",60K-70K,41%,19%,13%,27%,92%,80 - 100,"$69,536",52%,40-60%,29%,20-30%,11%,10-20%,3%,2-4%,0.32%,50.69%,10 - 12 MM, 10 - 12 MM ,12 - 20 MM,12 - 20 MM,B,"$10,929,100","$10,885,017","$11,131,806","$11,267,949","$11,267,949","$10,889,834","$7,029,088","$10,600,807","$10,061,264","$10,061,264","$11,639,172","$11,813,850","$15,568,493","$15,568,493","$17,559,468","$17,559,468",19.1%,3.0%,-0.4%,1.0%,2.5%,-3.4%,-35.5%,-2.7%,-5.1%,15.7%,33.4%,12.8%,"$674,192 ","29,266"
573,"INGLEWOOD, CA",Open,2008,,Original Location,2008,9/12/2008,Comp,Yes,Yes,1,3,3,R03 D03,Los Angeles-Long Beach-Anaheim,"Los Angeles, CA",Top 10 DMA,3150 W IMPERIAL HWY,INGLEWOOD,CA,90303,33.9,-118.3," 47,799 ",Urban,"523,382","14,239","12,510","18,082,820","$67,480",60K-70K,33%,15%,13%,39%,78%,LT 80,"$97,162",3%,LT 20%,31%,GT 30%,61%,GT 40%,2%,2-4%,-0.04%,47.33%,12 - 20 MM, 12 - 20 MM ,12 - 20 MM,12 - 20 MM,B,"$12,366,837","$12,921,353","$13,643,464","$14,456,450","$14,456,450","$15,383,552","$11,209,295","$19,126,493","$16,847,417","$16,847,417","$18,513,836","$18,823,914","$18,927,292","$18,927,292","$18,427,527","$18,427,527",11.1%,4.3%,4.5%,4.1%,7.4%,6.4%,-27.1%,24.3%,-11.9%,9.9%,2.1%,-2.6%,"$881,383 ","37,471"
574,"SAN JUAN, PR (65TH INFANTRY)",Open,2018,11/16/2018,2018 Remodel - NOV '18 Open,2008,10/9/2008,Comp,Yes,,5,31,1,R31 D01,,Puerto Rico,Top 10 DMA,65TH INFANTRY AVE,RIO PIEDRAS,PR,924,18.4,-66.0, -   ,Suburban,"551,130","5,620","3,058","3,245,457","$31,198",LT60K,73%,13%,6%,8%,84%,80 - 100,"$25,105",1%,LT 20%,0%,LT 5%,98%,GT 40%,0%,LT 2%,0.00%,0.00%,20M+, 20M+ ,20M+,20M+,A,"$14,006,629","$15,804,007","$10,618,270",,"$5,312,941","$3,579,902","$14,101,498","$26,855,886","$22,138,577","$23,651,286","$21,266,947","$23,330,940","$24,397,464","$24,397,464","$23,506,879","$23,506,879",-10.6%,-2.6%,12.8%,15.9%,,-6.6%,-22.6%,47.4%,-9.5%,-3.9%,6.4%,-3.7%,"$875,633 ","53,802"
575,"LIVE OAK, TX",Open,2008,,Original Location,2008,8/28/2008,Comp,Yes,,4,28,3,R28 D03,San Antonio-New Braunfels,"San Antonio, TX",,7517 NE LOOP 1604 & I 35,LIVE OAK,TX,78233,29.6,-98.3," 24,510 ",Light Suburban,"866,202","1,045","2,912","3,079,144","$81,674",GT80K,30%,18%,15%,37%,106%,100 - 120,"$76,315",34%,20-40%,11%,10-15%,48%,GT 40%,3%,2-4%,1.18%,50.03%,08 - 10 MM, 10 - 12 MM ,10 - 12 MM,08 - 10 MM,E,"$10,122,775","$10,576,283","$10,475,443","$10,306,376","$10,306,376","$10,528,071","$6,825,430","$11,653,049","$9,832,034","$9,832,034","$10,319,481","$10,458,876","$10,358,651","$10,358,651","$9,461,691","$9,461,691",7.6%,-1.1%,4.5%,-2.1%,-0.4%,2.2%,-35.2%,10.7%,-15.6%,5.0%,0.4%,-8.7%,"$537,682 ","22,552"
576,"EDINBURG, TX",Open,2008,,Original Location,2008,8/25/2008,Comp,Yes,,4,28,1,R28 D01,McAllen-Edinburg-Mission,"Harlingen-Weslaco-Brownsville-McAllen, TX",,457 E TRENTON ROAD,EDINBURG,TX,78541,26.3,-98.2," 44,263 ",Light Suburban,"810,267",954,"2,934","1,426,817","$57,028",LT60K,46%,17%,12%,25%,121%,GT 120,"$55,116",6%,LT 20%,1%,LT 5%,92%,GT 40%,1%,LT 2%,0.55%,51.13%,12 - 20 MM, 20M+ ,20M+,20M+,B,"$14,065,224","$14,216,794","$13,706,001","$14,617,903","$14,617,903","$16,486,757","$10,938,777","$20,631,554","$19,016,217","$19,016,217","$21,142,193","$21,522,955","$23,433,987","$23,433,987","$21,227,845","$21,227,845",12.2%,1.0%,1.1%,-4.8%,8.1%,12.8%,-33.7%,25.1%,-7.8%,11.2%,10.5%,-9.4%,"$588,518 ","43,507"
577,"HOLYOKE, MA",Open,2025,2/28/2025,2025 Relo - FEB '25 Open,2008,9/30/2008,Non-Comp,Yes,,3,10,6,R10 D06,Springfield,"Springfield-Holyoke, MA",,39 HOLYOKE STREET,HOLYOKE,MA,1040,42.2,-72.6," 22,267 ",Light Suburban,"621,606",596,"2,208","691,468","$71,330",70K-80K,38%,15%,13%,34%,78%,LT 80,"$73,016",62%,GT 60%,7%,5-10%,23%,20-30%,4%,4-6%,-0.20%,43.50%,08 - 10 MM, 08 - 10 MM ,08 - 10 MM,10 - 12 MM,,"$7,766,131","$8,422,664","$8,439,280","$8,978,810","$8,978,810","$9,238,932","$5,576,055","$10,546,243","$8,357,089","$8,357,089","$8,715,389","$8,834,622","$8,845,761","$8,845,761","$8,243,961","$10,720,292",6.9%,6.0%,8.5%,-1.2%,7.9%,2.9%,-39.6%,14.1%,-20.8%,4.3%,1.2%,20.7%,"$423,355 ","16,435"
578,"DAYTONA BEACH, FL",Open,2018,9/21/2018,2018 Relo - SEP '18 Open,2008,8/29/2008,Comp,,,5,30,2,R30 D02,Deltona-Daytona Beach-Ormond Beach,"Orlando-Daytona Beach-Melbourne, FL",,1115 CORNERSTORE BLVD,DAYTONA BEACH,FL,32117,29.2,-81.1," 35,763 ",Light Suburban,"1,075,654",346,"1,647","4,872,913","$73,524",70K-80K,44%,16%,13%,27%,82%,80 - 100,"$78,250",64%,GT 60%,11%,10-15%,17%,10-20%,3%,2-4%,1.47%,51.85%,08 - 10 MM, 08 - 10 MM ,08 - 10 MM,08 - 10 MM,E,"$6,720,636","$6,634,204","$7,250,364","$5,735,046","$7,689,581","$5,782,022","$5,413,135","$9,040,993","$8,003,274","$8,003,274","$8,692,901","$8,823,176","$8,920,704","$8,920,704","$8,821,656","$8,821,656",0.0%,2.1%,-1.3%,7.6%,4.5%,0.8%,-29.1%,18.4%,-11.5%,8.6%,2.6%,-1.1%,"$536,146 ","19,413"
579,"SPARTANBURG, SC",Open,2020,10/9/2020,2020 Remodel - OCT '20 Open,2008,2/28/2008,Comp,Yes,,5,18,5,R18 D05,Spartanburg,"Greenville-Spartanburg, SC-Asheville, NC-Anderson, SC",,1450 WO EZELL BLVD STE 200,SPARTANBURG,SC,29301,34.9,-82.0, -   ,Light Suburban,"369,757",326,"1,846","2,489,022","$63,579",60K-70K,42%,19%,13%,26%,77%,LT 80,"$67,472",63%,GT 60%,21%,20-30%,9%,LT 10%,2%,2-4%,0.88%,53.22%,LT8MM, LT8MM ,08 - 10 MM,08 - 10 MM,E,"$5,664,740","$6,149,570","$6,341,403","$6,579,555","$6,579,555","$7,030,227","$3,142,900","$8,940,961","$7,512,858","$7,512,858","$7,842,164","$7,957,055","$8,328,427","$8,328,427","$9,269,111","$9,269,111",6.5%,4.9%,8.6%,1.7%,5.1%,6.9%,-55.3%,27.2%,-16.0%,4.4%,6.2%,11.3%,"$456,023 ","18,332"
580,"BOYNTON BEACH, FL",Open,2008,,Original Location,2008,3/20/2008,Comp,,,5,30,4,R30 D04,Miami-Fort Lauderdale-West Palm Beach,"West Palm Beach-Ft. Pierce, FL",,9839 MILITARY TRAIL,BOYNTON BEACH,FL,33436,26.5,-80.1," 42,494 ",Suburban,"826,933","3,364","3,478","2,295,998","$83,269",GT80K,32%,19%,15%,35%,103%,100 - 120,"$84,608",40%,40-60%,24%,20-30%,29%,20-30%,3%,2-4%,0.90%,51.52%,10 - 12 MM, 10 - 12 MM ,10 - 12 MM,10 - 12 MM,D,"$8,774,653","$8,958,689","$9,508,401","$9,613,393","$9,613,393","$9,855,379","$7,067,567","$12,335,957","$11,345,322","$11,345,322","$11,659,349","$11,850,108","$11,820,933","$11,820,933","$10,284,156","$10,284,156",3.0%,6.0%,2.1%,4.6%,2.5%,2.5%,-28.3%,25.2%,-8.0%,2.8%,1.3%,-13.0%,"$563,978 ","21,388"
581,"CITRUS HEIGHTS, CA",Open,2008,,Original Location,2008,8/28/2008,Comp,,,1,21,3,R21 D03,Sacramento--Roseville--Arden-Arcade,"Sacramento-Stockton-Modesto, CA",,6145 SAN JUAN AVENUE,CITRUS HEIGHTS,CA,95610,38.7,-121.3," 39,065 ",Light Urban,"577,190","2,383","5,746","4,601,910","$84,467",GT80K,29%,17%,15%,40%,91%,80 - 100,"$95,209",47%,40-60%,8%,5-10%,24%,20-30%,11%,GT 8%,0.42%,50.62%,08 - 10 MM, 10 - 12 MM ,10 - 12 MM,10 - 12 MM,D,"$8,651,333","$9,735,248","$10,440,744","$11,299,779","$11,299,779","$11,190,754","$7,427,931","$11,422,527","$9,495,509","$9,495,509","$10,106,851","$10,259,757","$10,110,238","$10,110,238","$10,084,644","$10,084,644",4.9%,5.5%,12.5%,5.8%,9.7%,-1.0%,-33.6%,2.1%,-16.9%,6.4%,-0.1%,-0.3%,"$552,196 ","20,980"
582,"DOTHAN, AL",Open,2023,10/20/2023,2023 Relo - OCT '23 Open,2009,9/19/2009,Comp,,,5,19,5,R19 D05,Dothan,"Dothan, AL",,3102 ROSS CLARK CIRCLE STE 100,DOTHAN,AL,36303,31.2,-85.4," 14,875 ",Exurban,"230,231",94,"1,494","269,112","$60,922",60K-70K,46%,17%,13%,24%,101%,100 - 120,"$60,994",62%,GT 60%,25%,20-30%,6%,LT 10%,1%,LT 2%,0.22%,51.41%,LT8MM, LT8MM ,LT8MM,LT8MM,G,"$4,683,428","$4,549,363","$4,619,015","$4,678,228","$4,678,228","$4,718,625","$3,520,590","$5,637,912","$4,487,149","$4,487,149","$3,226,131","$5,526,292","$3,868,668","$6,410,015","$6,942,605","$6,942,605",-7.1%,-1.6%,-2.9%,0.1%,2.7%,0.9%,-21.8%,19.5%,-20.4%,8.9%,32.8%,8.3%,"$342,562 ","13,488"
583,"RACINE, WI",Open,2020,3/6/2020,2020 Relo - MAR '20 Open,2008,8/29/2008,Comp,,,4,7,2,R07 D02,Racine,"Milwaukee, WI",,2433 S GREEN BAY RD,RACINE,WI,53406,42.7,-87.9," 28,513 ",Light Suburban,"164,764","1,224","2,437","2,243,542","$69,673",60K-70K,36%,21%,12%,31%,88%,80 - 100,"$80,132",58%,40-60%,15%,15-20%,20%,10-20%,2%,LT 2%,0.03%,48.38%,LT8MM, LT8MM ,LT8MM,LT8MM,F,"$6,188,410","$5,995,939","$5,563,494","$5,595,206","$5,595,206","$5,606,572","$4,802,511","$9,292,844","$7,309,436","$7,309,436","$7,343,800","$7,450,448","$7,516,003","$7,516,003","$7,640,384","$7,640,384",3.5%,8.0%,-3.1%,-8.4%,2.0%,0.2%,-14.3%,65.7%,-21.3%,0.5%,2.5%,1.7%,"$353,399 ","15,015"
584,"WATERTOWN, NY",Open,2024,11/1/2024,2024 Relo - OCT '24 Open,2008,8/26/2008,Comp,Yes,,3,10,5,R10 D05,Watertown-Fort Drum,"Watertown, NY",,1283 ARSENAL STREET,WATERTOWN,NY,13601,44.0,-75.9," 21,041 ",Exurban,"280,818",48,937,"244,897","$63,159",60K-70K,43%,17%,15%,26%,84%,80 - 100,"$63,201",84%,GT 60%,3%,LT 5%,5%,LT 10%,1%,LT 2%,-0.39%,51.89%,LT8MM, LT8MM ,LT8MM,LT8MM,H,"$7,224,191","$7,238,542","$7,218,645","$6,994,015","$6,994,015","$7,246,460","$4,001,558","$7,478,699","$6,233,874","$6,233,874","$6,890,761","$6,981,824","$4,503,382","$6,513,485","$4,006,315","$6,067,041",-4.3%,-14.7%,0.2%,-1.5%,-1.9%,3.6%,-44.8%,3.2%,-16.6%,10.5%,-4.8%,-11.0%,"$357,943 ","13,440"
585,CLOSED,Closed,,9/20/2024,Closure Date,,,,,,0,0,,,,,,,,,,,,,,,,,,,,,,,,,,,,,,,,,,,,,LT8MM, LT8MM ,LT8MM,,,"$7,659,140","$8,084,409","$8,159,165","$8,266,446","$8,266,446","$8,093,085","$4,877,755","$9,125,025","$5,990,214","$5,990,214","$5,744,046","$5,819,058","$3,113,930","$3,403,409",,,1.5%,3.6%,5.6%,-0.3%,2.6%,-2.1%,-39.7%,12.8%,-34.4%,-4.1%,-0.4%,,$0 ,NA
586,"WEST NYACK, NY",Open,2008,,Original Location,2008,10/23/2008,Comp,Yes,Yes,3,14,2,R14 D02,New York-Newark-Jersey City,"New York, NY",Top 10 DMA,3240 PALISADES CENTER DRIVE,WEST NYACK,NY,10994,41.1,-74.0," 37,401 ",Light Suburban,"576,908","1,608","2,055","22,165,424","$113,312",GT80K,24%,11%,11%,54%,137%,GT 120,"$101,231",57%,40-60%,9%,5-10%,22%,20-30%,7%,6-8%,0.08%,49.12%,12 - 20 MM, 12 - 20 MM ,20M+,20M+,A,"$8,827,253","$9,444,269","$10,872,295","$11,762,943","$11,762,943","$13,349,085","$8,259,927","$17,308,560","$16,813,138","$16,813,138","$18,998,578","$19,266,095","$20,768,744","$20,768,744","$22,565,330","$22,565,330",-1.1%,1.8%,7.0%,13.7%,9.4%,13.5%,-38.1%,29.7%,-2.9%,13.0%,9.2%,8.7%,"$845,586 ","34,969"
587,"YUMA, AZ",Open,2019,11/8/2019,2019 Remodel - NOV '19 Open,2008,9/27/2008,Comp,,,1,3,1,R03 D01,Yuma,"Yuma, AZ-El Centro, CA",,3140 S 4TH AVE,YUMA,AZ,85364,32.7,-114.6, -   ,Light Suburban,"108,428",644,"2,382","410,331","$65,289",60K-70K,41%,23%,13%,23%,101%,100 - 120,"$62,675",18%,LT 20%,2%,LT 5%,75%,GT 40%,1%,LT 2%,0.41%,50.38%,10 - 12 MM, 10 - 12 MM ,10 - 12 MM,10 - 12 MM,D,"$8,072,805","$8,327,461","$9,658,674","$9,957,949","$9,957,949","$7,434,123","$4,450,493","$13,271,217","$11,409,043","$11,409,043","$11,713,714","$11,899,819","$11,313,008","$11,313,008","$11,169,120","$11,169,120",3.8%,-0.5%,3.2%,14.0%,4.6%,14.7%,-40.1%,14.4%,-14.0%,2.7%,-3.3%,-1.3%,"$520,795 ","22,821"
588,"HOLLAND, OH",Open,2020,3/6/2020,2020 Relo - MAR '20 Open,2008,8/26/2008,Comp,,,3,8,1,R08 D01,Toledo,"Toledo, OH",,1360 S HOLLAND-SYLVANIA RD,TOLEDO,OH,43601,41.6,-83.7," 29,928 ",Light Suburban,"171,923","1,458","2,158","1,046,114","$64,115",60K-70K,40%,18%,11%,31%,88%,80 - 100,"$67,497",61%,GT 60%,24%,20-30%,7%,LT 10%,2%,2-4%,-0.18%,48.44%,LT8MM, 08 - 10 MM ,08 - 10 MM,08 - 10 MM,F,"$8,118,728","$8,437,374","$9,158,605","$8,998,464","$8,998,464","$8,487,828","$5,029,029","$9,553,004","$7,975,540","$7,975,540","$8,440,028","$8,565,185","$8,162,891","$8,162,891","$8,435,306","$8,435,306",-0.3%,-1.4%,3.9%,7.1%,-0.5%,-5.7%,-40.8%,12.5%,-16.5%,5.8%,-3.3%,3.3%,"$422,159 ","15,771"
589,CLOSED,Closed,,4/19/2024,Closure Date,,,,,,0,0,,,,,,,,,,,,,,,,,,,,,,,,,,,,,,,,,,,,,LT8MM, LT8MM ,LT8MM,,,"$5,821,088","$6,025,809","$6,447,837","$6,147,367","$6,147,367","$6,237,927","$4,267,933","$7,152,367","$6,197,297","$6,197,297","$6,501,314","$6,600,634","$1,053,911","$1,153,048",,,-4.1%,0.9%,3.5%,5.5%,-3.3%,1.5%,-31.6%,14.7%,-13.4%,4.9%,16.4%,,$0 ,NA
590,"WHITE PLAINS, NY",Open,2019,9/20/2019,2019 Relo - SEP '19 Open,2008,8/27/2008,Comp,Yes,Yes,3,14,2,R14 D02,New York-Newark-Jersey City,"New York, NY",Top 10 DMA,I-29 MAMARONECK AVE,WHITE PLAINS,NY,10601,41.0,-73.8," 35,831 ",Suburban,"666,472","4,921","4,056","22,165,424","$104,049",GT80K,28%,13%,11%,48%,133%,GT 120,"$101,231",36%,20-40%,20%,15-20%,33%,30-40%,7%,6-8%,0.08%,49.12%,12 - 20 MM, 12 - 20 MM ,12 - 20 MM,12 - 20 MM,C,"$11,104,942","$11,657,634","$11,816,363","$11,483,851","$11,483,851","$7,894,026","$3,969,106","$15,744,355","$13,696,032","$13,696,032","$14,991,252","$15,188,854","$14,940,685","$14,940,685","$15,323,987","$15,323,987",14.4%,11.8%,5.0%,0.1%,-1.6%,1.7%,-49.7%,28.4%,-13.0%,9.5%,-0.4%,2.6%,"$644,541 ","26,922"
591,"EUCLID, OH",Open,2026,5/29/2026,2026 Relo - MAY '26 Open,2008,8/28/2008,Comp,,,3,8,3,R08 D03,Cleveland-Elyria,"Cleveland-Akron (Canton), OH",,22400 SHORE CENTER DRIVE,EUCLID,OH,44123,41.6,-81.5, -   ,Suburban,"121,862","3,923","4,283","3,823,814","$44,834",LT60K,57%,16%,9%,18%,76%,LT 80,"$69,527",22%,20-40%,70%,GT 30%,2%,LT 10%,1%,LT 2%,-0.09%,47.83%,LT8MM, LT8MM ,LT8MM,LT8MM,H,"$6,488,992","$5,993,706","$5,546,088","$5,359,445","$5,359,445","$5,327,576","$3,875,243","$6,176,283","$4,848,446","$4,848,446","$4,850,414","$4,924,684","$4,872,916","$4,872,916","$4,652,127","$4,652,127",0.9%,-0.6%,-7.6%,-8.7%,-2.0%,-0.6%,-27.3%,15.9%,-21.5%,0.0%,0.5%,-4.5%,"$327,783 ","9,273"
592,CLOSED,Closed,,2/17/2023,Closure Date,,,,,,0,0,,,,,,,,,,,,,,,,,,,,,,,,,,,,,,,,,,,,,LT8MM, LT8MM ,,,,"$5,110,483","$4,508,974","$4,411,319","$4,067,632","$4,067,632","$4,512,955","$3,236,899","$5,099,083","$4,745,346","$4,745,346",,"$250,556",,,,,5.8%,1.9%,-11.8%,-3.6%,-6.4%,10.9%,-28.3%,13.0%,-6.9%,,,,$0 ,NA
593,"Wilmington, DE (Brandywine)",Open,2017,9/8/2017,2017 Relo - SEP '17 Open,2008,8/23/2008,Comp,Yes,,3,25,3,R25 D03,Philadelphia-Camden-Wilmington,"Philadelphia, PA",Top 10 DMA,1100 ROCKY RUN PARKWAY,CLAYMONT,DE,19703,39.8,-75.5," 32,946 ",Light Suburban,"556,514","1,988","1,528","8,441,533","$86,393",GT80K,30%,15%,14%,41%,168%,GT 120,"$88,536",48%,40-60%,29%,20-30%,12%,10-20%,6%,6-8%,0.23%,48.33%,LT8MM, LT8MM ,LT8MM,LT8MM,H,"$4,766,310","$4,330,990","$5,317,303","$4,269,308","$5,646,411","$5,676,570","$3,800,038","$6,833,720","$6,024,011","$6,024,011","$6,060,798","$6,132,655","$5,828,117","$5,828,117","$6,280,856","$6,280,856",-2.2%,-6.6%,-9.1%,14.8%,12.2%,0.5%,-33.1%,20.4%,-11.8%,0.6%,-3.6%,7.8%,"$308,440 ","12,468"
594,"MARIETTA, GA",Open,2008,,Original Location,2008,8/27/2008,Comp,,,5,19,1,R19 D01,Atlanta-Sandy Springs-Roswell,"Atlanta, GA",Top 10 DMA,1901 TERRELL MILL RD STE 100,MARIETTA,GA,30067,33.9,-84.5," 40,733 ",Suburban,"1,718,548","1,363","3,693","7,692,390","$85,388",GT80K,23%,15%,12%,50%,97%,80 - 100,"$87,109",27%,20-40%,52%,GT 30%,12%,10-20%,3%,2-4%,0.88%,50.12%,08 - 10 MM, 08 - 10 MM ,08 - 10 MM,08 - 10 MM,E,"$6,373,328","$6,444,778","$7,497,386","$8,156,830","$8,156,830","$8,714,633","$6,072,962","$9,889,977","$8,744,136","$8,744,136","$8,857,506","$8,977,553","$8,302,574","$8,302,574","$8,648,833","$8,648,833",4.4%,14.5%,1.1%,14.8%,10.1%,6.8%,-30.3%,13.5%,-11.6%,1.3%,-6.1%,4.2%,"$477,264 ","15,017"
595,"CAGUAS, PR (PLAZA CENTRO MALL)",Open,2018,8/17/2018,2018 Remodel - AUG '18 Open,2008,10/9/2008,Comp,Yes,,5,31,4,R31 D04,,Puerto Rico,Top 10 DMA,200 RAFAEL CORDERO AVENUE,CAGUAS,PR,725,18.2,-66.0, -   ,Exurban,"765,694","2,263","1,301","3,245,457","$31,971",LT60K,71%,13%,7%,10%,103%,100 - 120,"$25,105",1%,LT 20%,0%,LT 5%,99%,GT 40%,0%,LT 2%,0.00%,0.00%,12 - 20 MM, 12 - 20 MM ,12 - 20 MM,12 - 20 MM,B,"$7,452,262","$8,020,846","$4,940,268",,"$5,820,153","$4,657,986","$8,491,834","$16,836,825","$15,244,646","$15,244,646","$15,242,735","$15,471,078","$16,019,875","$16,019,875","$17,574,054","$17,574,054",-14.2%,-6.7%,7.6%,3.2%,,-8.0%,-21.8%,55.0%,-9.5%,0.0%,5.3%,9.7%,"$750,813 ","37,485"
596,"SANTA ANA, CA",Open,2008,,Original Location,2008,10/3/2008,Comp,Yes,,1,3,5,R03 D05,Los Angeles-Long Beach-Anaheim,"Los Angeles, CA",Top 10 DMA,2840 S. BRISTOL STREET,SANTA ANA,CA,92704,33.7,-117.9," 30,593 ",Light Urban,"303,433","10,080","8,325","18,082,820","$91,377",GT80K,22%,12%,11%,54%,104%,100 - 120,"$97,162",8%,LT 20%,1%,LT 5%,75%,GT 40%,14%,GT 8%,-0.04%,47.33%,12 - 20 MM, 10 - 12 MM ,10 - 12 MM,10 - 12 MM,D,"$7,841,256","$8,983,198","$9,961,611","$11,103,013","$11,103,013","$11,755,962","$7,997,390","$14,018,305","$12,120,102","$12,120,102","$11,607,806","$11,771,271","$11,856,613","$11,856,613","$11,882,966","$11,882,966",8.9%,5.1%,14.6%,9.4%,12.8%,5.9%,-32.0%,19.2%,-13.5%,-4.2%,2.4%,0.2%,"$538,268 ","24,751"
597,CLOSED,Closed,,3/21/2025,Closure Date,,,,,,0,0,,,,,,,,,,,,,,,,,,,,,,,,,,,,,,,,,,,,,LT8MM, LT8MM ,LT8MM,LT8MM,,"$4,908,403","$4,952,044","$5,461,747","$5,531,150","$5,531,150","$5,826,145","$4,407,258","$6,507,646","$4,506,187","$4,506,187","$3,864,257","$3,914,406","$3,552,109","$3,552,109",,"$502,731",3.5%,-1.3%,0.9%,8.9%,2.5%,5.3%,-24.4%,11.7%,-30.8%,-14.2%,-7.8%,,$0 ,"8,013"
598,CLOSED,Closed,,1/17/2019,Closure Date,,,,,,0,0,,,,,,,,,,,,,,,,,,,,,,,,,,,,,,,,,,,,,,,,,,"$3,873,023","$3,501,407","$3,532,383","$3,522,067","$3,619,403",$0, ,,,,,,,,,,-2.7%,-8.2%,-9.6%,-0.3%,6.0%,, ,,,,,,$0 ,NA
599,CLOSED,Closed,,1/18/2019,Closure Date,,,,,,0,0,,,,,,,,,,,,,,,,,,,,,,,,,,,,,,,,,,,,,,,,,,"$4,010,622","$3,933,664","$4,016,762","$4,096,893","$4,172,514",$0, ,,,,,,,,,,10.0%,-3.4%,-1.9%,0.8%,8.4%,, ,,,,,,$0 ,NA
600,"CINNAMINSON, NJ",Open,2008,,Original Location,2008,10/2/2008,Comp,Yes,,3,13,1,R13 D01,Philadelphia-Camden-Wilmington,"Philadelphia, PA",Top 10 DMA,155 ROUTE 130 SOUTH SUITE K,CINNAMINSON,NJ,8077,40.0,-75.0," 25,556 ",Light Suburban,"320,894","3,046","2,675","8,441,533","$83,846",GT80K,30%,15%,12%,44%,113%,100 - 120,"$88,536",38%,20-40%,27%,20-30%,24%,20-30%,6%,4-6%,0.23%,48.33%,LT8MM, 08 - 10 MM ,08 - 10 MM,08 - 10 MM,E,"$8,284,814","$8,112,774","$7,700,619","$7,260,840","$7,260,840","$7,699,013","$4,841,404","$8,929,599","$7,993,268","$7,993,268","$8,853,425","$8,969,765","$8,427,447","$8,427,447","$8,671,547","$8,671,547",6.3%,1.0%,-2.1%,-6.2%,-4.5%,6.0%,-37.1%,16.0%,-10.5%,10.8%,-4.9%,2.9%,"$416,400 ","16,292"
731,CLOSED,Closed,,1/17/2019,Closure Date,,,,,,0,0,,,,,,,,,,,,,,,,,,,,,,,,,,,,,,,,,,,,,,,,,,"$7,070,644","$6,602,684","$6,254,714","$5,263,059","$5,402,134",$0, ,,,,,,,,,,1.5%,5.4%,-6.6%,-6.6%,-9.9%,, ,,,,,,$0 ,NA
732,CLOSED,Closed,,4/13/2018,Closure Date,,,,,,0,0,,,,,,,,,,,,,,,,,,,,,,,,,,,,,,,,,,,,,,,,,,"$3,872,716","$3,241,380","$3,093,399","$581,800","$588,141",$0, ,,,,,,,,,,-15.3%,-2.8%,-16.3%,-5.6%,3.5%,, ,,,,,,$0 ,NA
733,"GLEN BURNIE, MD (RELO)",Open,2019,9/6/2019,2019 Relo - SEP '19 Open,2008,11/19/2008,Comp,Yes,,5,11,2,R11 D02,Baltimore-Columbia-Towson,"Baltimore, MD",,"6711 RITCHIE HGWY, ST 551",GLEN BURNIE,MD,21061,39.2,-76.6," 28,497 ",Suburban,"526,095","2,382","3,377","3,060,911","$98,521",GT80K,29%,14%,13%,44%,93%,80 - 100,"$99,245",46%,40-60%,30%,20-30%,12%,10-20%,6%,4-6%,0.19%,48.69%,08 - 10 MM, 08 - 10 MM ,10 - 12 MM,12 - 20 MM,D,"$5,795,019","$5,986,978","$6,244,607","$5,897,954","$5,897,954","$4,502,164","$2,748,744","$10,599,550","$9,785,877","$9,785,877","$9,539,820","$9,662,914","$10,693,272","$10,693,272","$12,020,189","$12,020,189",-4.8%,6.5%,3.3%,2.9%,-4.3%,12.7%,-38.9%,54.1%,-7.7%,-2.5%,12.3%,12.4%,"$512,578 ","21,381"
734,"LOUISVILLE, KY (DIXIE)",Open,2025,10/3/2025,2025 Relo - SEP '25 Open,2008,8/26/2008,Comp,Yes,,5,18,1,R18 D01,Louisville/Jefferson County,"Louisville, KY",,6801 DIXIE HIGHWAY,LOUISVILLE,KY,40258,38.2,-85.8," 18,790 ",Light Suburban,"656,904","1,280","2,800","1,859,122","$62,181",60K-70K,40%,18%,13%,29%,89%,80 - 100,"$69,536",59%,40-60%,24%,20-30%,9%,LT 10%,3%,2-4%,0.32%,50.69%,LT8MM, 08 - 10 MM ,08 - 10 MM,08 - 10 MM,E,"$7,123,136","$6,745,430","$7,906,929","$8,317,814","$8,317,814","$7,784,976","$5,026,474","$7,867,388","$6,854,711","$6,854,711","$8,434,008","$8,546,624","$8,981,325","$8,981,325","$5,079,428","$9,707,173",1.8%,-8.0%,-5.3%,15.6%,6.5%,-6.4%,-35.4%,1.1%,-12.9%,23.0%,6.5%,7.2%,"$330,372 ","16,388"
735,"NEWPORT, KY",Open,2019,9/13/2019,2019 Relo - SEP '19 Open,2008,8/27/2008,Comp,Yes,,3,8,6,R08 D06,Cincinnati,"Cincinnati, OH",,1301-A MONMOUTH ST,NEWPORT,KY,41071,39.1,-84.5," 30,671 ",Suburban,"412,773",907,"4,570","2,489,549","$76,786",70K-80K,30%,16%,13%,41%,89%,80 - 100,"$80,057",76%,GT 60%,12%,10-15%,6%,LT 10%,2%,LT 2%,0.27%,51.01%,LT8MM, LT8MM ,LT8MM,LT8MM,H,"$6,498,048","$5,699,358","$5,596,301","$5,432,268","$5,432,268","$3,898,336","$2,441,524","$6,820,524","$5,601,932","$5,601,932","$5,700,124","$5,780,328","$5,439,108","$5,439,108","$5,581,181","$5,581,181",6.8%,-2.0%,-12.3%,-3.1%,-1.6%,8.0%,-37.4%,15.8%,-17.9%,1.8%,-4.4%,2.6%,"$343,109 ","10,583"
736,"COLUMBUS, OH (REYNOLDSBURG)",Open,2008,,Original Location,2008,8/26/2008,Comp,Yes,Yes,3,8,1,R08 D01,Columbus,"Columbus, OH",,6055 EAST MAIN STREET,COLUMBUS,OH,43213,40.0,-82.8," 47,634 ",Suburban,"340,581","2,021","4,128","2,701,932","$72,117",70K-80K,34%,19%,14%,33%,77%,LT 80,"$76,907",44%,40-60%,37%,GT 30%,7%,LT 10%,6%,6-8%,0.51%,49.28%,12 - 20 MM, 12 - 20 MM ,12 - 20 MM,12 - 20 MM,B,"$11,157,945","$12,497,110","$13,772,669","$14,333,502","$14,333,502","$15,566,119","$12,172,811","$17,690,282","$16,615,603","$16,615,603","$18,424,685","$18,667,023","$17,802,507","$17,802,507","$18,026,067","$18,026,067",14.9%,1.3%,12.0%,8.7%,5.4%,8.6%,-21.8%,13.6%,-6.1%,10.9%,-3.3%,1.3%,"$876,675 ","30,531"
737,CLOSED,Closed,,1/22/2021,Closure Date,,,,,,0,0,,,,,,,,,,,,,,,,,,,,,,,,,,,,,,,,,,,,,,,,,,"$5,442,471","$5,464,319","$5,550,571","$5,225,373","$5,225,373","$5,397,929","$3,383,118",$0,,,,,,,,,5.4%,5.4%,0.4%,0.4%,-4.7%,3.3%, ,0.0%,,,,,$0 ,NA
738,CLOSED,Closed,,1/18/2019,Closure Date,,,,,,0,0,,,,,,,,,,,,,,,,,,,,,,,,,,,,,,,,,,,,,,,,,,"$5,355,349","$4,862,032","$4,892,734","$4,897,377","$4,985,634",$0, ,,,,,,,,,,8.9%,-2.5%,-9.2%,-0.7%,6.7%,, ,,,,,,$0 ,NA
739,"CHARLOTTE, NC (CROWN POINT)",Open,2008,,Original Location,2008,8/27/2008,Comp,,,5,18,5,R18 D05,Charlotte-Concord-Gastonia,"Charlotte, NC",,2516 SARDIS ROAD NORTH,CHARLOTTE,NC,28227,35.1,-80.7," 31,530 ",Light Suburban,"1,887,727",926,"2,409","3,598,950","$92,960",GT80K,27%,15%,12%,46%,108%,100 - 120,"$79,954",50%,40-60%,24%,20-30%,15%,10-20%,6%,6-8%,1.03%,52.17%,08 - 10 MM, 08 - 10 MM ,10 - 12 MM,10 - 12 MM,D,"$8,293,252","$8,594,356","$8,436,776","$8,552,423","$8,552,423","$9,059,947","$6,608,359","$10,530,539","$9,143,674","$9,143,674","$9,849,912","$9,980,216","$10,744,881","$10,744,881","$10,912,826","$10,912,826",2.9%,2.3%,3.6%,-3.1%,2.7%,5.9%,-27.1%,16.2%,-13.2%,7.7%,9.2%,1.6%,"$597,127 ","20,302"
740,"OCEAN, NJ",Open,2009,,Original Location,2009,9/19/2009,Comp,,,3,13,2,R13 D02,New York-Newark-Jersey City,"New York, NY",Top 10 DMA,2351 STATE ROUTE 66,OCEAN,NJ,7712,40.2,-74.0," 22,969 ",Suburban,"191,370","2,065","3,309","22,165,424","$100,243",GT80K,28%,11%,13%,49%,97%,80 - 100,"$101,231",58%,40-60%,13%,10-15%,19%,10-20%,4%,2-4%,0.08%,49.12%,LT8MM, 08 - 10 MM ,08 - 10 MM,08 - 10 MM,E,"$6,579,713","$7,281,688","$7,489,666","$7,415,666","$7,415,666","$7,428,830","$4,646,202","$8,685,300","$7,888,715","$7,888,715","$8,824,866","$8,941,546","$9,527,398","$9,527,398","$8,812,812","$8,812,812",8.5%,3.8%,10.7%,1.5%,0.3%,0.2%,-37.5%,16.9%,-9.2%,11.9%,7.9%,-7.5%,"$444,967 ","16,015"
741,CLOSED,Closed,,4/19/2024,Closure Date,,,,,,0,0,,,,,,,,,,,,,,,,,,,,,,,,,,,,,,,,,,,,,08 - 10 MM, LT8MM ,LT8MM,,,"$7,208,152","$8,136,568","$8,814,304","$8,975,934","$8,975,934","$8,663,232","$5,459,360","$10,295,578","$8,194,654","$8,194,654","$7,017,237","$7,092,212","$894,584","$1,086,804",,,8.3%,7.0%,12.9%,7.0%,3.1%,-3.5%,-37.0%,18.8%,-20.4%,-14.4%,-23.5%,,$0 ,NA
742,"WEST ALLIS, WI",Open,2009,,Original Location,2009,9/18/2009,Comp,,,1,5,2,R05 D02,Milwaukee-Waukesha-West Allis,"Milwaukee, WI",,6748 GREENFIELD ROAD,WEST ALLIS,WI,53214,43.0,-88.0," 28,697 ",Light Urban,"355,275","7,085","6,172","2,243,542","$51,756",LT60K,52%,19%,12%,18%,83%,80 - 100,"$80,132",22%,20-40%,40%,GT 30%,28%,20-30%,5%,4-6%,0.03%,48.38%,08 - 10 MM, 08 - 10 MM ,08 - 10 MM,08 - 10 MM,E,"$8,897,703","$9,220,819","$9,661,342","$10,066,210","$10,066,210","$10,321,756","$7,350,408","$12,178,703","$9,710,401","$9,710,401","$9,281,087","$9,409,656","$9,167,745","$9,167,745","$9,125,503","$9,125,503",12.2%,5.2%,3.6%,3.5%,5.4%,2.5%,-28.8%,18.0%,-20.3%,-4.4%,-1.1%,-0.5%,"$419,438 ","16,779"
744,"MACHESNEY PARK, IL",Open,2025,9/5/2025,2025 Relo - SEP '25 Open,2009,9/15/2009,Comp,Yes,,4,7,4,R07 D04,Rockford,"Rockford, IL",,1524 WEST LANE RD,MACHESNEY PARK,IL,61115,42.4,-89.0," 14,573 ",Exurban,"374,901",480,"1,178","456,357","$67,969",60K-70K,37%,19%,14%,31%,109%,100 - 120,"$69,983",65%,GT 60%,12%,10-15%,16%,10-20%,3%,2-4%,-0.41%,49.58%,LT8MM, LT8MM ,LT8MM,LT8MM,H,"$4,803,132","$4,522,026","$5,129,493","$5,265,225","$5,265,225","$5,547,250","$4,450,248","$6,995,889","$5,886,406","$5,886,406","$6,155,945","$6,243,295","$6,282,264","$6,282,264","$3,462,214","$5,799,776",6.6%,-0.6%,-5.9%,12.0%,3.8%,5.4%,-19.8%,26.1%,-15.9%,4.6%,2.0%,-6.6%,"$290,303 ","12,829"
745,"COMPTON, CA",Open,2010,,Original Location,2010,10/23/2010,Comp,Yes,,1,3,3,R03 D03,Los Angeles-Long Beach-Anaheim,"Los Angeles, CA",Top 10 DMA,233 EAST COMPTON BLVD,COMPTON,CA,90221,33.9,-118.2," 40,254 ",Light Urban,"331,756","11,072","9,832","18,082,820","$69,344",60K-70K,32%,16%,14%,37%,75%,LT 80,"$97,162",1%,LT 20%,18%,15-20%,78%,GT 40%,1%,LT 2%,-0.04%,47.33%,10 - 12 MM, 10 - 12 MM ,10 - 12 MM,10 - 12 MM,D,"$9,593,539","$11,203,815","$12,242,776","$12,716,190","$12,716,190","$12,665,562","$9,258,948","$14,689,513","$11,432,250","$11,432,250","$10,694,453","$10,849,389","$10,847,818","$10,847,818","$11,708,444","$11,708,444",2.7%,0.3%,16.8%,7.9%,5.1%,-0.4%,-26.9%,16.0%,-22.2%,-6.5%,1.6%,7.9%,"$508,549 ","23,294"
746,"HARWOOD HTS, IL",Open,2009,,Original Location,2009,9/21/2009,Comp,Yes,Yes,4,7,2,R07 D02,Chicago-Naperville-Elgin,"Chicago, IL",Top 10 DMA,4701 NORTH HARLEM AVENUE,HARWOOD HEIGHTS,IL,60706,42.0,-87.8," 41,967 ",Light Urban,"649,886","10,918","9,452","9,518,952","$81,549",GT80K,31%,15%,14%,40%,103%,100 - 120,"$91,619",35%,20-40%,10%,5-10%,46%,GT 40%,6%,4-6%,-0.18%,48.49%,12 - 20 MM, 12 - 20 MM ,12 - 20 MM,12 - 20 MM,C,"$13,533,110","$13,498,650","$15,010,199","$15,603,628","$15,603,628","$16,468,314","$10,823,552","$18,083,107","$15,413,230","$15,413,230","$16,497,265","$16,742,619","$16,693,766","$16,693,766","$16,183,937","$16,183,937",12.1%,-1.7%,-0.3%,9.7%,5.3%,5.5%,-34.3%,9.8%,-14.8%,7.0%,1.1%,-3.1%,"$716,545 ","32,634"
747,"BETTENDORF, IA",Open,2009,,Original Location,2009,9/19/2009,Comp,,,1,5,3,R05 D03,Davenport-Moline-Rock Island,"Davenport, IA-Rock Island-Moline, IL",,1431 KIMBERLY ROAD,BETTENDORF,IA,52722,41.5,-90.5," 48,449 ",Light Suburban,"292,065",493,"2,883","749,033","$73,672",70K-80K,37%,18%,13%,32%,106%,100 - 120,"$70,641",70%,GT 60%,10%,10-15%,11%,10-20%,3%,2-4%,-0.29%,51.90%,LT8MM, LT8MM ,LT8MM,LT8MM,H,"$6,882,587","$6,893,205","$6,578,960","$6,039,164","$6,039,164","$6,110,433","$4,636,920","$6,849,055","$5,575,145","$5,575,145","$5,651,113","$5,728,585","$5,056,787","$5,056,787","$5,154,911","$5,154,911",12.9%,1.5%,0.2%,-5.7%,-7.1%,1.2%,-24.1%,12.1%,-18.6%,1.4%,-10.4%,1.9%,"$362,755 ","9,960"
748,"MURRIETA, CA",Open,2020,8/14/2020,2020 Relo - AUG '20 Open,2009,3/19/2009,Comp,Yes,,1,4,5,R04 D05,Riverside-San Bernardino-Ontario,"Los Angeles, CA",Top 10 DMA,39855 ALTA MURRIETA DRIVE,MURRIETA,CA,92563,33.6,-117.2," 34,941 ",Suburban,"664,660","1,069","3,572","18,082,820","$105,407",GT80K,19%,15%,13%,53%,110%,100 - 120,"$97,162",34%,20-40%,6%,5-10%,46%,GT 40%,8%,GT 8%,-0.04%,47.33%,12 - 20 MM, 12 - 20 MM ,12 - 20 MM,10 - 12 MM,D,"$10,082,416","$11,903,362","$12,649,210","$13,227,130","$13,227,130","$13,588,444","$6,798,105","$17,257,552","$14,218,267","$14,218,267","$13,401,676","$13,593,144","$13,021,754","$13,021,754","$11,803,431","$11,803,431",3.7%,4.2%,18.1%,4.9%,5.9%,2.7%,-50.0%,27.0%,-17.6%,-5.7%,-2.6%,-9.4%,"$632,262 ","25,698"
749,"ELGIN, IL",Open,2009,,Original Location,2009,3/7/2009,Comp,,,4,7,4,R07 D04,Chicago-Naperville-Elgin,"Chicago, IL",Top 10 DMA,250 S RANDALL ROAD UNIT A,ELGIN,IL,60123,42.0,-88.3," 29,764 ",Light Suburban,"378,435",966,"2,588","9,518,952","$104,706",GT80K,20%,15%,15%,50%,114%,100 - 120,"$91,619",50%,40-60%,4%,LT 5%,33%,30-40%,9%,GT 8%,-0.18%,48.49%,08 - 10 MM, 08 - 10 MM ,08 - 10 MM,08 - 10 MM,E,"$8,075,436","$8,335,455","$8,809,593","$8,814,918","$8,814,918","$8,429,014","$5,947,281","$10,423,335","$9,162,790","$9,162,790","$9,765,276","$9,900,341","$9,879,038","$9,879,038","$9,489,615","$9,489,615",5.2%,1.9%,3.2%,4.4%,1.2%,-4.4%,-29.4%,23.7%,-12.1%,6.6%,1.1%,-3.9%,"$412,154 ","18,305"
750,CLOSED,Closed,,4/7/2019,Closure Date,,,,,,0,0,,,,,,,,,,,,,,,,,,,,,,,,,,,,,,,,,,,,,,,,,,"$4,716,476","$4,717,117","$4,722,010","$4,456,674","$4,456,674","$892,709",$0,$0,,,,,,,,,-3.1%,3.5%,0.0%,-1.2%,-4.4%,24.4%, ,0.0%,,,,,$0 ,NA
751,"HOUSTON, TX (ORANGE GROVE)",Open,2023,3/24/2023,2023 Relo - MAR '23 Open,2009,9/19/2009,Comp,Yes,,4,17,3,R17 D03,Houston-The Woodlands-Sugar Land,"Houston, TX",Top 10 DMA,11546 GULF FREEWAY,HOUSTON,TX,77034,29.6,-95.2," 18,884 ",Suburban,"839,801","2,167","4,438","8,054,291","$71,708",70K-80K,37%,19%,13%,31%,80%,80 - 100,"$82,684",14%,LT 20%,24%,20-30%,54%,GT 40%,7%,6-8%,1.17%,52.51%,08 - 10 MM, 08 - 10 MM ,08 - 10 MM,08 - 10 MM,E,"$9,598,785","$8,609,728","$6,687,933","$5,511,423","$8,072,558","$8,620,665","$5,969,518","$10,781,705","$8,732,813","$8,732,813","$6,384,991","$8,339,452","$6,530,222","$8,712,738","$8,932,066","$8,932,066",4.9%,3.4%,-10.3%,-3.5%,-4.2%,6.8%,-30.8%,25.1%,-19.0%,-0.2%,3.7%,2.5%,"$421,408 ","15,536"
752,"FALL RIVER, MA",Open,2010,,Original Location,2010,3/2/2010,Comp,,Yes,3,10,2,R10 D02,Providence-Warwick,"Providence, RI-New Bedford, MA",,181 MARIANNO S BISHOP BLVD,FALL RIVER,MA,2721,41.7,-71.2," 39,046 ",Suburban,"200,496","1,214","4,802","1,683,219","$75,117",70K-80K,36%,14%,13%,37%,66%,LT 80,"$87,015",74%,GT 60%,5%,LT 5%,12%,10-20%,2%,2-4%,0.02%,47.37%,12 - 20 MM, 12 - 20 MM ,12 - 20 MM,12 - 20 MM,C,"$12,146,288","$13,312,673","$14,323,328","$15,336,015","$15,336,015","$16,467,078","$9,786,493","$17,581,056","$15,221,278","$15,221,278","$15,739,108","$15,962,532","$16,319,747","$16,319,747","$16,552,227","$16,552,227",1.9%,6.0%,9.6%,6.2%,8.4%,7.4%,-40.6%,6.8%,-13.4%,3.4%,3.6%,1.4%,"$652,026 ","29,739"
753,"MERRILLVILLE, IN",Open,2020,10/2/2020,2020 Relo - SEP '20 Open,2010,9/17/2010,Comp,Yes,,4,7,1,R07 D01,Chicago-Naperville-Elgin,"Chicago, IL",Top 10 DMA,2020 E LINCOLN HWY,MERRILLVILLE,IN,46410,41.5,-87.3," 33,984 ",Exurban,"471,871",584,857,"9,518,952","$75,645",70K-80K,31%,18%,15%,36%,76%,LT 80,"$91,619",55%,40-60%,21%,20-30%,19%,10-20%,1%,LT 2%,-0.18%,48.49%,08 - 10 MM, 08 - 10 MM ,08 - 10 MM,08 - 10 MM,E,"$8,759,794","$8,651,832","$8,804,075","$8,340,144","$8,340,144","$7,802,512","$3,672,751","$12,106,782","$9,624,411","$9,624,411","$9,696,173","$9,842,351","$9,702,582","$9,702,582","$9,429,614","$9,429,614",-4.6%,-3.9%,-1.2%,0.5%,-4.1%,-6.4%,-52.9%,55.2%,-20.5%,0.7%,0.0%,-2.8%,"$488,179 ","18,704"
754,"TUCSON, AZ (EL CON CENTER)",Open,2010,,Original Location,2010,3/5/2010,Comp,,,1,3,1,R03 D01,Tucson,"Tucson (Sierra Vista), AZ",,3595 E BROADWAY BOULEVARD,TUCSON,AZ,85716,32.2,-110.9," 39,458 ",Suburban,"397,167","1,062","4,476","1,249,836","$60,005",60K-70K,46%,19%,13%,23%,73%,LT 80,"$70,964",31%,20-40%,5%,LT 5%,56%,GT 40%,2%,2-4%,0.33%,47.32%,10 - 12 MM, 10 - 12 MM ,12 - 20 MM,12 - 20 MM,D,"$12,839,013","$12,309,860","$12,685,649","$12,930,852","$12,930,852","$13,612,249","$8,386,879","$13,322,878","$10,660,247","$10,660,247","$11,494,524","$11,681,454","$13,838,854","$13,838,854","$12,471,469","$12,471,469",-1.6%,-1.5%,-4.1%,1.8%,3.2%,5.3%,-38.4%,-2.1%,-20.0%,7.8%,20.2%,-9.9%,"$561,775 ","27,475"
755,"ODESSA, TX",Open,2010,,Original Location,2010,3/4/2010,Comp,Yes,Yes,4,28,4,R28 D04,Odessa,"Odessa-Midland, TX",,4101 E 42ND STREET,ODESSA,TX,79762,31.9,-102.3," 27,585 ",Light Suburban,"487,459",30,"2,278","489,185","$78,124",70K-80K,31%,16%,14%,39%,95%,80 - 100,"$77,191",33%,20-40%,4%,LT 5%,58%,GT 40%,2%,LT 2%,0.43%,54.24%,10 - 12 MM, 10 - 12 MM ,10 - 12 MM,10 - 12 MM,D,"$8,980,486","$8,552,616","$9,531,638","$10,295,035","$10,295,035","$11,386,209","$7,545,195","$12,820,683","$10,396,535","$10,396,535","$10,852,036","$11,020,604","$11,739,111","$11,739,111","$11,135,305","$11,135,305",8.4%,-9.2%,-4.8%,9.9%,9.4%,10.6%,-33.7%,12.6%,-18.9%,4.4%,7.7%,-5.1%,"$543,079 ","22,604"
756,"CORONA, CA",Open,2010,,Original Location,2010,3/5/2010,Comp,,,1,4,3,R04 D03,Riverside-San Bernardino-Ontario,"Los Angeles, CA",Top 10 DMA,720 N MAIN STREET,CORONA,CA,92880,33.9,-117.6," 32,915 ",Suburban,"459,802","1,865","4,244","18,082,820","$117,723",GT80K,17%,12%,12%,59%,97%,80 - 100,"$97,162",25%,20-40%,6%,5-10%,49%,GT 40%,16%,GT 8%,-0.04%,47.33%,10 - 12 MM, 10 - 12 MM ,10 - 12 MM,08 - 10 MM,E,"$7,360,505","$8,450,294","$9,958,687","$10,202,680","$10,202,680","$10,696,628","$7,832,676","$12,911,569","$11,349,547","$11,349,547","$10,725,195","$10,877,555","$10,338,936","$10,338,936","$9,793,247","$9,793,247",10.7%,7.2%,14.8%,16.1%,3.8%,4.8%,-26.8%,20.7%,-12.1%,-5.5%,-3.3%,-5.3%,"$596,190 ","22,071"
757,"DUNDALK, MD",Open,2026,3/6/2026,2026 Relo - MAR '26 Open,2010,3/4/2010,Non-Comp,,,5,11,2,R11 D02,Baltimore-Columbia-Towson,"Baltimore, MD",,1400 MERRITT BLVD SUITE B,DUNDALK,MD,21222,39.3,-76.5," 29,518 ",Suburban,"376,293","3,050","4,174","3,060,911","$71,624",70K-80K,37%,16%,13%,35%,66%,LT 80,"$99,245",42%,40-60%,36%,GT 30%,12%,10-20%,4%,2-4%,0.19%,48.69%,08 - 10 MM, 08 - 10 MM ,10 - 12 MM,10 - 12 MM,,"$8,173,448","$8,824,365","$9,316,461","$8,564,223","$8,564,223","$8,708,816","$5,989,828","$11,214,772","$9,885,435","$9,885,435","$9,551,588","$9,680,361","$10,334,824","$10,334,824","$11,209,983","$11,706,185",3.3%,3.6%,8.0%,4.2%,-6.9%,1.7%,-31.2%,28.8%,-11.9%,-3.4%,8.4%,14.3%,"$513,582 ","19,410"
758,"VACAVILLE, CA",Open,2010,,Original Location,2010,3/5/2010,Comp,,,1,21,4,R21 D04,Vallejo-Fairfield,"Sacramento-Stockton-Modesto, CA",,2021 HARBISON DRIVE,VACAVILLE,CA,95687,38.4,-122.0," 27,092 ",Suburban,"347,081",281,"3,564","4,601,910","$108,468",GT80K,23%,13%,14%,50%,118%,100 - 120,"$95,209",32%,20-40%,11%,10-15%,33%,30-40%,15%,GT 8%,0.42%,50.62%,LT8MM, LT8MM ,LT8MM,LT8MM,G,"$7,459,865","$8,353,534","$8,825,288","$8,853,463","$8,853,463","$8,504,068","$5,787,458","$9,503,930","$7,457,243","$7,457,243","$6,937,133","$7,025,633","$6,615,140","$6,615,140","$7,201,572","$7,201,572",3.4%,7.9%,12.0%,4.2%,1.6%,-3.9%,-31.9%,11.8%,-21.5%,-7.0%,-4.3%,8.9%,"$338,212 ","14,767"
759,"CHULA VISTA, CA",Open,2010,,Original Location,2010,3/5/2010,Comp,,Yes,1,4,2,R04 D02,San Diego-Carlsbad,"San Diego, CA",,555 I STREET,CHULA VISTA,CA,91910,32.6,-117.1," 57,855 ",Light Urban,"588,364","5,282","6,366","3,292,550","$91,289",GT80K,28%,15%,13%,44%,73%,LT 80,"$108,694",11%,LT 20%,6%,5-10%,65%,GT 40%,14%,GT 8%,0.09%,49.94%,20M+, 20M+ ,20M+,20M+,A,"$16,727,775","$18,066,264","$21,061,729","$23,821,038","$23,821,038","$26,154,168","$14,017,832","$22,213,307","$23,766,039","$23,766,039","$25,246,380","$25,602,912","$25,688,036","$25,688,036","$25,116,412","$25,116,412",22.7%,12.0%,8.0%,15.1%,14.4%,10.2%,-46.4%,-15.1%,7.0%,6.2%,1.9%,-2.2%,"$1,067,254 ","47,687"
760,"ELK GROVE, CA",Open,2010,,Original Location,2010,3/5/2010,Comp,,,1,21,3,R21 D03,Sacramento--Roseville--Arden-Arcade,"Sacramento-Stockton-Modesto, CA",,9175 E. STOCKTON BLVD,ELK GROVE,CA,95624,38.4,-121.4," 41,431 ",Light Urban,"434,768","2,359","5,583","4,601,910","$98,487",GT80K,23%,14%,14%,49%,115%,100 - 120,"$95,209",21%,20-40%,12%,10-15%,27%,20-30%,32%,GT 8%,0.42%,50.62%,08 - 10 MM, 08 - 10 MM ,08 - 10 MM,08 - 10 MM,F,"$10,600,733","$11,969,251","$12,281,870","$11,044,514","$11,044,514","$10,584,249","$6,825,044","$10,747,604","$8,403,559","$8,403,559","$8,328,440","$8,449,153","$8,740,493","$8,740,493","$8,336,333","$8,336,333",6.0%,11.7%,12.9%,1.2%,-8.8%,-4.2%,-35.5%,1.5%,-21.8%,-0.9%,5.1%,-4.6%,"$433,403 ","18,190"
761,"MORENO VALLEY, CA",Open,2010,,Original Location,2010,3/5/2010,Non-Comp,,,1,4,5,R04 D05,Riverside-San Bernardino-Ontario,"Los Angeles, CA",Top 10 DMA,12625 FREDERICK STREET STE A,MORENO VALLEY,CA,92553,33.9,-117.3," 30,888 ",Suburban,"442,680","1,923","4,296","18,082,820","$89,448",GT80K,24%,17%,15%,44%,85%,80 - 100,"$97,162",14%,LT 20%,11%,10-15%,64%,GT 40%,7%,6-8%,-0.04%,47.33%,08 - 10 MM, 08 - 10 MM ,08 - 10 MM,08 - 10 MM,E,"$8,450,588","$8,611,606","$9,052,224","$9,623,145","$9,623,145","$9,424,064","$7,273,199","$11,504,736","$8,843,017","$8,843,017","$8,409,180","$8,521,364","$8,938,113","$8,938,113","$9,002,330","$9,002,330",8.3%,5.8%,1.9%,3.8%,7.6%,-2.1%,-22.8%,22.1%,-23.1%,-4.9%,6.6%,0.7%,"$534,595 ","19,883"
762,CLOSED,Closed,,2/17/2023,Closure Date,,,,,,0,0,,,,,,,,,,,,,,,,,,,,,,,,,,,,,,,,,,,,,LT8MM, LT8MM ,,,,"$6,370,244","$6,096,291","$6,312,542","$5,756,781","$5,756,781","$5,794,293","$3,661,502","$6,812,199","$5,394,436","$5,394,436",,"$145,999",,,,,-1.1%,-0.3%,-4.3%,2.2%,-7.7%,0.7%,-36.8%,17.6%,-20.8%,,,,$0 ,NA
763,"LAUDERDALE LAKES, FL",Open,2011,,Original Location,2011,3/18/2011,Comp,Yes,,5,30,3,R30 D03,Miami-Fort Lauderdale-West Palm Beach,"Miami-Ft. Lauderdale, FL",Top 10 DMA,3333 NORTH STATE ROAD 7,LAUDERDALE LAKES,FL,33319,26.2,-80.2," 35,987 ",Light Urban,"1,040,244","6,014","6,872","4,800,721","$67,890",60K-70K,41%,20%,14%,24%,71%,LT 80,"$78,384",23%,20-40%,40%,GT 30%,29%,20-30%,3%,2-4%,0.33%,48.16%,12 - 20 MM, 12 - 20 MM ,12 - 20 MM,12 - 20 MM,C,"$11,543,568","$12,293,837","$13,577,257","$13,923,651","$13,923,651","$14,593,729","$9,528,565","$15,417,720","$14,063,600","$14,063,600","$14,453,063","$14,699,284","$15,289,161","$15,289,161","$15,272,558","$15,272,558",-3.2%,6.4%,6.5%,8.7%,4.0%,4.8%,-34.7%,5.6%,-8.8%,2.8%,5.7%,-0.1%,"$640,567 ","27,776"
764,"CANOVANAS, PR",Open,2018,4/6/2018,2018 Remodel - MAR '18 Open,2010,9/23/2010,Comp,Yes,,5,31,4,R31 D04,,Puerto Rico,Top 10 DMA,18400 STATE ROAD #3,CANOVANAS,PR,729,18.4,-65.9, -   ,Exurban,"650,047","2,185",868,"3,245,457","$30,865",LT60K,70%,15%,8%,7%,133%,GT 120,"$25,105",1%,LT 20%,0%,LT 5%,99%,GT 40%,0%,LT 2%,0.00%,0.00%,20M+, 20M+ ,20M+,20M+,B,"$11,268,477","$11,639,691","$7,266,316","$8,525,220","$16,279,919","$13,248,572","$11,975,641","$23,697,420","$22,029,119","$22,029,119","$20,347,698","$20,625,855","$20,917,770","$20,917,770","$21,402,500","$21,402,500",-6.5%,-8.1%,3.3%,3.7%,69.4%,-16.9%,-23.9%,50.5%,-7.0%,-7.6%,3.0%,2.3%,"$790,669 ","45,181"
765,"CRESTWOOD, IL",Open,2020,10/2/2020,2020 Relo - SEP '20 Open,2010,9/17/2010,Comp,Yes,,4,7,1,R07 D01,Chicago-Naperville-Elgin,"Chicago, IL",Top 10 DMA,4971 CAL SAG RD,CRESTWOOD,IL,60445,41.7,-87.7," 26,221 ",Light Suburban,"516,815","3,603","2,922","9,518,952","$78,271",70K-80K,34%,17%,14%,35%,87%,80 - 100,"$91,619",37%,20-40%,37%,GT 30%,22%,20-30%,2%,LT 2%,-0.18%,48.49%,08 - 10 MM, 08 - 10 MM ,08 - 10 MM,08 - 10 MM,F,"$6,234,495","$6,687,049","$7,202,877","$7,117,717","$7,117,717","$7,597,999","$3,593,873","$10,869,654","$8,287,831","$8,287,831","$8,692,821","$8,822,224","$8,514,342","$8,514,342","$8,480,079","$8,480,079",-2.9%,6.1%,7.3%,6.3%,0.0%,6.7%,-52.7%,43.1%,-23.8%,4.9%,-2.1%,-0.4%,"$420,383 ","16,711"
766,"CHINO, CA",Open,2010,,Original Location,2010,9/10/2010,Comp,Yes,,1,4,3,R04 D03,Riverside-San Bernardino-Ontario,"Los Angeles, CA",Top 10 DMA,5517 PHILADELPHIA STREET,CHINO,CA,91710,34.0,-117.7," 35,730 ",Light Urban,"522,480","3,584","5,851","18,082,820","$100,195",GT80K,25%,15%,14%,46%,96%,80 - 100,"$97,162",13%,LT 20%,5%,5-10%,63%,GT 40%,16%,GT 8%,-0.04%,47.33%,10 - 12 MM, 10 - 12 MM ,10 - 12 MM,10 - 12 MM,D,"$7,792,145","$8,821,037","$9,920,653","$9,817,609","$9,817,609","$10,438,730","$7,942,811","$12,643,421","$10,595,353","$10,595,353","$10,906,646","$11,050,871","$10,963,634","$10,963,634","$11,135,953","$11,135,953",1.5%,7.8%,13.2%,11.0%,0.1%,6.3%,-23.9%,21.1%,-16.2%,2.9%,0.7%,1.6%,"$560,185 ","24,583"
767,"SPRINGFIELD, PA (MARPLE)",Open,2022,2/18/2022,2022 Relo - FEB '22 Open,2011,3/18/2011,Comp,Yes,,3,25,5,R25 D05,Philadelphia-Camden-Wilmington,"Philadelphia, PA",Top 10 DMA,"400 S STATE ROAD, SUITE B-1",SPRINGFIELD,PA,19064,39.9,-75.4," 22,673 ",Suburban,"531,490","6,153","3,907","8,441,533","$65,049",60K-70K,38%,18%,12%,33%,123%,GT 120,"$88,536",36%,20-40%,49%,GT 30%,5%,LT 10%,5%,4-6%,0.23%,48.33%,LT8MM, LT8MM ,LT8MM,LT8MM,G,"$7,207,766","$7,383,578","$8,023,027","$7,910,448","$7,910,448","$7,848,069","$4,732,323","$8,632,055","$5,947,278","$7,947,368","$5,122,447","$6,863,674","$7,287,351","$7,287,351","$6,907,534","$6,907,534",1.3%,-1.2%,2.4%,7.1%,-0.1%,-0.8%,-39.7%,10.0%,-7.8%,-13.9%,7.8%,-5.2%,"$413,261 ","13,613"
768,"APPLE VALLEY, CA",Open,2010,,Original Location,2010,9/10/2010,Comp,,,1,21,2,R21 D02,Riverside-San Bernardino-Ontario,"Los Angeles, CA",Top 10 DMA,19131 BEAR VALLEY ROAD,APPLE VALLEY,CA,92308,34.5,-117.2," 47,902 ",Light Suburban,"414,136",330,"1,887","18,082,820","$75,814",70K-80K,36%,16%,15%,34%,83%,80 - 100,"$97,162",26%,20-40%,11%,10-15%,55%,GT 40%,3%,2-4%,-0.04%,47.33%,10 - 12 MM, 10 - 12 MM ,10 - 12 MM,12 - 20 MM,D,"$10,204,077","$10,739,228","$11,066,991","$11,026,008","$11,026,008","$10,962,948","$8,573,947","$13,778,521","$10,777,786","$10,777,786","$10,893,624","$11,055,116","$10,905,753","$10,905,753","$12,231,214","$12,231,214",6.4%,5.9%,5.2%,1.7%,0.9%,-0.6%,-21.8%,25.7%,-21.8%,1.1%,0.4%,12.2%,"$558,250 ","24,135"
769,"PINOLE, CA",Open,2010,,Original Location,2010,9/22/2010,Non-Comp,,,1,21,1,R21 D01,San Francisco-Oakland-Hayward,"San Francisco-Oakland-San Jose, CA",,1350 FITZGERALD DRIVE,PINOLE,CA,94564,38.0,-122.3," 27,730 ",Suburban,"256,786","2,036","4,956","7,691,388","$100,671",GT80K,26%,12%,13%,48%,75%,LT 80,"$137,673",16%,LT 20%,15%,10-15%,41%,GT 40%,21%,GT 8%,0.02%,50.97%,LT8MM, LT8MM ,LT8MM,LT8MM,,"$8,176,504","$8,473,003","$8,334,844","$7,929,310","$7,929,310","$7,320,928","$4,402,397","$8,208,013","$6,943,832","$6,943,832","$6,833,823","$6,916,888","$6,669,753","$6,669,753","$6,073,347","$6,414,395",8.0%,-4.3%,3.6%,-2.9%,-3.6%,-7.7%,-39.9%,12.1%,-15.4%,-1.6%,-2.2%,-4.1%,"$387,774 ","13,274"
770,CLOSED,Closed,,2/23/2024,Closure Date,,,,,,0,0,,,,,,,,,,,,,,,,,,,,,,,,,,,,,,,,,,,,,LT8MM, LT8MM ,LT8MM,,,"$7,226,928","$6,882,932","$6,839,573","$6,457,385","$6,457,385","$6,145,161","$4,128,808","$6,692,006","$5,185,009","$5,185,009","$4,660,129","$4,718,385",,"$238,792",,,-1.9%,0.7%,-4.8%,-1.9%,-4.3%,-4.8%,-32.8%,8.9%,-22.5%,-10.1%,,,$0 ,NA
771,"PONCE, PR",Open,2011,,Original Location,2011,3/23/2011,Comp,Yes,,5,31,6,R31 D06,,Puerto Rico,Top 10 DMA,MIGUEL A POU BLVD KM 26.4,PONCE,PR,731,18.0,-66.6," 47,579 ",Exurban,"271,044",691,"1,190","3,245,457","$20,222",LT60K,81%,9%,4%,5%,78%,LT 80,"$25,105",0%,LT 20%,0%,LT 5%,99%,GT 40%,0%,LT 2%,0.00%,0.00%,12 - 20 MM, 12 - 20 MM ,12 - 20 MM,12 - 20 MM,B,"$9,102,867","$9,720,208","$11,669,384","$13,178,206","$14,268,421","$12,798,157","$7,903,195","$21,127,773","$19,463,642","$19,463,642","$18,423,107","$18,653,202","$16,404,543","$16,404,543","$19,683,279","$19,683,279",-8.1%,-5.7%,6.8%,23.6%,17.6%,-5.8%,-38.2%,56.2%,-7.9%,-5.3%,-10.4%,20.0%,"$757,557 ","35,773"
772,"GARDEN GROVE, CA",Open,2010,,Original Location,2010,9/17/2010,Comp,Yes,,1,3,5,R03 D05,Los Angeles-Long Beach-Anaheim,"Los Angeles, CA",Top 10 DMA,13092 HARBOR BOULEVARD,GARDEN GROVE,CA,92843,33.8,-117.9," 30,907 ",Urban,"478,407","11,057","11,092","18,082,820","$89,379",GT80K,23%,13%,12%,52%,91%,80 - 100,"$97,162",10%,LT 20%,1%,LT 5%,61%,GT 40%,25%,GT 8%,-0.04%,47.33%,12 - 20 MM, 12 - 20 MM ,12 - 20 MM,12 - 20 MM,C,"$10,156,022","$10,909,346","$11,284,290","$12,272,341","$12,272,341","$13,046,415","$9,294,375","$15,745,281","$14,222,300","$14,222,300","$14,399,043","$14,608,171","$15,497,736","$15,497,736","$15,610,374","$15,610,374",5.2%,2.6%,7.4%,2.2%,10.0%,6.3%,-28.8%,20.7%,-9.7%,1.2%,7.8%,0.7%,"$661,276 ","29,917"
773,CLOSED,Closed,,7/23/2021,Closure Date,,,,,,0,0,,,,,,,,,,,,,,,,,,,,,,,,,,,,,,,,,,,,,LT8MM,,,,,"$6,470,589","$6,601,373","$6,928,639","$6,344,928","$6,344,928","$5,852,566","$3,720,518","$2,483,502",$0,$0,,,,,,,6.7%,3.2%,2.0%,3.7%,-7.3%,-7.8%,61.1%,-1.6%,0.0%,,,,$0 ,NA
774,"LAKEWOOD, CO",Open,2017,11/21/2017,2017 Remodel - NOV '17 Open,2010,9/22/2010,Comp,,,1,1,1,R01 D01,Denver-Aurora-Lakewood,"Denver, CO",,14500 W COLFAX AVE UNIT 365,LAKEWOOD,CO,80401,39.7,-105.2, -   ,Light Suburban,"1,083,727","1,301","2,521","4,891,657","$90,596",GT80K,27%,15%,14%,44%,92%,80 - 100,"$102,369",43%,40-60%,7%,5-10%,40%,GT 40%,4%,4-6%,0.81%,52.15%,08 - 10 MM, 10 - 12 MM ,10 - 12 MM,12 - 20 MM,D,"$9,387,867","$9,873,994","$5,068,124","$4,427,944","$10,163,226","$9,843,917","$6,641,646","$10,985,026","$9,875,495","$9,875,495","$11,217,358","$11,346,454","$11,864,498","$11,864,498","$12,162,640","$12,162,640",10.1%,12.3%,5.2%,2.9%,2.0%,-3.1%,-32.5%,11.6%,-10.1%,13.6%,5.8%,2.5%,"$594,514 ","23,244"
775,"FREMONT, CA",Open,2020,10/16/2020,2020 Relo - OCT '20 Open,2010,9/22/2010,Comp,,,1,21,1,R21 D01,San Francisco-Oakland-Hayward,"San Francisco-Oakland-San Jose, CA",,43756 CHRISTY ST.,FREMONT,CA,94538,37.5,-122.0," 35,575 ",Suburban,"613,694","3,790","3,578","7,691,388","$154,208",GT80K,14%,9%,9%,68%,128%,GT 120,"$137,673",12%,LT 20%,4%,LT 5%,26%,20-30%,52%,GT 8%,0.02%,50.97%,LT8MM, LT8MM ,LT8MM,LT8MM,H,"$8,124,583","$8,594,397","$9,066,360","$8,765,910","$8,765,910","$7,711,818","$1,251,623","$6,097,804","$5,919,847","$5,919,847","$5,770,595","$5,843,096","$5,078,254","$5,078,254","$4,866,430","$4,866,430",6.7%,6.5%,5.8%,4.1%,-2.1%,-12.0%,-83.8%,-20.9%,-2.9%,-2.5%,-11.7%,-4.2%,"$317,857 ","9,760"
776,CLOSED,Closed,,10/21/2022,Closure Date,,,,,,0,0,,,,,,,,,,,,,,,,,,,,,,,,,,,,,,,,,,,,,LT8MM, LT8MM ,,,,"$7,381,461","$7,175,754","$7,099,364","$6,302,901","$6,302,901","$5,713,619","$3,338,468","$5,494,871","$2,810,941","$3,116,046",,$0,,,,,-0.9%,1.7%,-2.8%,-2.2%,-10.1%,-9.3%,-41.6%,-3.8%,-19.0%,,,,$0 ,NA
777,"REDLANDS, CA",Open,2025,2/21/2025,2025 Relo - FEB '25 Open,2010,10/23/2010,Non-Comp,Yes,,1,4,5,R04 D05,Riverside-San Bernardino-Ontario,"Los Angeles, CA",Top 10 DMA,27450 W. LUGONIA AVE,REDLANDS,CA,92374,34.1,-117.2," 21,381 ",Suburban,"642,250","2,743","3,157","18,082,820","$81,265",GT80K,33%,16%,14%,37%,95%,80 - 100,"$97,162",21%,20-40%,8%,5-10%,61%,GT 40%,6%,6-8%,-0.04%,47.33%,08 - 10 MM, 08 - 10 MM ,LT8MM,10 - 12 MM,,"$10,015,367","$10,798,844","$11,761,249","$11,688,028","$11,688,028","$12,210,736","$8,878,185","$13,647,492","$9,667,125","$9,667,125","$8,599,293","$8,711,794","$7,956,000","$7,956,000","$7,773,518","$10,074,352",-0.3%,5.9%,7.8%,7.6%,0.5%,4.5%,-27.3%,11.8%,-29.2%,-11.0%,-7.1%,28.1%,"$430,331 ","17,845"
778,"NORTH BERGEN, NJ",Open,2019,9/11/2019,2019 Remodel - SEP '19 Open,2010,11/7/2010,Comp,Yes,Yes,3,13,5,R13 D05,New York-Newark-Jersey City,"New York, NY",Top 10 DMA,8101 TONNELLE AVENUE,NORTH BERGEN,NJ,7047,40.8,-74.0, -   ,Super Urban,"750,296","12,281","20,656","22,165,424","$85,918",GT80K,32%,16%,12%,40%,106%,100 - 120,"$101,231",22%,20-40%,12%,10-15%,45%,GT 40%,18%,GT 8%,0.08%,49.12%,20M+, 20M+ ,20M+,20M+,A,"$16,525,454","$17,216,725","$19,020,530","$21,251,490","$21,251,490","$13,210,774","$10,122,048","$28,447,713","$25,260,049","$25,260,049","$25,526,618","$25,847,779","$25,818,016","$25,818,016","$24,432,457","$24,432,457",18.0%,13.1%,4.2%,8.9%,13.2%,5.8%,-23.4%,24.3%,-11.2%,1.1%,1.2%,-5.4%,"$1,197,508 ","42,788"
779,"BAYAMON, PR",Open,2011,,Original Location,2011,9/23/2011,Comp,Yes,,5,31,1,R31 D01,,Puerto Rico,Top 10 DMA,SR 2 AND MAIN AVENUE,BAYAMON,PR,956,18.4,-66.1," 53,927 ",Light Suburban,"733,719","4,299","2,433","3,245,457","$31,207",LT60K,67%,15%,7%,11%,108%,100 - 120,"$25,105",1%,LT 20%,0%,LT 5%,99%,GT 40%,0%,LT 2%,0.00%,0.00%,20M+, 20M+ ,12 - 20 MM,20M+,A,"$12,517,738","$13,234,420","$16,117,212","$21,267,484","$23,076,049","$20,337,977","$14,176,356","$27,602,237","$26,289,926","$26,289,926","$23,965,086","$24,266,342","$19,819,652","$19,819,652","$23,102,218","$23,102,218",-7.6%,5.6%,5.7%,25.5%,38.2%,-11.9%,-30.3%,35.7%,-4.8%,-8.8%,-16.8%,16.6%,"$932,380 ","42,806"
780,"BURBANK, CA",Open,2010,,Original Location,2010,11/17/2010,Comp,Yes,Yes,1,3,2,R03 D02,Los Angeles-Long Beach-Anaheim,"Los Angeles, CA",Top 10 DMA,245 EAST MAGNOLIA BLVD,BURBANK,CA,91502,34.2,-118.3," 43,074 ",Light Urban,"529,723","7,526","5,679","18,082,820","$82,899",GT80K,30%,14%,12%,44%,101%,100 - 120,"$97,162",39%,20-40%,3%,LT 5%,44%,GT 40%,10%,GT 8%,-0.04%,47.33%,12 - 20 MM, 12 - 20 MM ,12 - 20 MM,12 - 20 MM,D,"$12,395,732","$14,686,356","$15,950,695","$16,917,452","$16,917,452","$16,739,256","$9,888,551","$15,700,515","$12,948,667","$12,948,667","$13,495,836","$13,692,691","$12,528,639","$12,528,639","$12,129,133","$12,129,133",5.9%,9.8%,18.5%,7.2%,7.4%,-1.1%,-40.9%,-6.2%,-17.5%,4.2%,-7.0%,-3.2%,"$684,958 ","24,815"
786,CLOSED,Closed,,2/23/2024,Closure Date,,,,,,0,0,,,,,,,,,,,,,,,,,,,,,,,,,,,,,,,,,,,,,08 - 10 MM, 08 - 10 MM ,LT8MM,,,"$8,175,099","$8,403,300","$8,473,660","$8,107,174","$8,107,174","$8,320,242","$5,653,751","$9,190,014","$8,297,142","$8,297,142","$8,415,327","$8,540,260",,"$590,329",,,-5.5%,4.3%,2.8%,-0.7%,-2.9%,2.6%,-32.0%,10.5%,-9.7%,1.4%,,,$0 ,NA
787,"HOUSTON, TX (NORTHLINE CMNS)",Open,2026,5/29/2026,2026 Relo - MAY '26 Open,2011,9/30/2011,Comp,Yes,Yes,4,17,5,R17 D05,Houston-The Woodlands-Sugar Land,"Houston, TX",Top 10 DMA,4426  NORTH FREEWAY STE A,HOUSTON,TX,77022,29.8,-95.4, -   ,Light Urban,"956,571","3,162","5,166","8,054,291","$61,309",60K-70K,42%,19%,12%,28%,78%,LT 80,"$82,684",9%,LT 20%,28%,20-30%,57%,GT 40%,3%,2-4%,1.17%,52.51%,10 - 12 MM, 08 - 10 MM ,10 - 12 MM,10 - 12 MM,D,"$10,900,035","$11,229,383","$11,021,219","$11,666,661","$12,183,765","$12,139,515","$8,102,459","$13,134,141","$9,346,307","$10,040,413","$9,567,443","$9,688,116","$10,541,917","$10,541,917","$10,848,316","$10,848,316",10.8%,1.2%,3.0%,1.3%,8.1%,-0.4%,-28.3%,10.8%,-25.3%,-4.7%,10.5%,2.9%,"$504,679 ","21,089"
789,"REGO PARK, NY",Open,2025,10/3/2025,2025 Relo - SEP '25 Open,2011,9/23/2011,Comp,Yes,Yes,3,14,5,R14 D05,New York-Newark-Jersey City,"New York, NY",Top 10 DMA,61-35 JUNCTION BLVD STE A302,REGO PARK,NY,11374,40.7,-73.9, -   ,Super Urban,"862,717","29,539","38,818","22,165,424","$83,688",GT80K,29%,16%,12%,42%,77%,LT 80,"$101,231",20%,LT 20%,11%,10-15%,33%,30-40%,27%,GT 8%,0.08%,49.12%,20M+, 20M+ ,20M+,20M+,A,"$19,391,307","$20,534,355","$22,617,164","$25,234,612","$25,234,612","$27,459,399","$13,173,506","$29,707,909","$28,325,413","$28,325,413","$26,615,920","$26,969,683","$26,907,730","$26,907,730","$15,115,751","$22,658,652",14.0%,8.8%,5.9%,8.8%,12.8%,8.8%,-52.0%,8.2%,-4.7%,-6.0%,1.2%,-12.8%,"$1,031,674 ","37,799"
796,"HUMBLE, TX",Open,2011,,Original Location,2011,3/25/2011,Comp,Yes,,4,17,1,R17 D01,Houston-The Woodlands-Sugar Land,"Houston, TX",Top 10 DMA,9480 FM 1960 BYPASS RD W,HUMBLE,TX,77338,30.0,-95.3," 34,987 ",Light Suburban,"1,273,161",977,"2,012","8,054,291","$74,644",70K-80K,35%,18%,12%,35%,90%,80 - 100,"$82,684",24%,20-40%,22%,20-30%,48%,GT 40%,3%,2-4%,1.17%,52.51%,12 - 20 MM, 12 - 20 MM ,12 - 20 MM,12 - 20 MM,C,"$13,255,405","$13,345,803","$12,927,081","$13,237,481","$13,237,481","$13,994,225","$10,175,185","$16,784,188","$13,361,123","$13,361,123","$13,176,176","$13,362,984","$12,748,739","$12,748,739","$13,780,850","$13,780,850",-0.9%,4.1%,0.7%,-4.3%,3.7%,5.7%,-27.3%,19.9%,-20.4%,-1.4%,-3.0%,8.1%,"$581,560 ","25,505"
803,"MANATI, PR",Open,2018,11/20/2018,2018 Remodel - NOV '18 Open,2011,11/4/2011,Comp,Yes,,5,31,6,R31 D06,,Puerto Rico,Top 10 DMA,119 STATE ROADE #2,MANATI,PR,674,18.4,-66.5, -   ,Rural,"421,173",696,487,"3,245,457","$23,238",LT60K,79%,11%,6%,4%,91%,80 - 100,"$25,105",1%,LT 20%,0%,LT 5%,99%,GT 40%,0%,LT 2%,0.00%,0.00%,20M+, 20M+ ,20M+,20M+,A,"$11,831,157","$13,171,194","$8,697,738",,"$4,413,107","$3,346,892","$13,324,003","$26,572,005","$25,060,035","$25,060,035","$23,195,732","$23,495,802","$22,709,775","$22,709,775","$25,681,230","$25,681,230",-8.5%,2.2%,11.3%,11.3%,,-5.1%,-19.7%,60.2%,-5.7%,-7.4%,-1.7%,13.1%,"$898,966 ","51,652"
809,"LAFAYETTE, LA",Open,2022,3/18/2022,2022 Relo - MAR '22 Open,2011,11/18/2011,Comp,,,4,17,2,R17 D02,Lafayette,"Lafayette, LA",,5700 JOHNSTON STREET,LAFAYETTE,LA,70503,30.2,-92.1," 21,193 ",Light Suburban,"257,475",541,"2,218","624,928","$65,060",60K-70K,48%,16%,11%,26%,124%,GT 120,"$57,282",61%,GT 60%,26%,20-30%,6%,LT 10%,2%,2-4%,0.11%,49.99%,LT8MM, 08 - 10 MM ,08 - 10 MM,08 - 10 MM,F,"$7,361,103","$7,223,856","$7,317,293","$7,120,445","$7,120,445","$7,520,749","$5,812,770","$9,667,855","$5,855,915","$7,928,698","$6,106,579","$8,413,904","$8,329,355","$8,329,355","$8,405,385","$8,405,385",5.0%,-7.7%,-1.9%,-0.1%,-1.3%,5.6%,-22.7%,28.5%,-15.4%,4.3%,0.4%,0.9%,"$446,348 ","16,825"
810,"BRONX, NY (BRONX TERMINAL MKT)",Open,2012,,Original Location,2012,3/23/2012,Comp,Yes,Yes,3,14,4,R14 D04,New York-Newark-Jersey City,"New York, NY",Top 10 DMA,700 EXTERIOR ST STE 302A,BRONX,NY,10451,40.8,-73.9," 54,343 ",Super Urban,"1,078,927","56,142","55,918","22,165,424","$44,094",LT60K,40%,14%,10%,36%,50%,LT 80,"$101,231",6%,LT 20%,25%,20-30%,63%,GT 40%,3%,2-4%,0.08%,49.12%,20M+, 20M+ ,20M+,20M+,AA,"$23,191,684","$25,859,583","$26,790,527","$29,211,684","$29,211,684","$30,690,320","$18,895,012","$34,505,969","$24,995,944","$24,995,944","$26,815,633","$27,187,201","$29,301,560","$29,301,560","$30,449,914","$30,449,914",11.9%,13.1%,11.5%,2.2%,10.5%,5.1%,-38.4%,12.4%,-27.6%,7.3%,9.2%,3.9%,"$1,181,342 ","48,773"
811,"ROYAL PALM BEACH, FL",Open,2011,,Original Location,2011,11/11/2011,Comp,,,5,30,4,R30 D04,Miami-Fort Lauderdale-West Palm Beach,"West Palm Beach-Ft. Pierce, FL",,10101 SOUTHERN BLVD,ROYAL PALM BEACH,FL,33411,26.7,-80.2," 39,285 ",Light Suburban,"624,422",469,"2,638","2,295,998","$83,603",GT80K,31%,19%,14%,36%,121%,GT 120,"$84,608",34%,20-40%,25%,20-30%,34%,30-40%,3%,2-4%,0.90%,51.52%,12 - 20 MM, 12 - 20 MM ,12 - 20 MM,12 - 20 MM,C,"$14,476,991","$14,537,825","$15,174,894","$15,381,288","$15,381,288","$16,166,931","$10,921,238","$18,971,023","$14,973,771","$14,973,771","$14,456,054","$14,687,227","$15,459,041","$15,459,041","$15,241,254","$15,241,254",7.0%,7.6%,0.4%,2.8%,2.9%,5.1%,-32.4%,17.3%,-21.1%,-3.5%,7.0%,-1.4%,"$646,522 ","30,612"
813,"EVERETT, WA",Open,2027,2/26/2027,2027 Relo - FEB '27 Open,2013,9/16/2013,Comp,,,1,1,6,R01 D06,Seattle-Tacoma-Bellevue,"Seattle-Tacoma, WA",,1402 E EVERETT MALL WAY #140,EVERETT,WA,98208,47.9,-122.2, -   ,Suburban,"473,079",506,"4,571","5,772,567","$104,426",GT80K,20%,13%,15%,52%,81%,80 - 100,"$108,737",54%,40-60%,5%,5-10%,14%,10-20%,17%,GT 8%,0.66%,52.46%,LT8MM, 08 - 10 MM ,08 - 10 MM,08 - 10 MM,F,"$9,196,690","$10,147,221","$10,656,591","$11,190,465","$11,190,465","$11,620,714","$5,817,879","$9,444,129","$7,493,603","$7,493,603","$8,587,764","$8,698,337","$8,587,463","$8,587,463","$8,552,444","$8,552,444",-12.2%,6.2%,10.3%,3.7%,6.3%,3.8%,-49.9%,-18.7%,-20.7%,14.6%,0.1%,-0.4%,"$480,268 ","17,365"
814,"PEARLAND, TX",Open,2011,,Original Location,2011,9/30/2011,Comp,,,4,17,3,R17 D03,Houston-The Woodlands-Sugar Land,"Houston, TX",Top 10 DMA,2812 BUSINESS CTR DR,PEARLAND,TX,77584,29.6,-95.4," 37,489 ",Light Suburban,"832,711","1,424","2,961","8,054,291","$80,103",GT80K,26%,17%,13%,44%,150%,GT 120,"$82,684",17%,LT 20%,34%,GT 30%,37%,30-40%,9%,GT 8%,1.17%,52.51%,10 - 12 MM, 10 - 12 MM ,10 - 12 MM,12 - 20 MM,D,"$11,111,556","$11,062,774","$11,837,882","$11,683,120","$11,683,120","$12,009,894","$8,011,374","$12,506,088","$10,626,558","$10,626,558","$11,328,934","$11,476,509","$11,573,076","$11,573,076","$12,413,797","$12,413,797",12.0%,5.9%,-0.4%,5.6%,-0.1%,2.8%,-33.3%,4.1%,-15.0%,6.6%,2.4%,7.3%,"$632,687 ","25,115"
815,"PHILADELPHIA, PA (OREGON)",Open,2011,,Original Location,2011,11/18/2011,Comp,Yes,,3,25,6,R25 D06,Philadelphia-Camden-Wilmington,"Philadelphia, PA",Top 10 DMA,424 W. OREGON AVENUE,PHILADELPHIA,PA,19148,39.9,-75.2," 37,645 ",Urban,"635,794","19,241","11,677","8,441,533","$55,516",LT60K,38%,15%,11%,35%,92%,80 - 100,"$88,536",24%,20-40%,46%,GT 30%,19%,10-20%,7%,6-8%,0.23%,48.33%,LT8MM, 08 - 10 MM ,08 - 10 MM,08 - 10 MM,E,"$8,081,341","$8,725,943","$8,433,971","$7,755,680","$7,755,680","$7,318,053","$4,861,311","$8,233,728","$7,175,521","$7,175,521","$7,926,395","$8,048,543","$8,880,267","$8,880,267","$9,267,052","$9,267,052",7.1%,2.4%,8.0%,-4.7%,-6.7%,-5.6%,-33.6%,12.5%,-12.9%,10.5%,11.9%,4.4%,"$524,417 ","17,577"
816,"EAGLE PASS, TX",Open,2011,,Original Location,2011,10/28/2011,Comp,,,4,28,5,R28 D05,Eagle Pass,"San Antonio, TX",,455 S BIBB AVE,EAGLE PASS,TX,78852,28.7,-100.5," 44,959 ",Exurban,"72,751",22,"1,434","3,079,144","$48,011",LT60K,51%,15%,14%,21%,62%,LT 80,"$76,315",4%,LT 20%,1%,LT 5%,94%,GT 40%,0%,LT 2%,1.18%,50.03%,12 - 20 MM, 20M+ ,20M+,20M+,A,"$8,469,682","$8,489,884","$9,168,950","$9,649,287","$9,649,287","$11,831,782","$6,355,631","$12,794,858","$16,203,768","$16,203,768","$19,845,457","$20,194,811","$22,903,812","$22,903,812","$22,535,944","$22,535,944",16.2%,-6.1%,0.2%,6.7%,6.5%,22.6%,-46.3%,8.1%,26.6%,22.5%,15.0%,-1.6%,"$739,635 ","39,496"
817,"CHARLOTTE, NC (WOODLAWN)",Open,2011,,Original Location,2011,11/4/2011,Comp,,,5,18,5,R18 D05,Charlotte-Concord-Gastonia,"Charlotte, NC",,4726 S BLVD,CHARLOTTE,NC,28217,35.2,-80.9," 31,665 ",Suburban,"2,701,700",737,"3,615","3,598,950","$87,279",GT80K,29%,16%,12%,42%,118%,100 - 120,"$79,954",54%,40-60%,22%,20-30%,13%,10-20%,5%,4-6%,1.03%,52.17%,08 - 10 MM, 08 - 10 MM ,08 - 10 MM,08 - 10 MM,E,"$7,234,151","$7,560,174","$8,271,502","$8,172,183","$8,172,183","$8,684,108","$6,171,850","$9,307,693","$8,035,999","$8,035,999","$8,330,063","$8,446,318","$9,079,165","$9,079,165","$8,834,669","$8,834,669",15.4%,6.9%,4.5%,7.9%,0.1%,6.3%,-28.9%,7.2%,-13.7%,3.7%,9.0%,-2.7%,"$601,332 ","17,094"
818,CLOSED,Closed,,2/19/2021,Closure Date,,,,,,0,0,,,,,,,,,,,,,,,,,,,,,,,,,,,,,,,,,,,,,LT8MM,,,,,"$2,618,230","$2,552,425","$2,354,770","$2,812,410","$3,138,582","$2,973,943","$1,717,154","$57,139",$0,$0,,,,,,,-18.2%,-25.1%,-2.5%,-4.9%,25.7%,-5.2%, ,0.0%,0.0%,,,,$0 ,NA
819,"ANCHORAGE, AK (TIKAHTNU)",Open,2021,10/29/2021,2021 Relo - OCT '21 Open,2011,11/18/2011,Comp,,,1,1,6,R01 D06,Anchorage,"Anchorage, AK",,1200 N MULDOON RD ST E-2,ANCHORAGE,AK,99504,61.2,-149.7," 26,612 ",Light Suburban,"111,686","4,207","2,449","465,756","$83,132",GT80K,25%,16%,13%,46%,81%,80 - 100,"$95,133",40%,40-60%,7%,5-10%,11%,10-20%,13%,GT 8%,0.35%,50.86%,08 - 10 MM, 10 - 12 MM ,10 - 12 MM,12 - 20 MM,D,"$9,524,534","$8,875,132","$8,701,463","$8,894,221","$8,894,221","$9,041,850","$5,959,538","$9,980,178","$6,585,265","$9,188,968","$10,093,847","$10,212,675","$10,095,410","$10,095,410","$12,193,026","$12,193,026",11.8%,5.7%,-6.8%,-3.4%,3.8%,1.7%,-34.1%,9.7%,-1.9%,9.8%,0.3%,20.8%,"$427,482 ","22,790"
820,"COLUMBUS, GA",Open,2022,10/28/2022,2022 Relo - OCT '22 Open,2011,10/28/2011,Comp,,,5,19,3,R19 D03,Columbus,"Columbus, GA (Opelika, AL)",,"5555 WHITTLESEY, SUITE 2300",COLUMBUS,GA,31909,32.5,-84.9," 22,257 ",Light Suburban,"394,610",132,"1,935","622,442","$58,767",LT60K,41%,19%,14%,26%,125%,GT 120,"$56,328",47%,40-60%,38%,GT 30%,7%,LT 10%,2%,2-4%,0.41%,46.30%,LT8MM, 08 - 10 MM ,LT8MM,LT8MM,F,"$7,811,858","$8,108,756","$9,137,379","$9,640,803","$9,640,803","$9,496,434","$6,663,084","$11,122,228","$4,600,046","$7,220,800","$4,884,049","$8,028,873","$7,226,249","$7,226,249","$7,758,488","$7,758,488",8.6%,-3.3%,3.8%,11.2%,6.8%,-1.5%,-29.8%,17.1%,-33.2%,6.2%,-8.5%,7.4%,"$416,259 ","15,595"
821,"BENTON HARBOR, MI",Open,2011,,Original Location,2011,11/4/2011,Comp,,,3,8,5,R08 D05,Niles-Benton Harbor,"South Bend-Elkhart, IN",,1959 PIPESTONE ROAD,BENTON HARBOR,MI,49022,42.1,-86.4," 27,122 ",Exurban,"136,098",190,908,"909,561","$64,613",60K-70K,43%,16%,13%,27%,61%,LT 80,"$69,546",67%,GT 60%,14%,10-15%,10%,10-20%,2%,2-4%,-0.06%,50.50%,LT8MM, LT8MM ,LT8MM,LT8MM,H,"$4,974,109","$4,999,216","$5,344,533","$5,433,728","$5,433,728","$5,740,745","$3,777,785","$6,320,576","$4,938,984","$4,938,984","$4,415,036","$4,468,557","$4,122,280","$4,122,280","$3,890,589","$3,890,589",5.0%,6.0%,0.5%,5.5%,2.9%,5.7%,-34.2%,10.1%,-21.9%,-10.6%,-6.2%,-5.6%,"$309,080 ","7,437"
822,"KILLEEN, TX",Open,2012,,Original Location,2012,3/23/2012,Comp,,,4,16,3,R16 D03,Killeen-Temple,"Waco-Temple-Bryan, TX",,2100 S W.S YOUNG. DR,KILLEEN,TX,76543,31.1,-97.7," 39,344 ",Suburban,"508,751",293,"3,405","1,182,789","$72,747",70K-80K,36%,20%,15%,30%,86%,80 - 100,"$67,084",43%,40-60%,20%,15-20%,27%,20-30%,3%,2-4%,0.84%,49.00%,10 - 12 MM, 12 - 20 MM ,10 - 12 MM,10 - 12 MM,D,"$8,881,996","$9,621,986","$10,173,641","$10,321,805","$10,321,805","$10,879,331","$7,686,097","$13,341,336","$11,260,218","$11,260,218","$12,029,521","$12,176,188","$11,606,234","$11,606,234","$11,585,214","$11,585,214",18.4%,4.2%,8.3%,4.2%,2.9%,5.4%,-29.4%,22.6%,-15.6%,6.8%,-3.5%,-0.2%,"$535,796 ","22,544"
823,"KIRKWOOD, MO",Open,2012,,Original Location,2012,3/23/2012,Comp,,,4,6,3,R06 D03,St. Louis,"St. Louis, MO",,1225 S KIRKWOOD ROAD,KIRKWOOD,MO,63122,38.6,-90.4," 29,639 ",Light Suburban,"667,758","2,928","2,504","3,181,819","$69,957",60K-70K,37%,18%,13%,33%,162%,GT 120,"$80,162",54%,40-60%,33%,GT 30%,5%,LT 10%,3%,2-4%,0.01%,50.74%,LT8MM, LT8MM ,LT8MM,LT8MM,H,"$5,684,444","$5,491,373","$5,314,689","$4,983,246","$4,983,246","$5,387,684","$4,019,454","$6,060,401","$4,315,258","$4,315,258","$4,243,604","$4,300,970","$3,997,117","$3,997,117","$4,299,008","$4,299,008",9.6%,-1.3%,-3.4%,-4.5%,-4.9%,8.1%,-25.4%,12.5%,-28.8%,-1.7%,-5.6%,7.6%,"$254,366 ","8,266"
824,"CHERRY HILL, NJ",Open,2012,,Original Location,2012,3/23/2012,Comp,Yes,,3,13,1,R13 D01,Philadelphia-Camden-Wilmington,"Philadelphia, PA",Top 10 DMA,2232 ROUTE 70,CHERRY HILL,NJ,8002,39.9,-75.0," 33,582 ",Light Urban,"386,899","3,602","5,627","8,441,533","$83,230",GT80K,31%,15%,12%,42%,102%,100 - 120,"$88,536",45%,40-60%,20%,20-30%,23%,20-30%,7%,6-8%,0.23%,48.33%,08 - 10 MM, 08 - 10 MM ,08 - 10 MM,10 - 12 MM,D,"$7,881,780","$8,625,727","$9,113,186","$8,554,265","$8,554,265","$8,731,645","$5,259,235","$9,455,524","$8,471,403","$8,471,403","$9,125,573","$9,241,454","$9,799,127","$9,799,127","$10,508,597","$10,508,597",5.3%,-0.6%,9.4%,4.3%,-4.9%,2.1%,-39.8%,8.3%,-10.4%,7.7%,7.4%,7.2%,"$524,623 ","18,959"
825,"MIAMI, FL (AIR PARK)",Open,2012,,Original Location,2012,3/23/2012,Comp,Yes,Yes,5,31,3,R31 D03,Miami-Fort Lauderdale-West Palm Beach,"Miami-Ft. Lauderdale, FL",Top 10 DMA,5737 NW 7TH STREET,MIAMI,FL,33126,25.8,-80.3," 67,696 ",Light Urban,"389,451","7,239","7,300","4,800,721","$60,502",60K-70K,41%,11%,12%,36%,93%,80 - 100,"$78,384",7%,LT 20%,2%,LT 5%,89%,GT 40%,1%,LT 2%,0.33%,48.16%,20M+, 20M+ ,20M+,20M+,A,"$19,056,381","$20,901,817","$22,242,796","$24,371,918","$24,371,918","$28,426,755","$19,645,778","$30,709,962","$29,568,427","$29,568,427","$26,160,167","$26,582,152","$25,508,166","$25,508,166","$24,492,135","$24,492,135",18.2%,11.0%,9.7%,4.7%,11.3%,16.8%,-30.9%,8.0%,-3.7%,-11.5%,-2.2%,-4.0%,"$1,177,891 ","46,716"
826,"BEAUMONT, TX",Open,2022,9/16/2022,2022 Relo - SEP '22 Open,2012,5/4/2012,Comp,,,4,17,3,R17 D03,Beaumont-Port Arthur,"Beaumont-Port Arthur, TX",,5855 EASTEX FREEWAY,BEAUMONT,TX,77706,30.1,-94.2," 18,585 ",Light Suburban,"431,364",108,"1,936","464,997","$65,430",60K-70K,41%,16%,13%,31%,99%,80 - 100,"$63,977",53%,40-60%,23%,20-30%,18%,10-20%,3%,2-4%,0.15%,50.91%,08 - 10 MM, LT8MM ,LT8MM,08 - 10 MM,E,"$7,816,950","$8,014,499","$9,027,570","$8,460,216","$9,120,413","$8,398,794","$5,767,311","$9,567,876","$5,829,534","$8,059,466","$5,707,788","$7,668,066","$7,935,836","$7,935,836","$9,544,630","$9,544,630",6.5%,3.6%,2.5%,11.7%,0.4%,-7.9%,-31.3%,13.9%,-18.3%,-2.1%,5.3%,20.3%,"$422,370 ","17,177"
827,"BROOKLYN, NY (GATEWAY)",Open,2014,,Original Location,2014,8/19/2014,Comp,Yes,Yes,3,14,6,R14 D06,New York-Newark-Jersey City,"New York, NY",Top 10 DMA,410 GATEWAY DR. BULD C,BROOKLYN,NY,11239,40.7,-73.9," 51,298 ",Super Urban,"868,652","33,105","30,287","22,165,424","$69,496",60K-70K,40%,15%,12%,33%,64%,LT 80,"$101,231",9%,LT 20%,49%,GT 30%,23%,20-30%,9%,GT 8%,0.08%,49.12%,20M+, 20M+ ,20M+,20M+,AAA,"$22,984,888","$25,719,570","$27,170,796","$28,555,877","$28,555,877","$29,223,773","$18,280,375","$34,604,444","$32,423,488","$32,423,488","$32,552,450","$32,984,173","$32,794,763","$32,794,763","$36,292,783","$36,292,783",,11.9%,11.9%,4.3%,6.4%,2.3%,-37.4%,18.4%,-6.3%,0.4%,0.8%,10.7%,"$1,246,219 ","53,698"
828,"MANTECA, CA",Open,2012,,Original Location,2012,9/18/2012,Comp,,,1,21,4,R21 D04,Stockton-Lodi,"Sacramento-Stockton-Modesto, CA",,1055 SOUTH MAIN ST,MANTECA,CA,95337,37.8,-121.2," 39,653 ",Suburban,"340,598","1,335","3,097","4,601,910","$113,410",GT80K,19%,12%,13%,56%,101%,100 - 120,"$95,209",24%,20-40%,6%,5-10%,40%,30-40%,23%,GT 8%,0.42%,50.62%,10 - 12 MM, 10 - 12 MM ,10 - 12 MM,10 - 12 MM,D,"$7,754,070","$8,759,889","$9,299,430","$9,908,007","$9,908,007","$10,086,341","$7,469,387","$12,794,885","$11,094,123","$11,094,123","$10,969,813","$11,121,756","$11,490,206","$11,490,206","$11,422,355","$11,422,355",14.7%,10.6%,13.0%,4.8%,7.8%,1.8%,-25.9%,26.9%,-13.3%,-1.1%,4.9%,-0.6%,"$531,328 ","24,262"
829,"UPPER DARBY, PA",Open,2013,,Original Location,2013,3/8/2013,Comp,Yes,,3,25,5,R25 D05,Philadelphia-Camden-Wilmington,"Philadelphia, PA",Top 10 DMA,100 SOUTH 69TH STREET,UPPER DARBY,PA,19082,40.0,-75.3," 27,320 ",Urban,"326,785","13,921","13,299","8,441,533","$50,438",LT60K,50%,18%,11%,20%,64%,LT 80,"$88,536",13%,LT 20%,71%,GT 30%,5%,LT 10%,6%,6-8%,0.23%,48.33%,10 - 12 MM, 10 - 12 MM ,12 - 20 MM,10 - 12 MM,D,"$7,725,246","$9,008,654","$9,753,912","$10,043,367","$10,043,367","$9,997,554","$6,416,928","$12,789,123","$11,531,275","$11,531,275","$11,647,936","$11,814,432","$12,138,786","$12,138,786","$11,929,543","$11,929,543",2.0%,4.8%,16.6%,6.7%,4.4%,-0.5%,-35.8%,27.9%,-9.8%,1.0%,4.3%,-1.7%,"$647,937 ","20,759"
830,"WOODBRIDGE, NJ",Open,2012,,Original Location,2012,9/20/2012,Comp,Yes,Yes,3,13,4,R13 D04,New York-Newark-Jersey City,"New York, NY",Top 10 DMA,465 GREEN STREET,WOODBRIDGE,NJ,7095,40.6,-74.3," 49,451 ",Light Urban,"614,208","5,075","5,208","22,165,424","$100,074",GT80K,23%,15%,13%,49%,106%,100 - 120,"$101,231",28%,20-40%,16%,15-20%,32%,30-40%,22%,GT 8%,0.08%,49.12%,12 - 20 MM, 20M+ ,20M+,20M+,A,"$13,326,544","$13,326,314","$14,505,654","$15,773,529","$15,773,529","$17,369,955","$10,740,219","$21,392,675","$19,001,310","$19,001,310","$21,636,521","$21,935,824","$23,339,400","$23,339,400","$22,360,107","$22,360,107",17.6%,7.0%,0.0%,7.4%,10.1%,10.1%,-38.2%,23.2%,-11.2%,13.9%,7.8%,-4.2%,"$924,424 ","37,532"
831,"OLMSTEAD, OH",Open,2013,,Original Location,2013,3/5/2013,Comp,Yes,,3,8,3,R08 D03,Cleveland-Elyria,"Cleveland-Akron (Canton), OH",,5150 GREAT NORTHERN SHP CTR,NORTH OLMSTED,OH,44070,41.4,-81.9," 27,912 ",Light Suburban,"435,321","1,429","2,308","3,823,814","$74,470",70K-80K,35%,17%,13%,35%,134%,GT 120,"$69,527",72%,GT 60%,8%,5-10%,12%,10-20%,3%,2-4%,-0.09%,47.83%,LT8MM, LT8MM ,LT8MM,LT8MM,H,"$6,847,405","$6,337,684","$6,884,248","$6,996,441","$6,996,441","$7,250,790","$5,060,072","$8,033,315","$6,471,331","$6,471,331","$6,038,814","$6,118,718","$5,558,097","$5,558,097","$5,355,060","$5,355,060",9.0%,-2.4%,-7.4%,7.3%,2.8%,3.6%,-30.2%,10.8%,-19.4%,-6.7%,-7.9%,-3.7%,"$349,176 ","11,248"
832,"COLLEGE PARK, GA",Open,2012,,Original Location,2012,11/14/2012,Comp,Yes,,5,19,3,R19 D03,Atlanta-Sandy Springs-Roswell,"Atlanta, GA",Top 10 DMA,6425 OLD NATIONAL HWAY,COLLEGE PARK,GA,30349,33.6,-84.5," 54,255 ",Light Suburban,"788,461","1,382","2,597","7,692,390","$67,300",60K-70K,36%,19%,15%,31%,72%,LT 80,"$87,109",8%,LT 20%,76%,GT 30%,9%,LT 10%,3%,2-4%,0.88%,50.12%,LT8MM, LT8MM ,LT8MM,LT8MM,H,"$5,437,908","$5,720,006","$6,477,781","$6,718,681","$6,718,681","$6,583,201","$4,432,153","$7,563,933","$6,263,833","$6,263,833","$6,309,376","$6,404,743","$6,162,176","$6,162,176","$6,231,293","$6,231,293",6.3%,-6.5%,5.2%,11.7%,5.0%,-2.0%,-32.7%,14.9%,-17.2%,0.7%,-2.5%,1.1%,"$339,831 ","12,210"
833,"HUMACAO, PR",Open,2019,3/13/2019,2019 Remodel - MAR '19 Open,2012,10/24/2012,Comp,Yes,,5,31,4,R31 D04,,Puerto Rico,Top 10 DMA,CARR. PR-908,HUMACAO,PR,791,18.1,-65.8, -   ,Exurban,"186,961",894,586,"3,245,457","$25,013",LT60K,83%,9%,3%,4%,109%,100 - 120,"$25,105",0%,LT 20%,0%,LT 5%,99%,GT 40%,0%,LT 2%,0.00%,0.00%,12 - 20 MM, 12 - 20 MM ,12 - 20 MM,12 - 20 MM,C,"$7,325,617","$7,640,807","$4,965,858",,,$0,"$7,847,233","$17,330,076","$15,177,618","$15,177,618","$13,378,670","$13,566,941","$13,432,425","$13,432,425","$14,978,806","$14,978,806",-16.3%,1.1%,4.3%,9.2%,,,-26.1%,54.5%,-12.4%,-11.9%,0.8%,11.5%,"$741,103 ","31,709"
834,"LILBURN, GA",Open,2012,,Original Location,2012,9/21/2012,Comp,Yes,,5,19,2,R19 D02,Atlanta-Sandy Springs-Roswell,"Atlanta, GA",Top 10 DMA,4051 STONE MTN HWY STE D105,LILBURN,GA,30047,33.8,-84.1," 20,016 ",Light Suburban,"1,103,444","2,146","2,349","7,692,390","$78,094",70K-80K,28%,19%,13%,39%,112%,100 - 120,"$87,109",19%,LT 20%,49%,GT 30%,19%,10-20%,9%,GT 8%,0.88%,50.12%,10 - 12 MM, 10 - 12 MM ,10 - 12 MM,10 - 12 MM,D,"$7,923,461","$8,787,423","$9,744,139","$10,128,625","$10,128,625","$10,665,252","$7,167,774","$12,303,243","$10,384,995","$10,384,995","$10,694,193","$10,842,919","$10,839,794","$10,839,794","$10,373,819","$10,373,819",14.8%,9.1%,10.9%,9.4%,5.2%,5.3%,-32.8%,15.4%,-15.6%,3.0%,1.3%,-4.3%,"$633,225 ","20,741"
835,"NEW YORK CITY, NY (UNION SQ.)",Open,2012,,Original Location,2012,9/17/2012,Comp,Yes,Yes,3,14,4,R14 D04,New York-Newark-Jersey City,"New York, NY",Top 10 DMA,40 EAST 14TH STREET,NEW YORK,NY,10003,40.7,-74.0," 64,323 ",Super Urban,"2,449,200","54,958","57,530","22,165,424","$60,922",60K-70K,43%,14%,11%,32%,138%,GT 120,"$101,231",16%,LT 20%,31%,GT 30%,41%,GT 40%,7%,6-8%,0.08%,49.12%,20M+, 20M+ ,20M+,20M+,AAA,"$36,089,764","$37,143,880","$39,342,698","$42,739,356","$42,739,356","$44,709,397","$20,413,898","$37,883,085","$37,091,190","$37,091,190","$36,927,038","$37,379,267","$37,025,360","$37,025,360","$36,472,843","$36,472,843",15.4%,5.3%,2.9%,4.5%,10.0%,4.6%,-54.3%,-15.3%,-2.1%,-0.4%,0.3%,-1.5%,"$1,356,566 ","56,551"
836,"NEW PORT RICHEY, FL",Open,2025,9/19/2025,2025 Remodel - SEP '25 Open,2012,11/13/2012,Non-Comp,,,5,30,1,R30 D01,Tampa-St. Petersburg-Clearwater,"Tampa-St. Petersburg (Sarasota), FL",,6411 TACOMA DRIVE,NEW PORT RICHEY,FL,34668,28.3,-82.7, -   ,Light Suburban,"461,306","1,110","2,904","5,413,557","$64,808",60K-70K,45%,16%,12%,28%,67%,LT 80,"$76,582",71%,GT 60%,5%,LT 5%,17%,10-20%,2%,2-4%,1.37%,51.59%,LT8MM, LT8MM ,LT8MM,LT8MM,,"$6,355,619","$6,499,383","$7,435,009","$7,774,089","$7,774,089","$8,040,059","$5,999,492","$9,741,494","$7,579,558","$7,579,558","$7,644,323","$7,756,601","$4,536,474","$4,560,515",,"$2,516,366",5.4%,7.6%,2.3%,12.5%,6.1%,3.4%,-25.4%,21.2%,-22.2%,0.9%,-2.6%,,"$362,981 ",NA
837,"FALLS CHURCH, VA",Open,2012,,Original Location,2012,10/26/2012,Comp,Yes,,5,11,4,R11 D04,Washington-Arlington-Alexandria,"Washington, DC (Hagerstown, MD)",Top 10 DMA,6350 SEVEN CORNERS,FALLS CHURCH,VA,22044,38.9,-77.2," 34,610 ",Light Urban,"938,318","5,886","8,240","7,403,493","$129,765",GT80K,16%,10%,12%,62%,117%,100 - 120,"$120,994",40%,40-60%,12%,10-15%,25%,20-30%,18%,GT 8%,0.54%,51.13%,08 - 10 MM, 10 - 12 MM ,10 - 12 MM,10 - 12 MM,D,"$8,582,880","$9,774,820","$10,417,722","$9,795,372","$9,795,372","$9,921,555","$6,781,426","$10,737,836","$9,774,969","$9,774,969","$10,270,723","$10,412,825","$10,108,131","$10,108,131","$10,401,183","$10,401,183",17.8%,14.0%,13.9%,5.1%,-4.7%,1.3%,-31.6%,8.2%,-9.0%,5.1%,-1.7%,2.9%,"$504,076 ","18,367"
838,"CHICAGO, IL (STATE ST)",Open,2012,,Original Location,2012,10/5/2012,Comp,,,4,7,3,R07 D03,Chicago-Naperville-Elgin,"Chicago, IL",Top 10 DMA,1 NORTH STATE STREET,CHICAGO,IL,60602,41.9,-87.6," 40,911 ",Super Urban,"1,642,869","8,885","20,748","9,518,952","$66,693",60K-70K,44%,14%,11%,31%,133%,GT 120,"$91,619",16%,LT 20%,44%,GT 30%,33%,30-40%,5%,4-6%,-0.18%,48.49%,08 - 10 MM, 08 - 10 MM ,08 - 10 MM,08 - 10 MM,E,"$13,397,742","$13,501,161","$13,780,792","$12,538,417","$12,538,417","$13,307,288","$5,123,161","$10,583,386","$9,503,106","$9,503,106","$9,783,772","$9,910,682","$8,754,867","$8,754,867","$8,634,335","$8,634,335",20.3%,-3.9%,0.8%,0.8%,-7.8%,6.1%,-61.5%,-20.5%,-10.2%,3.0%,-10.7%,-1.4%,"$465,757 ","13,896"
839,"SYRACUSE, NY",Open,2012,,Original Location,2012,9/24/2012,Comp,,,3,10,5,R10 D05,Syracuse,"Syracuse, NY",,1 CAROUSEL CENTER,SYRACUSE,NY,13290,43.1,-76.2," 48,981 ",Suburban,"459,244",512,"4,523","997,971","$73,105",70K-80K,40%,17%,13%,31%,71%,LT 80,"$73,736",72%,GT 60%,12%,10-15%,6%,LT 10%,4%,4-6%,-0.30%,47.35%,LT8MM, LT8MM ,08 - 10 MM,08 - 10 MM,E,"$7,754,822","$8,214,525","$8,483,425","$7,875,327","$7,875,327","$8,204,524","$4,827,250","$8,866,891","$7,316,510","$7,316,510","$7,353,143","$7,451,559","$8,041,624","$8,041,624","$9,098,353","$9,098,353",12.3%,-4.4%,5.9%,1.9%,-6.0%,4.2%,-41.2%,8.1%,-17.5%,0.5%,9.4%,13.1%,"$392,786 ","14,913"
840,"SANFORD, FL",Open,2022,10/14/2022,2022 Relo - OCT '22 Open,2012,10/11/2012,Comp,Yes,,5,30,2,R30 D02,Orlando-Kissimmee-Sanford,"Orlando-Daytona Beach-Melbourne, FL",,1301 WP BALL BLVD,SANFORD,FL,32771,28.8,-81.3," 24,361 ",Light Suburban,"1,474,888",801,"2,342","4,872,913","$88,874",GT80K,28%,18%,14%,41%,125%,GT 120,"$78,250",46%,40-60%,15%,10-15%,28%,20-30%,5%,4-6%,1.47%,51.85%,LT8MM, 08 - 10 MM ,08 - 10 MM,08 - 10 MM,F,"$7,236,039","$7,479,065","$8,180,547","$8,251,232","$8,251,232","$8,301,141","$5,588,124","$9,059,436","$4,276,137","$7,585,817","$4,846,206","$8,177,887","$8,294,127","$8,294,127","$8,498,319","$8,498,319",12.6%,4.6%,3.4%,7.7%,2.3%,0.6%,-32.7%,9.1%,-22.1%,13.3%,3.1%,2.5%,"$485,614 ","19,352"
841,"CAYEY, PR",Open,2012,,Original Location,2012,10/24/2012,Comp,Yes,,5,31,4,R31 D04,,Puerto Rico,Top 10 DMA,"STATE RD, #1 NO.1 KM 56.6",CAYEY,PR,736,18.1,-66.1," 29,492 ",Exurban,"314,135",859,520,"3,245,457","$24,809",LT60K,75%,13%,5%,6%,121%,GT 120,"$25,105",0%,LT 20%,0%,LT 5%,99%,GT 40%,0%,LT 2%,0.00%,0.00%,12 - 20 MM, 12 - 20 MM ,12 - 20 MM,12 - 20 MM,B,"$6,897,511","$7,199,583","$8,095,308","$10,027,582","$12,653,589","$11,702,105","$9,350,442","$18,167,990","$15,974,615","$15,974,615","$17,355,275","$17,591,925","$17,445,597","$17,445,597","$19,739,459","$19,739,459",-3.1%,4.6%,4.4%,31.5%,38.8%,-7.5%,-20.1%,55.3%,-12.1%,8.6%,0.8%,13.1%,"$746,639 ","39,764"
842,CLOSED,Closed,,2/19/2021,Closure Date,,,,,,0,0,,,,,,,,,,,,,,,,,,,,,,,,,,,,,,,,,,,,,LT8MM,,,,,"$1,777,539","$1,747,092","$1,717,319","$1,827,100","$2,030,716","$1,914,017","$1,128,145","$36,466",$0,$0,,,,,,,-23.9%,-18.4%,-1.7%,0.8%,12.9%,0.6%, ,0.0%,0.0%,,,,$0 ,NA
843,"HARLEM, NY",Open,2016,9/30/2016,2016 Open - SEP '16,2016,9/28/2016,Comp,Yes,Yes,3,14,4,R14 D04,New York-Newark-Jersey City,"New York, NY",Top 10 DMA,100-198 MARTIN LUTHER KING,NEW YORK,NY,10027,40.8,-73.9," 47,979 ",Super Urban,"1,015,579","56,904","58,690","22,165,424","$50,217",LT60K,38%,13%,10%,39%,74%,LT 80,"$101,231",11%,LT 20%,27%,20-30%,55%,GT 40%,4%,2-4%,0.08%,49.12%,12 - 20 MM, 12 - 20 MM ,12 - 20 MM,12 - 20 MM,B,,"$7,655,965","$18,586,631","$17,957,522","$17,957,522","$18,491,356","$11,167,560","$15,189,730","$12,368,922","$12,368,922","$13,180,243","$13,383,607","$13,774,000","$13,774,000","$17,265,087","$17,265,087",,,,-7.9%,-1.9%,3.0%,-39.6%,-17.9%,-18.6%,6.6%,4.4%,25.3%,"$826,581 ","24,354"
844,"HAVERHILL, MA",Open,2012,,Original Location,2012,9/21/2012,Comp,Yes,Yes,3,10,3,R10 D03,Boston-Cambridge-Newton,"Boston, MA (Manchester, NH)",Top 10 DMA,"400 LOWELL AVENUE, UNIT 1",HAVERHILL,MA,1832,42.8,-71.1," 37,640 ",Light Suburban,"196,583","4,366","2,720","6,834,716","$74,749",70K-80K,38%,16%,14%,32%,78%,LT 80,"$112,082",35%,20-40%,4%,LT 5%,56%,GT 40%,3%,2-4%,0.28%,49.68%,12 - 20 MM, 20M+ ,20M+,20M+,B,"$8,586,935","$10,119,304","$11,543,800","$12,234,519","$12,234,519","$13,735,152","$9,458,371","$19,413,678","$18,811,477","$18,811,477","$20,124,040","$20,406,777","$21,176,225","$21,176,225","$22,045,141","$22,045,141",21.8%,12.1%,17.8%,12.5%,7.3%,12.3%,-31.1%,41.3%,-3.1%,7.0%,5.1%,4.1%,"$753,562 ","36,900"
845,"CLEVELAND, OH",Open,2014,,Original Location,2014,9/17/2014,Comp,Yes,,3,8,3,R08 D03,Cleveland-Elyria,"Cleveland-Akron (Canton), OH",,3350 STEELYARD DR.,CLEVELAND,OH,44109,41.5,-81.7," 32,136 ",Light Urban,"425,635","4,543","5,015","3,823,814","$46,265",LT60K,54%,18%,10%,17%,66%,LT 80,"$69,527",31%,20-40%,49%,GT 30%,13%,10-20%,2%,2-4%,-0.09%,47.83%,08 - 10 MM, LT8MM ,LT8MM,LT8MM,G,"$8,165,665","$8,178,450","$7,835,164","$8,042,502","$8,042,502","$8,027,201","$5,848,638","$9,672,594","$8,029,855","$8,029,855","$7,474,719","$7,586,843","$7,109,688","$7,109,688","$6,588,905","$6,588,905",,-2.3%,0.2%,-5.5%,4.1%,-0.2%,-27.1%,20.5%,-17.0%,-6.9%,-4.9%,-7.3%,"$381,636 ","12,422"
846,"WOODLANDS,TX (PINECROF)",Open,2022,9/30/2022,2022 Relo - SEP '22 Open,2012,10/26/2012,Comp,Yes,,4,17,1,R17 D01,Houston-The Woodlands-Sugar Land,"Houston, TX",Top 10 DMA,1420 LAKE WOODLANDS DRIVE,THE WOODLANDS,TX,77380,30.2,-95.5," 22,790 ",Light Suburban,"2,059,726",764,"2,324","8,054,291","$83,507",GT80K,27%,16%,12%,46%,114%,100 - 120,"$82,684",36%,20-40%,17%,15-20%,38%,30-40%,5%,4-6%,1.17%,52.51%,08 - 10 MM, 08 - 10 MM ,08 - 10 MM,08 - 10 MM,E,"$10,111,420","$9,880,424","$10,111,590","$10,023,250","$10,023,250","$10,128,313","$6,395,723","$10,282,493","$6,393,821","$8,434,864","$7,310,824","$9,736,605","$9,629,846","$9,629,846","$9,692,031","$9,692,031",19.4%,5.9%,-2.3%,1.0%,0.4%,1.0%,-36.9%,1.5%,-16.4%,14.3%,0.5%,0.6%,"$559,091 ","20,068"
847,"PLAINFIELD, IN",Open,2012,,Original Location,2012,10/10/2012,Comp,,,4,6,1,R06 D01,Indianapolis-Carmel-Anderson,"Indianapolis, IN",,2575 EAST MAIN STREET,PLAINFIELD,IN,46168,39.7,-86.4," 37,260 ",Exurban,"500,308",540,"1,497","3,190,106","$76,012",70K-80K,33%,17%,15%,35%,109%,100 - 120,"$75,828",60%,40-60%,20%,15-20%,13%,10-20%,3%,2-4%,0.46%,50.09%,LT8MM, LT8MM ,LT8MM,LT8MM,F,"$7,217,815","$8,163,941","$9,139,514","$9,013,700","$9,013,700","$8,095,387","$5,610,883","$9,009,254","$7,080,911","$7,080,911","$7,528,216","$7,625,417","$7,495,340","$7,495,340","$7,828,987","$7,828,987",18.9%,7.6%,13.1%,10.5%,-0.2%,-10.2%,-30.7%,11.3%,-21.4%,6.3%,-0.5%,4.5%,"$355,386 ","14,222"
849,CLOSED,Closed,,2/19/2017,Closure Date,,,,,,0,0,,,,,,,,,,,,,,,,,,,,,,,,,,,,,,,,,,,,,,,,,,"$2,554,038","$2,858,930","$66,212",,,, ,,,,,,,,,,-5.2%,16.1%,11.9%,,,, ,,,,,,"$6,568 ",NA
850,CLOSED,Closed,,2/23/2024,Closure Date,,,,,,0,0,,,,,,,,,,,,,,,,,,,,,,,,,,,,,,,,,,,,,LT8MM, LT8MM ,LT8MM,,,"$5,182,623","$5,064,118","$5,214,772","$5,186,964","$5,186,964","$5,349,281","$3,656,781","$6,311,879","$5,235,290","$5,235,290","$5,117,095","$5,181,633",,"$185,930",,,0.0%,3.1%,-2.3%,1.5%,0.9%,3.1%,-31.6%,18.0%,-17.1%,-2.3%,,,$0 ,NA
851,"PHOENIX, AZ (ARCADIA CROSSING)",Open,2012,,Original Location,2012,11/7/2012,Comp,Yes,,1,3,6,R03 D06,Phoenix-Mesa-Scottsdale,"Phoenix (Prescott), AZ",,4525 E THOMAS ROAD,PHOENIX,AZ,85018,33.5,-112.0," 23,199 ",Suburban,"1,015,176","2,433","4,892","6,067,817","$73,347",70K-80K,34%,18%,14%,33%,91%,80 - 100,"$86,887",24%,20-40%,10%,5-10%,57%,GT 40%,3%,2-4%,0.98%,49.87%,08 - 10 MM, 08 - 10 MM ,08 - 10 MM,08 - 10 MM,F,"$7,263,453","$7,252,218","$7,544,688","$7,748,444","$7,748,444","$8,320,660","$6,107,827","$10,978,329","$9,504,187","$9,504,187","$8,278,000","$8,396,723","$8,378,686","$8,378,686","$8,491,960","$8,491,960",6.8%,-0.3%,-0.2%,2.5%,4.2%,7.4%,-26.6%,31.9%,-13.4%,-12.9%,1.5%,1.4%,"$434,311 ","17,916"
852,"PENSACOLA, FL",Open,2024,4/5/2024,2024 Relo - MAR '24 Open,2013,10/4/2013,Comp,,,5,19,5,R19 D05,Pensacola-Ferry Pass-Brent,"Mobile, AL-Pensacola (Ft. Walton Beach), FL",,5450 N 9TH AVE,PENSACOLA,FL,32503,30.5,-87.2," 21,574 ",Light Suburban,"568,069",282,"2,406","1,562,017","$79,730",70K-80K,35%,16%,13%,36%,105%,100 - 120,"$73,580",67%,GT 60%,15%,15-20%,7%,LT 10%,3%,2-4%,0.69%,52.09%,LT8MM, LT8MM ,LT8MM,LT8MM,G,"$8,459,229","$8,617,787","$9,202,357","$9,067,642","$9,067,642","$9,388,042","$6,635,043","$9,889,434","$7,620,401","$7,620,401","$7,387,294","$7,494,829","$5,031,242","$7,455,770","$5,185,860","$7,509,484",10.5%,5.9%,1.9%,5.3%,-0.1%,3.5%,-29.3%,5.3%,-22.9%,-3.1%,-0.9%,3.1%,"$419,810 ","14,820"
853,"CINCINNATI, OH (COLERAIN)",Open,2026,6/19/2026,2026 Relo - JUN '26 Open,2013,3/5/2013,Comp,,,3,8,6,R08 D06,Cincinnati,"Cincinnati, OH",,9501 COLERAIN AVENUE,CINCINNATI,OH,45251,39.2,-84.6, -   ,Light Suburban,"336,512","1,466","2,172","2,489,549","$65,025",60K-70K,41%,17%,13%,29%,85%,80 - 100,"$80,057",51%,40-60%,34%,GT 30%,7%,LT 10%,3%,2-4%,0.27%,51.01%,LT8MM, LT8MM ,LT8MM,LT8MM,H,"$6,986,884","$6,898,925","$7,313,690","$6,846,974","$6,846,974","$7,088,906","$4,976,999","$7,274,005","$4,909,912","$4,909,912","$5,865,054","$5,947,982","$5,644,026","$5,644,026","$5,355,418","$5,355,418",15.8%,3.3%,-1.3%,4.6%,-5.2%,3.5%,-29.8%,2.6%,-32.5%,19.5%,-4.0%,-5.1%,"$387,619 ","10,879"
854,"CAGUAS, PR (LAS CATALINAS)",Open,2018,7/13/2018,2018 Remodel - JUL '18 Open,2013,4/23/2013,Comp,Yes,,5,31,4,R31 D04,,Puerto Rico,Top 10 DMA,LAS CATALINAS MALL #1540 AVE,CAGUAS,PR,725,18.2,-66.0, -   ,Exurban,"650,427","2,081","1,438","3,245,457","$32,565",LT60K,70%,13%,7%,10%,100%,100 - 120,"$25,105",1%,LT 20%,0%,LT 5%,99%,GT 40%,0%,LT 2%,0.00%,0.00%,12 - 20 MM, 12 - 20 MM ,12 - 20 MM,20M+,B,"$9,884,850","$9,993,817","$6,158,199","$1,118,762","$8,391,107","$6,885,744","$9,953,950","$18,904,902","$17,597,069","$17,597,069","$18,080,522","$18,340,402","$19,965,529","$19,965,529","$22,026,959","$22,026,959",-8.2%,7.3%,1.1%,2.5%,63.0%,1.1%,-24.6%,43.2%,-6.9%,2.7%,10.7%,10.3%,"$862,282 ","46,830"
855,"HARLINGEN, TX",Open,2013,,Original Location,2013,9/13/2013,Comp,Yes,,4,28,1,R28 D01,Brownsville-Harlingen,"Harlingen-Weslaco-Brownsville-McAllen, TX",,2721 W. EXPRESSWAY 83,HARLINGEN,TX,78552,26.2,-97.7," 37,014 ",Light Suburban,"356,848",358,"1,899","1,426,817","$59,071",LT60K,44%,19%,14%,23%,100%,100 - 120,"$55,116",8%,LT 20%,1%,LT 5%,90%,GT 40%,1%,LT 2%,0.55%,51.13%,12 - 20 MM, 12 - 20 MM ,12 - 20 MM,12 - 20 MM,B,"$7,919,101","$8,317,153","$8,941,630","$9,626,187","$9,626,187","$11,244,064","$8,228,683","$16,448,563","$14,711,307","$14,711,307","$16,851,403","$17,145,078","$18,012,845","$18,012,845","$17,251,172","$17,251,172",-14.9%,-5.1%,5.0%,5.9%,9.2%,16.8%,-26.8%,46.3%,-10.6%,14.5%,6.7%,-4.2%,"$591,813 ","34,324"
856,"OCALA, FL",Open,2013,,Original Location,2013,10/3/2013,Comp,,,5,30,5,R30 D05,Ocala,"Orlando-Daytona Beach-Melbourne, FL",,2403 SW 27TH AVE,OCALA,FL,34474,29.2,-82.2," 29,517 ",Exurban,"684,916",273,"1,289","4,872,913","$63,329",60K-70K,38%,18%,15%,29%,70%,LT 80,"$78,250",70%,GT 60%,10%,5-10%,14%,10-20%,2%,LT 2%,1.47%,51.85%,08 - 10 MM, 10 - 12 MM ,12 - 20 MM,12 - 20 MM,C,"$7,377,254","$7,589,575","$8,707,336","$8,776,118","$8,776,118","$8,794,925","$6,188,773","$10,634,707","$9,499,178","$9,499,178","$10,901,876","$11,081,467","$12,214,026","$12,214,026","$13,266,056","$13,266,056",-10.2%,-1.6%,2.9%,12.9%,2.2%,0.2%,-29.6%,20.9%,-10.7%,14.8%,11.9%,8.6%,"$657,451 ","27,589"
857,CLOSED,Closed,,2/23/2024,Closure Date,,,,,,0,0,,,,,,,,,,,,,,,,,,,,,,,,,,,,,,,,,,,,,LT8MM, LT8MM ,LT8MM,,,"$6,705,061","$6,948,454","$7,932,376","$7,844,849","$7,844,849","$7,887,407","$4,985,309","$7,700,704","$6,603,226","$6,603,226","$6,847,300","$6,931,038",,"$214,550",,,-4.9%,1.9%,3.6%,12.5%,0.2%,0.5%,-36.8%,-2.4%,-14.3%,3.7%,,,$0 ,NA
858,"FRESNO, CA (HERNDON)",Open,2014,,Original Location,2014,3/24/2014,Comp,,,1,21,5,R21 D05,Fresno,"Fresno-Visalia, CA",,6509 N. RIVERSIDE DRIVE,FRESNO,CA,93722,36.8,-119.9," 35,018 ",Light Suburban,"291,524",482,"2,213","2,139,083","$70,964",70K-80K,35%,15%,13%,37%,127%,GT 120,"$72,136",17%,LT 20%,6%,5-10%,64%,GT 40%,10%,GT 8%,0.33%,47.34%,10 - 12 MM, 10 - 12 MM ,12 - 20 MM,12 - 20 MM,D,"$7,226,492","$7,845,545","$8,264,625","$8,944,842","$8,944,842","$9,100,935","$7,171,870","$12,468,827","$10,945,584","$10,945,584","$11,505,840","$11,655,647","$12,040,577","$12,040,577","$12,140,700","$12,140,700",,10.5%,8.6%,4.1%,9.4%,1.7%,-21.2%,37.0%,-12.2%,5.1%,5.0%,0.8%,"$625,037 ","25,918"
860,"BRONX, NY (FORDHAM & WEBSTER)",Open,2013,,Original Location,2013,10/2/2013,Comp,Yes,Yes,3,14,2,R14 D02,New York-Newark-Jersey City,"New York, NY",Top 10 DMA,2543 WEBSTER AVE,BRONX,NY,10458,40.9,-73.9," 40,954 ",Super Urban,"1,266,491","48,690","49,486","22,165,424","$46,274",LT60K,47%,15%,11%,26%,50%,LT 80,"$101,231",5%,LT 20%,29%,20-30%,60%,GT 40%,3%,2-4%,0.08%,49.12%,20M+, 20M+ ,20M+,20M+,AA,"$18,027,012","$22,659,308","$25,932,805","$28,347,816","$28,347,816","$29,778,151","$18,331,828","$36,301,671","$28,286,549","$28,286,549","$26,532,593","$26,888,001","$29,038,061","$29,038,061","$31,902,722","$31,902,722",3.0%,6.1%,25.7%,13.0%,10.5%,5.0%,-38.4%,21.9%,-22.1%,-6.2%,9.7%,9.9%,"$1,145,751 ","45,929"
861,"CHICAGO, IL (MAXWELL)",Open,2014,,Original Location,2014,8/28/2014,Comp,,,4,7,3,R07 D03,Chicago-Naperville-Elgin,"Chicago, IL",Top 10 DMA,1100 SOUTH CANAL ST,CHICAGO,IL,60607,41.9,-87.6," 33,723 ",Super Urban,"1,127,861","11,052","18,261","9,518,952","$59,958",LT60K,45%,14%,11%,30%,122%,GT 120,"$91,619",10%,LT 20%,51%,GT 30%,30%,30-40%,6%,6-8%,-0.18%,48.49%,LT8MM, LT8MM ,LT8MM,LT8MM,G,"$8,307,036","$7,881,930","$8,140,765","$8,045,364","$8,045,364","$7,962,193","$4,180,654","$8,087,645","$6,934,588","$6,934,588","$7,632,375","$7,749,539","$7,474,517","$7,474,517","$6,674,941","$6,674,941",,-7.5%,-5.1%,2.0%,0.1%,-1.0%,-47.5%,1.6%,-14.3%,10.1%,-2.2%,-10.7%,"$420,732 ","13,764"
862,"OVERLAND PARK, KS",Open,2013,,Original Location,2013,10/6/2013,Comp,Yes,,4,6,4,R06 D04,Kansas City,"Kansas City, MO",,12040 METCALF AVE,OVERLAND PARK,KS,66213,38.9,-94.7," 20,726 ",Suburban,"566,227","1,638","3,179","2,667,726","$97,865",GT80K,25%,16%,13%,46%,136%,GT 120,"$80,698",63%,GT 60%,12%,10-15%,13%,10-20%,6%,6-8%,0.36%,51.96%,LT8MM, LT8MM ,LT8MM,LT8MM,H,"$6,498,883","$6,135,863","$6,730,822","$6,721,210","$6,721,210","$6,862,645","$4,527,142","$7,344,794","$6,168,930","$6,168,930","$6,860,026","$6,946,994","$6,499,053","$6,499,053","$6,280,021","$6,280,021",23.3%,-0.6%,-5.6%,8.2%,1.1%,2.1%,-34.0%,7.0%,-16.0%,11.2%,-5.2%,-3.4%,"$314,527 ","13,027"
863,"CLOVIS, CA",Open,2013,,Original Location,2013,10/7/2013,Comp,,,1,21,5,R21 D05,Fresno,"Fresno-Visalia, CA",,70 WEST SHAW AVE,CLOVIS,CA,93612,36.8,-119.7," 40,234 ",Light Urban,"359,506","2,651","5,131","2,139,083","$70,639",70K-80K,40%,14%,11%,35%,104%,100 - 120,"$72,136",21%,20-40%,4%,LT 5%,55%,GT 40%,16%,GT 8%,0.33%,47.34%,08 - 10 MM, 08 - 10 MM ,08 - 10 MM,08 - 10 MM,E,"$7,123,873","$7,733,045","$8,333,445","$9,123,226","$9,123,226","$10,143,546","$7,541,276","$11,653,823","$9,642,007","$9,642,007","$9,708,220","$9,833,894","$9,407,381","$9,407,381","$9,099,319","$9,099,319",3.6%,8.1%,8.6%,6.4%,10.8%,11.2%,-25.7%,14.9%,-17.3%,0.7%,-2.8%,-3.3%,"$504,703 ","20,162"
864,"PORT ST. LUCIE, FL",Open,2013,,Original Location,2013,10/7/2013,Comp,,,5,30,4,R30 D04,Port St. Lucie,"West Palm Beach-Ft. Pierce, FL",,1363 NW ST. LUCIE WEST BLVD,PORT ST. LUCIE,FL,34986,27.3,-80.4," 52,036 ",Light Suburban,"398,884",487,"2,582","2,295,998","$71,221",70K-80K,36%,16%,15%,33%,95%,80 - 100,"$84,608",49%,40-60%,21%,20-30%,23%,20-30%,2%,LT 2%,0.90%,51.52%,12 - 20 MM, 12 - 20 MM ,12 - 20 MM,12 - 20 MM,D,"$10,079,174","$11,173,916","$12,742,523","$13,751,201","$13,751,201","$14,923,577","$10,211,901","$17,511,476","$14,254,590","$14,254,590","$13,257,888","$13,444,762","$13,236,221","$13,236,221","$12,708,331","$12,708,331",-7.9%,16.3%,10.9%,12.3%,9.4%,8.5%,-31.6%,17.3%,-18.6%,-7.0%,0.1%,-4.0%,"$644,265 ","26,996"
865,"SACRAMENTO, CA (NATOMAS)",Open,2024,4/26/2024,2024 Relo - APR '24 Open,2013,10/7/2013,Comp,,,1,21,3,R21 D03,Sacramento--Roseville--Arden-Arcade,"Sacramento-Stockton-Modesto, CA",,3611 NORTH FREEWAY BLVD,SACRAMENTO,CA,95834,38.6,-121.5," 20,125 ",Light Urban,"273,606","2,016","5,272","4,601,910","$91,033",GT80K,29%,15%,14%,41%,101%,100 - 120,"$95,209",29%,20-40%,11%,10-15%,33%,30-40%,18%,GT 8%,0.42%,50.62%,08 - 10 MM, 08 - 10 MM ,08 - 10 MM,08 - 10 MM,E,"$7,571,188","$8,994,829","$10,026,848","$9,850,802","$9,850,802","$10,114,780","$7,109,044","$10,998,054","$8,921,337","$8,921,337","$8,866,821","$9,000,960","$6,677,723","$8,640,922","$7,378,731","$9,647,372",4.4%,3.4%,18.8%,9.9%,-0.4%,2.7%,-29.7%,8.7%,-18.9%,-0.6%,-2.5%,10.5%,"$514,675 ","19,510"
866,"SPRINGDALE, OH",Open,2013,,Original Location,2013,10/8/2013,Comp,Yes,,3,8,6,R08 D06,Cincinnati,"Cincinnati, OH",,100 W KEMPER ROAD,SPRINGDALE,OH,45246,39.3,-84.5," 26,296 ",Light Suburban,"491,854","2,283","1,690","2,489,549","$71,663",70K-80K,33%,18%,14%,36%,86%,80 - 100,"$80,057",52%,40-60%,30%,GT 30%,7%,LT 10%,5%,4-6%,0.27%,51.01%,08 - 10 MM, 08 - 10 MM ,08 - 10 MM,10 - 12 MM,D,"$7,221,594","$7,391,084","$7,925,919","$7,692,613","$7,692,613","$8,178,238","$5,526,119","$8,954,444","$8,090,086","$8,090,086","$8,715,761","$8,834,566","$9,385,340","$9,385,340","$10,691,516","$10,691,516",25.1%,-1.5%,2.3%,5.8%,-1.7%,6.3%,-32.4%,9.5%,-9.7%,7.7%,7.7%,13.9%,"$456,360 ","17,134"
867,"INDEPENDENCE, MO",Open,2019,11/15/2019,2019 Remodel - NOV '19 Open,2013,10/6/2013,Comp,,,4,6,4,R06 D04,Kansas City,"Kansas City, MO",,11910 E. US HIGHWAY 40,INDEPENDENCE,MO,64055,39.0,-94.4, -   ,Light Suburban,"379,450","1,807","2,528","2,667,726","$58,897",LT60K,45%,20%,12%,23%,80%,80 - 100,"$80,698",46%,40-60%,30%,20-30%,15%,10-20%,2%,2-4%,0.36%,51.96%,08 - 10 MM, 08 - 10 MM ,08 - 10 MM,10 - 12 MM,D,"$9,773,775","$9,773,451","$10,109,921","$10,333,446","$10,333,446","$7,723,061","$5,257,673","$11,182,577","$8,988,223","$8,988,223","$9,405,973","$9,531,046","$9,909,688","$9,909,688","$11,491,841","$11,491,841",22.1%,9.7%,0.0%,2.1%,3.5%,-8.4%,-31.9%,20.9%,-19.6%,4.6%,5.5%,16.0%,"$500,407 ","18,763"
868,CLOSED,Closed,,2/23/2024,Closure Date,,,,,,0,0,,,,,,,,,,,,,,,,,,,,,,,,,,,,,,,,,,,,,LT8MM, LT8MM ,LT8MM,,,"$3,839,093","$3,483,043","$3,457,245","$3,668,219","$3,668,219","$4,166,212","$3,256,850","$4,750,595","$3,679,784","$3,679,784","$3,614,506","$3,680,683",,"$96,023",,,20.0%,-4.5%,-9.3%,-2.0%,7.5%,13.6%,-21.8%,14.0%,-22.5%,-1.8%,,,$0 ,NA
869,"GREEN BAY, WI",Open,2026,3/6/2026,2026 Relo - MAR '26 Open,2013,10/8/2013,Non-Comp,,,1,5,2,R05 D02,Green Bay,"Green Bay-Appleton, WI",,1507 WEST MASON STREET,GREEN BAY,WI,54303,44.5,-88.1, -   ,Light Suburban,"292,147",335,"2,729","1,177,776","$81,580",GT80K,31%,18%,15%,36%,86%,80 - 100,"$77,127",76%,GT 60%,3%,LT 5%,10%,10-20%,3%,2-4%,0.15%,53.54%,LT8MM, LT8MM ,LT8MM,LT8MM,,"$7,805,923","$7,952,102","$8,145,911","$7,861,353","$7,861,353","$7,709,743","$5,504,460","$8,355,770","$6,805,373","$6,805,373","$6,778,881","$6,880,340","$5,914,080","$5,914,080","$5,709,907","$5,982,152",22.6%,7.9%,1.9%,1.1%,-2.2%,-1.9%,-28.6%,8.4%,-18.6%,-0.4%,-12.6%,1.5%,"$308,587 ","11,682"
870,"EAST HARLEM, NY",Open,2013,,Original Location,2013,10/1/2013,Comp,Yes,,3,14,4,R14 D04,New York-Newark-Jersey City,"New York, NY",Top 10 DMA,517 EAST 117TH ST,NEW YORK,NY,10035,40.8,-73.9," 36,846 ",Super Urban,"361,702","61,553","57,815","22,165,424","$57,423",LT60K,38%,14%,11%,38%,81%,80 - 100,"$101,231",19%,LT 20%,31%,GT 30%,39%,30-40%,6%,6-8%,0.08%,49.12%,LT8MM, LT8MM ,LT8MM,LT8MM,G,"$8,682,220","$9,189,829","$9,179,954","$8,887,843","$8,887,843","$8,769,886","$5,398,551","$9,364,669","$7,493,290","$7,493,290","$7,718,085","$7,817,706","$7,415,424","$7,415,424","$7,095,462","$7,095,462",-3.2%,-2.8%,5.8%,-1.4%,-1.9%,-1.3%,-38.4%,6.8%,-20.0%,3.0%,-3.8%,-4.3%,"$385,412 ","13,884"
871,CLOSED,Closed,,2/23/2024,Closure Date,,,,,,0,0,,,,,,,,,,,,,,,,,,,,,,,,,,,,,,,,,,,,,LT8MM, LT8MM ,LT8MM,,,"$7,523,655","$7,873,119","$7,564,750","$8,252,403","$8,252,403","$8,934,715","$6,069,729","$8,263,300","$6,262,881","$6,262,881","$6,222,349","$6,309,534",,"$286,449",,,-3.7%,2.0%,4.6%,-5.2%,10.6%,8.3%,-32.1%,-7.5%,-24.2%,-0.6%,,,$0 ,NA
872,"FT WAYNE, IN",Open,2013,,Original Location,2013,10/9/2013,Comp,,,3,8,1,R08 D01,Fort Wayne,"Ft. Wayne, IN",,4122 LIMA ROAD,FORT WAYNE,IN,46805,41.1,-85.1," 28,539 ",Light Suburban,"235,453","1,480","2,584","761,538","$63,328",60K-70K,36%,20%,15%,28%,78%,LT 80,"$69,834",60%,GT 60%,15%,15-20%,11%,10-20%,7%,6-8%,0.26%,52.26%,08 - 10 MM, 08 - 10 MM ,LT8MM,08 - 10 MM,E,"$5,827,834","$6,267,540","$6,897,175","$7,217,913","$7,217,913","$7,118,141","$5,609,103","$9,830,287","$8,424,327","$8,424,327","$8,244,138","$8,345,909","$7,982,171","$7,982,171","$9,170,448","$9,170,448",33.5%,0.3%,7.5%,8.6%,5.9%,-1.4%,-21.2%,38.1%,-14.3%,-2.1%,-3.0%,14.9%,"$428,015 ","15,115"
873,"VISALIA, CA",Open,2013,,Original Location,2013,10/21/2013,Comp,,,1,21,5,R21 D05,Visalia-Porterville,"Fresno-Visalia, CA",,3844 SOUTH MOONEY BLVD STE A,VISALIA,CA,93277,36.3,-119.3," 37,605 ",Light Suburban,"337,243",580,"2,577","2,139,083","$79,483",70K-80K,33%,18%,14%,35%,113%,100 - 120,"$72,136",25%,20-40%,1%,LT 5%,66%,GT 40%,4%,4-6%,0.33%,47.34%,12 - 20 MM, 12 - 20 MM ,12 - 20 MM,12 - 20 MM,D,"$8,571,275","$10,105,285","$11,519,355","$12,567,461","$12,567,461","$13,580,247","$8,857,429","$15,856,681","$12,854,179","$12,854,179","$13,653,627","$13,838,770","$13,444,854","$13,444,854","$12,662,585","$12,662,585",9.3%,14.2%,17.9%,12.5%,10.4%,8.1%,-34.8%,16.8%,-18.9%,6.2%,-1.4%,-5.8%,"$709,886 ","26,378"
874,"HIXSON, TN",Open,2023,10/27/2023,2023 Relo - OCT '23 Open,2014,9/16/2014,Comp,,,5,18,6,R18 D06,Chattanooga,"Chattanooga, TN",,"5591 HIGHWAY 153, STE 112",HIXSON,TN,37343,35.1,-85.3," 19,094 ",Exurban,"311,397",350,"1,243","1,076,166","$73,304",70K-80K,34%,19%,14%,32%,113%,100 - 120,"$67,468",70%,GT 60%,15%,10-15%,8%,LT 10%,2%,2-4%,0.45%,53.67%,LT8MM, LT8MM ,LT8MM,LT8MM,H,"$6,786,929","$7,156,840","$7,831,969","$7,179,704","$7,179,704","$6,754,464","$4,949,473","$7,711,989","$6,256,810","$6,256,810","$3,842,371","$5,698,520","$3,327,323","$4,992,265","$5,102,576","$5,102,576",,-15.1%,5.5%,7.9%,-7.1%,-5.9%,-26.7%,14.2%,-18.9%,-5.3%,-12.8%,2.2%,"$359,187 ","10,392"
875,"LEOMINSTER, MA",Open,2014,,Original Location,2014,9/18/2014,Comp,,,3,10,3,R10 D03,Worcester,"Boston, MA (Manchester, NH)",Top 10 DMA,100 COMMERCIAL ROAD,LEONMINSTER,MA,1453,42.5,-71.7," 33,943 ",Light Suburban,"229,363",479,"1,668","6,834,716","$96,291",GT80K,29%,16%,12%,43%,75%,LT 80,"$112,082",71%,GT 60%,5%,LT 5%,15%,10-20%,3%,2-4%,0.28%,49.68%,10 - 12 MM, 12 - 20 MM ,12 - 20 MM,12 - 20 MM,D,"$8,516,750","$9,326,624","$10,227,427","$11,054,833","$11,054,833","$11,817,943","$7,670,781","$13,484,094","$11,979,679","$11,979,679","$12,045,959","$12,197,251","$12,579,261","$12,579,261","$12,454,506","$12,454,506",,-5.9%,9.5%,8.2%,9.4%,6.9%,-35.1%,14.1%,-11.2%,0.6%,4.4%,-1.0%,"$567,023 ","23,727"
876,"PHILADELPHIA, PA (COTT CAST)",Open,2014,,Original Location,2014,10/21/2014,Comp,Yes,Yes,3,25,6,R25 D06,Philadelphia-Camden-Wilmington,"Philadelphia, PA",Top 10 DMA,7301 CASTOR AVE,PHILADELPHIA,PA,19152,40.1,-75.1," 27,524 ",Urban,"765,721","12,304","12,295","8,441,533","$56,572",LT60K,49%,17%,11%,23%,70%,LT 80,"$88,536",27%,20-40%,35%,GT 30%,24%,20-30%,9%,GT 8%,0.23%,48.33%,10 - 12 MM, 12 - 20 MM ,12 - 20 MM,12 - 20 MM,C,"$9,416,432","$9,637,253","$9,900,884","$10,405,182","$10,405,182","$11,378,476","$7,701,111","$13,739,911","$11,574,219","$11,574,219","$12,925,512","$13,107,618","$13,460,026","$13,460,026","$14,696,593","$14,696,593",,-8.7%,2.3%,1.3%,6.5%,9.4%,-32.3%,20.8%,-15.8%,11.7%,4.2%,9.2%,"$675,428 ","24,767"
877,"GARNER, NC",Open,2014,,Original Location,2014,9/19/2014,Comp,,,5,18,2,R18 D02,Raleigh,"Raleigh-Durham (Fayetteville), NC",,1230 TIMBER DRIVE EAST,GARNER,NC,27529,35.7,-78.6," 31,595 ",Exurban,"872,766",539,"1,094","3,519,023","$87,499",GT80K,27%,19%,13%,41%,104%,100 - 120,"$82,758",51%,40-60%,24%,20-30%,17%,10-20%,3%,2-4%,1.03%,51.85%,10 - 12 MM, 12 - 20 MM ,12 - 20 MM,12 - 20 MM,C,"$8,849,967","$10,358,954","$11,452,522","$11,017,645","$11,017,645","$11,330,172","$7,753,113","$12,769,675","$10,917,761","$10,917,761","$12,331,703","$12,501,142","$12,872,927","$12,872,927","$13,141,050","$13,141,050",,-10.6%,17.1%,9.1%,-2.6%,2.8%,-31.6%,12.7%,-14.5%,13.0%,4.3%,2.1%,"$712,350 ","25,317"
878,CLOSED,Closed,,2/21/2025,Closure Date,,,,,,0,0,,,,,,,,,,,,,,,,,,,,,,,,,,,,,,,,,,,,,LT8MM, LT8MM ,LT8MM,LT8MM,,"$4,321,570","$4,329,875","$4,616,382","$4,723,584","$4,723,584","$4,987,410","$3,764,741","$5,696,360","$4,426,688","$4,426,688","$4,070,619","$4,123,854","$3,819,752","$3,819,752",,"$160,136",,-1.0%,0.2%,5.2%,3.6%,5.6%,-24.5%,14.2%,-22.3%,-8.0%,-6.0%,,$0 ,"8,963"
879,CLOSED,Closed,,5/23/2025,Closure Date,,,,,,0,0,,,,,,,,,,,,,,,,,,,,,,,,,,,,,,,,,,,,,LT8MM, LT8MM ,LT8MM,LT8MM,,"$6,715,870","$6,882,704","$7,104,229","$7,262,019","$7,262,019","$7,405,460","$4,101,401","$7,376,128","$6,177,388","$6,177,388","$6,555,828","$6,644,626","$6,300,868","$6,300,868","$905,506","$1,565,689",,-6.8%,2.5%,1.8%,3.6%,2.0%,-44.6%,-0.4%,-16.3%,6.1%,-3.8%,-5.9%,$191 ,"13,742"
880,"GAINESVILLE, FL",Open,2014,,Original Location,2014,9/19/2014,Comp,,,5,19,4,R19 D04,Gainesville,"Gainesville, FL",,2643 NW 13TH ST UNIT 20,GAINESVILLE,FL,32609,29.7,-82.3," 23,165 ",Light Suburban,"291,976",198,"2,793","374,783","$70,073",70K-80K,43%,14%,12%,32%,82%,80 - 100,"$62,956",60%,GT 60%,18%,15-20%,12%,10-20%,5%,4-6%,0.73%,42.81%,LT8MM, LT8MM ,LT8MM,LT8MM,H,"$7,333,781","$6,726,936","$7,361,140","$7,421,060","$7,421,060","$7,504,503","$5,109,609","$8,883,408","$7,238,852","$7,238,852","$6,661,102","$6,767,537","$6,431,099","$6,431,099","$6,282,117","$6,282,117",,-19.0%,-8.3%,7.7%,2.3%,1.1%,-31.9%,18.4%,-18.5%,-8.0%,-3.3%,-2.3%,"$441,420 ","13,802"
881,"UNION GAP, WA",Open,2014,,Original Location,2014,10/6/2014,Comp,,Yes,1,1,2,R01 D02,Yakima,"Yakima-Pasco-Richland-Kennewick, WA",,2520 RUDKIN RD,UNION GAP,WA,98903,46.6,-120.5," 33,039 ",Exurban,"142,259",293,"1,492","792,829","$65,969",60K-70K,43%,16%,15%,25%,70%,LT 80,"$76,135",31%,20-40%,1%,LT 5%,59%,GT 40%,1%,LT 2%,0.61%,50.69%,12 - 20 MM, 12 - 20 MM ,12 - 20 MM,12 - 20 MM,B,"$8,511,084","$9,835,986","$11,028,797","$12,296,225","$12,296,225","$13,756,573","$8,728,176","$17,089,863","$14,441,834","$14,441,834","$16,266,318","$16,480,745","$17,725,957","$17,725,957","$19,255,900","$19,255,900",,-13.7%,15.6%,10.7%,12.8%,11.9%,-36.6%,24.2%,-15.5%,12.6%,9.2%,8.6%,"$805,585 ","35,696"
882,"BELLINGHAM, WA",Open,2021,12/13/2021,2021 Remodel - DEC '21 Open,2014,9/22/2014,Comp,,,1,1,6,R01 D06,Bellingham,"Seattle-Tacoma, WA",,4131 MERIDIAN ST,BELLINGHAM,WA,98226,48.8,-122.5, -   ,Light Suburban,"300,885",130,"2,031","5,772,567","$80,155",GT80K,30%,15%,14%,41%,58%,LT 80,"$108,737",71%,GT 60%,1%,LT 5%,15%,10-20%,5%,4-6%,0.66%,52.46%,LT8MM, LT8MM ,LT8MM,LT8MM,H,"$7,689,970","$8,011,738","$8,638,502","$8,299,601","$8,299,601","$7,830,881","$3,018,177","$4,126,010","$3,200,220","$4,370,122","$5,711,835","$5,792,403","$6,091,671","$6,091,671","$5,758,710","$5,758,710",,-27.0%,4.2%,6.5%,-2.8%,-5.6%,-61.5%,-40.2%,-11.5%,30.7%,6.8%,-5.5%,"$346,858 ","11,918"
883,"ORLANDO, FL (COLONIAL MKT PL)",Open,2024,6/14/2024,2024 Relo - JUN '24 Open,2014,10/10/2014,Comp,,,5,30,2,R30 D02,Orlando-Kissimmee-Sanford,"Orlando-Daytona Beach-Melbourne, FL",,3228 E COLONIAL DR,ORLANDO,FL,32803,28.6,-81.3," 21,796 ",Light Urban,"2,039,929","1,543","5,050","4,872,913","$83,769",GT80K,33%,23%,14%,29%,114%,100 - 120,"$78,250",37%,20-40%,16%,15-20%,37%,30-40%,5%,4-6%,1.47%,51.85%,LT8MM, LT8MM ,LT8MM,LT8MM,H,"$8,250,623","$8,138,681","$8,216,419","$8,142,268","$8,142,268","$8,079,360","$5,549,421","$8,671,906","$7,054,140","$7,054,140","$6,795,353","$6,875,621","$4,332,235","$5,602,746","$3,904,862","$5,125,893",,2.4%,-1.4%,-0.6%,0.7%,-0.8%,-31.3%,7.3%,-18.7%,-3.7%,-17.5%,-9.9%,"$334,659 ","11,546"
884,"HATFIELD, PA",Open,2014,,Original Location,2014,10/10/2014,Comp,,,3,25,5,R25 D05,Philadelphia-Camden-Wilmington,"Philadelphia, PA",Top 10 DMA,1591 BETHLEHEM PIKE,HATFIELD,PA,19440,40.3,-75.3," 25,671 ",Light Suburban,"393,883","1,109","1,693","8,441,533","$115,810",GT80K,20%,13%,11%,57%,123%,GT 120,"$88,536",78%,GT 60%,4%,LT 5%,6%,LT 10%,9%,GT 8%,0.23%,48.33%,LT8MM, LT8MM ,LT8MM,LT8MM,H,"$6,797,418","$6,790,329","$6,750,111","$6,871,807","$6,871,807","$6,943,255","$4,264,899","$7,578,428","$6,429,903","$6,429,903","$6,457,106","$6,538,438","$6,181,411","$6,181,411","$5,814,375","$5,814,375",,-7.1%,-0.1%,-1.9%,3.2%,1.0%,-38.6%,9.1%,-15.2%,0.4%,-4.1%,-5.9%,"$424,111 ","12,469"
885,"LIVERPOOL, NY",Open,2014,,Original Location,2014,10/21/2014,Comp,Yes,,3,10,5,R10 D05,Syracuse,"Syracuse, NY",,4000 STATE ROUTE 31,LIVERPOOL,NY,13090,43.2,-76.2," 36,578 ",Exurban,"211,604",216,"1,001","997,971","$82,167",GT80K,31%,18%,14%,38%,138%,GT 120,"$73,736",86%,GT 60%,3%,LT 5%,3%,LT 10%,2%,2-4%,-0.30%,47.35%,LT8MM, LT8MM ,LT8MM,LT8MM,G,"$5,232,406","$6,428,171","$6,700,047","$6,816,474","$6,816,474","$7,133,513","$4,588,154","$8,073,012","$6,417,990","$6,417,990","$6,714,821","$6,800,560","$6,737,303","$6,737,303","$7,376,515","$7,376,515",,-3.5%,22.9%,3.0%,2.9%,4.7%,-35.7%,13.2%,-20.5%,4.6%,0.2%,9.5%,"$353,919 ","14,089"
886,CLOSED,Closed,,2/20/2026,Closure Date,,,,,,1,5,4,,,,,2100 N. SNELLING AVE,ROSEVILLE,MN,55113,,,,,,,,,,,,,,,,,,,,,,,,,,,,LT8MM, LT8MM ,LT8MM,08 - 10 MM,,"$7,614,778","$8,347,477","$8,005,714","$8,078,665","$8,078,665","$8,004,820","$5,748,197","$8,421,267","$6,841,435","$6,841,435","$7,260,550","$7,359,661","$7,563,947","$7,563,947","$8,047,111","$8,394,310",,,7.4%,-5.3%,2.2%,-0.9%,-28.2%,5.2%,-18.8%,6.1%,4.3%,12.0%,"$358,136 ","13,020"
887,"VANCOUVER, WA",Open,2025,7/25/2025,2025 Relo - JUL '25 Open,2014,10/20/2014,Comp,Yes,,1,1,4,R01 D04,Portland-Vancouver-Hillsboro,"Portland, OR",,7809-B VANCOUVER PLAZA DR,VANCOUVER,WA,98662,45.6,-122.6," 20,099 ",Light Urban,"702,684",787,"5,040","3,591,920","$97,080",GT80K,25%,15%,14%,45%,87%,80 - 100,"$92,668",67%,GT 60%,4%,LT 5%,14%,10-20%,6%,6-8%,0.50%,51.18%,LT8MM, LT8MM ,LT8MM,08 - 10 MM,F,"$7,226,277","$7,395,923","$7,643,812","$7,639,643","$7,639,643","$7,422,781","$4,329,027","$7,989,086","$6,332,091","$6,332,091","$7,103,928","$7,212,922","$7,917,160","$7,917,160","$5,453,317","$8,115,472",,-11.7%,2.3%,1.8%,1.4%,-2.8%,-41.7%,7.6%,-20.7%,12.2%,11.5%,1.0%,"$462,304 ","17,483"
888,"GRANDVIEW, MO",Open,2015,,Original Location,2015,9/28/2015,Comp,,,4,6,4,R06 D04,Kansas City,"Kansas City, MO",,12400 15TH STREET,GRANDVIEW,MO,64030,38.9,-94.5," 25,622 ",Light Suburban,"307,002","1,474","1,746","2,667,726","$61,908",60K-70K,39%,19%,13%,29%,73%,LT 80,"$80,698",43%,40-60%,37%,GT 30%,12%,10-20%,2%,LT 2%,0.36%,51.96%,LT8MM, LT8MM ,LT8MM,LT8MM,G,"$3,787,281","$8,103,986","$7,921,856","$7,428,589","$7,428,589","$6,761,628","$4,594,974","$7,892,168","$6,589,712","$6,589,712","$6,816,183","$6,909,649","$6,894,997","$6,894,997","$6,893,730","$6,893,730",,,-15.9%,-3.5%,-5.0%,-9.0%,-32.0%,16.7%,-16.5%,3.4%,1.1%,0.0%,"$363,637 ","13,147"
889,"HOUSTON, TX (COPPERFIELD)",Open,2014,,Original Location,2014,11/12/2014,Comp,Yes,Yes,4,17,4,R17 D04,Houston-The Woodlands-Sugar Land,"Houston, TX",Top 10 DMA,16311 F.M. 529,HOUSTON,TX,77095,29.9,-95.7," 55,106 ",Light Urban,"730,570","3,394","5,757","8,054,291","$91,514",GT80K,22%,15%,13%,50%,102%,100 - 120,"$82,684",25%,20-40%,17%,15-20%,44%,GT 40%,10%,GT 8%,1.17%,52.51%,12 - 20 MM, 12 - 20 MM ,12 - 20 MM,12 - 20 MM,B,"$11,867,669","$12,560,568","$13,910,837","$15,658,784","$15,658,784","$16,482,627","$11,667,134","$20,232,913","$18,023,169","$18,023,169","$16,895,593","$17,119,815","$18,327,934","$18,327,934","$19,400,894","$19,400,894",,,5.8%,9.2%,14.0%,5.3%,-29.2%,22.8%,-10.9%,-6.3%,8.6%,5.9%,"$834,061 ","36,463"
890,"SAN DIEGO, CA (UNIVERSITY)",Open,2014,,Original Location,2014,11/19/2014,Comp,,,1,4,2,R04 D02,San Diego-Carlsbad,"San Diego, CA",,5405 UNIVERSITY AVE,SAN DIEGO,CA,92105,32.7,-117.1," 30,276 ",Light Urban,"342,428","9,800","8,887","3,292,550","$77,773",70K-80K,27%,15%,13%,46%,75%,LT 80,"$108,694",18%,LT 20%,12%,10-15%,53%,GT 40%,12%,GT 8%,0.09%,49.94%,10 - 12 MM, 10 - 12 MM ,12 - 20 MM,12 - 20 MM,C,"$8,913,315","$9,846,493","$10,401,493","$10,390,432","$10,390,432","$10,031,179","$6,733,427","$11,274,222","$10,158,261","$10,158,261","$11,563,151","$11,748,331","$13,085,922","$13,085,922","$13,361,081","$13,361,081",,,10.5%,4.2%,1.2%,-3.5%,-32.9%,12.4%,-9.9%,13.8%,13.1%,2.1%,"$610,895 ","25,686"
891,"WINTERVILLE, NC",Open,2014,,Original Location,2014,10/26/2014,Comp,,,5,18,2,R18 D02,Greenville,"Greenville-New Bern-Washington, NC",,717 THOMAS LANGSTON ROAD,WINTERVILLE,NC,28590,35.6,-77.4," 30,614 ",Light Suburban,"303,964",99,"2,027","799,706","$56,337",LT60K,44%,20%,12%,25%,105%,100 - 120,"$62,567",49%,40-60%,38%,GT 30%,8%,LT 10%,1%,LT 2%,0.24%,51.30%,08 - 10 MM, LT8MM ,08 - 10 MM,08 - 10 MM,F,"$7,038,289","$7,296,274","$7,419,783","$7,326,982","$7,326,982","$7,230,576","$5,530,527","$9,650,047","$8,211,184","$8,211,184","$7,819,940","$7,931,314","$8,126,584","$8,126,584","$8,586,799","$8,586,799",,-14.6%,3.7%,0.2%,0.2%,-1.3%,-23.5%,33.5%,-14.9%,-4.8%,3.9%,5.7%,"$495,530 ","16,610"
892,"MIDDLETOWN, OH",Open,2015,,Original Location,2015,3/7/2015,Comp,Yes,,3,8,6,R08 D06,Cincinnati,"Cincinnati, OH",,3455 TOWNE BLVD,MIDDLETOWN,OH,45005,39.5,-84.3," 21,939 ",Exurban,"468,454",859,"1,333","2,489,549","$86,969",GT80K,28%,17%,14%,41%,85%,80 - 100,"$80,057",73%,GT 60%,10%,10-15%,6%,LT 10%,5%,4-6%,0.27%,51.01%,LT8MM, LT8MM ,LT8MM,LT8MM,H,"$5,781,377","$5,344,343","$5,338,063","$5,179,746","$5,179,746","$5,399,099","$4,233,031","$6,661,341","$5,596,291","$5,596,291","$5,950,906","$6,031,407","$5,683,827","$5,683,827","$5,406,264","$5,406,264",,,-6.5%,-1.4%,-1.7%,4.2%,-21.6%,23.4%,-16.0%,6.3%,-4.5%,-4.9%,"$371,323 ","11,181"
893,"DEPTFORD, NJ",Open,2015,,Original Location,2015,3/16/2015,Comp,Yes,,3,13,1,R13 D01,Philadelphia-Camden-Wilmington,"Philadelphia, PA",Top 10 DMA,1500 ALMONESSON RD STE 10A,DEPTFORD,NJ,8096,39.8,-75.1," 22,752 ",Light Suburban,"687,284","1,353","2,504","8,441,533","$86,763",GT80K,28%,16%,13%,44%,101%,100 - 120,"$88,536",55%,40-60%,18%,15-20%,18%,10-20%,5%,4-6%,0.23%,48.33%,08 - 10 MM, 08 - 10 MM ,08 - 10 MM,08 - 10 MM,E,"$7,784,894","$7,544,921","$7,714,001","$8,045,792","$8,045,792","$8,547,731","$5,412,809","$9,706,644","$8,084,885","$8,084,885","$8,788,476","$8,904,150","$9,562,595","$9,562,595","$9,704,410","$9,704,410",,,-3.4%,1.0%,5.6%,6.2%,-36.7%,13.6%,-16.7%,8.7%,8.8%,1.5%,"$513,388 ","20,492"
894,"LACEY, WA",Open,2014,,Original Location,2014,11/12/2014,Comp,,,1,1,4,R01 D04,Olympia-Tumwater,"Seattle-Tacoma, WA",,5600 MARTIN WAY EAST,LACEY,WA,98516,47.1,-122.8," 38,877 ",Light Suburban,"473,586",185,"2,577","5,772,567","$90,369",GT80K,26%,16%,15%,43%,78%,LT 80,"$108,737",69%,GT 60%,3%,LT 5%,12%,10-20%,5%,4-6%,0.66%,52.46%,LT8MM, 08 - 10 MM ,08 - 10 MM,08 - 10 MM,E,"$7,258,091","$7,723,754","$8,067,636","$8,070,808","$8,070,808","$8,405,171","$5,318,822","$9,427,421","$7,933,849","$7,933,849","$8,784,980","$8,892,315","$9,208,089","$9,208,089","$9,671,328","$9,671,328",,,6.4%,3.0%,1.4%,4.1%,-36.7%,12.2%,-15.8%,10.7%,5.1%,5.0%,"$488,426 ","20,415"
895,"ST CLOUD, MN",Open,2024,3/29/2024,2024 Relo - MAR '24 Open,2014,11/12/2014,Comp,Yes,,1,5,1,R05 D01,St. Cloud,"Minneapolis-St. Paul, MN",,3959 2ND ST SOUTH SUITE 103,ST. CLOUD,MN,56301,45.6,-94.2," 18,111 ",Light Suburban,"442,188",87,"2,292","5,035,066","$78,413",70K-80K,30%,16%,15%,39%,70%,LT 80,"$91,896",83%,GT 60%,6%,5-10%,6%,LT 10%,1%,LT 2%,0.42%,52.29%,LT8MM, LT8MM ,LT8MM,LT8MM,F,"$6,234,270","$6,713,104","$7,202,536","$7,155,456","$7,155,456","$7,444,871","$5,832,143","$7,976,410","$7,094,603","$7,094,603","$7,665,677","$7,786,594","$5,829,024","$7,602,713","$5,845,521","$7,689,814",,,7.7%,5.7%,0.7%,4.0%,-21.7%,7.1%,-11.1%,8.0%,-0.1%,0.3%,"$381,877 ","13,318"
896,CLOSED,Closed,,2/14/2020,Closure Date,,,,,,0,0,,,,,,,,,,,,,,,,,,,,,,,,,,,,,,,,,,,,,,,,,,"$1,606,747","$1,745,356","$1,597,894","$1,514,759","$1,514,759","$1,516,732",$0,$0,,,,,,,,,,-5.0%,8.6%,-9.4%,-4.1%,0.1%, ,0.0%,,,,,$0 ,NA
897,"SIOUX FALLS, SD",Open,2015,,Original Location,2015,4/27/2015,Comp,,,1,5,1,R05 D01,Sioux Falls,"Sioux Falls(Mitchell), SD",,701 S HIGHLINE PLACE,SIOUX FALLS,SD,57110,43.5,-96.7," 28,975 ",Light Suburban,"295,877",153,"2,236","759,493","$82,554",GT80K,27%,20%,12%,41%,105%,100 - 120,"$75,378",80%,GT 60%,5%,LT 5%,6%,LT 10%,2%,2-4%,0.77%,53.27%,LT8MM, 08 - 10 MM ,10 - 12 MM,10 - 12 MM,D,"$5,398,147","$5,935,687","$6,411,525","$6,093,308","$6,093,308","$6,734,047","$5,183,918","$7,789,967","$7,876,525","$7,876,525","$9,245,497","$9,379,736","$10,078,479","$10,078,479","$10,872,832","$10,872,832",,,-2.8%,6.4%,-3.6%,10.5%,-23.0%,15.7%,1.1%,17.4%,9.0%,7.9%,"$425,286 ","18,526"
898,"NAPLES, FL",Open,2015,,Original Location,2015,9/16/2015,Comp,,,5,30,7,R30 D07,Naples-Immokalee-Marco Island,"Ft. Myers-Naples, FL",,4383 TAMIAMI TRAIL N,NAPLES,FL,34103,26.2,-81.8," 29,764 ",Light Suburban,"407,813",198,"1,980","1,553,978","$91,979",GT80K,25%,21%,14%,40%,150%,GT 120,"$78,978",59%,40-60%,6%,5-10%,31%,30-40%,2%,LT 2%,1.55%,56.33%,08 - 10 MM, 08 - 10 MM ,08 - 10 MM,08 - 10 MM,F,"$3,598,410","$7,466,041","$8,394,871","$8,428,020","$9,062,020","$9,095,947","$6,365,798","$9,643,976","$8,301,745","$8,301,745","$8,612,167","$8,758,915","$8,515,427","$8,515,427","$8,483,720","$8,483,720",,,-0.5%,13.5%,7.6%,0.4%,-30.0%,6.0%,-13.9%,3.7%,-1.2%,-0.4%,"$478,202 ","17,864"
951,"PASADENA, TX",Open,2026,3/6/2026,2026 Relo - MAR '26 Open,2015,10/13/2015,Non-Comp,,,4,17,3,R17 D03,Houston-The Woodlands-Sugar Land,"Houston, TX",Top 10 DMA,3931 FAIRWAY PLAZA DR,PASADENA,TX,77505,29.6,-95.2," 22,416 ",Light Suburban,"714,348","2,832","2,931","8,054,291","$76,584",70K-80K,31%,19%,14%,37%,88%,80 - 100,"$82,684",18%,LT 20%,17%,15-20%,56%,GT 40%,7%,6-8%,1.17%,52.51%,10 - 12 MM, 10 - 12 MM ,10 - 12 MM,10 - 12 MM,,"$4,328,850","$9,751,507","$11,241,520","$11,509,596","$11,509,596","$11,606,661","$8,053,168","$13,461,772","$11,120,651","$11,120,651","$11,497,933","$11,653,494","$11,798,564","$11,798,564","$11,156,702","$11,736,392",,,-12.0%,13.7%,3.6%,0.8%,-30.6%,16.0%,-17.4%,3.4%,2.7%,0.0%,"$600,519 ","25,615"
952,"CRYSTAL LAKE, IL",Open,2024,9/27/2024,2024 Relo - SEP '24 Open,2015,9/18/2015,Comp,Yes,,4,7,2,R07 D02,Chicago-Naperville-Elgin,"Chicago, IL",Top 10 DMA,5786 NORTHWEST HWY,CRYSTAL LAKE,IL,60014,42.2,-88.3," 19,437 ",Light Suburban,"576,549",706,"1,944","9,518,952","$103,306",GT80K,20%,15%,14%,51%,112%,100 - 120,"$91,619",62%,GT 60%,3%,LT 5%,26%,20-30%,5%,4-6%,-0.18%,48.49%,LT8MM, LT8MM ,LT8MM,LT8MM,H,"$3,665,171","$6,711,695","$7,017,186","$6,854,704","$6,854,704","$6,503,531","$4,553,951","$7,400,956","$6,705,687","$6,705,687","$7,152,361","$7,245,526","$5,036,896","$6,837,957","$4,632,315","$6,159,515",,,-3.7%,3.3%,-1.1%,-5.1%,-30.0%,13.8%,-9.4%,6.7%,-2.2%,-8.0%,"$400,818 ","13,231"
954,"MANCHESTER, NH (WILLOW ST)",Open,2015,,Original Location,2015,4/23/2015,Comp,Yes,,3,10,3,R10 D03,Manchester-Nashua,"Boston, MA (Manchester, NH)",Top 10 DMA,777 SOUTH WILLOW STREET,MANCHESTER,NH,3103,43.0,-71.4," 39,725 ",Suburban,"319,058",627,"3,484","6,834,716","$104,373",GT80K,23%,17%,13%,47%,71%,LT 80,"$112,082",82%,GT 60%,3%,LT 5%,8%,LT 10%,3%,2-4%,0.28%,49.68%,10 - 12 MM, 10 - 12 MM ,10 - 12 MM,10 - 12 MM,D,"$6,426,353","$8,336,969","$9,151,267","$9,473,436","$9,473,436","$10,314,680","$7,575,796","$12,029,642","$10,628,482","$10,628,482","$11,283,420","$11,417,213","$11,117,509","$11,117,509","$11,253,223","$11,253,223",,,12.7%,8.3%,4.8%,8.9%,-26.6%,16.6%,-11.6%,6.2%,-1.4%,1.2%,"$511,488 ","20,587"
955,"JACKSONVILLE, NC (WESTERN)",Open,2015,,Original Location,2015,9/25/2015,Comp,,,5,18,2,R18 D02,Jacksonville,"Greenville-New Bern-Washington, NC",,1102 HAMPTON INN WAY,JACKSONVILLE,NC,28546,34.8,-77.4," 32,930 ",Light Suburban,"568,638",120,"1,536","799,706","$66,036",60K-70K,39%,18%,14%,30%,100%,100 - 120,"$62,567",62%,GT 60%,18%,15-20%,12%,10-20%,2%,LT 2%,0.24%,51.30%,08 - 10 MM, 08 - 10 MM ,LT8MM,LT8MM,F,"$3,474,382","$7,444,740","$8,259,107","$8,286,207","$8,286,207","$8,280,759","$6,594,770","$10,299,662","$8,556,059","$8,556,059","$8,237,327","$8,348,240","$7,844,054","$7,844,054","$7,937,035","$7,937,035",,,-1.5%,9.4%,1.6%,-0.1%,-20.4%,24.4%,-16.9%,-3.7%,-4.6%,1.2%,"$450,157 ","16,772"
956,"SHEFFIELD VILLAGE, OH",Open,2015,,Original Location,2015,9/28/2015,Comp,Yes,,3,8,3,R08 D03,Cleveland-Elyria,"Cleveland-Akron (Canton), OH",,5252 COBBLESTONE ROAD,SHEFFIELD VILLAGE,OH,44035,41.4,-82.1," 25,298 ",Light Suburban,"226,524","1,326","1,586","3,823,814","$72,005",70K-80K,38%,18%,12%,32%,113%,100 - 120,"$69,527",69%,GT 60%,9%,5-10%,14%,10-20%,1%,LT 2%,-0.09%,47.83%,LT8MM, LT8MM ,LT8MM,LT8MM,G,"$3,671,398","$7,080,081","$7,865,485","$7,967,509","$7,967,509","$8,582,445","$6,566,192","$9,787,405","$7,286,465","$7,286,465","$7,119,426","$7,201,831","$6,755,646","$6,755,646","$7,144,279","$7,144,279",,,-8.2%,9.6%,2.5%,7.7%,-23.5%,14.0%,-25.6%,-2.3%,-4.8%,5.8%,"$394,216 ","13,930"
957,"FORT SMITH, AR",Open,2015,,Original Location,2015,10/27/2015,Comp,,,4,16,5,R16 D05,Fort Smith,"Ft. Smith-Fayetteville-Springdale-Rogers, AR",,5721 ROGERS AVENUE,FORT SMITH,AR,72903,35.4,-94.4," 37,630 ",Light Suburban,"216,564",144,"1,940","962,663","$58,968",LT60K,47%,18%,14%,20%,81%,80 - 100,"$70,994",67%,GT 60%,4%,LT 5%,13%,10-20%,3%,2-4%,1.04%,53.75%,LT8MM, 08 - 10 MM ,08 - 10 MM,08 - 10 MM,E,"$2,850,547","$6,076,502","$6,515,755","$6,850,929","$6,850,929","$7,038,567","$5,338,796","$9,204,139","$7,913,614","$7,913,614","$8,509,868","$8,632,272","$8,989,846","$8,989,846","$9,073,150","$9,073,150",,,-15.1%,5.8%,6.5%,2.7%,-24.1%,30.8%,-14.0%,7.5%,5.4%,0.9%,"$419,646 ","19,859"
958,"WEST PALM BEACH, FL. (OKEEC)",Open,2015,,Original Location,2015,9/16/2015,Comp,,,5,30,4,R30 D04,Miami-Fort Lauderdale-West Palm Beach,"West Palm Beach-Ft. Pierce, FL",,2601 OKEECHOBEE BLVD,WEST PALM BEACH,FL,33409,26.7,-80.1," 42,194 ",Light Urban,"658,113",573,"5,157","2,295,998","$78,348",70K-80K,35%,20%,15%,31%,74%,LT 80,"$84,608",32%,20-40%,26%,20-30%,35%,30-40%,3%,2-4%,0.90%,51.52%,12 - 20 MM, 12 - 20 MM ,12 - 20 MM,12 - 20 MM,C,"$4,327,106","$10,352,572","$11,501,313","$11,951,500","$11,951,500","$12,439,933","$8,850,144","$15,528,975","$13,682,818","$13,682,818","$14,281,894","$14,523,114","$15,538,869","$15,538,869","$15,097,866","$15,097,866",,,1.5%,9.2%,5.5%,4.1%,-28.9%,24.8%,-11.9%,4.4%,8.6%,-2.8%,"$656,450 ","29,021"
959,CLOSED,Closed,,2/20/2026,Closure Date,,,,,,1,3,2,,,,,659 SOUTH BROADWAY,LOS ANGELES,CA,90014,,,,,,,,,,,,,,,,,,,,,,,,,,,,LT8MM, 08 - 10 MM ,08 - 10 MM,08 - 10 MM,,"$2,679,268","$7,277,691","$9,275,167","$10,730,118","$10,730,118","$11,366,832","$6,347,576","$11,996,062","$7,636,406","$7,636,406","$8,665,416","$8,803,571","$8,418,575","$8,418,575","$7,919,756","$8,445,114",,,7.5%,25.4%,17.2%,5.9%,-44.2%,5.5%,-36.3%,13.5%,-2.8%,-0.9%,"$464,168 ","15,591"
960,"FAYETTEVILLE, NC",Open,2016,9/16/2016,2016 Open - SEP '16,2016,9/12/2016,Comp,,,5,18,2,R18 D02,Fayetteville,"Raleigh-Durham (Fayetteville), NC",,2102 Skibo Road,FAYETTEVILLE,NC,28314,35.1,-79.0," 39,338 ",Light Suburban,"722,003",164,"2,524","3,519,023","$60,218",60K-70K,43%,19%,13%,25%,73%,LT 80,"$82,758",39%,20-40%,32%,GT 30%,13%,10-20%,2%,LT 2%,1.03%,51.85%,08 - 10 MM, 10 - 12 MM ,10 - 12 MM,12 - 20 MM,C,,"$5,127,593","$10,158,907","$10,105,650","$10,105,650","$10,811,930","$7,929,025","$12,426,593","$9,739,461","$9,739,461","$10,354,129","$10,516,244","$11,845,686","$11,845,686","$13,884,150","$13,884,150",,,,-1.7%,1.0%,7.0%,-26.7%,14.9%,-21.6%,6.3%,14.2%,17.2%,"$589,450 ","24,394"
961,"ROGERS, AR (PLEASANT CROSSING)",Open,2015,,Original Location,2015,10/12/2015,Comp,,,4,16,5,R16 D05,Fayetteville-Springdale-Rogers,"Ft. Smith-Fayetteville-Springdale-Rogers, AR",,4325 S PLEASANT CROSSING BLV,ROGERS,AR,72758,36.3,-94.1," 26,980 ",Light Suburban,"252,854",836,"1,647","962,663","$84,854",GT80K,27%,19%,15%,40%,146%,GT 120,"$70,994",51%,40-60%,2%,LT 5%,31%,30-40%,6%,4-6%,1.04%,53.75%,08 - 10 MM, 08 - 10 MM ,10 - 12 MM,10 - 12 MM,D,"$3,866,791","$8,172,075","$8,939,160","$9,438,888","$9,438,888","$9,765,832","$6,872,950","$11,261,205","$9,047,772","$9,047,772","$9,777,320","$9,894,679","$10,568,732","$10,568,732","$10,489,143","$10,489,143",,,-5.3%,7.9%,7.0%,3.5%,-29.6%,15.3%,-19.7%,8.1%,7.9%,-0.8%,"$404,749 ","21,412"
962,"WAYNE, NJ (WILLOWBROOK)",Open,2015,,Original Location,2015,10/14/2015,Comp,Yes,Yes,3,13,6,R13 D06,New York-Newark-Jersey City,"New York, NY",Top 10 DMA,77 WILLOWBROOK BLVD,WAYNE,NJ,7470,40.9,-74.3," 40,139 ",Light Suburban,"473,217","5,157","2,508","22,165,424","$89,754",GT80K,31%,13%,13%,43%,129%,GT 120,"$101,231",37%,20-40%,10%,10-15%,44%,GT 40%,7%,6-8%,0.08%,49.12%,12 - 20 MM, 12 - 20 MM ,12 - 20 MM,12 - 20 MM,C,"$4,155,892","$11,183,944","$12,614,616","$13,341,791","$13,341,791","$14,185,538","$8,775,648","$16,852,998","$13,839,363","$13,839,363","$13,038,389","$13,230,840","$14,242,986","$14,242,986","$14,729,580","$14,729,580",,,7.5%,11.3%,7.1%,6.3%,-38.1%,18.8%,-17.9%,-5.8%,9.1%,3.4%,"$690,575 ","25,198"
963,"TYLER, TX",Open,2015,,Original Location,2015,10/27/2015,Comp,,,4,16,6,R16 D06,Tyler,"Tyler-Longview(Lufkin & Nacogdoches), TX",,8958 S BROADWAY AVENUE,TYLER,TX,75703,32.2,-95.3," 30,228 ",Exurban,"507,134",113,985,"778,093","$69,031",60K-70K,37%,17%,14%,32%,146%,GT 120,"$66,299",58%,40-60%,15%,10-15%,21%,20-30%,1%,LT 2%,0.43%,51.49%,08 - 10 MM, 10 - 12 MM ,10 - 12 MM,10 - 12 MM,D,"$2,506,638","$6,173,009","$7,336,765","$8,173,648","$8,173,648","$9,069,058","$6,827,515","$11,511,651","$9,403,179","$9,403,179","$9,908,772","$10,038,293","$10,511,058","$10,511,058","$10,166,977","$10,166,977",,,-4.0%,17.3%,12.7%,11.0%,-24.7%,26.9%,-18.3%,5.4%,5.9%,-3.3%,"$501,638 ","21,740"
964,"CHESTERFIELD, MO",Open,2015,,Original Location,2015,9/11/2015,Comp,,,4,6,3,R06 D03,St. Louis,"St. Louis, MO",,18570 OUTLET BLVD,CHESTERFIELD,MO,63005,38.7,-90.7," 21,598 ",Rural,"891,579",901,228,"3,181,819","$79,351",70K-80K,31%,16%,12%,41%,268%,GT 120,"$80,162",53%,40-60%,33%,GT 30%,4%,LT 10%,5%,4-6%,0.01%,50.74%,LT8MM, LT8MM ,LT8MM,LT8MM,H,"$2,799,160","$5,650,177","$5,901,506","$5,393,986","$5,393,986","$5,568,122","$4,088,550","$6,163,917","$5,175,417","$5,175,417","$5,486,807","$5,551,642","$5,158,113","$5,158,113","$5,308,945","$5,308,945",,,-3.6%,3.2%,-7.5%,3.2%,-26.6%,10.7%,-16.0%,6.0%,-6.1%,2.9%,"$322,235 ","10,430"
965,"FLORENCE, KY",Open,2015,,Original Location,2015,10/12/2015,Comp,Yes,,3,8,6,R08 D06,Cincinnati,"Cincinnati, OH",,7747 MALL ROAD,FLORENCE,KY,41042,39.0,-84.7," 34,742 ",Light Suburban,"464,911",277,"2,499","2,489,549","$81,415",GT80K,30%,16%,14%,40%,95%,80 - 100,"$80,057",85%,GT 60%,4%,LT 5%,4%,LT 10%,2%,LT 2%,0.27%,51.01%,08 - 10 MM, 08 - 10 MM ,08 - 10 MM,10 - 12 MM,D,"$3,079,349","$7,189,379","$7,565,727","$7,661,567","$7,661,567","$8,212,336","$5,896,636","$9,440,920","$8,215,937","$8,215,937","$9,656,995","$9,788,327","$9,820,678","$9,820,678","$10,735,383","$10,735,383",,,-10.2%,3.8%,2.6%,7.2%,-28.2%,15.0%,-13.0%,17.5%,1.6%,9.3%,"$506,830 ","18,832"
966,"HOUSTON, TX (MEYERLAND)",Open,2015,,Original Location,2015,11/4/2015,Comp,Yes,,4,17,5,R17 D05,Houston-The Woodlands-Sugar Land,"Houston, TX",Top 10 DMA,9751 S POST OAK ROAD,HOUSTON,TX,77096,29.7,-95.5," 41,659 ",Light Urban,"793,254","1,815","5,294","8,054,291","$72,180",70K-80K,34%,18%,13%,35%,94%,80 - 100,"$82,684",14%,LT 20%,37%,GT 30%,37%,30-40%,9%,GT 8%,1.17%,52.51%,12 - 20 MM, 12 - 20 MM ,12 - 20 MM,12 - 20 MM,C,"$3,352,605","$9,719,903","$11,407,273","$12,340,829","$12,340,829","$13,341,951","$9,522,809","$16,952,042","$14,554,854","$14,554,854","$14,319,185","$14,495,930","$14,075,078","$14,075,078","$13,304,006","$13,304,006",,,-4.3%,15.7%,9.5%,8.1%,-28.6%,27.1%,-14.1%,-1.6%,-1.4%,-5.5%,"$702,146 ","26,508"
967,"SKOKIE, IL (GOLF)",Open,2015,,Original Location,2015,9/11/2015,Comp,Yes,,4,7,2,R07 D02,Chicago-Naperville-Elgin,"Chicago, IL",Top 10 DMA,4849 GOLF ROAD,SKOKIE,IL,60077,42.1,-87.7," 33,556 ",Light Urban,"744,325","9,536","5,321","9,518,952","$83,742",GT80K,30%,14%,12%,44%,129%,GT 120,"$91,619",44%,40-60%,8%,5-10%,26%,20-30%,17%,GT 8%,-0.18%,48.49%,LT8MM, 08 - 10 MM ,08 - 10 MM,08 - 10 MM,E,"$3,560,185","$6,896,512","$7,255,604","$7,158,644","$7,158,644","$7,248,364","$4,960,491","$8,734,188","$7,792,685","$7,792,685","$8,783,598","$8,900,059","$8,956,023","$8,956,023","$8,585,635","$8,585,635",,,-11.4%,3.9%,-0.1%,1.3%,-31.6%,20.5%,-10.8%,12.7%,1.9%,-4.1%,"$442,853 ","16,407"
968,"LATHAM, NY (SHOPPES)",Open,2016,4/15/2016,2016 Open - APR '16,2016,4/13/2016,Comp,Yes,,3,10,5,R10 D05,Albany-Schenectady-Troy,"Albany-Schenectady-Troy, NY",,"800 Loudon Rd, Suite 300",LATHAM,NY,12110,42.7,-73.8," 27,689 ",Light Suburban,"314,898","2,142","1,723","1,403,073","$74,129",70K-80K,36%,16%,12%,37%,119%,100 - 120,"$80,596",59%,40-60%,16%,15-20%,9%,LT 10%,8%,6-8%,-0.08%,48.89%,08 - 10 MM, 08 - 10 MM ,08 - 10 MM,10 - 12 MM,D,,"$8,814,271","$9,495,265","$9,522,442","$9,522,442","$9,433,886","$5,946,019","$10,616,919","$8,670,496","$8,670,496","$8,821,259","$8,938,556","$9,616,072","$9,616,072","$10,219,185","$10,219,185",,,,-2.7%,1.6%,-0.9%,-37.0%,12.5%,-18.3%,1.7%,9.0%,6.3%,"$499,361 ","19,126"
969,"FORT WORTH, TX (RIDGMAR)",Open,2015,,Original Location,2015,10/20/2015,Comp,Yes,,4,16,3,R16 D03,Dallas-Fort Worth-Arlington,"Dallas-Ft. Worth, TX",Top 10 DMA,1233 TOWN SQUARE DRIVE,FORT WORTH,TX,76116,32.7,-97.4," 24,470 ",Suburban,"1,108,993","1,098","3,188","9,039,276","$79,824",70K-80K,31%,17%,13%,39%,69%,LT 80,"$89,635",39%,20-40%,17%,15-20%,36%,30-40%,4%,4-6%,1.36%,52.96%,LT8MM, 08 - 10 MM ,LT8MM,LT8MM,F,"$2,773,613","$6,520,824","$6,894,131","$7,093,085","$7,093,085","$7,267,961","$5,035,941","$8,738,625","$7,084,600","$7,084,600","$7,992,187","$8,084,927","$7,753,923","$7,753,923","$7,997,841","$7,997,841",,,-9.9%,4.5%,4.0%,2.5%,-30.7%,20.2%,-18.9%,12.8%,-3.2%,3.1%,"$420,106 ","16,559"
970,"LINDEN, NJ",Open,2015,,Original Location,2015,10/13/2015,Comp,Yes,,3,13,4,R13 D04,New York-Newark-Jersey City,"New York, NY",Top 10 DMA,"1701 W EDGAR RD, UNITS C,D,E",LINDEN,NJ,7036,40.6,-74.3," 37,673 ",Light Urban,"658,103","6,400","5,201","22,165,424","$89,066",GT80K,28%,16%,13%,43%,94%,80 - 100,"$101,231",23%,20-40%,24%,20-30%,39%,30-40%,10%,GT 8%,0.08%,49.12%,12 - 20 MM, 12 - 20 MM ,12 - 20 MM,12 - 20 MM,C,"$4,015,511","$10,557,927","$11,427,111","$12,286,038","$12,286,038","$12,211,817","$7,784,511","$14,887,764","$12,918,261","$12,918,261","$14,559,138","$14,751,373","$16,108,811","$16,108,811","$16,955,894","$16,955,894",,,2.3%,6.7%,9.0%,-0.6%,-36.3%,21.9%,-13.2%,12.7%,10.6%,5.3%,"$675,511 ","28,711"
971,"HOLLYWOOD, FL (441)",Open,2016,3/11/2016,2016 Open - MAR '16,2016,3/9/2016,Comp,Yes,,5,31,7,R31 D07,Miami-Fort Lauderdale-West Palm Beach,"Miami-Ft. Lauderdale, FL",Top 10 DMA,755 S. State Road 7,HOLLYWOOD,FL,33023,26.0,-80.2," 37,479 ",Light Urban,"627,691","6,760","6,968","4,800,721","$65,316",60K-70K,37%,17%,15%,31%,93%,80 - 100,"$78,384",12%,LT 20%,42%,GT 30%,40%,GT 40%,2%,2-4%,0.33%,48.16%,10 - 12 MM, 10 - 12 MM ,10 - 12 MM,10 - 12 MM,D,,"$11,317,591","$12,149,330","$12,345,214","$12,345,214","$12,643,779","$8,459,396","$12,528,094","$10,420,674","$10,420,674","$10,738,793","$10,919,044","$11,220,503","$11,220,503","$11,163,454","$11,163,454",,,,5.1%,3.3%,2.4%,-33.1%,-0.9%,-16.8%,3.1%,4.3%,-0.5%,"$571,704 ","23,120"
972,"YORK, PA (MANCHESTER)",Open,2015,,Original Location,2015,9/25/2015,Comp,,,3,25,3,R25 D03,York-Hanover,"Harrisburg-Lancaster-Lebanon-York, PA",,1800 LOUCKS RD STE 420,YORK,PA,17408,40.0,-76.8," 23,420 ",Suburban,"306,355",674,"3,025","2,122,849","$80,173",GT80K,31%,17%,13%,38%,80%,80 - 100,"$80,631",73%,GT 60%,8%,5-10%,13%,10-20%,2%,LT 2%,0.29%,54.70%,LT8MM, LT8MM ,LT8MM,LT8MM,G,"$2,924,602","$6,327,722","$6,946,554","$6,974,368","$6,974,368","$7,306,133","$5,417,097","$8,309,832","$7,007,344","$7,007,344","$7,152,304","$7,246,184","$7,153,284","$7,153,284","$7,536,318","$7,536,318",,,3.7%,8.3%,1.7%,4.8%,-25.9%,13.7%,-15.7%,2.1%,0.1%,5.4%,"$376,727 ","14,954"
973,"LUFKIN, TX",Open,2016,3/11/2016,2016 Open - MAR '16,2016,3/8/2016,Comp,,,4,16,6,R16 D06,Lufkin,"Tyler-Longview(Lufkin & Nacogdoches), TX",,2902 BRENTWOOD DR,LUFKIN,TX,75901,31.3,-94.7," 22,457 ",Exurban,"222,810",42,804,"778,093","$56,489",LT60K,44%,18%,13%,25%,99%,80 - 100,"$66,299",59%,40-60%,16%,15-20%,20%,20-30%,1%,LT 2%,0.43%,51.49%,LT8MM, LT8MM ,LT8MM,LT8MM,H,,"$5,906,585","$5,415,209","$5,530,113","$5,530,113","$5,698,659","$4,628,423","$7,242,487","$5,555,079","$5,555,079","$5,320,966","$5,390,573","$5,252,382","$5,252,382","$5,272,435","$5,272,435",,,,-3.3%,3.5%,3.0%,-18.8%,27.1%,-23.3%,-4.2%,-1.0%,0.4%,"$308,313 ","12,244"
974,"ALHAMBRA, CA (MAIN)",Open,2015,,Original Location,2015,10/21/2015,Comp,Yes,Yes,1,4,4,R04 D04,Los Angeles-Long Beach-Anaheim,"Los Angeles, CA",Top 10 DMA,150 E MAIN ST SUITE 130,ALHAMBRA,CA,91801,34.1,-118.1," 34,735 ",Light Urban,"400,174","10,302","8,833","18,082,820","$81,487",GT80K,31%,14%,13%,42%,100%,100 - 120,"$97,162",7%,LT 20%,1%,LT 5%,56%,GT 40%,34%,GT 8%,-0.04%,47.33%,10 - 12 MM, 10 - 12 MM ,12 - 20 MM,12 - 20 MM,C,"$3,428,432","$9,716,654","$11,002,999","$11,483,827","$11,483,827","$11,937,978","$8,149,116","$13,825,426","$11,702,358","$11,702,358","$11,726,064","$11,912,628","$12,198,577","$12,198,577","$13,190,567","$13,190,567",,,21.9%,11.5%,5.8%,4.0%,-31.7%,15.8%,-15.4%,0.2%,4.1%,8.1%,"$658,374 ","26,045"
975,"CEDAR HILL, TX",Open,2016,3/18/2016,2016 Open - MAR '16,2016,3/15/2016,Comp,Yes,,4,16,4,R16 D04,Dallas-Fort Worth-Arlington,"Dallas-Ft. Worth, TX",Top 10 DMA,229 E FM 1382 STE 500,CEDAR HILL,TX,75104,32.6,-96.9," 38,547 ",Light Suburban,"904,623","1,259","2,270","9,039,276","$73,361",70K-80K,35%,17%,12%,36%,105%,100 - 120,"$89,635",17%,LT 20%,34%,GT 30%,44%,GT 40%,2%,2-4%,1.36%,52.96%,10 - 12 MM, 12 - 20 MM ,12 - 20 MM,12 - 20 MM,C,,"$8,171,372","$8,820,328","$9,153,210","$9,153,210","$9,141,448","$6,830,446","$13,006,739","$11,575,346","$11,575,346","$13,221,349","$13,386,512","$14,516,014","$14,516,014","$14,685,924","$14,685,924",,,,5.2%,5.2%,-0.1%,-25.3%,42.3%,-11.0%,14.2%,9.3%,1.2%,"$700,293 ","29,726"
976,"WARWICK, RI",Open,2016,9/23/2016,2016 Open - SEP '16,2016,9/21/2016,Comp,,,3,10,2,R10 D02,Providence-Warwick,"Providence, RI-New Bedford, MA",,650 BALD HILL ROAD,WARWICK,RI,2886,41.7,-71.5," 42,495 ",Light Suburban,"370,913","3,386","2,459","1,683,219","$78,147",70K-80K,33%,17%,14%,37%,101%,100 - 120,"$87,015",52%,40-60%,8%,5-10%,30%,30-40%,4%,4-6%,0.02%,47.37%,10 - 12 MM, 12 - 20 MM ,12 - 20 MM,12 - 20 MM,D,,"$5,511,302","$10,918,277","$11,582,310","$11,582,310","$12,408,178","$8,554,540","$13,737,172","$11,474,679","$11,474,679","$11,881,842","$12,027,843","$12,190,740","$12,190,740","$12,513,792","$12,513,792",,,,-3.0%,7.5%,7.1%,-31.1%,10.7%,-16.5%,3.5%,2.6%,2.6%,"$558,000 ","24,706"
977,"JONESBORO, AR",Open,2015,,Original Location,2015,10/27/2015,Comp,,,4,6,2,R06 D02,Jonesboro,"Jonesboro, AR",,1525 S CARAWAY ROAD,JONESBORO,AR,72401,35.8,-90.7," 22,253 ",Light Suburban,"208,624",102,"2,002","231,873","$58,031",LT60K,45%,17%,12%,26%,83%,80 - 100,"$56,721",71%,GT 60%,17%,15-20%,6%,LT 10%,1%,LT 2%,0.51%,52.04%,LT8MM, LT8MM ,LT8MM,08 - 10 MM,F,"$2,485,799","$5,855,364","$6,229,813","$6,267,842","$6,267,842","$6,756,617","$5,459,211","$8,852,271","$7,165,740","$7,165,740","$7,280,571","$7,385,498","$7,756,989","$7,756,989","$8,360,024","$8,360,024",,,-8.5%,5.0%,1.9%,7.8%,-19.2%,31.0%,-19.1%,1.6%,6.2%,7.8%,"$393,147 ","16,341"
978,"COLONIAL HEIGHTS, VA",Open,2016,4/15/2016,2016 Open - APR '16,2016,4/11/2016,Comp,,,5,11,3,R11 D03,Richmond,"Richmond-Petersburg, VA",,116 SOUTHGATE SQ,COLONIAL HEIGHTS,VA,23834,37.2,-77.4," 25,073 ",Light Suburban,"509,420",134,"1,853","1,613,854","$69,632",60K-70K,37%,18%,12%,33%,69%,LT 80,"$85,072",38%,20-40%,44%,GT 30%,12%,10-20%,2%,LT 2%,0.62%,50.06%,LT8MM, 08 - 10 MM ,08 - 10 MM,08 - 10 MM,E,,"$8,727,972","$8,804,467","$7,801,307","$7,801,307","$7,357,362","$4,996,614","$8,020,197","$7,322,134","$7,322,134","$7,910,784","$8,020,277","$8,328,852","$8,328,852","$8,597,430","$8,597,430",,,,-10.8%,-10.0%,-5.7%,-32.1%,9.0%,-8.7%,8.0%,5.2%,3.2%,"$440,322 ","16,079"
979,"WICHITA FALLS, TX",Open,2015,,Original Location,2015,10/13/2015,Comp,,,4,16,2,R16 D02,Wichita Falls,"Wichita Falls, TX & Lawton, OK",,3910 CALL FIELD RD,WICHITA FALLS,TX,76308,33.9,-98.5," 22,456 ",Light Suburban,"192,123",33,"2,266","417,224","$66,593",60K-70K,40%,18%,14%,29%,111%,100 - 120,"$62,622",66%,GT 60%,7%,5-10%,19%,10-20%,2%,LT 2%,-0.08%,49.68%,LT8MM, 08 - 10 MM ,08 - 10 MM,08 - 10 MM,E,"$2,934,663","$5,775,112","$6,069,667","$5,905,696","$5,905,696","$6,378,537","$4,876,786","$8,994,935","$7,641,258","$7,641,258","$8,226,089","$8,337,354","$8,285,611","$8,285,611","$8,583,528","$8,583,528",,,-11.1%,3.7%,-1.4%,8.0%,-23.5%,41.0%,-15.0%,7.7%,0.5%,3.6%,"$396,625 ","18,939"
980,"ALBUQUERQUE, NM (SOUTHWEST)",Open,2016,3/11/2016,2016 Open - MAR '16,2016,3/9/2016,Comp,,,1,3,4,R03 D04,Albuquerque,"Albuquerque-Santa Fe, NM",,"4208 CENTRAL AVE SW, STE B",ALBUQUERQUE,NM,87105,35.1,-106.7," 24,811 ",Suburban,"212,573",418,"3,612","1,971,885","$65,961",60K-70K,42%,17%,15%,27%,87%,80 - 100,"$66,276",18%,LT 20%,3%,LT 5%,71%,GT 40%,2%,LT 2%,0.32%,45.65%,LT8MM, LT8MM ,08 - 10 MM,08 - 10 MM,E,,"$8,129,499","$7,700,320","$8,120,037","$8,120,037","$8,214,128","$5,176,294","$8,623,009","$6,352,251","$6,352,251","$7,407,725","$7,512,840","$8,264,543","$8,264,543","$8,908,190","$8,908,190",,,,0.5%,6.9%,1.2%,-37.0%,5.0%,-26.3%,16.6%,11.3%,7.8%,"$425,037 ","17,954"
981,"GARFIELD, NJ",Open,2016,9/23/2016,2016 Open - SEP '16,2016,9/20/2016,Comp,Yes,Yes,3,13,6,R13 D06,New York-Newark-Jersey City,"New York, NY",Top 10 DMA,174 PASSAIC STREET,GARFIELD,NJ,7026,40.9,-74.1," 40,222 ",Urban,"651,889","8,842","11,537","22,165,424","$82,328",GT80K,33%,15%,12%,40%,83%,80 - 100,"$101,231",30%,20-40%,11%,10-15%,47%,GT 40%,8%,GT 8%,0.08%,49.12%,12 - 20 MM, 12 - 20 MM ,20M+,20M+,B,,"$6,448,943","$14,112,078","$15,317,408","$15,317,408","$17,599,328","$12,350,357","$23,717,708","$19,256,409","$19,256,409","$19,552,985","$19,827,335","$21,012,109","$21,012,109","$21,672,807","$21,672,807",,,,2.6%,9.9%,14.9%,-29.8%,34.8%,-18.8%,1.5%,7.4%,3.1%,"$834,386 ","35,339"
982,"GOODYEAR, AZ",Open,2016,9/30/2016,2016 Open - SEP '16,2016,9/28/2016,Comp,Yes,,1,3,4,R03 D04,Phoenix-Mesa-Scottsdale,"Phoenix (Prescott), AZ",,1965 N Pebble Creek Parkway,Goodyear,AZ,85395,33.5,-112.4," 25,514 ",Suburban,"859,870",358,"3,095","6,067,817","$92,283",GT80K,23%,18%,16%,43%,122%,GT 120,"$86,887",30%,20-40%,8%,5-10%,54%,GT 40%,3%,2-4%,0.98%,49.87%,10 - 12 MM, 10 - 12 MM ,12 - 20 MM,10 - 12 MM,D,,"$3,875,114","$8,096,064","$8,359,058","$8,359,058","$8,907,208","$6,920,045","$12,243,167","$11,110,378","$11,110,378","$11,824,832","$11,987,256","$12,524,502","$12,524,502","$11,881,918","$11,881,918",,,,-4.4%,4.9%,6.6%,-22.3%,37.5%,-9.3%,6.4%,6.1%,-5.1%,"$606,880 ","26,963"
983,"KISSIMMEE, FL (THE LOOP)",Open,2016,9/16/2016,2016 Open - SEP '16,2016,9/9/2016,Comp,,,5,30,6,R30 D06,Orlando-Kissimmee-Sanford,"Orlando-Daytona Beach-Melbourne, FL",,740 W OSCEOLA PKWY 300,KISSIMMEE,FL,34741,28.3,-81.4," 44,865 ",Suburban,"2,040,241",733,"3,821","4,872,913","$82,162",GT80K,37%,20%,14%,29%,87%,80 - 100,"$78,250",32%,20-40%,16%,15-20%,42%,GT 40%,5%,4-6%,1.47%,51.85%,08 - 10 MM, 08 - 10 MM ,08 - 10 MM,LT8MM,F,,"$5,065,220","$11,744,443","$12,687,640","$12,687,640","$12,541,139","$8,474,924","$13,358,215","$9,382,762","$9,382,762","$8,994,771","$9,113,714","$8,647,695","$8,647,695","$7,867,317","$7,867,317",,,,22.0%,9.9%,-0.9%,-32.4%,6.5%,-29.8%,-4.1%,-3.5%,-9.0%,"$433,755 ","18,755"
984,"VALLEY STREAM, NY",Open,2016,10/6/2016,2016 Open - OCT '16,2016,10/6/2016,Comp,Yes,Yes,3,14,6,R14 D06,New York-Newark-Jersey City,"New York, NY",Top 10 DMA,2034 Green Acres Mall,Valley Stream,NY,11580,40.7,-73.7," 45,326 ",Urban,"787,173","15,567","12,304","22,165,424","$96,219",GT80K,24%,13%,11%,52%,119%,100 - 120,"$101,231",13%,LT 20%,41%,GT 30%,20%,10-20%,15%,GT 8%,0.08%,49.12%,20M+, 20M+ ,20M+,20M+,AA,,"$7,094,319","$18,010,099","$20,981,348","$20,981,348","$23,592,192","$15,090,142","$30,123,392","$29,498,329","$29,498,329","$28,561,944","$28,922,033","$29,747,164","$29,747,164","$31,888,808","$31,888,808",,,,-12.0%,18.2%,12.4%,-36.0%,27.7%,-2.1%,-3.2%,4.3%,7.2%,"$1,158,111 ","47,439"
985,"CHARLOTTE, NC (BELGATE)",Open,2016,9/16/2016,2016 Open - SEP '16,2016,9/12/2016,Comp,,,5,18,4,R18 D04,Charlotte-Concord-Gastonia,"Charlotte, NC",,8325 Ikea Boulevard,Charlotte,NC,28262,35.3,-80.8," 40,963 ",Suburban,"1,906,835","1,390","3,458","3,598,950","$90,733",GT80K,33%,18%,13%,36%,78%,LT 80,"$79,954",49%,40-60%,25%,20-30%,15%,10-20%,6%,6-8%,1.03%,52.17%,10 - 12 MM, 12 - 20 MM ,12 - 20 MM,12 - 20 MM,C,,"$4,885,173","$11,128,461","$11,904,947","$11,904,947","$11,668,328","$8,260,290","$13,715,758","$11,770,588","$11,770,588","$12,754,356","$12,956,884","$15,110,676","$15,110,676","$15,917,867","$15,917,867",,,,5.4%,8.6%,-2.0%,-29.2%,17.5%,-14.2%,8.4%,18.2%,5.3%,"$749,460 ","28,893"
986,"JACKSON, MS (NE)",Open,2016,9/16/2016,2016 Open - SEP '16,2016,9/12/2016,Comp,,,4,17,2,R17 D02,Jackson,"Jackson, MS",,1053 E. County Line Road,Jackson,MS,39211,32.4,-90.1," 31,725 ",Light Suburban,"277,356",275,"1,851","870,998","$64,946",60K-70K,39%,16%,12%,33%,106%,100 - 120,"$56,362",36%,20-40%,57%,GT 30%,3%,LT 10%,2%,LT 2%,-0.25%,46.60%,LT8MM, 08 - 10 MM ,08 - 10 MM,08 - 10 MM,E,,"$3,368,774","$6,095,933","$6,252,749","$6,252,749","$6,547,579","$5,200,976","$8,663,300","$7,859,968","$7,859,968","$8,323,650","$8,446,180","$9,227,669","$9,227,669","$9,093,117","$9,093,117",,,,-11.2%,4.1%,4.7%,-20.6%,32.3%,-9.3%,5.9%,10.7%,-1.5%,"$439,665 ","18,290"
987,"JAMAICA, NY",Open,2019,6/7/2019,2019 Open - JUN '19,2019,6/5/2019,Comp,Yes,Yes,3,14,6,R14 D06,New York-Newark-Jersey City,"New York, NY",Top 10 DMA,160-08 JAMAICA AVE,JAMAICA,NY,11432,40.7,-73.8," 47,159 ",Super Urban,"691,422","23,456","25,315","22,165,424","$90,956",GT80K,28%,15%,12%,45%,86%,80 - 100,"$101,231",5%,LT 20%,40%,GT 30%,23%,20-30%,20%,GT 8%,0.08%,49.12%,20M+, 20M+ ,20M+,20M+,A,,,,,,$0,"$10,066,225","$25,573,569","$22,551,149","$22,551,149","$22,680,637","$23,006,204","$25,001,873","$25,001,873","$27,204,550","$27,204,550",,,,,,,8.3%,21.3%,-11.8%,0.6%,10.2%,8.8%,"$949,247 ","38,695"
1000,"BURLINGTON, NJ",Open,2018,3/9/2018,2018 Open - MAR '18,2018,3/7/2018,Comp,Yes,,3,13,1,R13 D01,Philadelphia-Camden-Wilmington,"Philadelphia, PA",Top 10 DMA,1817 BURLINGTON-MT HOLLY RD,BURLINGTON,NJ,8016,40.1,-74.8," 31,127 ",Light Suburban,"325,679","1,097","2,141","8,441,533","$90,354",GT80K,25%,16%,13%,46%,111%,100 - 120,"$88,536",42%,40-60%,26%,20-30%,22%,20-30%,5%,4-6%,0.23%,48.33%,LT8MM, 08 - 10 MM ,08 - 10 MM,08 - 10 MM,E,,,,,,"$6,005,312","$4,792,239","$8,854,128","$7,731,601","$7,731,601","$8,295,751","$8,405,597","$8,878,169","$8,878,169","$9,787,715","$9,787,715",,,,,,4.3%,-38.3%,14.0%,-12.7%,7.3%,7.0%,10.2%,"$463,705 ","18,276"
1001,"NORTH LAS VEGAS, NV",Open,2016,9/16/2016,2016 Open - SEP '16,2016,9/14/2016,Comp,Yes,Yes,1,4,1,R04 D01,Las Vegas-Henderson-Paradise,"Las Vegas, NV",,2189 West Craig Road,North Las Vegas,NV,89032,36.2,-115.2," 40,538 ",Light Urban,"469,385","5,168","6,154","2,478,119","$74,991",70K-80K,34%,19%,15%,32%,104%,100 - 120,"$79,597",23%,20-40%,22%,20-30%,43%,GT 40%,6%,4-6%,0.87%,45.85%,12 - 20 MM, 12 - 20 MM ,12 - 20 MM,12 - 20 MM,C,,"$6,368,740","$13,115,136","$14,571,800","$14,571,800","$15,021,227","$10,611,050","$18,831,412","$14,840,407","$14,840,407","$14,389,067","$14,565,151","$13,820,287","$13,820,287","$13,379,193","$13,379,193",,,,0.7%,12.7%,3.1%,-29.4%,25.4%,-21.2%,-3.0%,-3.6%,-3.2%,"$627,881 ","26,777"
1002,"WEST VALLEY CITY, UT",Open,2017,3/10/2017,2017 Open - MAR '17,2017,3/8/2017,Comp,,,1,1,3,R01 D03,Salt Lake City,"Salt Lake City, UT",,2933 SOUTH 5600 WEST,WEST VALLEY CITY,UT,84120,40.7,-112.0," 28,094 ",Suburban,"362,565","1,278","3,648","3,722,607","$87,243",GT80K,24%,18%,16%,41%,103%,100 - 120,"$97,769",45%,40-60%,3%,LT 5%,39%,30-40%,5%,4-6%,1.16%,56.35%,10 - 12 MM, 10 - 12 MM ,12 - 20 MM,12 - 20 MM,C,,,"$8,521,655","$7,049,204","$9,164,135","$9,850,994","$7,054,162","$11,648,711","$10,511,056","$10,511,056","$11,053,985","$11,211,313","$13,534,155","$13,534,155","$14,495,251","$14,495,251",,,,,6.6%,7.5%,-28.4%,18.2%,-9.8%,5.2%,22.4%,7.1%,"$580,795 ","26,964"
1003,"MCALLEN, TX (CONVENTION CTR)",Open,2016,9/23/2016,2016 Open - SEP '16,2016,9/19/2016,Comp,Yes,Yes,4,28,1,R28 D01,McAllen-Edinburg-Mission,"Harlingen-Weslaco-Brownsville-McAllen, TX",,2700 Expwy 83  300,McAllen,TX,78501,26.2,-98.3," 53,137 ",Light Suburban,"1,317,938",542,"2,995","1,426,817","$56,163",LT60K,50%,16%,11%,23%,95%,80 - 100,"$55,116",6%,LT 20%,1%,LT 5%,92%,GT 40%,1%,LT 2%,0.55%,51.13%,20M+, 20M+ ,20M+,20M+,B,,"$5,778,544","$11,789,685","$13,287,970","$13,287,970","$16,342,706","$10,411,417","$20,602,895","$22,297,588","$22,297,588","$24,225,535","$24,616,844","$27,580,434","$27,580,434","$22,139,425","$22,139,425",,,,1.1%,14.6%,23.9%,-36.3%,26.1%,8.2%,8.6%,14.0%,-19.7%,"$660,642 ","47,182"
1004,"HOUSTON, TX (WEST LAKE)",Open,2016,9/30/2016,2016 Open - SEP '16,2016,9/26/2016,Comp,Yes,,4,17,1,R17 D01,Houston-The Woodlands-Sugar Land,"Houston, TX",Top 10 DMA,14353 E Sam Houston Parkway,Houston,TX,77346,29.9,-95.2," 38,963 ",Light Suburban,"983,360","1,601","2,591","8,054,291","$69,113",60K-70K,37%,19%,12%,31%,130%,GT 120,"$82,684",15%,LT 20%,26%,20-30%,54%,GT 40%,2%,2-4%,1.17%,52.51%,10 - 12 MM, 10 - 12 MM ,10 - 12 MM,10 - 12 MM,D,,"$3,273,987","$8,534,112","$9,752,427","$9,752,427","$10,152,754","$7,235,721","$13,010,451","$10,351,961","$10,351,961","$10,581,841","$10,733,871","$11,209,155","$11,209,155","$11,289,596","$11,289,596",,,,28.7%,15.7%,4.1%,-28.7%,28.1%,-20.4%,2.2%,6.0%,0.7%,"$595,803 ","23,713"
1005,"TUKWILA, WA",Open,2016,9/16/2016,2016 Open - SEP '16,2016,9/12/2016,Comp,,Yes,1,1,2,R01 D02,Seattle-Tacoma-Bellevue,"Seattle-Tacoma, WA",,17500 South Center Parkway,Tukwila,WA,98188,47.4,-122.3," 30,300 ",Light Suburban,"810,393","4,254","2,931","5,772,567","$100,349",GT80K,25%,15%,12%,48%,80%,80 - 100,"$108,737",37%,20-40%,13%,10-15%,17%,10-20%,22%,GT 8%,0.66%,52.46%,08 - 10 MM, 10 - 12 MM ,12 - 20 MM,12 - 20 MM,C,,"$4,332,149","$9,859,398","$10,870,290","$10,870,290","$11,745,600","$6,848,556","$12,070,570","$8,937,209","$8,937,209","$11,454,402","$11,624,982","$13,494,919","$13,494,919","$15,840,927","$15,840,927",,,,6.0%,11.9%,8.1%,-41.7%,2.8%,-26.0%,28.2%,17.6%,17.4%,"$676,545 ","26,521"
1006,"MIAMI, FL (RIVER LANDING)",Open,2020,9/10/2020,2020 Open - SEP '20,2020,9/10/2020,Comp,Yes,Yes,5,31,3,R31 D03,Miami-Fort Lauderdale-West Palm Beach,"Miami-Ft. Lauderdale, FL",Top 10 DMA,"1420 NW N RIVER DR, ST 315",MIAMI,FL,33125,25.8,-80.2," 40,229 ",Urban,"858,000","7,608","14,360","4,800,721","$61,053",60K-70K,48%,12%,13%,27%,86%,80 - 100,"$78,384",7%,LT 20%,16%,15-20%,75%,GT 40%,1%,LT 2%,0.33%,48.16%,12 - 20 MM, 12 - 20 MM ,12 - 20 MM,12 - 20 MM,C,,,,,,,$0,"$12,905,432","$12,361,615","$12,361,615","$13,881,610","$14,126,357","$16,511,987","$16,511,987","$15,496,914","$15,496,914",,,,,,, ,0.0%,-4.2%,12.3%,18.8%,-6.1%,"$684,769 ","31,050"
1007,"HEMET, CA",Open,2016,10/7/2016,2016 Open - OCT '16,2016,10/5/2016,Comp,Yes,Yes,1,4,5,R04 D05,Riverside-San Bernardino-Ontario,"Los Angeles, CA",Top 10 DMA,2171 W. Florida Ave,Hemet,CA,92545,33.7,-117.0," 41,187 ",Suburban,"207,934","1,162","3,797","18,082,820","$66,537",60K-70K,40%,18%,13%,29%,60%,LT 80,"$97,162",30%,20-40%,8%,5-10%,55%,GT 40%,3%,2-4%,-0.04%,47.33%,10 - 12 MM, 12 - 20 MM ,12 - 20 MM,12 - 20 MM,D,,"$4,226,679","$9,774,824","$10,453,792","$10,453,792","$10,802,334","$8,707,365","$13,981,385","$11,617,652","$11,617,652","$11,950,022","$12,129,240","$12,601,033","$12,601,033","$12,933,942","$12,933,942",,,,-9.0%,8.6%,3.3%,-19.4%,29.4%,-16.9%,2.9%,5.6%,2.6%,"$671,245 ","26,678"
1008,"NIAGARA FALLS, NY",Open,2016,9/30/2016,2016 Open - SEP '16,2016,9/9/2016,Comp,Yes,,3,10,1,R10 D01,Buffalo-Cheektowaga-Niagara Falls,"Buffalo, NY",,2429 Military Rd Suite 250,Niagara Falls,NY,14304,43.1,-79.0," 32,964 ",Light Suburban,"211,404",578,"1,727","1,556,799","$71,358",70K-80K,38%,16%,11%,36%,83%,80 - 100,"$68,948",79%,GT 60%,8%,5-10%,4%,LT 10%,2%,2-4%,-0.20%,47.55%,LT8MM, 08 - 10 MM ,08 - 10 MM,LT8MM,H,,"$3,633,117","$9,180,466","$9,917,284","$9,917,284","$9,836,995","$4,375,738","$7,549,899","$7,722,433","$7,722,433","$8,120,135","$8,221,829","$8,318,333","$8,318,333","$6,417,764","$6,417,764",,,,15.3%,9.3%,-0.8%,-55.5%,-23.2%,2.3%,5.1%,2.3%,-22.8%,"$457,546 ","14,611"
1009,"GAINESVILLE, GA",Open,2016,9/23/2016,2016 Open - SEP '16,2016,9/16/2016,Comp,Yes,,5,19,1,R19 D01,Gainesville,"Atlanta, GA",Top 10 DMA,1160 Dawsonville Highway,Gainesville,GA,30501,34.3,-83.9," 31,422 ",Light Suburban,"979,091",467,"1,916","7,692,390","$91,685",GT80K,32%,18%,15%,35%,71%,LT 80,"$87,109",52%,40-60%,16%,15-20%,19%,10-20%,9%,GT 8%,0.88%,50.12%,08 - 10 MM, LT8MM ,LT8MM,08 - 10 MM,F,,"$3,073,976","$6,148,690","$6,538,029","$6,538,029","$6,890,162","$5,266,928","$9,005,404","$8,003,690","$8,003,690","$7,820,464","$7,915,214","$7,606,839","$7,606,839","$8,270,279","$8,270,279",,,,4.0%,7.7%,5.4%,-23.6%,30.7%,-11.1%,-2.3%,-2.6%,8.7%,"$462,611 ","16,351"
1010,"DOVER, DE (DUPONT)",Open,2016,9/30/2016,2016 Open - SEP '16,2016,9/26/2016,Comp,Yes,,3,25,3,R25 D03,Dover,"Philadelphia, PA",Top 10 DMA,515 North Dupont Highway,Dover,DE,19901,39.2,-75.5," 21,366 ",Light Suburban,"509,748",374,"1,556","8,441,533","$82,872",GT80K,30%,16%,16%,38%,67%,LT 80,"$88,536",54%,40-60%,25%,20-30%,11%,10-20%,4%,2-4%,0.23%,48.33%,08 - 10 MM, 08 - 10 MM ,08 - 10 MM,10 - 12 MM,D,,"$4,104,284","$7,409,441","$7,001,354","$7,001,354","$6,960,764","$4,901,160","$9,217,843","$8,023,267","$8,023,267","$8,396,081","$8,512,089","$9,112,595","$9,112,595","$10,051,315","$10,051,315",,,,-11.0%,-4.1%,-0.6%,-29.6%,32.4%,-13.0%,4.6%,8.5%,10.3%,"$507,168 ","18,788"
1011,"CUTLER BAY, FL",Open,2016,9/30/2016,2016 Open - SEP '16,2016,9/28/2016,Comp,Yes,Yes,5,31,2,R31 D02,Miami-Fort Lauderdale-West Palm Beach,"Miami-Ft. Lauderdale, FL",Top 10 DMA,19191 S Dixie Hwy,Cutler Bay,FL,33157,25.6,-80.4," 40,353 ",Light Urban,"454,146",290,"5,073","4,800,721","$78,522",70K-80K,39%,13%,15%,33%,102%,100 - 120,"$78,384",11%,LT 20%,15%,15-20%,70%,GT 40%,2%,LT 2%,0.33%,48.16%,20M+, 20M+ ,20M+,20M+,A,,"$5,020,089","$12,830,600","$14,729,173","$14,729,173","$16,713,111","$13,062,019","$21,340,962","$21,252,772","$21,252,772","$22,683,302","$23,052,159","$26,394,943","$26,394,943","$27,428,815","$27,428,815",,,,21.2%,16.6%,13.5%,-21.8%,27.7%,-0.4%,6.7%,16.2%,3.9%,"$1,067,142 ","53,531"
1012,"SOUTH EUCLID, OH",Open,2017,4/7/2017,2017 Open - APR '17,2017,4/5/2017,Comp,Yes,,3,8,3,R08 D03,Cleveland-Elyria,"Cleveland-Akron (Canton), OH",,1950 WARRENSVILLE CENTER RD,SOUTH EUCLID,OH,44121,41.5,-81.5," 27,953 ",Suburban,"277,049","4,150","4,568","3,823,814","$54,307",LT60K,47%,18%,11%,24%,111%,100 - 120,"$69,527",28%,20-40%,63%,GT 30%,3%,LT 10%,2%,2-4%,-0.09%,47.83%,LT8MM, LT8MM ,LT8MM,LT8MM,H,,,"$5,906,888","$4,412,120","$6,435,107","$6,515,399","$4,557,388","$7,488,632","$5,574,033","$5,574,033","$5,602,868","$5,686,875","$5,776,773","$5,776,773","$5,473,414","$5,473,414",,,,,-1.3%,1.2%,-30.1%,14.9%,-25.6%,0.5%,3.1%,-5.3%,"$349,298 ","10,432"
1013,"SUGARLAND, TX",Open,2017,4/7/2017,2017 Open - APR '17,2017,4/4/2017,Comp,Yes,,4,17,4,R17 D04,Houston-The Woodlands-Sugar Land,"Houston, TX",Top 10 DMA,US 59 & University Blvd,Sugar Land,TX,77479,29.6,-95.6," 24,952 ",Light Suburban,"1,408,045","1,144","2,650","8,054,291","$85,402",GT80K,28%,16%,13%,44%,175%,GT 120,"$82,684",19%,LT 20%,27%,20-30%,32%,30-40%,19%,GT 8%,1.17%,52.51%,08 - 10 MM, LT8MM ,LT8MM,LT8MM,G,,,"$7,378,789","$6,069,792","$8,844,894","$9,280,863","$6,369,519","$10,443,245","$8,462,209","$8,462,209","$7,795,778","$7,900,094","$7,476,802","$7,476,802","$7,313,818","$7,313,818",,,,,7.0%,4.9%,-31.4%,12.5%,-19.0%,-7.9%,-3.8%,-2.2%,"$417,477 ","15,668"
1014,"KENOSHA, WI",Open,2016,,Original Location,2016,9/28/2016,Comp,,,4,7,2,R07 D02,Chicago-Naperville-Elgin,"Milwaukee, WI",,5914 75TH ST,KENOSHA,WI,53142,42.6,-87.9," 30,872 ",Light Suburban,"378,167",945,"2,886","2,243,542","$74,215",70K-80K,34%,18%,14%,34%,93%,80 - 100,"$80,132",53%,40-60%,13%,10-15%,26%,20-30%,2%,2-4%,0.03%,48.38%,LT8MM, LT8MM ,LT8MM,LT8MM,G,,"$2,300,165","$4,954,286","$5,216,808","$5,216,808","$5,645,057","$4,540,071","$7,535,395","$5,821,352","$5,821,352","$6,027,766","$6,114,868","$6,463,522","$6,463,522","$6,692,531","$6,692,531",,,,2.8%,6.8%,8.2%,-19.6%,33.5%,-22.7%,3.5%,7.2%,3.5%,"$311,779 ","13,231"
1015,"HOLLAND, MI",Open,2016,9/23/2016,2016 Open - SEP '16,2016,9/21/2016,Comp,,,3,8,5,R08 D05,Grand Rapids-Wyoming,"Grand Rapids-Kalamazoo-Battle Creek, MI",,"12347 James Street, Suite 30",Holland,MI,49424,42.8,-86.1," 21,280 ",Light Suburban,"192,502",284,"2,034","2,126,807","$83,648",GT80K,26%,17%,17%,40%,101%,100 - 120,"$75,179",73%,GT 60%,2%,LT 5%,17%,10-20%,3%,2-4%,0.16%,52.70%,LT8MM, 08 - 10 MM ,08 - 10 MM,08 - 10 MM,F,,"$3,106,301","$6,629,924","$6,782,628","$6,782,628","$6,941,683","$4,243,871","$7,696,814","$6,905,386","$6,905,386","$7,948,906","$8,062,559","$8,336,395","$8,336,395","$8,214,747","$8,214,747",,,,2.4%,3.7%,2.3%,-38.9%,10.9%,-10.3%,15.1%,4.8%,-1.5%,"$453,830 ","15,005"
1016,"BAYTOWN, TX",Open,2027,3/26/2027,2027 Relo - MAR '27 Open,2016,9/27/2016,Comp,,,4,17,3,R17 D03,Houston-The Woodlands-Sugar Land,"Houston, TX",Top 10 DMA,"6515 Garth Road, Suite 110",Baytown,TX,77521,29.8,-95.0," 25,005 ",Light Suburban,"636,985",384,"1,911","8,054,291","$75,863",70K-80K,34%,19%,12%,35%,95%,80 - 100,"$82,684",26%,20-40%,18%,15-20%,52%,GT 40%,2%,LT 2%,1.17%,52.51%,08 - 10 MM, 10 - 12 MM ,10 - 12 MM,10 - 12 MM,D,,"$3,621,725","$9,090,450","$9,974,531","$9,974,531","$9,787,148","$6,907,347","$11,537,500","$9,644,156","$9,644,156","$9,914,988","$10,058,999","$11,334,871","$11,334,871","$11,841,249","$11,841,249",,,,25.1%,11.1%,-1.9%,-29.4%,17.9%,-16.4%,2.8%,14.5%,4.5%,"$610,637 ","24,828"
1017,CLOSED,Closed,,12/2/2022,Closure Date,,,,,,0,0,,,,,,,,,,,,,,,,,,,,,,,,,,,,,,,,,,,,,,,,,,,,,,,, ,,,,,,,,,,,,,,,, ,,,,,,$0 ,NA
1018,"CEDAR RAPIDS, IA",Open,2016,9/30/2016,2016 Open - SEP '16,2016,9/28/2016,Comp,,,1,5,3,R05 D03,Cedar Rapids,"Cedar Rapids-Waterloo-Iowa City & Dubuque, IA",,3475 Westdale Drive SW,Cedar Rapids,IA,52404,42.0,-91.7," 31,499 ",Light Suburban,"433,365",196,"1,965","930,886","$76,231",70K-80K,31%,17%,14%,38%,89%,80 - 100,"$73,456",79%,GT 60%,8%,5-10%,5%,LT 10%,3%,2-4%,0.18%,52.43%,LT8MM, LT8MM ,LT8MM,LT8MM,H,,"$2,943,018","$6,188,888","$6,061,138","$6,061,138","$6,445,978","$5,339,459","$7,682,932","$6,227,835","$6,227,835","$6,114,959","$6,204,856","$5,848,990","$5,848,990","$6,004,265","$6,004,265",,,,-7.6%,-0.6%,6.3%,-17.2%,19.2%,-18.9%,-1.8%,-4.3%,2.7%,"$365,180 ","11,321"
1019,CLOSED,Closed,,5/31/2019,Closure Date,,,,,,0,0,,,,,,,,,,,,,,,,,,,,,,,,,,,,,,,,,,,,,,,,,,,,,,,, ,,,,,,,,,,,,,,,, ,,,,,,$0 ,NA
1020,"NORTH MYRTLE BEACH, SC",Open,2017,5/19/2017,2017 Open - MAY '17,2017,5/15/2017,Comp,Yes,,5,18,3,R18 D03,Myrtle Beach-Conway-North Myrtle Beach,"Myrtle Beach-Florence, SC",,11th Avenue and Highway 17th,North Myrtle Beach,SC,29582,33.8,-78.7," 21,943 ",Exurban,"771,835",129,"1,192","827,476","$66,923",60K-70K,36%,17%,14%,33%,131%,GT 120,"$60,493",69%,GT 60%,18%,15-20%,6%,LT 10%,1%,LT 2%,1.28%,48.33%,LT8MM, LT8MM ,LT8MM,LT8MM,F,,,"$5,522,959","$3,491,420","$6,616,356","$7,006,359","$5,213,795","$7,843,802","$6,855,455","$6,855,455","$7,566,026","$7,666,958","$7,619,930","$7,619,930","$7,852,332","$7,852,332",,,,,-4.3%,5.9%,-25.6%,12.0%,-12.6%,10.4%,0.7%,3.0%,"$441,411 ","16,051"
1021,"SPRING, TX",Open,2017,3/24/2017,2017 Open - MAR '17,2017,3/21/2017,Comp,Yes,,4,17,1,R17 D01,Houston-The Woodlands-Sugar Land,"Houston, TX",Top 10 DMA,6545 N. Grand Parkway West,Spring,TX,77389,30.1,-95.5," 34,801 ",Light Suburban,"1,984,545","1,766","2,887","8,054,291","$94,223",GT80K,23%,16%,11%,50%,136%,GT 120,"$82,684",33%,20-40%,18%,15-20%,38%,30-40%,7%,6-8%,1.17%,52.51%,10 - 12 MM, 10 - 12 MM ,10 - 12 MM,10 - 12 MM,D,,,"$7,599,625","$5,783,833","$8,277,700","$8,840,747","$6,603,065","$11,516,636","$10,084,372","$10,084,372","$10,330,275","$10,477,861","$10,555,569","$10,555,569","$10,435,203","$10,435,203",,,,,5.3%,6.8%,-25.3%,30.3%,-12.4%,2.4%,2.2%,-1.1%,"$535,895 ","21,379"
1022,"PALM SPRINGS, CA",Open,2016,10/14/2016,2016 Open - OCT '16,2016,10/12/2016,Comp,,,1,4,5,R04 D05,Riverside-San Bernardino-Ontario,"Palm Springs, CA",,5200 East Ramon Road,Palm Springs,CA,92264,33.8,-116.5," 34,766 ",Light Suburban,"124,293",887,"2,760","456,134","$67,748",60K-70K,41%,16%,12%,31%,96%,80 - 100,"$76,845",28%,20-40%,4%,LT 5%,60%,GT 40%,4%,4-6%,0.45%,50.43%,08 - 10 MM, 08 - 10 MM ,08 - 10 MM,08 - 10 MM,F,,"$2,959,592","$7,600,952","$9,546,180","$9,546,180","$9,886,710","$7,262,032","$10,908,377","$9,101,854","$9,101,854","$9,408,418","$9,544,651","$8,606,181","$8,606,181","$8,373,798","$8,373,798",,,,10.7%,27.6%,3.6%,-26.5%,10.3%,-16.6%,3.4%,-8.2%,-2.7%,"$495,716 ","17,423"
1023,"BELLEVUE, TN",Open,2017,9/29/2017,2017 Open - SEP '17,2017,9/27/2017,Comp,,,5,18,1,R18 D01,Nashville-Davidson--Murfreesboro--Franklin,"Nashville, TN",,8141 SAWYER BROWN RD,NASHVILLE,TN,37221,36.1,-86.9," 29,574 ",Exurban,"446,966",460,"1,496","3,298,024","$82,585",GT80K,30%,19%,13%,37%,126%,GT 120,"$79,662",58%,40-60%,22%,20-30%,12%,10-20%,3%,2-4%,1.33%,52.68%,LT8MM, LT8MM ,LT8MM,LT8MM,H,,,"$2,305,144","$1,336,025","$5,747,995","$6,056,924","$4,140,203","$6,602,495","$5,048,714","$5,048,714","$6,012,726","$6,097,539","$5,879,486","$5,879,486","$5,469,182","$5,469,182",,,,,13.2%,5.4%,-31.6%,9.0%,-23.5%,19.1%,-2.5%,-7.0%,"$369,230 ","12,347"
1024,"MIAMI GARDENS, FL",Open,2018,9/14/2018,2018 Open - SEP '18,2018,9/5/2018,Comp,Yes,,5,31,7,R31 D07,Miami-Fort Lauderdale-West Palm Beach,"Miami-Ft. Lauderdale, FL",Top 10 DMA,18226 NW 27TH AVENUE,MIAMI GARDENS,FL,33056,25.9,-80.2," 40,720 ",Light Urban,"934,987","6,068","6,082","4,800,721","$65,762",60K-70K,45%,14%,14%,27%,83%,80 - 100,"$78,384",5%,LT 20%,27%,20-30%,64%,GT 40%,2%,LT 2%,0.33%,48.16%,12 - 20 MM, 12 - 20 MM ,12 - 20 MM,12 - 20 MM,C,,,,,,"$3,299,418","$8,054,256","$13,137,430","$12,444,702","$12,444,702","$13,818,012","$14,013,931","$14,652,557","$14,652,557","$15,571,100","$15,571,100",,,,,,-0.8%,-24.0%,23.9%,-5.3%,11.0%,6.2%,6.3%,"$693,238 ","29,034"
1025,"OMAHA, NE (EAGLE RUN)",Open,2017,3/10/2017,2017 Open - MAR '17,2017,3/6/2017,Comp,,,1,5,3,R05 D03,Omaha-Council Bluffs,"Omaha, NE",,13450 West Maple Road,OMAHA,NE,68164,41.3,-96.1," 31,565 ",Suburban,"438,116",880,"3,596","1,218,449","$75,578",70K-80K,33%,16%,13%,38%,113%,100 - 120,"$82,622",59%,40-60%,13%,10-15%,17%,10-20%,5%,4-6%,0.46%,53.97%,LT8MM, LT8MM ,LT8MM,LT8MM,H,,,"$6,207,696","$4,796,511","$6,251,244","$5,954,757","$4,067,673","$5,917,164","$4,904,178","$4,904,178","$5,172,334","$5,244,534","$5,009,906","$5,009,906","$5,328,182","$5,328,182",,,,,-3.3%,-4.7%,-31.7%,-0.6%,-17.1%,5.5%,-3.0%,6.4%,"$311,851 ","9,666"
1026,"SPRINGFIELD, MO",Open,2017,9/8/2017,2017 Open - SEP '17,2017,9/1/2017,Comp,,,4,16,5,R16 D05,Springfield,"Springfield, MO",,3860 W. WASHITA,SPRINGFIELD,MO,65807,37.2,-93.4," 31,671 ",Light Suburban,"183,490",219,"2,020","1,138,831","$65,111",60K-70K,41%,18%,16%,25%,93%,80 - 100,"$60,365",83%,GT 60%,3%,LT 5%,5%,LT 10%,1%,LT 2%,0.44%,55.07%,LT8MM, LT8MM ,LT8MM,LT8MM,H,,,"$4,179,435","$2,259,436","$7,271,759","$7,286,897","$4,874,749","$7,523,070","$5,568,882","$5,568,882","$5,850,476","$5,932,707","$5,519,035","$5,519,035","$5,334,361","$5,334,361",,,,,0.8%,0.2%,-33.1%,3.2%,-26.0%,5.1%,-5.8%,-3.3%,"$359,806 ","12,376"
1027,"BUFORD, GA",Open,2016,11/18/2016,2016 Open - NOV '16,2016,11/14/2016,Comp,Yes,,5,19,1,R19 D01,Atlanta-Sandy Springs-Roswell,"Atlanta, GA",Top 10 DMA,1705 MALL OF GA BLVD,BUFORD,GA,30519,34.1,-84.0," 23,679 ",Light Suburban,"1,386,618","1,546","2,225","7,692,390","$84,396",GT80K,24%,16%,13%,47%,110%,100 - 120,"$87,109",30%,20-40%,33%,GT 30%,22%,20-30%,11%,GT 8%,0.88%,50.12%,LT8MM, 08 - 10 MM ,08 - 10 MM,08 - 10 MM,E,,"$2,681,794","$8,070,495","$8,266,288","$8,266,288","$8,243,163","$6,015,125","$9,322,524","$7,873,549","$7,873,549","$8,713,790","$8,833,192","$8,772,882","$8,772,882","$9,655,846","$9,655,846",,,,,4.0%,-0.3%,-27.0%,13.1%,-15.5%,10.7%,0.8%,10.1%,"$475,724 ","17,389"
1028,"HOFFMAN ESTATES, IL",Open,2017,10/13/2017,2017 Open - OCT '17,2017,10/11/2017,Comp,Yes,,4,7,2,R07 D02,Chicago-Naperville-Elgin,"Chicago, IL",Top 10 DMA,1009 N. ROSELLE ROAD,HOFFMAN ESTATES,IL,60169,42.0,-88.1," 26,158 ",Suburban,"1,005,140","1,823","3,562","9,518,952","$102,219",GT80K,22%,15%,14%,49%,111%,100 - 120,"$91,619",52%,40-60%,4%,LT 5%,27%,20-30%,15%,GT 8%,-0.18%,48.49%,LT8MM, LT8MM ,LT8MM,LT8MM,G,,,"$3,233,542","$350,544","$7,662,841","$8,151,703","$5,595,562","$9,262,369","$7,845,158","$7,845,158","$7,595,486","$7,696,742","$7,660,033","$7,660,033","$7,306,443","$7,306,443",,,,,-23.6%,6.4%,-31.4%,13.6%,-15.3%,-3.2%,1.1%,-4.6%,"$386,447 ","14,179"
1029,"NORTH HOLLYWOOD, CA",Open,2019,5/24/2019,2019 Open - MAY '19,2019,5/22/2019,Comp,Yes,Yes,1,3,2,R03 D02,Los Angeles-Long Beach-Anaheim,"Los Angeles, CA",Top 10 DMA,12121 VICTORY BLVD,NORTH HOLLYWOOD,CA,91601,34.2,-118.4," 27,881 ",Urban,"351,475","9,343","11,415","18,082,820","$75,009",70K-80K,31%,14%,12%,42%,82%,80 - 100,"$97,162",27%,20-40%,4%,LT 5%,58%,GT 40%,8%,6-8%,-0.04%,47.33%,08 - 10 MM, 10 - 12 MM ,08 - 10 MM,08 - 10 MM,E,,,,,,$0,"$5,894,721","$11,779,901","$8,226,644","$9,617,373","$10,051,932","$10,205,125","$9,849,003","$9,849,003","$9,865,273","$9,865,273",,,,,,,-2.5%,6.7%,-21.7%,4.5%,-1.9%,0.2%,"$532,105 ","18,945"
1030,"NORTH CHARLESTON, SC",Open,2018,3/9/2018,2018 Open - MAR '18,2018,3/6/2018,Comp,,,5,18,3,R18 D03,Charleston-North Charleston,"Charleston, SC",,"7801 RIVERS AVE, SUITE 102",NORTH CHARLESTON,SC,29406,32.9,-80.0," 40,330 ",Light Suburban,"736,730",258,"2,373","992,613","$82,090",GT80K,30%,18%,15%,37%,83%,80 - 100,"$83,757",58%,40-60%,26%,20-30%,9%,LT 10%,2%,2-4%,1.33%,52.34%,10 - 12 MM, 12 - 20 MM ,12 - 20 MM,12 - 20 MM,B,,,,,,"$8,088,776","$7,080,556","$11,870,840","$10,930,158","$10,930,158","$13,498,324","$13,709,374","$16,441,589","$16,441,589","$17,671,955","$17,671,955",,,,,,5.6%,-32.4%,13.4%,-7.9%,23.5%,21.6%,7.5%,"$751,117 ","32,589"
1031,"ANDERSON, SC",Open,2017,9/15/2017,2017 Open - SEP '17,2017,9/6/2017,Comp,,,5,18,5,R18 D05,Greenville-Anderson-Mauldin,"Greenville-Spartanburg, SC-Asheville, NC-Anderson, SC",,3797 Clemson Boulevard,ANDERSON,SC,29621,34.6,-82.7," 21,075 ",Exurban,"289,580",157,"1,022","2,489,022","$62,687",60K-70K,44%,16%,14%,27%,105%,100 - 120,"$67,472",72%,GT 60%,17%,15-20%,5%,LT 10%,1%,LT 2%,0.88%,53.22%,LT8MM, LT8MM ,LT8MM,LT8MM,G,,,"$3,578,961","$2,034,344","$6,443,364","$6,467,569","$5,001,011","$7,719,722","$6,379,364","$6,379,364","$6,461,344","$6,554,804","$6,808,647","$6,808,647","$7,312,017","$7,312,017",,,,,-7.1%,0.4%,-22.7%,19.4%,-17.4%,1.3%,5.4%,7.4%,"$407,986 ","15,580"
1032,"WEST JORDAN, UT",Open,2017,9/8/2017,2017 Open - SEP '17,2017,9/6/2017,Comp,,,1,1,3,R01 D03,Salt Lake City,"Salt Lake City, UT",,7459 South Plaza Ctr Dr,WEST JORDAN,UT,84088,40.6,-112.0," 35,200 ",Light Urban,"449,149","2,422","5,053","3,722,607","$104,300",GT80K,16%,16%,15%,53%,109%,100 - 120,"$97,769",57%,40-60%,2%,LT 5%,30%,20-30%,4%,4-6%,1.16%,56.35%,10 - 12 MM, 10 - 12 MM ,12 - 20 MM,12 - 20 MM,D,,,"$4,274,918","$2,524,922","$8,408,319","$8,949,292","$6,643,692","$11,461,032","$10,390,120","$10,390,120","$11,841,980","$11,999,393","$12,589,367","$12,589,367","$12,114,925","$12,114,925",,,,,-4.5%,6.4%,-25.8%,28.1%,-9.3%,14.0%,6.5%,-3.8%,"$608,836 ","24,671"
1033,"ABILENE, TX",Open,2018,5/11/2018,2018 Open - MAY '18,2018,5/9/2018,Comp,,,4,16,3,R16 D03,Abilene,"Abilene-Sweetwater, TX",,3526 S CLACK STREET,ABILENE,TX,79606,32.4,-99.8," 31,351 ",Light Suburban,"372,000",34,"1,981","319,627","$62,518",60K-70K,40%,17%,14%,29%,110%,100 - 120,"$62,342",57%,40-60%,6%,5-10%,32%,30-40%,1%,LT 2%,0.09%,51.18%,LT8MM, LT8MM ,LT8MM,08 - 10 MM,E,,,,,,"$3,917,175","$4,777,109","$8,457,656","$6,534,477","$6,534,477","$7,336,388","$7,441,064","$7,754,950","$7,754,950","$8,816,541","$8,816,541",,,,,,0.4%,-25.3%,32.3%,-22.7%,12.3%,5.5%,13.7%,"$393,005 ","17,355"
1034,"EAST BRUNSWICK, NJ",Open,2017,3/10/2017,2017 Open - MAR '17,2017,3/8/2017,Comp,Yes,,3,13,2,R13 D02,New York-Newark-Jersey City,"New York, NY",Top 10 DMA,50 RACETRACK RD,EAST BRUNSWICK,NJ,8816,40.4,-74.4," 31,579 ",Suburban,"472,330","2,297","3,119","22,165,424","$113,576",GT80K,20%,12%,12%,56%,119%,100 - 120,"$101,231",39%,20-40%,10%,10-15%,28%,20-30%,19%,GT 8%,0.08%,49.12%,08 - 10 MM, 10 - 12 MM ,10 - 12 MM,10 - 12 MM,D,,,"$9,073,535","$7,096,996","$9,069,070","$9,673,309","$5,719,653","$11,178,110","$9,781,095","$9,781,095","$10,579,722","$10,714,499","$10,425,309","$10,425,309","$10,264,193","$10,264,193",,,,,0.3%,6.7%,-40.9%,15.6%,-12.5%,8.2%,-1.5%,-1.5%,"$532,560 ","19,103"
1035,"MASON, OH",Open,2017,4/7/2017,2017 Open - APR '17,2017,4/5/2017,Comp,Yes,,3,8,6,R08 D06,Cincinnati,"Cincinnati, OH",,9600 Mason-Montgomery Road,MASON,OH,45040,39.3,-84.3," 33,179 ",Light Suburban,"816,397","1,293","2,410","2,489,549","$88,825",GT80K,29%,16%,13%,42%,154%,GT 120,"$80,057",64%,GT 60%,19%,15-20%,6%,LT 10%,6%,6-8%,0.27%,51.01%,LT8MM, LT8MM ,LT8MM,LT8MM,H,,,"$4,567,693","$3,458,205","$4,967,696","$5,031,700","$3,694,136","$5,478,812","$4,616,884","$4,616,884","$5,261,538","$5,330,762","$4,825,114","$4,825,114","$4,781,182","$4,781,182",,,,,-0.7%,1.3%,-26.6%,8.9%,-15.7%,14.0%,-8.3%,-0.9%,"$299,304 ","9,092"
1036,"HAMDEN, CT",Open,2017,9/8/2017,2017 Open - SEP '17,2017,9/6/2017,Comp,,,3,25,1,R25 D01,New Haven-Milford,"Hartford & New Haven, CT",,2300 Dixwill Avenue Unit BC,Hamden,CT,6514,41.4,-72.9," 37,253 ",Light Suburban,"280,714","3,130","2,319","2,641,771","$67,939",60K-70K,35%,15%,12%,38%,96%,80 - 100,"$89,240",39%,20-40%,25%,20-30%,25%,20-30%,7%,6-8%,-0.04%,48.18%,LT8MM, LT8MM ,LT8MM,LT8MM,F,,,"$4,170,881","$2,153,579","$7,721,320","$7,755,434","$5,434,920","$8,961,097","$7,501,725","$7,501,725","$7,665,685","$7,769,958","$7,995,863","$7,995,863","$7,903,724","$7,903,724",,,,,-12.9%,0.4%,-29.9%,15.5%,-16.3%,2.2%,4.3%,-1.2%,"$421,795 ","15,600"
1037,"MESA, AZ (RIVERVIEW)",Open,2025,2/21/2025,2025 Relo - FEB '25 Open,2017,5/3/2017,Non-Comp,Yes,,1,3,6,R03 D06,Phoenix-Mesa-Scottsdale,"Phoenix (Prescott), AZ",,837 N DOBSON ROAD,MESA,AZ,85201,33.4,-111.9," 23,656 ",Suburban,"807,171","3,016","4,862","6,067,817","$83,071",GT80K,29%,17%,15%,39%,69%,LT 80,"$86,887",50%,40-60%,6%,5-10%,30%,30-40%,6%,4-6%,0.98%,49.87%,08 - 10 MM, 08 - 10 MM ,08 - 10 MM,08 - 10 MM,,,,"$5,918,708","$4,618,281","$7,457,888","$8,191,751","$5,894,793","$9,814,015","$8,089,969","$8,089,969","$8,811,142","$8,945,901","$9,631,457","$9,631,457","$7,147,533","$9,477,643",,,,,6.7%,9.8%,-28.0%,19.8%,-17.6%,8.9%,9.2%,-1.6%,"$446,411 ","18,912"
1038,"ST PETERS, MO",Open,2017,9/22/2017,2017 Open - SEP '17,2017,9/20/2017,Comp,,,4,6,3,R06 D03,St. Louis,"St. Louis, MO",,5200 N. Service Road,St. Peters,MO,63376,38.8,-90.6," 31,019 ",Light Suburban,"737,389","1,161","1,891","3,181,819","$78,628",70K-80K,31%,17%,14%,38%,114%,100 - 120,"$80,162",55%,40-60%,32%,GT 30%,4%,LT 10%,3%,2-4%,0.01%,50.74%,LT8MM, LT8MM ,LT8MM,LT8MM,H,,,"$3,171,617","$1,228,243","$6,098,223","$6,407,483","$4,736,346","$7,492,769","$5,921,015","$5,921,015","$5,953,089","$6,036,550","$5,984,312","$5,984,312","$6,082,389","$6,082,389",,,,,-12.7%,5.1%,-26.1%,16.9%,-21.0%,0.5%,0.6%,1.6%,"$316,460 ","12,321"
1039,"JOHNSTOWN, CO",Open,2017,9/8/2017,2017 Open - SEP '17,2017,9/6/2017,Comp,,,1,1,5,R01 D05,Fort Collins,"Denver, CO",,4832 Thompson Pkwy,Johnstown,CO,80534,40.4,-105.0," 30,371 ",Exurban,"640,716",174,777,"4,891,657","$94,872",GT80K,25%,14%,14%,48%,105%,100 - 120,"$102,369",68%,GT 60%,1%,LT 5%,24%,20-30%,2%,2-4%,0.81%,52.15%,LT8MM, LT8MM ,LT8MM,LT8MM,H,,,"$4,168,478","$2,251,176","$7,276,804","$7,599,939","$5,247,581","$7,503,331","$6,236,259","$6,236,259","$5,955,497","$6,035,225","$6,038,172","$6,038,172","$6,111,237","$6,111,237",,,,,-6.3%,4.4%,-31.0%,-1.3%,-16.9%,-4.5%,1.3%,1.2%,"$349,100 ","12,893"
1040,"OSWEGO, IL",Open,2017,9/8/2017,2017 Open - SEP '17,2017,9/5/2017,Comp,Yes,,4,7,4,R07 D04,Chicago-Naperville-Elgin,"Chicago, IL",Top 10 DMA,2404 US HIGHWAY 34,OSWEGO,IL,60543,41.7,-88.3," 20,713 ",Light Suburban,"362,508",886,"2,470","9,518,952","$104,808",GT80K,19%,16%,13%,52%,110%,100 - 120,"$91,619",46%,40-60%,9%,5-10%,34%,30-40%,7%,6-8%,-0.18%,48.49%,LT8MM, LT8MM ,LT8MM,LT8MM,F,,,"$3,184,674","$1,727,731","$5,928,326","$5,890,994","$4,485,585","$7,573,041","$6,799,069","$6,799,069","$7,445,523","$7,546,682","$7,544,994","$7,544,994","$7,792,283","$7,792,283",,,,,-7.2%,-0.6%,-23.9%,28.6%,-10.2%,9.5%,1.3%,3.3%,"$382,988 ","14,867"
1041,"NEW BRAUNFELS, TX",Open,2017,10/13/2017,2017 Open - OCT '17,2017,10/11/2017,Comp,,,4,28,3,R28 D03,San Antonio-New Braunfels,"San Antonio, TX",,410 CREEKSIDE WAY,NEW BRAUNFELS,TX,78130,29.7,-98.1," 26,311 ",Light Suburban,"1,335,475",268,"1,608","3,079,144","$86,920",GT80K,29%,17%,16%,38%,106%,100 - 120,"$76,315",42%,40-60%,8%,5-10%,43%,GT 40%,3%,2-4%,1.18%,50.03%,LT8MM, LT8MM ,08 - 10 MM,LT8MM,F,,,"$2,977,887","$303,178","$6,504,066","$6,478,952","$4,578,413","$7,776,291","$7,438,701","$7,438,701","$7,699,726","$7,801,438","$8,382,705","$8,382,705","$7,952,632","$7,952,632",,,,,-10.6%,-0.4%,-29.3%,20.0%,-4.3%,3.5%,8.9%,-5.1%,"$462,539 ","18,820"
1042,"LANGHORNE, PA",Open,2017,5/19/2017,2017 Open - MAY '17,2017,5/16/2017,Comp,Yes,,3,13,1,R13 D01,Philadelphia-Camden-Wilmington,"Philadelphia, PA",Top 10 DMA,2375 EAST LINCOLN HIGHWAY,LANGHORNE,PA,19047,40.2,-74.9," 34,642 ",Suburban,"489,572","2,833","3,118","8,441,533","$89,696",GT80K,28%,14%,13%,46%,123%,GT 120,"$88,536",56%,40-60%,16%,15-20%,18%,10-20%,7%,6-8%,0.23%,48.33%,LT8MM, LT8MM ,LT8MM,LT8MM,H,,,"$5,217,058","$3,435,299","$6,169,017","$6,414,422","$4,188,031","$7,355,341","$6,060,328","$6,060,328","$6,090,538","$6,173,669","$5,965,687","$5,965,687","$6,169,054","$6,169,054",,,,,-2.1%,4.0%,-34.7%,14.7%,-17.6%,0.5%,-2.1%,3.4%,"$366,518 ","13,135"
1043,"EASTON, PA",Open,2017,5/19/2017,2017 Open - MAY '17,2017,5/16/2017,Comp,Yes,,3,25,5,R25 D05,Allentown-Bethlehem-Easton,"Philadelphia, PA",Top 10 DMA,3855 DRYLAND WAY,EASTON,PA,18045,40.7,-75.3," 32,293 ",Exurban,"730,823",602,"1,401","8,441,533","$77,509",70K-80K,34%,17%,13%,37%,116%,100 - 120,"$88,536",59%,40-60%,9%,5-10%,25%,20-30%,3%,2-4%,0.23%,48.33%,08 - 10 MM, 08 - 10 MM ,08 - 10 MM,08 - 10 MM,E,,,"$6,678,160","$4,457,395","$8,159,662","$9,045,854","$5,765,337","$10,036,099","$8,330,955","$8,330,955","$9,001,668","$9,124,047","$9,556,037","$9,556,037","$9,455,346","$9,455,346",,,,,0.9%,10.9%,-36.3%,10.9%,-17.0%,8.1%,6.1%,-1.1%,"$487,225 ","18,834"
1044,"CHANDLER, AZ",Open,2018,3/16/2018,2018 Open - MAR '18,2018,3/14/2018,Comp,Yes,,1,3,1,R03 D01,Phoenix-Mesa-Scottsdale,"Phoenix (Prescott), AZ",,2630 E. GERMANN ROAD,CHANDLER,AZ,85286,33.3,-111.8," 24,558 ",Suburban,"1,051,683",537,"3,906","6,067,817","$107,736",GT80K,18%,15%,14%,53%,150%,GT 120,"$86,887",55%,40-60%,5%,5-10%,26%,20-30%,7%,6-8%,0.98%,49.87%,LT8MM, LT8MM ,LT8MM,LT8MM,G,,,,,,"$5,119,344","$5,051,740","$8,565,375","$7,170,357","$7,170,357","$7,200,988","$7,304,603","$7,316,368","$7,316,368","$6,984,260","$6,984,260",,,,,,1.8%,-31.2%,16.7%,-16.3%,0.4%,1.7%,-4.5%,"$401,934 ","15,626"
1045,"RIALTO, CA",Open,2018,9/14/2018,2018 Open - SEP '18,2018,9/12/2018,Comp,Yes,,1,4,3,R04 D03,Riverside-San Bernardino-Ontario,"Los Angeles, CA",Top 10 DMA,1255 WEST RENAISSANCE PKWY,RIALTO,CA,92376,34.1,-117.4," 32,412 ",Suburban,"470,810","4,647","4,798","18,082,820","$84,693",GT80K,29%,16%,16%,40%,96%,80 - 100,"$97,162",10%,LT 20%,9%,5-10%,74%,GT 40%,5%,4-6%,-0.04%,47.33%,12 - 20 MM, 12 - 20 MM ,12 - 20 MM,12 - 20 MM,C,,,,,,"$2,684,816","$10,084,501","$16,429,054","$13,838,687","$13,838,687","$13,604,692","$13,785,918","$14,063,294","$14,063,294","$14,321,264","$14,321,264",,,,,,17.1%,-16.6%,35.8%,-15.8%,-1.7%,3.7%,1.8%,"$624,862 ","29,265"
1046,"CHATTANOOGA, TN",Open,2018,5/11/2018,2018 Open - MAY '18,2018,5/8/2018,Comp,,,5,18,6,R18 D06,Chattanooga,"Chattanooga, TN",,2521 LIFESTYLE WAY,CHATTANOOGA,TN,37421,35.0,-85.1," 31,682 ",Light Suburban,"239,340",970,"1,615","1,076,166","$76,312",70K-80K,30%,19%,15%,35%,115%,100 - 120,"$67,468",61%,GT 60%,21%,20-30%,10%,10-20%,3%,2-4%,0.45%,53.67%,LT8MM, LT8MM ,LT8MM,08 - 10 MM,F,,,,,,"$4,225,655","$5,109,272","$8,411,911","$7,023,028","$7,023,028","$7,739,864","$7,852,210","$7,677,384","$7,677,384","$8,009,806","$8,009,806",,,,,,0.5%,-25.7%,22.4%,-16.5%,10.2%,-0.7%,4.3%,"$473,962 ","15,917"
1047,"LEWISVILLE, TX",Open,2017,9/8/2017,2017 Open - SEP '17,2017,9/5/2017,Comp,Yes,,4,16,1,R16 D01,Dallas-Fort Worth-Arlington,"Dallas-Ft. Worth, TX",Top 10 DMA,2325 S. Stemmons Freeway,Lewisville,TX,75067,33.0,-97.0," 32,515 ",Suburban,"1,775,611","1,442","3,481","9,039,276","$96,963",GT80K,21%,15%,13%,50%,102%,100 - 120,"$89,635",36%,20-40%,20%,15-20%,29%,20-30%,11%,GT 8%,1.36%,52.96%,08 - 10 MM, 10 - 12 MM ,10 - 12 MM,12 - 20 MM,D,,,"$3,974,520","$2,423,170","$8,276,227","$8,160,803","$5,545,750","$10,062,221","$9,083,791","$9,083,791","$10,169,103","$10,295,403","$11,621,704","$11,621,704","$12,096,959","$12,096,959",,,,,1.3%,-1.4%,-32.0%,23.3%,-9.7%,11.9%,13.9%,4.1%,"$543,031 ","23,061"
1048,"CARY, NC",Open,2017,9/8/2017,2017 Open - SEP '17,2017,9/2/2017,Comp,,,5,18,2,R18 D02,Raleigh,"Raleigh-Durham (Fayetteville), NC",,1741 Walnut St.,Cary,NC,27511,35.8,-78.7," 34,987 ",Light Suburban,"1,722,168",722,"2,791","3,519,023","$101,346",GT80K,22%,16%,11%,50%,105%,100 - 120,"$82,758",53%,40-60%,20%,20-30%,14%,10-20%,8%,6-8%,1.03%,51.85%,08 - 10 MM, 08 - 10 MM ,08 - 10 MM,10 - 12 MM,D,,,"$4,614,734","$2,817,132","$9,455,141","$9,199,365","$6,191,363","$9,860,270","$9,219,226","$9,219,226","$9,830,139","$9,973,658","$9,891,492","$9,891,492","$10,302,113","$10,302,113",,,,,-2.8%,-2.7%,-32.7%,7.2%,-6.5%,6.6%,0.6%,4.2%,"$549,671 ","18,066"
1049,"LAKE PARK, FL",Open,2017,9/22/2017,2017 Open - SEP '17,2017,8/6/2017,Comp,,,5,30,4,R30 D04,Miami-Fort Lauderdale-West Palm Beach,"West Palm Beach-Ft. Pierce, FL",,1220 NORTHLAKE BLVD.,LAKE PARK,FL,33403,26.8,-80.1," 35,393 ",Suburban,"271,530","3,587","3,690","2,295,998","$76,065",70K-80K,32%,19%,14%,35%,102%,100 - 120,"$84,608",37%,20-40%,33%,GT 30%,23%,20-30%,3%,2-4%,0.90%,51.52%,08 - 10 MM, 08 - 10 MM ,LT8MM,LT8MM,F,,,"$3,571,526","$1,695,288","$7,598,217","$7,619,017","$5,595,238","$9,571,230","$8,058,053","$8,058,053","$8,154,904","$8,283,936","$7,910,014","$7,910,014","$7,782,775","$7,782,775",,,,,0.3%,0.3%,-26.6%,25.6%,-15.8%,1.2%,-3.0%,-1.6%,"$446,398 ","16,322"
1050,"BOLINGBROOK, IL",Open,2017,9/22/2017,2017 Open - SEP '17,2017,9/20/2017,Comp,Yes,,4,7,4,R07 D04,Chicago-Naperville-Elgin,"Chicago, IL",Top 10 DMA,257 N Weber Rd,BOLINGBROOK,IL,60490,41.7,-88.1," 21,855 ",Suburban,"588,475","1,363","3,166","9,518,952","$112,456",GT80K,19%,14%,13%,53%,150%,GT 120,"$91,619",51%,40-60%,11%,10-15%,22%,20-30%,12%,GT 8%,-0.18%,48.49%,LT8MM, LT8MM ,LT8MM,LT8MM,G,,,"$3,296,030","$1,137,171","$6,222,206","$6,335,018","$4,442,370","$7,659,007","$6,552,724","$6,552,724","$6,976,354","$7,059,060","$7,115,875","$7,115,875","$6,951,879","$6,951,879",,,,,-19.6%,1.8%,-29.9%,20.9%,-14.4%,6.5%,2.3%,-2.3%,"$376,264 ","13,685"
1051,"CLIFTON, NJ",Open,2017,9/8/2017,2017 Open - SEP '17,2017,9/6/2017,Comp,Yes,Yes,3,13,5,R13 D05,New York-Newark-Jersey City,"New York, NY",Top 10 DMA,415 ROUTE 3 EAST,CLIFTON,NJ,7014,40.8,-74.1," 33,096 ",Light Urban,"561,715","10,056","9,355","22,165,424","$82,632",GT80K,32%,15%,12%,42%,100%,100 - 120,"$101,231",29%,20-40%,11%,10-15%,50%,GT 40%,7%,6-8%,0.08%,49.12%,20M+, 20M+ ,20M+,20M+,A,,,"$9,038,270","$5,240,076","$18,946,778","$21,076,533","$13,503,033","$25,611,539","$22,588,533","$22,588,533","$22,026,240","$22,320,611","$24,696,168","$24,696,168","$25,214,642","$25,214,642",,,,,-1.0%,11.2%,-35.9%,21.5%,-11.8%,-2.5%,12.1%,2.1%,"$920,139 ","41,701"
1052,"GRAND ISLAND, NE",Open,2017,9/8/2017,2017 Open - SEP '17,2017,9/6/2017,Comp,,,1,5,3,R05 D03,Grand Island,"Lincoln & Hastings-Kearney, NE",,"2230 WEBB ROAD, SUITE 104",GRAND ISLAND,NE,68803,40.9,-98.4," 31,100 ",Exurban,"119,359",46,"1,444","763,474","$68,229",60K-70K,36%,20%,13%,30%,85%,80 - 100,"$73,273",71%,GT 60%,2%,LT 5%,23%,20-30%,1%,LT 2%,0.25%,53.78%,LT8MM, LT8MM ,LT8MM,LT8MM,G,,,"$3,503,714","$1,660,737","$6,044,975","$6,511,958","$5,238,369","$8,962,230","$6,516,113","$6,516,113","$7,321,227","$7,426,849","$7,365,267","$7,365,267","$6,974,855","$6,974,855",,,,,-12.3%,7.7%,-19.6%,37.6%,-27.3%,12.4%,0.6%,-5.3%,"$373,311 ","13,246"
1053,"MIAMI, FL (KENDALLGATE)",Open,2017,9/22/2017,2017 Open - SEP '17,2017,9/2/2017,Comp,Yes,,5,31,2,R31 D02,Miami-Fort Lauderdale-West Palm Beach,"Miami-Ft. Lauderdale, FL",Top 10 DMA,11901 SW 88TH STREET,MIAMI,FL,33186,25.7,-80.4," 33,484 ",Light Urban,"737,798",591,"5,977","4,800,721","$85,142",GT80K,32%,11%,15%,41%,113%,100 - 120,"$78,384",10%,LT 20%,9%,5-10%,78%,GT 40%,2%,LT 2%,0.33%,48.16%,10 - 12 MM, 10 - 12 MM ,10 - 12 MM,10 - 12 MM,D,,,"$5,775,689","$2,306,977","$11,184,679","$11,014,036","$8,154,031","$12,897,632","$10,872,959","$10,872,959","$11,282,040","$11,462,639","$11,727,768","$11,727,768","$11,628,315","$11,628,315",,,,,-13.0%,-1.5%,-26.0%,17.1%,-15.7%,3.8%,4.0%,-0.8%,"$596,836 ","25,320"
1054,"MCDONOUGH, GA",Open,2017,10/13/2017,2017 Open - OCT '17,2017,10/6/2017,Comp,Yes,,5,19,3,R19 D03,Atlanta-Sandy Springs-Roswell,"Atlanta, GA",Top 10 DMA,1541 HWY 20,MCDONOUGH,GA,30253,33.4,-84.2," 30,884 ",Light Suburban,"1,165,383",742,"1,501","7,692,390","$73,702",70K-80K,27%,20%,15%,37%,85%,80 - 100,"$87,109",19%,LT 20%,66%,GT 30%,8%,LT 10%,2%,2-4%,0.88%,50.12%,08 - 10 MM, 08 - 10 MM ,08 - 10 MM,08 - 10 MM,E,,,"$3,267,257","$406,212","$7,642,423","$7,878,796","$5,730,258","$9,725,294","$8,517,378","$8,517,378","$8,656,855","$8,783,838","$8,652,618","$8,652,618","$9,169,824","$9,169,824",,,,,5.4%,3.1%,-27.3%,23.4%,-12.4%,1.6%,0.0%,6.0%,"$535,029 ","17,378"
1055,"FLORENCE, SC",Open,2017,9/22/2017,2017 Open - SEP '17,2017,9/19/2017,Comp,,,5,18,3,R18 D03,Florence,"Myrtle Beach-Florence, SC",,2701 DAVID H MCLEOD BLVD,FLORENCE,SC,29501,34.2,-79.8," 22,324 ",Exurban,"375,941",78,"1,234","827,476","$49,425",LT60K,53%,15%,11%,21%,123%,GT 120,"$60,493",46%,40-60%,46%,GT 30%,3%,LT 10%,1%,LT 2%,1.28%,48.33%,LT8MM, LT8MM ,LT8MM,LT8MM,F,,,"$3,885,661","$1,537,715","$7,006,998","$6,787,266","$4,890,208","$7,716,529","$6,406,868","$6,406,868","$6,753,401","$6,850,412","$6,936,139","$6,936,139","$7,596,172","$7,596,172",,,,,-7.3%,-3.1%,-28.0%,13.7%,-17.0%,5.4%,2.8%,9.5%,"$395,521 ","15,235"
1056,"NEW CANEY, TX",Open,2017,9/8/2017,2017 Open - SEP '17,2017,9/6/2017,Comp,Yes,,4,17,1,R17 D01,Houston-The Woodlands-Sugar Land,"Houston, TX",Top 10 DMA,21392 MARKET PLACE DR,NEW CANEY,TX,77357,30.1,-95.2," 30,376 ",Exurban,"1,454,493",528,"1,321","8,054,291","$76,213",70K-80K,25%,17%,12%,46%,104%,100 - 120,"$82,684",29%,20-40%,19%,15-20%,46%,GT 40%,3%,2-4%,1.17%,52.51%,10 - 12 MM, 10 - 12 MM ,12 - 20 MM,12 - 20 MM,C,,,"$4,415,164","$2,386,441","$7,867,729","$8,740,886","$6,825,047","$12,359,253","$10,517,693","$10,517,693","$11,178,667","$11,347,254","$13,101,968","$13,101,968","$13,392,016","$13,392,016",,,,,-11.2%,11.1%,-21.9%,41.4%,-14.9%,6.3%,17.4%,2.2%,"$673,188 ","28,014"
1057,"BOCA RATON, FL",Open,2017,11/3/2017,2017 Open - NOV '17,2017,11/1/2017,Comp,,,5,30,4,R30 D04,Miami-Fort Lauderdale-West Palm Beach,"West Palm Beach-Ft. Pierce, FL",,20851 N. STATE ROAD 7,BOCA RATON,FL,33428,26.4,-80.2," 33,597 ",Suburban,"621,038","3,623","3,384","2,295,998","$87,867",GT80K,30%,17%,13%,41%,111%,100 - 120,"$84,608",46%,40-60%,19%,15-20%,23%,20-30%,4%,4-6%,0.90%,51.52%,08 - 10 MM, 08 - 10 MM ,08 - 10 MM,08 - 10 MM,F,,,"$2,867,630","$476,293","$7,584,810","$7,982,278","$5,805,914","$9,475,962","$8,072,684","$8,072,684","$8,602,661","$8,740,794","$8,696,414","$8,696,414","$8,363,122","$8,363,122",,,,,-8.6%,5.2%,-27.3%,18.7%,-14.8%,6.6%,1.2%,-3.8%,"$461,283 ","18,613"
1058,"CARSON, CA",Open,2018,10/26/2018,2018 Open - OCT '18,2018,10/24/2018,Comp,Yes,,1,3,3,R03 D03,Los Angeles-Long Beach-Anaheim,"Los Angeles, CA",Top 10 DMA,"20700 S. AVALON BLVD, #100",CARSON,CA,90746,33.8,-118.3," 32,737 ",Light Urban,"487,440","8,644","5,368","18,082,820","$81,210",GT80K,31%,15%,13%,40%,104%,100 - 120,"$97,162",5%,LT 20%,20%,20-30%,59%,GT 40%,12%,GT 8%,-0.04%,47.33%,LT8MM, 08 - 10 MM ,08 - 10 MM,08 - 10 MM,E,,,,,,"$478,431","$6,025,304","$9,547,255","$7,820,471","$7,820,471","$8,320,988","$8,440,487","$8,429,982","$8,429,982","$9,234,796","$9,234,796",,,,,,-19.7%,-35.8%,1.8%,-18.1%,6.4%,1.5%,9.5%,"$447,744 ","18,788"
1059,"LITHONIA, GA",Open,2017,9/22/2017,2017 Open - SEP '17,2017,9/15/2017,Comp,Yes,,5,19,2,R19 D02,Atlanta-Sandy Springs-Roswell,"Atlanta, GA",Top 10 DMA,2940 TURNER HILL RD,LITHONIA,GA,30038,33.7,-84.1," 36,474 ",Exurban,"847,812","1,206","1,266","7,692,390","$77,025",70K-80K,33%,19%,15%,33%,75%,LT 80,"$87,109",17%,LT 20%,67%,GT 30%,9%,LT 10%,2%,2-4%,0.88%,50.12%,08 - 10 MM, 08 - 10 MM ,08 - 10 MM,08 - 10 MM,E,,,"$4,447,300","$1,807,820","$8,695,284","$8,872,484","$6,194,284","$9,991,746","$8,484,938","$8,484,938","$8,349,573","$8,469,210","$8,176,567","$8,176,567","$8,647,446","$8,647,446",,,,,-7.0%,2.0%,-30.2%,12.6%,-15.1%,-1.6%,-2.1%,5.8%,"$475,337 ","16,633"
1060,"DEWITT, NY",Open,2026,3/2/2026,2026 Remodel - MAR '26 Open,2017,9/27/2017,Comp,Yes,,3,10,5,R10 D05,Syracuse,"Syracuse, NY",,3471 ERIE BOULEVARD E.,DEWITT,NY,13214,43.0,-76.1, -   ,Light Suburban,"143,797","2,586","2,214","997,971","$57,499",LT60K,44%,16%,11%,29%,104%,100 - 120,"$73,736",49%,40-60%,28%,20-30%,10%,LT 10%,6%,4-6%,-0.30%,47.35%,LT8MM, LT8MM ,LT8MM,LT8MM,H,,,"$2,933,544","$1,145,910","$6,209,408","$5,966,479","$3,695,340","$7,198,416","$6,032,411","$6,032,411","$6,850,616","$6,942,359","$7,678,112","$7,678,112","$3,619,863","$4,075,115",,,,,-10.9%,-3.9%,-38.1%,20.6%,-16.2%,13.6%,11.9%,6.2%,"$57,302 ","15,161"
1061,"DAWSONVILLE, GA",Open,2018,3/9/2018,2018 Open - MAR '18,2018,3/6/2018,Comp,Yes,,5,19,1,R19 D01,Atlanta-Sandy Springs-Roswell,"Atlanta, GA",Top 10 DMA,534 MARKETPLACE PARKWAY,DAWSONVILLE,GA,30534,34.3,-84.1," 31,239 ",Exurban,"736,845",474,748,"7,692,390","$110,065",GT80K,21%,12%,13%,54%,125%,GT 120,"$87,109",60%,GT 60%,7%,5-10%,17%,10-20%,12%,GT 8%,0.88%,50.12%,LT8MM, LT8MM ,LT8MM,LT8MM,H,,,,,,"$3,448,681","$3,316,471","$5,525,072","$4,680,823","$4,680,823","$4,631,485","$4,688,406","$4,452,933","$4,452,933","$4,424,960","$4,424,960",,,,,,3.3%,-25.8%,23.6%,-15.3%,-1.1%,-3.7%,-0.6%,"$310,531 ","10,014"
1062,"LANCASTER, PA (RED ROSE CMNS)",Open,2017,9/29/2017,2017 Open - SEP '17,2017,9/27/2017,Comp,,,3,25,3,R25 D03,Lancaster,"Harrisburg-Lancaster-Lebanon-York, PA",,1700 FRUITVILLE PIKE,LANCASTER,PA,17601,40.1,-76.3," 32,855 ",Suburban,"444,236",816,"3,831","2,122,849","$81,538",GT80K,28%,16%,14%,42%,96%,80 - 100,"$80,631",75%,GT 60%,5%,LT 5%,14%,10-20%,3%,2-4%,0.29%,54.70%,08 - 10 MM, 08 - 10 MM ,08 - 10 MM,08 - 10 MM,E,,,"$3,597,418","$1,553,430","$7,736,496","$8,180,269","$5,764,867","$10,843,887","$9,028,254","$9,028,254","$9,539,553","$9,675,392","$9,633,147","$9,633,147","$9,837,153","$9,837,153",,,,,-3.1%,5.7%,-29.5%,32.6%,-16.7%,5.7%,0.9%,2.1%,"$540,403 ","19,380"
1063,"CHESTERFIELD, VA",Open,2018,4/13/2018,2018 Open - APR '18,2018,4/10/2018,Comp,,,5,11,3,R11 D03,Richmond,"Richmond-Petersburg, VA",,14617 HANCOCK VILLAGE DRIVE,CHESTERFIELD,VA,23832,37.4,-77.7," 30,236 ",Light Suburban,"357,540",202,"2,004","1,613,854","$88,042",GT80K,27%,14%,12%,47%,161%,GT 120,"$85,072",52%,40-60%,28%,20-30%,12%,10-20%,3%,2-4%,0.62%,50.06%,LT8MM, LT8MM ,LT8MM,LT8MM,H,,,,,,"$2,960,913","$3,332,853","$5,358,049","$4,462,128","$4,462,128","$4,325,122","$4,379,783","$4,329,750","$4,329,750","$4,313,644","$4,313,644",,,,,,-8.8%,-31.3%,10.5%,-16.7%,-3.1%,0.2%,-0.4%,"$272,166 ","8,889"
1064,"MELBOURNE, FL",Open,2017,10/13/2017,2017 Open - OCT '17,2017,10/11/2017,Comp,,,5,30,6,R30 D06,Palm Bay-Melbourne-Titusville,"Orlando-Daytona Beach-Melbourne, FL",,1750 EVANS ROAD,MELBOURNE,FL,32904,28.1,-80.7," 34,091 ",Light Suburban,"887,458",282,"2,462","4,872,913","$85,342",GT80K,27%,21%,14%,38%,100%,100 - 120,"$78,250",62%,GT 60%,10%,5-10%,19%,10-20%,3%,2-4%,1.47%,51.85%,LT8MM, LT8MM ,LT8MM,LT8MM,F,,,"$4,080,681","$438,592","$7,918,376","$7,703,377","$5,470,423","$9,121,192","$7,360,689","$7,360,689","$7,162,192","$7,266,472","$7,350,721","$7,350,721","$7,870,439","$7,870,439",,,,,-17.5%,-2.7%,-29.0%,18.4%,-19.3%,-2.7%,2.8%,7.1%,"$414,739 ","16,762"
1065,"WEBSTER, NY",Open,2017,9/29/2017,2017 Open - SEP '17,2017,9/27/2017,Comp,Yes,,3,10,1,R10 D01,Rochester,"Rochester, NY",,1902 EMPIRE BOULEVARD,WEBSTER,NY,14580,43.2,-77.5," 31,466 ",Light Suburban,"210,693","2,345","1,943","1,070,857","$64,844",60K-70K,43%,15%,12%,29%,124%,GT 120,"$75,675",53%,40-60%,23%,20-30%,18%,10-20%,3%,2-4%,-0.07%,48.57%,LT8MM, LT8MM ,LT8MM,LT8MM,F,,,"$3,098,635","$1,215,373","$6,594,726","$6,589,215","$4,249,591","$8,285,907","$7,342,814","$7,342,814","$7,660,553","$7,760,639","$7,847,498","$7,847,498","$7,939,129","$7,939,129",,,,,-8.1%,-0.1%,-35.5%,25.7%,-11.4%,4.3%,2.3%,1.2%,"$431,734 ","15,201"
1066,"TREXLERTOWN, PA",Open,2018,3/9/2018,2018 Open - MAR '18,2018,2/28/2018,Comp,Yes,,3,25,5,R25 D05,Allentown-Bethlehem-Easton,"Philadelphia, PA",Top 10 DMA,7150 HAMILTON BLVD,TREXLERTOWN,PA,18087,40.5,-75.6," 31,922 ",Light Suburban,"512,019",775,"1,663","8,441,533","$79,781",70K-80K,32%,18%,12%,38%,127%,GT 120,"$88,536",61%,GT 60%,6%,5-10%,26%,20-30%,3%,2-4%,0.23%,48.33%,LT8MM, LT8MM ,LT8MM,LT8MM,H,,,,,,"$4,280,432","$3,800,640","$7,313,137","$5,952,750","$5,952,750","$6,314,943","$6,400,419","$6,560,680","$6,560,680","$6,420,606","$6,420,606",,,,,,5.7%,-31.5%,31.9%,-18.6%,6.1%,4.0%,-2.1%,"$376,524 ","13,547"
1067,"OAKDALE, MN",Open,2017,9/22/2017,2017 Open - SEP '17,2017,9/20/2017,Comp,Yes,,1,5,4,R05 D04,Minneapolis-St. Paul-Bloomington,"Minneapolis-St. Paul, MN",,8323 3RD ST NORTH,OAKDALE,MN,55128,44.9,-92.9," 27,202 ",Light Suburban,"519,880","1,266","2,174","5,035,066","$93,898",GT80K,28%,15%,13%,43%,113%,100 - 120,"$91,896",58%,40-60%,10%,10-15%,10%,LT 10%,16%,GT 8%,0.42%,52.29%,LT8MM, LT8MM ,LT8MM,LT8MM,G,,,"$3,020,505","$1,145,006","$6,355,424","$5,956,948","$4,812,162","$7,756,577","$6,538,653","$6,538,653","$7,414,850","$7,526,083","$7,653,729","$7,653,729","$7,009,667","$7,009,667",,,,,-4.8%,-6.3%,-19.2%,30.2%,-15.7%,13.4%,3.2%,-8.4%,"$411,679 ","14,009"
1068,"PHOENIX, AZ (AHWATUKEE)",Open,2017,9/22/2017,2017 Open - SEP '17,2017,9/20/2017,Comp,Yes,,1,3,1,R03 D01,Phoenix-Mesa-Scottsdale,"Phoenix (Prescott), AZ",,4633 E. RAY ROAD,PHOENIX,AZ,85044,33.3,-112.0," 32,737 ",Light Suburban,"732,026",441,"2,865","6,067,817","$93,705",GT80K,22%,18%,15%,45%,131%,GT 120,"$86,887",37%,20-40%,10%,5-10%,39%,30-40%,6%,4-6%,0.98%,49.87%,LT8MM, LT8MM ,LT8MM,LT8MM,H,,,"$2,629,147","$1,255,582","$5,513,126","$5,371,297","$3,859,085","$6,970,796","$6,014,617","$6,014,617","$5,610,150","$5,684,600","$5,438,479","$5,438,479","$5,312,506","$5,312,506",,,,,-3.0%,-2.6%,-28.2%,29.8%,-13.7%,-6.7%,-2.8%,-2.3%,"$300,577 ","11,990"
1069,"UPLAND, CA",Open,2018,9/14/2018,2018 Open - SEP '18,2018,9/12/2018,Comp,Yes,,1,4,4,R04 D04,Riverside-San Bernardino-Ontario,"Los Angeles, CA",Top 10 DMA,121 E. FOOTHILL BLVD.,UPLAND,CA,91786,34.1,-117.6," 29,961 ",Light Urban,"682,049","4,532","5,975","18,082,820","$103,051",GT80K,24%,15%,15%,45%,101%,100 - 120,"$97,162",20%,20-40%,7%,5-10%,57%,GT 40%,12%,GT 8%,-0.04%,47.33%,LT8MM, LT8MM ,LT8MM,08 - 10 MM,F,,,,,,"$1,679,372","$5,796,700","$8,903,456","$7,243,222","$7,243,222","$7,285,644","$7,388,094","$7,512,564","$7,512,564","$8,040,013","$8,040,013",,,,,,-5.0%,-23.4%,17.7%,-18.6%,0.6%,3.4%,7.0%,"$440,210 ","17,733"
1070,"LAS VEGAS, NV (SAHARA CENTER)",Open,2017,9/22/2017,2017 Open - SEP '17,2017,9/20/2017,Comp,Yes,,1,4,1,R04 D01,Las Vegas-Henderson-Paradise,"Las Vegas, NV",,10000 W SAHARA AVENUE,LAS VEGAS,NV,89117,36.1,-115.3," 36,811 ",Suburban,"624,180","2,360","4,942","2,478,119","$82,916",GT80K,28%,17%,14%,41%,116%,100 - 120,"$79,597",37%,20-40%,11%,10-15%,28%,20-30%,16%,GT 8%,0.87%,45.85%,08 - 10 MM, 08 - 10 MM ,08 - 10 MM,08 - 10 MM,F,,,"$4,329,552","$1,983,937","$9,552,631","$8,665,123","$5,743,869","$10,369,515","$8,168,009","$8,168,009","$8,440,366","$8,560,090","$8,675,488","$8,675,488","$8,037,185","$8,037,185",,,,,-3.3%,-9.3%,-33.7%,19.7%,-21.2%,3.3%,2.9%,-7.4%,"$500,892 ","18,926"
1071,"SAN LEANDRO, CA",Open,2017,10/13/2017,2017 Open - OCT '17,2017,10/11/2017,Comp,,,1,21,1,R21 D01,San Francisco-Oakland-Hayward,"San Francisco-Oakland-San Jose, CA",,1933 DAVIS STREET,SAN LEANDRO,CA,94577,37.7,-122.2," 36,010 ",Light Urban,"473,367","8,076","7,009","7,691,388","$92,292",GT80K,31%,15%,13%,41%,67%,LT 80,"$137,673",15%,LT 20%,16%,15-20%,41%,GT 40%,23%,GT 8%,0.02%,50.97%,08 - 10 MM, 08 - 10 MM ,08 - 10 MM,08 - 10 MM,E,,,"$4,136,829","$464,807","$9,821,257","$9,738,584","$6,125,838","$11,486,388","$9,521,371","$9,521,371","$9,438,151","$9,561,918","$9,633,914","$9,633,914","$9,925,732","$9,925,732",,,,,-21.4%,-0.8%,-37.1%,17.9%,-17.1%,-0.9%,2.4%,3.0%,"$458,109 ","19,086"
1072,"GENEVA, IL",Open,2018,9/14/2018,2018 Open - SEP '18,2018,9/12/2018,Comp,Yes,,4,7,4,R07 D04,Chicago-Naperville-Elgin,"Chicago, IL",Top 10 DMA,"2000 S. RANDALL RD, STE 150",GENEVA,IL,60134,41.9,-88.3," 26,192 ",Light Suburban,"645,910",978,"1,854","9,518,952","$103,911",GT80K,21%,16%,13%,51%,141%,GT 120,"$91,619",53%,40-60%,6%,5-10%,32%,30-40%,5%,4-6%,-0.18%,48.49%,LT8MM, LT8MM ,LT8MM,LT8MM,H,,,,,,"$815,050","$3,152,770","$4,990,831","$4,227,737","$4,227,737","$4,044,335","$4,101,328","$3,966,763","$3,966,763","$3,913,438","$3,913,438",,,,,,-14.7%,-27.4%,14.9%,-15.3%,-4.3%,-1.9%,-1.3%,"$284,134 ","8,376"
1073,"DOUGLASVILLE, GA",Open,2018,3/16/2018,2018 Open - MAR '18,2018,3/14/2018,Comp,Yes,,5,19,3,R19 D03,Atlanta-Sandy Springs-Roswell,"Atlanta, GA",Top 10 DMA,9552 HIGHWAY 5,DOUGLASVILLE,GA,30135,33.7,-84.8," 32,453 ",Exurban,"808,876",781,"1,352","7,692,390","$81,198",GT80K,29%,18%,16%,37%,91%,80 - 100,"$87,109",28%,20-40%,54%,GT 30%,12%,10-20%,1%,LT 2%,0.88%,50.12%,08 - 10 MM, 08 - 10 MM ,08 - 10 MM,10 - 12 MM,D,,,,,,"$5,348,762","$5,861,063","$10,395,176","$9,015,188","$9,015,188","$9,619,891","$9,752,167","$9,500,715","$9,500,715","$10,123,399","$10,123,399",,,,,,-5.5%,-24.1%,34.7%,-13.3%,6.7%,-1.3%,6.6%,"$546,545 ","18,999"
1074,"SPEEDWAY, IN",Open,2018,9/7/2018,2018 Open - SEP '18,2018,9/5/2018,Comp,,,4,6,1,R06 D01,Indianapolis-Carmel-Anderson,"Indianapolis, IN",,"5660 CRAWFORDSVILLE RD, ST D",SPEEDWAY,IN,46224,39.8,-86.3," 31,460 ",Suburban,"907,256","1,309","3,962","3,190,106","$71,883",70K-80K,37%,17%,14%,33%,78%,LT 80,"$75,828",50%,40-60%,28%,20-30%,13%,10-20%,4%,2-4%,0.46%,50.09%,10 - 12 MM, 10 - 12 MM ,12 - 20 MM,12 - 20 MM,C,,,,,,"$2,853,184","$6,993,116","$12,066,606","$10,658,467","$10,658,467","$11,612,318","$11,774,607","$12,593,531","$12,593,531","$13,373,240","$13,373,240",,,,,,16.5%,-21.4%,35.6%,-11.7%,8.9%,8.5%,6.2%,"$508,454 ","21,132"
1075,"HOLLYWOOD, FL (DANIA)",Open,2018,3/9/2018,2018 Open - MAR '18,2018,3/7/2018,Comp,Yes,,5,30,3,R30 D03,Miami-Fort Lauderdale-West Palm Beach,"Miami-Ft. Lauderdale, FL",Top 10 DMA,4100 OAKWOOD BLVD,HOLLYWOOD,FL,33020,26.0,-80.2," 26,954 ",Suburban,"905,002","5,942","4,384","4,800,721","$65,550",60K-70K,41%,18%,14%,27%,86%,80 - 100,"$78,384",18%,LT 20%,42%,GT 30%,35%,30-40%,2%,2-4%,0.33%,48.16%,10 - 12 MM, 10 - 12 MM ,10 - 12 MM,12 - 20 MM,D,,,,,,"$8,202,608","$7,316,877","$12,369,897","$11,020,794","$11,020,794","$11,322,084","$11,533,040","$11,883,273","$11,883,273","$12,362,402","$12,362,402",,,,,,3.7%,-31.8%,15.4%,-10.9%,2.7%,4.8%,4.0%,"$569,394 ","22,888"
1076,"MOUNT LAUREL, NJ",Open,2018,3/9/2018,2018 Open - MAR '18,2018,3/7/2018,Comp,Yes,,3,13,1,R13 D01,Philadelphia-Camden-Wilmington,"Philadelphia, PA",Top 10 DMA,70 CENTERTON ROAD,MOUNT LAUREL,NJ,8054,40.0,-74.9," 31,621 ",Light Suburban,"572,119","1,156","1,900","8,441,533","$101,076",GT80K,23%,15%,12%,50%,141%,GT 120,"$88,536",54%,40-60%,17%,15-20%,16%,10-20%,7%,6-8%,0.23%,48.33%,LT8MM, LT8MM ,LT8MM,LT8MM,G,,,,,,"$4,385,043","$3,341,127","$6,544,910","$5,771,055","$5,771,055","$6,300,786","$6,389,007","$6,597,029","$6,597,029","$6,769,259","$6,769,259",,,,,,-3.0%,-41.7%,14.2%,-11.8%,9.2%,4.5%,2.6%,"$365,119 ","13,893"
1077,"TORRANCE, CA (PROMENADE)",Open,2017,10/13/2017,2017 Open - OCT '17,2017,9/27/2017,Comp,Yes,,1,3,3,R03 D03,Los Angeles-Long Beach-Anaheim,"Los Angeles, CA",Top 10 DMA,19800 HAWTHORNE BLVD,TORRANCE,CA,90503,33.9,-118.4," 33,587 ",Light Urban,"655,227","9,527","8,596","18,082,820","$93,011",GT80K,25%,14%,12%,49%,129%,GT 120,"$97,162",15%,LT 20%,18%,15-20%,45%,GT 40%,18%,GT 8%,-0.04%,47.33%,LT8MM, LT8MM ,LT8MM,08 - 10 MM,E,,,"$4,505,029","$1,835,781","$10,090,062","$8,685,511","$5,717,610","$8,691,800","$7,191,491","$7,191,491","$7,605,324","$7,716,090","$7,692,014","$7,692,014","$8,711,435","$8,711,435",,,,,-24.7%,-13.9%,-34.2%,0.1%,-17.3%,5.8%,1.3%,13.3%,"$440,031 ","16,451"
1078,"CINCINNATI, OH (32 EAST)",Open,2017,10/13/2017,2017 Open - OCT '17,2017,10/9/2017,Comp,Yes,,3,8,6,R08 D06,Cincinnati,"Cincinnati, OH",,700 EASTGATE S DR,CINCINNATI,OH,45245,39.1,-84.3," 34,877 ",Light Suburban,"315,416",281,"1,927","2,489,549","$83,135",GT80K,30%,17%,14%,39%,100%,100 - 120,"$80,057",90%,GT 60%,2%,LT 5%,2%,LT 10%,1%,LT 2%,0.27%,51.01%,LT8MM, LT8MM ,LT8MM,LT8MM,H,,,"$2,522,020","$246,436","$5,119,437","$5,111,712","$3,910,525","$5,845,809","$4,612,260","$4,612,260","$4,378,796","$4,434,938","$4,009,276","$4,009,276","$3,974,530","$3,974,530",,,,,-7.7%,-0.2%,-23.5%,14.4%,-21.1%,-5.1%,-8.3%,-0.9%,"$319,354 ","8,551"
1079,"FARMINGTON, CT",Open,2018,3/9/2018,2018 Open - MAR '18,2018,3/7/2018,Comp,,,3,10,6,R10 D06,Hartford-West Hartford-East Hartford,"Hartford & New Haven, CT",,1600 SOUTHEAST ROAD,FARMINGTON,CT,6032,41.7,-72.8," 38,194 ",Light Suburban,"330,827","2,980","2,654","2,641,771","$69,376",60K-70K,40%,16%,13%,31%,107%,100 - 120,"$89,240",31%,20-40%,25%,20-30%,34%,30-40%,5%,4-6%,-0.04%,48.18%,10 - 12 MM, 10 - 12 MM ,12 - 20 MM,12 - 20 MM,D,,,,,,"$8,645,118","$8,271,617","$13,053,867","$10,629,058","$10,629,058","$11,495,748","$11,654,977","$12,601,554","$12,601,554","$13,045,414","$13,045,414",,,,,,11.9%,-25.3%,17.9%,-18.6%,8.2%,9.5%,3.5%,"$570,829 ","23,881"
1080,"SOMERVILLE, MA",Open,2018,3/9/2018,2018 Open - MAR '18,2018,3/7/2018,Comp,Yes,Yes,3,10,4,R10 D04,Boston-Cambridge-Newton,"Boston, MA (Manchester, NH)",Top 10 DMA,133 MIDDLESEX AVENUE,SOMERVILLE,MA,2145,42.4,-71.1," 35,807 ",Urban,"549,034","13,002","17,894","6,834,716","$90,316",GT80K,32%,12%,11%,44%,102%,100 - 120,"$112,082",33%,20-40%,20%,20-30%,28%,20-30%,10%,GT 8%,0.28%,49.68%,20M+, 20M+ ,20M+,20M+,A,,,,,,"$13,317,093","$10,363,703","$23,050,821","$22,029,218","$22,029,218","$21,790,194","$22,056,433","$22,306,035","$22,306,035","$23,608,664","$23,608,664",,,,,,8.5%,-38.5%,36.8%,-4.4%,-1.1%,2.4%,5.8%,"$775,744 ","33,916"
1081,"BRONX, NY (BRUCKNER)",Open,2018,8/17/2018,2018 Open - AUG '18,2018,7/6/2018,Comp,Yes,Yes,3,14,4,R14 D04,New York-Newark-Jersey City,"New York, NY",Top 10 DMA,1925 TURNBULL AVENUE,BRONX,NY,10473,40.8,-73.9," 34,799 ",Super Urban,"358,228","36,236","33,860","22,165,424","$44,485",LT60K,42%,15%,11%,32%,47%,LT 80,"$101,231",3%,LT 20%,25%,20-30%,59%,GT 40%,8%,GT 8%,0.08%,49.12%,20M+, 20M+ ,20M+,20M+,A,,,,,,"$6,722,624","$13,249,134","$25,969,807","$21,562,392","$21,562,392","$21,012,349","$21,328,619","$23,245,421","$23,245,421","$22,943,404","$22,943,404",,,,,,9.0%,-29.8%,37.6%,-17.0%,-2.6%,10.6%,-1.3%,"$909,724 ","36,546"
1082,"SPARKS, NV",Open,2018,3/23/2018,2018 Open - MAR '18,2018,3/21/2018,Comp,,,1,21,3,R21 D03,Reno,"Reno, NV",,"1425 GEORGE FERRIS, STE 101",SPARKS,NV,89434,39.5,-119.7," 30,729 ",Light Suburban,"380,004",50,"2,520","832,043","$82,379",GT80K,29%,17%,15%,39%,93%,80 - 100,"$84,979",51%,40-60%,3%,LT 5%,32%,30-40%,6%,6-8%,0.68%,48.97%,LT8MM, 08 - 10 MM ,08 - 10 MM,08 - 10 MM,E,,,,,,"$5,097,100","$5,318,933","$8,355,241","$7,425,694","$7,425,694","$8,586,319","$8,695,657","$9,142,744","$9,142,744","$8,893,204","$8,893,204",,,,,,1.7%,-25.5%,17.0%,-11.1%,15.6%,6.4%,-2.7%,"$529,200 ","18,515"
1083,"DOWNEY, CA",Open,2018,3/23/2018,2018 Open - MAR '18,2018,3/21/2018,Comp,Yes,,1,4,4,R04 D04,Los Angeles-Long Beach-Anaheim,"Los Angeles, CA",Top 10 DMA,8955 APOLLO WAY,DOWNEY,CA,90242,33.9,-118.1," 25,263 ",Light Urban,"649,804","11,123","9,417","18,082,820","$78,109",70K-80K,29%,16%,14%,42%,92%,80 - 100,"$97,162",5%,LT 20%,6%,5-10%,84%,GT 40%,4%,2-4%,-0.04%,47.33%,10 - 12 MM, 10 - 12 MM ,12 - 20 MM,12 - 20 MM,C,,,,,,"$7,988,826","$8,393,873","$13,547,231","$11,447,217","$11,447,217","$11,656,125","$11,854,477","$12,552,135","$12,552,135","$13,326,473","$13,326,473",,,,,,11.8%,-25.8%,19.7%,-15.5%,1.8%,7.6%,6.2%,"$602,636 ","26,733"
1084,"PADUCAH, KY",Open,2018,9/28/2018,2018 Open - SEP '18,2018,9/26/2018,Comp,,,4,6,3,R06 D03,Paducah,"Paducah, KY-Cape Girardeau, MO-Harrisburg, IL",,5101 HINKLEVILLE RD UNIT 100,PADUCAH,KY,42001,37.1,-88.7," 32,060 ",Exurban,"191,535",70,657,"927,437","$60,329",60K-70K,42%,19%,12%,27%,124%,GT 120,"$58,242",82%,GT 60%,8%,5-10%,4%,LT 10%,1%,LT 2%,-0.30%,50.55%,LT8MM, LT8MM ,LT8MM,LT8MM,H,,,,,,"$1,340,889","$4,751,424","$7,210,544","$5,473,378","$5,473,378","$5,859,120","$5,935,483","$5,863,235","$5,863,235","$5,799,404","$5,799,404",,,,,,-14.0%,-28.0%,9.2%,-24.1%,7.0%,-0.2%,-1.1%,"$338,074 ","12,777"
1085,"INDIAN LAND, SC",Open,2018,9/21/2018,2018 Open - SEP '18,2018,9/10/2018,Comp,,,5,18,5,R18 D05,Charlotte-Concord-Gastonia,"Charlotte, NC",,7822 CHARLOTTE HIGHWAY,INDIAN LAND,SC,29707,34.9,-80.8," 31,770 ",Exurban,"1,063,040",370,"1,113","3,598,950","$88,249",GT80K,15%,12%,13%,60%,129%,GT 120,"$79,954",52%,40-60%,24%,20-30%,13%,10-20%,6%,4-6%,1.03%,52.17%,LT8MM, LT8MM ,LT8MM,LT8MM,H,,,,,,"$1,042,072","$3,904,677","$6,258,009","$5,555,337","$5,555,337","$5,882,409","$5,966,283","$5,822,253","$5,822,253","$5,914,543","$5,914,543",,,,,,-16.3%,-23.9%,22.0%,-11.2%,5.9%,-1.1%,1.6%,"$385,495 ","12,878"
1086,"ORLANDO, FL (VINELAND)",Open,2018,9/21/2018,2018 Open - SEP '18,2018,9/19/2018,Comp,,Yes,5,30,6,R30 D06,Orlando-Kissimmee-Sanford,"Orlando-Daytona Beach-Melbourne, FL",,11643 REGENCY VILLAGE DRIVE,ORLANDO,FL,32809,28.4,-81.5," 35,858 ",Light Suburban,"340,364","2,175","1,861","4,872,913","$80,626",GT80K,29%,23%,14%,33%,115%,100 - 120,"$78,250",29%,20-40%,11%,10-15%,46%,GT 40%,8%,6-8%,1.47%,51.85%,12 - 20 MM, 12 - 20 MM ,12 - 20 MM,12 - 20 MM,B,,,,,,"$2,402,049","$5,718,239","$12,337,927","$12,736,922","$12,736,922","$15,799,272","$16,051,649","$16,314,881","$16,314,881","$18,472,184","$18,472,184",,,,,,20.8%,-46.7%,15.0%,3.2%,24.0%,3.2%,13.2%,"$672,563 ","29,882"
1087,"CAPE CORAL, FL",Open,2018,4/12/2018,2018 Open - APR '18,2018,4/11/2018,Comp,,,5,30,7,R30 D07,Cape Coral-Fort Myers,"Ft. Myers-Naples, FL",,1810 NE PINE ISLAND ROAD,CAPE CORAL,FL,33909,26.7,-81.9," 31,058 ",Light Suburban,"839,720",301,"2,540","1,553,978","$73,986",70K-80K,31%,21%,14%,34%,89%,80 - 100,"$78,978",56%,40-60%,9%,5-10%,30%,30-40%,2%,LT 2%,1.55%,56.33%,12 - 20 MM, 12 - 20 MM ,12 - 20 MM,12 - 20 MM,C,,,,,,"$5,378,768","$6,961,486","$12,287,166","$12,534,838","$12,534,838","$14,734,435","$14,952,984","$15,839,272","$15,839,272","$16,927,987","$16,927,987",,,,,,8.8%,-19.9%,41.4%,2.0%,17.5%,7.7%,6.9%,"$690,364 ","33,423"
1088,"MIDWEST CITY, OK",Open,2018,9/14/2018,2018 Open - SEP '18,2018,9/12/2018,Comp,,,4,16,2,R16 D02,Oklahoma City,"Oklahoma City, OK",,5735 S.E. 15TH STREET,MIDWEST CITY,OK,73110,35.5,-97.4," 31,159 ",Light Suburban,"267,612",418,"2,340","2,048,734","$66,577",60K-70K,44%,16%,13%,28%,79%,LT 80,"$70,481",49%,40-60%,20%,20-30%,15%,10-20%,2%,LT 2%,0.54%,49.53%,LT8MM, LT8MM ,LT8MM,LT8MM,H,,,,,,"$1,411,283","$4,644,560","$7,494,821","$6,172,150","$6,172,150","$6,622,933","$6,712,806","$6,557,688","$6,557,688","$6,468,621","$6,468,621",,,,,,-7.6%,-31.3%,10.9%,-17.6%,7.3%,-1.0%,-1.4%,"$385,308 ","14,919"
1089,"BRONX, NY (THE HUB)",Open,2018,4/6/2018,2018 Open - MAR '18,2018,3/26/2018,Comp,Yes,Yes,3,14,4,R14 D04,New York-Newark-Jersey City,"New York, NY",Top 10 DMA,2952 3RD AVENUE,BRONX,NY,10455,40.8,-73.9," 35,434 ",Super Urban,"619,804","52,132","55,764","22,165,424","$37,507",LT60K,44%,14%,10%,31%,47%,LT 80,"$101,231",2%,LT 20%,28%,20-30%,66%,GT 40%,1%,LT 2%,0.08%,49.12%,20M+, 12 - 20 MM ,12 - 20 MM,12 - 20 MM,B,,,,,,"$12,122,219","$12,208,359","$25,554,212","$21,250,250","$21,250,250","$19,552,964","$19,827,481","$18,237,044","$18,237,044","$19,805,307","$19,805,307",,,,,,10.3%,-30.1%,46.4%,-16.8%,-8.0%,-6.5%,8.6%,"$791,181 ","28,740"
1090,"SANDY, UT",Open,2018,3/23/2018,2018 Open - MAR '18,2018,3/21/2018,Comp,,,1,1,3,R01 D03,Salt Lake City,"Salt Lake City, UT",,10453 SOUTH STATE STREET,SANDY,UT,84070,40.6,-111.9," 33,969 ",Suburban,"719,753","2,641","3,905","3,722,607","$103,450",GT80K,19%,15%,14%,51%,112%,100 - 120,"$97,769",62%,GT 60%,2%,LT 5%,25%,20-30%,5%,4-6%,1.16%,56.35%,LT8MM, LT8MM ,LT8MM,LT8MM,H,,,,,,"$3,614,041","$3,527,731","$5,752,002","$5,140,455","$5,140,455","$5,379,253","$5,447,694","$4,865,307","$4,865,307","$4,470,599","$4,470,599",,,,,,-0.2%,-31.1%,12.4%,-10.6%,4.6%,-9.4%,-8.1%,"$329,182 ","10,060"
1091,"BOWIE, MD",Open,2018,9/28/2018,2018 Open - SEP '18,2018,9/26/2018,Comp,Yes,,5,11,6,R11 D06,Washington-Arlington-Alexandria,"Washington, DC (Hagerstown, MD)",Top 10 DMA,4520 MITCHELLVILLE ROAD,BOWIE,MD,20716,39.0,-76.7," 33,487 ",Light Suburban,"609,092","1,901","1,743","7,403,493","$111,140",GT80K,18%,12%,13%,57%,118%,100 - 120,"$120,994",15%,LT 20%,59%,GT 30%,17%,10-20%,4%,4-6%,0.54%,51.13%,LT8MM, LT8MM ,LT8MM,08 - 10 MM,F,,,,,,"$1,410,833","$4,383,244","$8,068,825","$6,988,434","$6,988,434","$7,876,361","$7,975,996","$7,864,535","$7,864,535","$8,124,096","$8,124,096",,,,,,-4.8%,-36.7%,16.4%,-13.4%,12.7%,-0.3%,3.3%,"$423,305 ","16,539"
1092,"RICHFIELD, MN",Open,2018,3/23/2018,2018 Open - MAR '18,2018,3/7/2018,Comp,Yes,,1,5,1,R05 D01,Minneapolis-St. Paul-Bloomington,"Minneapolis-St. Paul, MN",,1150 W 78TH,RICHFIELD,MN,55423,44.9,-93.3," 34,680 ",Suburban,"680,982","2,005","4,122","5,035,066","$89,329",GT80K,26%,15%,13%,45%,96%,80 - 100,"$91,896",58%,40-60%,16%,15-20%,12%,10-20%,9%,GT 8%,0.42%,52.29%,LT8MM, 08 - 10 MM ,12 - 20 MM,12 - 20 MM,C,,,,,,"$7,209,032","$7,224,908","$10,697,492","$7,990,059","$7,990,059","$9,794,587","$9,961,910","$13,594,420","$13,594,420","$13,509,459","$13,509,459",,,,,,3.8%,-20.8%,17.2%,-25.3%,22.6%,38.1%,-0.6%,"$595,375 ","22,862"
1093,"TULSA, OK (CENTENNIAL PLAZA)",Open,2018,3/16/2018,2018 Open - MAR '18,2018,3/14/2018,Comp,,,4,16,5,R16 D05,Tulsa,"Tulsa, OK",,1887 S. YALE AVE,TULSA,OK,74112,36.1,-95.9," 27,749 ",Suburban,"253,605","1,355","3,423","1,468,910","$53,753",LT60K,51%,19%,11%,19%,93%,80 - 100,"$64,849",38%,20-40%,17%,15-20%,27%,20-30%,3%,2-4%,0.41%,50.94%,08 - 10 MM, 08 - 10 MM ,10 - 12 MM,10 - 12 MM,D,,,,,,"$6,787,114","$6,572,472","$10,560,381","$8,174,844","$8,174,844","$8,755,413","$8,882,496","$10,317,420","$10,317,420","$11,555,414","$11,555,414",,,,,,0.3%,-32.2%,8.9%,-22.6%,7.1%,17.6%,12.0%,"$456,608 ","21,709"
1094,"EVERGREEN PARK, IL",Open,2018,4/27/2018,2018 Open - APR '18,2018,4/25/2018,Comp,Yes,,4,7,1,R07 D01,Chicago-Naperville-Elgin,"Chicago, IL",Top 10 DMA,9550 SOUTH WESTERN AVENUE,EVERGREEN PARK,IL,60805,41.7,-87.7," 32,617 ",Light Urban,"617,616","7,577","7,450","9,518,952","$57,509",LT60K,45%,16%,12%,26%,85%,80 - 100,"$91,619",8%,LT 20%,61%,GT 30%,29%,20-30%,1%,LT 2%,-0.18%,48.49%,08 - 10 MM, 10 - 12 MM ,10 - 12 MM,12 - 20 MM,D,,,,,,"$5,639,699","$7,187,401","$11,457,381","$9,083,898","$9,083,898","$10,267,994","$10,414,740","$11,185,075","$11,185,075","$12,030,689","$12,030,689",,,,,,9.3%,-22.8%,23.1%,-20.7%,13.0%,8.7%,7.6%,"$539,720 ","21,952"
1095,"PORTSMOUTH, NH",Open,2018,9/28/2018,2018 Open - SEP '18,2018,9/12/2018,Comp,Yes,,3,10,3,R10 D03,Boston-Cambridge-Newton,"Boston, MA (Manchester, NH)",Top 10 DMA,1465 WOODBURY AVENUE,PORTSMOUTH,NH,3801,43.1,-70.8," 32,710 ",Exurban,"771,840",359,"1,229","6,834,716","$95,341",GT80K,24%,15%,14%,47%,93%,80 - 100,"$112,082",77%,GT 60%,2%,LT 5%,15%,10-20%,2%,2-4%,0.28%,49.68%,LT8MM, LT8MM ,LT8MM,LT8MM,H,,,,,,"$691,483","$2,903,332","$4,653,825","$4,163,936","$4,163,936","$4,566,370","$4,618,488","$4,420,053","$4,420,053","$4,271,770","$4,271,770",,,,,,-31.2%,-29.2%,13.5%,-10.5%,9.7%,-3.2%,-3.4%,"$280,886 ","8,822"
1096,"LANCASTER, CA",Open,2018,9/28/2018,2018 Open - SEP '18,2018,9/26/2018,Comp,Yes,,1,21,2,R21 D02,Los Angeles-Long Beach-Anaheim,"Los Angeles, CA",Top 10 DMA,44725 VALLEY CENTRAL WAY,LANCASTER,CA,93536,34.7,-118.2," 30,206 ",Suburban,"200,065",610,"3,296","18,082,820","$76,919",70K-80K,36%,16%,14%,35%,78%,LT 80,"$97,162",25%,20-40%,18%,15-20%,47%,GT 40%,4%,4-6%,-0.04%,47.33%,10 - 12 MM, 10 - 12 MM ,10 - 12 MM,12 - 20 MM,D,,,,,,"$2,099,843","$7,268,571","$11,760,482","$10,219,921","$10,219,921","$11,164,109","$11,331,912","$11,950,295","$11,950,295","$12,946,050","$12,946,050",,,,,,8.6%,-24.3%,22.4%,-13.1%,9.2%,7.2%,8.3%,"$678,528 ","26,772"
1097,"PROSPER, TX",Open,2018,9/7/2018,2018 Open - SEP '18,2018,9/5/2018,Comp,Yes,,4,16,1,R16 D01,Dallas-Fort Worth-Arlington,"Dallas-Ft. Worth, TX",Top 10 DMA,1131 S PRESTON ROAD,PROSPER,TX,75078,33.2,-96.8," 31,396 ",Light Suburban,"771,565","2,765","2,150","9,039,276","$140,070",GT80K,13%,11%,11%,64%,200%,GT 120,"$89,635",45%,40-60%,12%,10-15%,14%,10-20%,24%,GT 8%,1.36%,52.96%,08 - 10 MM, 08 - 10 MM ,10 - 12 MM,10 - 12 MM,D,,,,,,"$1,949,951","$4,655,153","$8,796,621","$8,049,061","$8,049,061","$9,794,370","$9,918,337","$10,057,511","$10,057,511","$10,902,659","$10,902,659",,,,,,-4.5%,-27.9%,36.3%,-8.5%,21.7%,2.3%,8.4%,"$500,223 ","19,984"
1098,"SAN DIEGO, CA (PALM PROM)",Open,2020,9/10/2020,2020 Open - SEP '20,2020,9/7/2020,Comp,Yes,Yes,1,4,2,R04 D02,San Diego-Carlsbad,"San Diego, CA",,"760 DENNERY RD, BLDG A",SAN DIEGO,CA,92154,32.6,-117.0," 33,698 ",Light Urban,"436,023","4,382","5,821","3,292,550","$96,523",GT80K,28%,16%,13%,43%,82%,80 - 100,"$108,694",12%,LT 20%,4%,LT 5%,66%,GT 40%,13%,GT 8%,0.09%,49.94%,12 - 20 MM, 12 - 20 MM ,20M+,20M+,B,,,,,,,$0,"$13,652,050","$14,505,700","$14,505,700","$18,068,000","$18,369,922","$22,299,554","$22,299,554","$21,906,176","$21,906,176",,,,,,, ,0.0%,6.3%,24.6%,23.1%,-1.8%,"$828,094 ","43,579"
1099,"DALLAS, TX (HIGH POINT)",Open,2018,9/28/2018,2018 Open - SEP '18,2018,9/26/2018,Comp,Yes,,4,16,6,R16 D06,Dallas-Fort Worth-Arlington,"Dallas-Ft. Worth, TX",Top 10 DMA,6411 E. Northwest Hwy - Suite 140,DALLAS,TX,75214,32.9,-96.7," 31,187 ",Light Urban,"2,029,786","1,755","5,987","9,039,276","$74,213",70K-80K,39%,16%,11%,33%,106%,100 - 120,"$89,635",24%,20-40%,25%,20-30%,43%,GT 40%,5%,4-6%,1.36%,52.96%,10 - 12 MM, 12 - 20 MM ,12 - 20 MM,12 - 20 MM,D,,,,,,"$2,006,509","$7,289,376","$12,454,939","$10,579,271","$10,579,271","$12,149,829","$12,290,490","$12,005,776","$12,005,776","$12,358,185","$12,358,185",,,,,,10.1%,-22.3%,32.7%,-15.1%,14.8%,-1.5%,2.9%,"$603,172 ","22,179"
1100,"SALISBURY, MD",Open,2018,9/14/2018,2018 Open - SEP '18,2018,9/12/2018,Comp,,,5,11,2,R11 D02,Salisbury,"Salisbury, MD",,2300 N SALISBURY BOULEVARD,SALISBURY,MD,21801,38.4,-75.6," 30,378 ",Exurban,"315,585",160,"1,158","486,134","$67,843",60K-70K,38%,16%,14%,32%,90%,80 - 100,"$74,967",58%,40-60%,24%,20-30%,11%,10-20%,2%,2-4%,1.25%,52.61%,LT8MM, 08 - 10 MM ,08 - 10 MM,08 - 10 MM,E,,,,,,"$1,117,413","$4,665,529","$7,963,359","$7,366,151","$7,366,151","$8,091,649","$8,202,084","$8,770,384","$8,770,384","$9,907,964","$9,907,964",,,,,,-6.1%,-15.8%,43.7%,-7.5%,9.8%,8.4%,13.0%,"$484,346 ","17,325"
1101,"BROOKLYN, NY (KINGS PLAZA)",Open,2018,8/17/2018,2018 Open - AUG '18,2018,7/6/2018,Comp,Yes,Yes,3,14,3,R14 D03,New York-Newark-Jersey City,"New York, NY",Top 10 DMA,5100 KINGS PLAZA,BROOKLYN,NY,11234,40.6,-73.9," 39,244 ",Super Urban,"1,004,468","41,000","28,178","22,165,424","$71,051",70K-80K,37%,15%,12%,37%,81%,80 - 100,"$101,231",24%,20-40%,46%,GT 30%,13%,10-20%,9%,GT 8%,0.08%,49.12%,20M+, 20M+ ,20M+,20M+,A,,,,,,"$6,423,976","$10,926,260","$23,737,468","$22,762,086","$22,762,086","$23,795,408","$24,125,992","$25,854,144","$25,854,144","$25,531,842","$25,531,842",,,,,,10.4%,-38.9%,32.7%,-4.1%,4.5%,8.6%,-1.2%,"$1,121,169 ","39,593"
1102,"MOORE, OK (FRITTS FARM)",Open,2019,10/4/2019,2019 Open - SEP '19,2019,10/2/2019,Comp,,,4,16,2,R16 D02,Oklahoma City,"Oklahoma City, OK",,790 SW 19TH STREET,MOORE,OK,73160,35.3,-97.5," 31,234 ",Light Suburban,"429,081",521,"2,681","2,048,734","$73,468",70K-80K,35%,18%,14%,33%,115%,100 - 120,"$70,481",54%,40-60%,7%,5-10%,22%,20-30%,4%,2-4%,0.54%,49.53%,LT8MM, LT8MM ,LT8MM,LT8MM,H,,,,,,$0,"$1,344,154","$7,420,929","$6,080,203","$6,080,203","$6,470,940","$6,556,795","$6,404,664","$6,404,664","$5,950,350","$5,950,350",,,,,,,331.1%,1.0%,-18.1%,6.4%,-1.1%,-7.1%,"$353,766 ","14,575"
1103,"MIAMI, FL (MIAMI SHORES)",Open,2020,5/29/2020,2020 Open - MAY '20,2020,5/27/2020,Comp,Yes,Yes,5,31,3,R31 D03,Miami-Fort Lauderdale-West Palm Beach,"Miami-Ft. Lauderdale, FL",Top 10 DMA,10790 BISCAYNE BLVD,MIAMI,FL,33138,25.9,-80.2," 33,108 ",Light Urban,"1,145,606","6,202","8,501","4,800,721","$64,892",60K-70K,48%,12%,13%,26%,84%,80 - 100,"$78,384",9%,LT 20%,24%,20-30%,64%,GT 40%,1%,LT 2%,0.33%,48.16%,10 - 12 MM, 12 - 20 MM ,12 - 20 MM,12 - 20 MM,C,,,,,,,$0,"$14,810,765","$11,838,710","$11,838,710","$12,177,951","$12,382,422","$13,227,395","$13,227,395","$14,950,370","$14,950,370",,,,,,, ,0.0%,-20.1%,2.9%,8.7%,13.0%,"$672,064 ","26,944"
1104,"AURORA, CO (ARAPAHOE)",Open,2018,9/14/2018,2018 Open - SEP '18,2018,9/12/2018,Comp,,,1,1,1,R01 D01,Denver-Aurora-Lakewood,"Denver, CO",,6472 S PARKER RD,AURORA,CO,80016,39.6,-104.8," 30,619 ",Light Suburban,"766,626","1,674","2,908","4,891,657","$101,457",GT80K,23%,16%,14%,48%,123%,GT 120,"$102,369",44%,40-60%,14%,10-15%,28%,20-30%,7%,6-8%,0.81%,52.15%,LT8MM, LT8MM ,08 - 10 MM,08 - 10 MM,E,,,,,,"$1,529,416","$4,985,703","$8,178,664","$7,307,610","$7,307,610","$7,490,863","$7,580,884","$8,780,888","$8,780,888","$9,015,571","$9,015,571",,,,,,-2.7%,-30.5%,14.0%,-10.7%,2.5%,17.3%,2.7%,"$455,717 ","17,672"
1105,"WHITESTOWN, IN",Open,2019,3/15/2019,2019 Open - MAR '19,2019,3/12/2019,Comp,,,4,6,1,R06 D01,Indianapolis-Carmel-Anderson,"Indianapolis, IN",,6130 PERRY WORTH RD,WHITESTOWN,IN,46075,40.0,-86.4," 31,210 ",Exurban,"480,414",581,716,"3,190,106","$86,060",GT80K,29%,15%,14%,42%,189%,GT 120,"$75,828",57%,40-60%,23%,20-30%,12%,10-20%,4%,4-6%,0.46%,50.09%,LT8MM, LT8MM ,LT8MM,LT8MM,H,,,,,,$0,"$2,609,283","$5,270,923","$4,569,975","$4,569,975","$4,954,559","$5,014,512","$4,844,748","$4,844,748","$4,794,603","$4,794,603",,,,,,,-7.8%,30.8%,-13.3%,8.4%,-2.0%,-1.0%,"$264,739 ","9,992"
1106,"LAKEWOOD, CA",Open,2018,10/12/2018,2018 Open - OCT '18,2018,9/12/2018,Comp,Yes,,1,3,3,R03 D03,Los Angeles-Long Beach-Anaheim,"Los Angeles, CA",Top 10 DMA,4950 FACULTY AVENUE,LAKEWOOD,CA,90712,33.8,-118.1," 32,045 ",Light Urban,"655,426","10,899","8,710","18,082,820","$78,985",70K-80K,27%,15%,13%,45%,103%,100 - 120,"$97,162",10%,LT 20%,14%,10-15%,61%,GT 40%,11%,GT 8%,-0.04%,47.33%,08 - 10 MM, 08 - 10 MM ,08 - 10 MM,08 - 10 MM,E,,,,,,"$1,800,565","$6,233,649","$9,611,129","$8,456,522","$8,456,522","$9,202,192","$9,352,281","$9,280,528","$9,280,528","$9,505,682","$9,505,682",,,,,,-3.5%,-26.0%,14.0%,-12.0%,8.8%,0.8%,2.4%,"$544,620 ","20,838"
1107,"TOWSON, MD",Open,2018,9/14/2018,2018 Open - SEP '18,2018,9/12/2018,Comp,Yes,,5,11,2,R11 D02,Baltimore-Columbia-Towson,"Baltimore, MD",,1238 PUTTY HILL AVENUE,TOWSON,MD,21286,39.4,-76.6," 18,316 ",Suburban,"335,428","3,986","4,955","3,060,911","$77,423",70K-80K,33%,17%,14%,36%,84%,80 - 100,"$99,245",37%,20-40%,46%,GT 30%,6%,LT 10%,6%,6-8%,0.19%,48.69%,08 - 10 MM, 08 - 10 MM ,10 - 12 MM,10 - 12 MM,D,,,,,,"$1,366,174","$4,085,266","$7,585,408","$8,104,941","$8,104,941","$9,407,599","$9,540,171","$10,520,042","$10,520,042","$10,217,493","$10,217,493",,,,,,-15.5%,-45.1%,2.0%,6.8%,16.1%,11.8%,-2.9%,"$580,118 ","19,666"
1108,"PORT CHARLOTTE, FL",Open,2018,9/28/2018,2018 Open - SEP '18,2018,9/26/2018,Comp,Yes,,5,30,7,R30 D07,Punta Gorda,"Ft. Myers-Naples, FL",,"19400 COCHRAN BLVD, STE 130",PORT CHARLOTTE,FL,33948,27.0,-82.1," 20,438 ",Light Suburban,"447,522",202,"1,660","1,553,978","$77,126",70K-80K,30%,21%,16%,33%,84%,80 - 100,"$78,978",76%,GT 60%,6%,5-10%,12%,10-20%,2%,LT 2%,1.55%,56.33%,LT8MM, 08 - 10 MM ,08 - 10 MM,08 - 10 MM,E,,,,,,"$1,396,867","$4,917,412","$8,155,024","$6,868,330","$6,868,467","$8,187,721","$8,891,058","$8,585,408","$8,585,408","$8,871,597","$8,871,597",,,,,,-8.7%,-25.2%,24.1%,-9.7%,19.2%,-1.9%,3.3%,"$440,797 ","18,958"
1109,"PERRIS, CA",Open,2019,9/6/2019,2019 Open - SEP '19,2019,9/4/2019,Comp,Yes,,1,4,5,R04 D05,Riverside-San Bernardino-Ontario,"Los Angeles, CA",Top 10 DMA,1688 N. PERRIS BLVD,PERRIS,CA,92571,33.8,-117.2," 32,270 ",Light Suburban,"243,658","1,306","2,456","18,082,820","$90,345",GT80K,23%,17%,15%,45%,84%,80 - 100,"$97,162",16%,LT 20%,9%,5-10%,66%,GT 40%,5%,4-6%,-0.04%,47.33%,12 - 20 MM, 12 - 20 MM ,12 - 20 MM,12 - 20 MM,D,,,,,,$0,"$3,583,308","$13,655,824","$12,063,717","$12,063,717","$12,200,284","$12,371,097","$12,418,407","$12,418,407","$12,539,280","$12,539,280",,,,,,,47.4%,18.2%,-11.7%,1.1%,1.9%,1.0%,"$610,378 ","26,476"
1110,"ROUND ROCK, TX",Open,2019,8/2/2019,2019 Open - JUL '19,2019,7/31/2019,Comp,,,4,28,2,R28 D02,Austin-Round Rock,"Austin, TX",,"120 SUNDANCE PKY, ST 100",ROUND ROCK,TX,78681,30.5,-97.7," 28,787 ",Suburban,"1,036,018","2,793","3,107","2,777,592","$105,296",GT80K,20%,17%,13%,50%,92%,80 - 100,"$102,471",43%,40-60%,9%,5-10%,29%,20-30%,14%,GT 8%,1.97%,51.72%,10 - 12 MM, 12 - 20 MM ,12 - 20 MM,12 - 20 MM,C,,,,,,$0,"$3,982,344","$11,680,333","$11,271,841","$11,271,841","$12,094,799","$12,260,797","$13,575,112","$13,575,112","$14,199,662","$14,199,662",,,,,,,-4.0%,0.8%,-3.5%,7.3%,12.1%,4.6%,"$586,552 ","25,582"
1111,"CHICAGO, IL (RIVERFRONT PLZ)",Open,2018,10/19/2018,2018 Open - OCT '18,2018,9/26/2018,Comp,Yes,Yes,4,7,3,R07 D03,Chicago-Naperville-Elgin,"Chicago, IL",Top 10 DMA,2627 N ELSTON AVE,CHICAGO,IL,60647,41.9,-87.7," 31,017 ",Super Urban,"742,102","16,834","21,181","9,518,952","$87,051",GT80K,26%,12%,12%,50%,118%,100 - 120,"$91,619",32%,20-40%,17%,15-20%,41%,GT 40%,7%,6-8%,-0.18%,48.49%,08 - 10 MM, 10 - 12 MM ,10 - 12 MM,08 - 10 MM,E,,,,,,"$1,912,938","$5,779,809","$11,260,029","$9,974,355","$9,974,355","$10,688,834","$10,846,156","$10,385,205","$10,385,205","$9,852,581","$9,852,581",,,,,,2.0%,-40.3%,16.3%,-11.4%,7.2%,-3.0%,-5.1%,"$535,884 ","19,598"
1112,"PORTER RANCH, CA",Open,2019,11/27/2019,2019 Remodel - NOV '19 Open,2018,9/12/2018,Comp,Yes,,1,3,2,R03 D02,Los Angeles-Long Beach-Anaheim,"Los Angeles, CA",Top 10 DMA,19817 RINALDI STREET,PORTER RANCH,CA,91326,34.3,-118.6, -   ,Suburban,"586,757","5,185","3,633","18,082,820","$100,603",GT80K,27%,14%,12%,48%,135%,GT 120,"$97,162",22%,20-40%,4%,LT 5%,58%,GT 40%,14%,GT 8%,-0.04%,47.33%,10 - 12 MM, 10 - 12 MM ,10 - 12 MM,10 - 12 MM,D,,,,,,"$2,701,929","$6,101,407","$13,866,765","$10,685,336","$10,685,336","$10,635,919","$10,781,083","$10,418,198","$10,418,198","$10,122,268","$10,122,268",,,,,,12.8%,-35.6%,19.8%,-22.9%,-0.5%,-1.9%,-2.8%,"$514,964 ","21,805"
1113,"PARAMUS, NJ (BRGN TWN CTR)",Open,2019,8/2/2019,2019 Open - JUL '19,2019,7/3/2019,Comp,Yes,Yes,3,13,6,R13 D06,New York-Newark-Jersey City,"New York, NY",Top 10 DMA,180 BERGEN TOWN CENTER,PARAMUS,NJ,7652,40.9,-74.1," 33,675 ",Light Urban,"981,876","7,804","6,729","22,165,424","$93,491",GT80K,28%,13%,11%,48%,112%,100 - 120,"$101,231",32%,20-40%,9%,5-10%,43%,GT 40%,13%,GT 8%,0.08%,49.12%,12 - 20 MM, 12 - 20 MM ,12 - 20 MM,12 - 20 MM,B,,,,,,$0,"$6,433,473","$16,877,006","$15,846,614","$15,846,614","$16,645,090","$16,885,158","$19,341,367","$19,341,367","$19,729,891","$19,729,891",,,,,,,33.2%,20.2%,-6.1%,5.0%,16.0%,2.0%,"$734,212 ","32,247"
1114,"EULESS, TX",Open,2018,9/21/2018,2018 Open - SEP '18,2018,9/19/2018,Comp,Yes,,4,16,4,R16 D04,Dallas-Fort Worth-Arlington,"Dallas-Ft. Worth, TX",Top 10 DMA,2951 STATE HIGHWAY 121,EULESS,TX,76039,32.9,-97.1," 31,269 ",Suburban,"1,727,063","2,579","4,143","9,039,276","$87,225",GT80K,27%,17%,13%,43%,108%,100 - 120,"$89,635",37%,20-40%,17%,15-20%,33%,30-40%,8%,GT 8%,1.36%,52.96%,LT8MM, LT8MM ,LT8MM,LT8MM,G,,,,,,"$1,109,267","$3,957,684","$7,000,287","$5,821,162","$5,821,162","$6,651,071","$6,734,748","$6,726,838","$6,726,838","$6,793,779","$6,793,779",,,,,,-15.0%,-29.7%,24.3%,-16.8%,14.3%,0.8%,1.0%,"$371,933 ","13,968"
1115,"HIGHLAND, IN",Open,2018,9/14/2018,2018 Open - SEP '18,2018,9/12/2018,Comp,Yes,,4,7,1,R07 D01,Chicago-Naperville-Elgin,"Chicago, IL",Top 10 DMA,10225 INDIANAPOLIS BLVD,HIGHLAND,IN,46322,41.5,-87.5," 30,530 ",Light Suburban,"442,645","1,652","2,473","9,518,952","$73,786",70K-80K,34%,18%,14%,34%,101%,100 - 120,"$91,619",42%,40-60%,27%,20-30%,26%,20-30%,2%,LT 2%,-0.18%,48.49%,LT8MM, 08 - 10 MM ,08 - 10 MM,08 - 10 MM,E,,,,,,"$1,470,482","$5,360,205","$9,533,900","$7,908,890","$7,908,890","$8,547,796","$8,670,021","$8,816,621","$8,816,621","$9,103,300","$9,103,300",,,,,,0.4%,-21.3%,40.0%,-17.0%,8.1%,3.1%,3.3%,"$449,944 ","18,990"
1116,"WINTER GARDEN, FL",Open,2018,9/7/2018,2018 Open - SEP '18,2018,9/5/2018,Comp,,,5,30,2,R30 D02,Orlando-Kissimmee-Sanford,"Orlando-Daytona Beach-Melbourne, FL",,3373 DANIELS ROAD,WINTER GARDEN,FL,34787,28.5,-81.6," 33,475 ",Light Suburban,"2,006,059","1,000","2,288","4,872,913","$83,725",GT80K,26%,18%,13%,43%,163%,GT 120,"$78,250",34%,20-40%,17%,15-20%,38%,30-40%,5%,4-6%,1.47%,51.85%,08 - 10 MM, 10 - 12 MM ,12 - 20 MM,12 - 20 MM,D,,,,,,"$2,917,246","$6,000,844","$10,450,068","$9,973,079","$9,973,079","$11,625,443","$11,794,250","$12,370,587","$12,370,587","$12,876,252","$12,876,252",,,,,,-6.7%,-33.0%,16.7%,-4.6%,16.6%,6.5%,4.1%,"$613,686 ","27,582"
1117,"EL CAJON, CA",Open,2020,3/20/2020,2020 Open - MAR '20,2020,3/15/2020,Comp,Yes,,1,4,2,R04 D02,San Diego-Carlsbad,"San Diego, CA",,575 FLETCHER PKWY,EL CAJON,CA,92020,32.8,-117.0," 31,283 ",Light Urban,"619,572","1,262","6,122","3,292,550","$101,716",GT80K,27%,15%,13%,45%,76%,LT 80,"$108,694",38%,20-40%,7%,5-10%,38%,30-40%,10%,GT 8%,0.09%,49.94%,LT8MM, LT8MM ,LT8MM,LT8MM,G,,,,,,,$0,"$7,418,067","$6,258,216","$6,258,216","$6,845,217","$6,934,872","$7,039,416","$7,039,416","$7,140,790","$7,140,790",,,,,,, ,0.0%,-15.6%,9.4%,3.1%,1.4%,"$375,187 ","15,336"
1118,"AMERICAN FORK, UT",Open,2019,3/22/2019,2019 Open - MAR '19,2019,3/20/2019,Comp,,,1,1,3,R01 D03,Provo-Orem,"Salt Lake City, UT",,268 NORTH MEADOW LN,AMERICAN FORK,UT,84003,40.4,-111.8," 30,207 ",Suburban,"670,773",942,"3,212","3,722,607","$112,555",GT80K,15%,14%,14%,56%,118%,100 - 120,"$97,769",75%,GT 60%,1%,LT 5%,15%,10-20%,2%,2-4%,1.16%,56.35%,LT8MM, LT8MM ,LT8MM,LT8MM,H,,,,,,$0,"$3,264,415","$5,820,013","$4,815,525","$4,815,525","$4,711,653","$4,766,345","$4,423,651","$4,423,651","$3,988,129","$3,988,129",,,,,,,-14.5%,6.2%,-17.3%,-2.2%,-5.9%,-9.8%,"$322,877 ","8,994"
1119,"COLORADO SPRINGS, CO (PW PT)",Open,2019,3/15/2019,2019 Open - MAR '19,2019,3/13/2019,Comp,,,1,1,1,R01 D01,Colorado Springs,"Colorado Springs-Pueblo, CO",,5657 BARNES ROAD,COLORADO SPRINGS,CO,80917,38.9,-104.7," 30,896 ",Suburban,"770,469",353,"4,525","1,086,546","$92,568",GT80K,24%,16%,15%,44%,114%,100 - 120,"$84,434",63%,GT 60%,6%,5-10%,20%,10-20%,3%,2-4%,0.79%,54.13%,LT8MM, 08 - 10 MM ,08 - 10 MM,08 - 10 MM,E,,,,,,$0,"$4,735,427","$8,395,316","$7,146,325","$7,146,325","$8,134,532","$8,240,051","$9,157,773","$9,157,773","$9,228,593","$9,228,593",,,,,,,-5.5%,13.3%,-14.9%,13.8%,12.5%,0.8%,"$446,949 ","19,427"
1120,"THORNTON, CO",Open,2019,3/15/2019,2019 Open - MAR '19,2019,3/13/2019,Comp,,,1,1,5,R01 D05,Denver-Aurora-Lakewood,"Denver, CO",,14200 LINCOLN ST,THORNTON,CO,80023,40.0,-105.0," 32,192 ",Light Suburban,"765,115",622,"2,510","4,891,657","$102,276",GT80K,24%,15%,14%,46%,126%,GT 120,"$102,369",43%,40-60%,5%,5-10%,43%,GT 40%,4%,4-6%,0.81%,52.15%,08 - 10 MM, 08 - 10 MM ,08 - 10 MM,10 - 12 MM,D,,,,,,$0,"$4,925,112","$9,353,079","$8,119,559","$8,119,559","$8,527,322","$8,636,371","$9,696,356","$9,696,356","$10,307,758","$10,307,758",,,,,,,-16.2%,11.6%,-13.2%,5.0%,13.5%,6.3%,"$467,248 ","20,600"
1121,"EL PASO, TX (ZARAGOZA)",Open,2018,9/28/2018,2018 Open - SEP '18,2018,9/12/2018,Comp,Yes,,4,28,4,R28 D04,El Paso,"El Paso, TX (Las Cruces, NM)",,2036 N. ZARAGOZA RD.,EL PASO,TX,79938,31.8,-106.3," 42,197 ",Light Urban,"335,829","1,284","5,051","1,105,750","$68,962",60K-70K,36%,22%,14%,28%,121%,GT 120,"$61,021",6%,LT 20%,3%,LT 5%,89%,GT 40%,1%,LT 2%,0.30%,48.20%,12 - 20 MM, 12 - 20 MM ,12 - 20 MM,12 - 20 MM,B,,,,,,"$3,185,046","$9,705,790","$19,164,490","$17,588,862","$17,588,862","$18,145,190","$18,416,169","$19,025,587","$19,025,587","$18,421,807","$18,421,807",,,,,,9.5%,-33.0%,32.3%,-8.2%,3.2%,4.9%,-3.2%,"$650,327 ","37,354"
1122,"SAN ANTONIO, TX (STONE RIDG)",Open,2018,9/14/2018,2018 Open - SEP '18,2018,9/12/2018,Comp,,,4,28,3,R28 D03,San Antonio-New Braunfels,"San Antonio, TX",,"21115 US HWY 28, 1 STE 1600",SAN ANTONIO,TX,78258,29.6,-98.5," 32,367 ",Suburban,"2,476,843",914,"3,042","3,079,144","$77,554",70K-80K,29%,18%,14%,39%,149%,GT 120,"$76,315",30%,20-40%,7%,5-10%,56%,GT 40%,3%,2-4%,1.18%,50.03%,LT8MM, LT8MM ,LT8MM,LT8MM,H,,,,,,"$1,186,392","$3,713,418","$6,859,135","$6,063,408","$6,063,408","$6,650,394","$6,740,948","$6,384,093","$6,384,093","$6,114,673","$6,114,673",,,,,,-1.2%,-35.7%,18.8%,-11.6%,9.7%,-4.1%,-4.2%,"$361,327 ","14,037"
1123,"WESLEY CHAPEL, FL",Open,2019,3/29/2019,2019 Open - MAR '19,2019,3/26/2019,Comp,Yes,,5,30,5,R30 D05,Tampa-St. Petersburg-Clearwater,"Tampa-St. Petersburg (Sarasota), FL",,25589 SIERRA CNTR BLVD,WESLEY CHAPEL,FL,33543,28.2,-82.4," 32,078 ",Light Suburban,"2,081,925","1,107","1,796","5,413,557","$81,972",GT80K,30%,16%,12%,42%,147%,GT 120,"$76,582",48%,40-60%,14%,10-15%,28%,20-30%,5%,4-6%,1.37%,51.59%,08 - 10 MM, 08 - 10 MM ,08 - 10 MM,10 - 12 MM,D,,,,,,$0,"$5,049,718","$9,219,163","$8,416,986","$8,416,986","$8,981,202","$9,111,076","$9,728,144","$9,728,144","$10,786,646","$10,786,646",,,,,,,-9.2%,12.8%,-8.7%,6.7%,8.4%,10.9%,"$474,666 ","22,400"
1124,"GRAND PRAIRIE, TX",Open,2019,4/26/2019,2019 Open - APR '19,2019,4/24/2019,Comp,Yes,,4,16,4,R16 D04,Dallas-Fort Worth-Arlington,"Dallas-Ft. Worth, TX",Top 10 DMA,3166 S HIGHWY 161 #100,GRAND PRAIRIE,TX,75052,32.7,-97.0," 31,464 ",Suburban,"1,149,893","2,236","4,894","9,039,276","$72,778",70K-80K,36%,18%,13%,33%,81%,80 - 100,"$89,635",16%,LT 20%,33%,GT 30%,43%,GT 40%,6%,4-6%,1.36%,52.96%,12 - 20 MM, 12 - 20 MM ,12 - 20 MM,12 - 20 MM,C,,,,,,$0,"$7,046,983","$14,614,419","$12,891,192","$12,891,192","$13,991,600","$14,171,065","$14,944,123","$14,944,123","$15,034,643","$15,034,643",,,,,,,11.9%,34.5%,-11.8%,8.5%,6.4%,0.6%,"$622,967 ","27,830"
1125,"ROSEVILLE, CA",Open,2018,11/16/2018,2018 Open - NOV '18,2018,11/14/2018,Comp,,,1,21,3,R21 D03,Sacramento--Roseville--Arden-Arcade,"Sacramento-Stockton-Modesto, CA",,1248 GALLERIA BLVD,ROSEVILLE,CA,95678,38.8,-121.3," 28,296 ",Suburban,"741,954","1,491","3,734","4,601,910","$97,209",GT80K,25%,14%,14%,47%,113%,100 - 120,"$95,209",51%,40-60%,5%,LT 5%,23%,20-30%,12%,GT 8%,0.42%,50.62%,LT8MM, LT8MM ,LT8MM,LT8MM,H,,,,,,$0,"$4,331,700","$6,815,777","$5,035,184","$5,035,184","$5,311,082","$5,390,724","$5,225,222","$5,225,222","$4,985,747","$4,985,747",,,,,,,-28.0%,13.2%,-26.1%,5.5%,-1.8%,-4.6%,"$325,700 ","11,631"
1126,"SHERIDAN, CO (RIVER PT)",Open,2019,9/6/2019,2019 Open - SEP '19,2019,9/4/2019,Comp,,,1,1,1,R01 D01,Denver-Aurora-Lakewood,"Denver, CO",,3800 RIVER POINT PARKWAY,SHERIDAN,CO,80110,39.6,-105.0," 31,430 ",Suburban,"293,665","5,622","4,412","4,891,657","$82,307",GT80K,24%,14%,12%,50%,89%,80 - 100,"$102,369",47%,40-60%,3%,LT 5%,41%,GT 40%,4%,2-4%,0.81%,52.15%,LT8MM, 08 - 10 MM ,08 - 10 MM,10 - 12 MM,D,,,,,,$0,"$2,140,078","$9,349,454","$7,481,539","$7,481,539","$9,067,180","$9,182,868","$9,830,552","$9,830,552","$10,213,635","$10,213,635",,,,,,,26.8%,6.4%,-20.0%,21.2%,8.4%,3.9%,"$518,218 ","19,723"
1127,"FARMINGTON HILLS, MI",Open,2019,4/12/2019,2019 Open - APR '19,2019,4/10/2019,Comp,Yes,,3,8,4,R08 D04,Detroit-Warren-Dearborn,"Detroit, MI",,30800 ORCHARD LAKE ROAD,FARMINGTON HILLS,MI,48334,42.5,-83.4," 32,520 ",Light Suburban,"486,196","2,709","2,257","4,913,743","$79,811",70K-80K,31%,16%,12%,42%,161%,GT 120,"$77,383",44%,40-60%,40%,GT 30%,3%,LT 10%,9%,GT 8%,-0.10%,48.12%,LT8MM, LT8MM ,LT8MM,LT8MM,G,,,,,,$0,"$3,833,488","$7,522,711","$6,159,271","$6,159,271","$6,780,077","$6,872,824","$6,881,597","$6,881,597","$6,721,740","$6,721,740",,,,,,,-7.0%,5.9%,-18.1%,10.1%,1.5%,-2.3%,"$401,247 ","12,803"
1128,"BROCKTON, MA",Open,2018,9/28/2018,2018 Open - SEP '18,2018,9/26/2018,Comp,Yes,,3,10,4,R10 D04,Boston-Cambridge-Newton,"Boston, MA (Manchester, NH)",Top 10 DMA,200 WESTGATE DRIVE,BROCKTON,MA,2301,42.1,-71.1," 33,340 ",Suburban,"177,969","3,263","3,816","6,834,716","$91,067",GT80K,29%,15%,13%,43%,75%,LT 80,"$112,082",31%,20-40%,34%,GT 30%,12%,10-20%,5%,4-6%,0.28%,49.68%,12 - 20 MM, 12 - 20 MM ,12 - 20 MM,12 - 20 MM,B,,,,,,"$2,390,874","$8,168,540","$15,890,095","$14,167,271","$14,167,271","$15,946,848","$16,165,410","$17,529,884","$17,529,884","$18,287,324","$18,287,324",,,,,,0.2%,-31.6%,33.1%,-10.8%,12.6%,9.7%,4.3%,"$701,161 ","29,816"
1129,"BREA, CA",Open,2018,11/16/2018,2018 Open - NOV '18,2018,11/14/2018,Comp,Yes,,1,4,4,R04 D04,Los Angeles-Long Beach-Anaheim,"Los Angeles, CA",Top 10 DMA,2575 E. IMPERIAL HIGHWAY,BREA,CA,92821,33.9,-117.9," 29,410 ",Suburban,"643,341","3,307","4,361","18,082,820","$112,644",GT80K,21%,13%,12%,55%,120%,GT 120,"$97,162",29%,20-40%,2%,LT 5%,44%,GT 40%,21%,GT 8%,-0.04%,47.33%,LT8MM, LT8MM ,LT8MM,LT8MM,H,,,,,,$0,"$3,988,337","$6,000,430","$5,269,411","$5,269,411","$5,382,169","$5,450,220","$4,921,955","$4,921,955","$4,687,724","$4,687,724",,,,,,,-28.7%,7.2%,-12.2%,2.1%,-8.3%,-4.8%,"$333,555 ","11,202"
1130,"LAREDO, TX (PLAZ SAN ISIDRO)",Open,2019,3/15/2019,2019 Open - MAR '19,2019,3/13/2019,Comp,Yes,Yes,4,28,5,R28 D05,Laredo,"Laredo, TX",,2302 NE B BULLOCK LP STE 101,LAREDO,TX,78045,27.6,-99.5," 46,346 ",Light Suburban,"289,472",59,"1,703","284,769","$61,966",60K-70K,42%,15%,14%,28%,143%,GT 120,"$61,990",4%,LT 20%,1%,LT 5%,95%,GT 40%,1%,LT 2%,0.23%,49.33%,12 - 20 MM, 12 - 20 MM ,12 - 20 MM,20M+,B,,,,,,$0,"$5,613,058","$12,252,126","$14,516,456","$14,516,456","$16,949,943","$17,211,456","$19,685,448","$19,685,448","$21,107,118","$21,107,118",,,,,,,-30.2%,6.5%,18.5%,16.8%,15.9%,7.2%,"$816,797 ","37,000"
1131,"LAS VEGAS, NV (SHOWCASE MAL)",Open,2020,5/29/2020,2020 Open - MAY '20,2020,5/27/2020,Comp,Yes,Yes,1,4,1,R04 D01,Las Vegas-Henderson-Paradise,"Las Vegas, NV",,"3767 S LAS VEGAS BLVD, ST 10",LAS VEGAS,NV,89109,36.1,-115.2," 37,527 ",Light Urban,"1,245,940","5,447","5,604","2,478,119","$70,609",70K-80K,37%,18%,14%,31%,62%,LT 80,"$79,597",30%,20-40%,14%,10-15%,37%,30-40%,13%,GT 8%,0.87%,45.85%,08 - 10 MM, 10 - 12 MM ,12 - 20 MM,10 - 12 MM,D,,,,,,,$0,"$9,538,581","$9,897,713","$9,897,713","$11,639,969","$11,824,269","$12,145,653","$12,145,653","$10,853,776","$10,853,776",,,,,,, ,0.0%,3.8%,17.6%,4.3%,-10.6%,"$655,575 ","18,850"
1132,"DICKSON CITY, PA",Open,2018,9/21/2018,2018 Open - SEP '18,2018,9/19/2018,Comp,,,3,25,3,R25 D03,Scranton--Wilkes-Barre--Hazleton,"Wilkes Barre-Scranton-Hazleton, PA",,600 COMMERCE BLVD,DICKSON CITY,PA,18519,41.5,-75.6," 32,242 ",Light Suburban,"369,363",188,"1,698","1,505,315","$62,281",60K-70K,38%,17%,12%,32%,81%,80 - 100,"$65,410",78%,GT 60%,5%,5-10%,10%,10-20%,3%,2-4%,-0.04%,49.07%,08 - 10 MM, 08 - 10 MM ,10 - 12 MM,10 - 12 MM,D,,,,,,"$1,517,860","$5,806,046","$11,275,713","$9,203,104","$9,203,104","$9,779,174","$9,908,739","$10,308,156","$10,308,156","$11,208,776","$11,208,776",,,,,,-8.8%,-29.2%,37.5%,-18.4%,6.3%,5.5%,8.7%,"$471,823 ","19,518"
1133,"RIVERTON, UT",Open,2018,9/14/2018,2018 Open - SEP '18,2018,9/12/2018,Comp,,,1,1,3,R01 D03,Salt Lake City,"Salt Lake City, UT",,13400 S & MOUNTAIN VIEW CORR,RIVERTON,UT,84065,40.5,-112.0," 31,119 ",Suburban,"416,341","1,647","4,197","3,722,607","$114,901",GT80K,14%,14%,14%,59%,129%,GT 120,"$97,769",64%,GT 60%,1%,LT 5%,23%,20-30%,4%,4-6%,1.16%,56.35%,LT8MM, LT8MM ,LT8MM,LT8MM,H,,,,,,"$953,097","$3,223,573","$5,113,089","$4,854,445","$4,854,445","$5,658,800","$5,729,736","$5,698,539","$5,698,539","$5,200,996","$5,200,996",,,,,,-0.6%,-28.7%,13.1%,-5.1%,16.6%,0.7%,-8.7%,"$337,638 ","11,728"
1134,"HAZLET, NJ",Open,2019,9/27/2019,2019 Open - SEP '19,2019,9/25/2019,Comp,Yes,,3,13,2,R13 D02,New York-Newark-Jersey City,"New York, NY",Top 10 DMA,3010 ROUTE 35,HAZLET,NJ,7730,40.4,-74.2," 32,680 ",Light Suburban,"270,662","2,368","2,855","22,165,424","$109,085",GT80K,20%,12%,12%,56%,118%,100 - 120,"$101,231",57%,40-60%,5%,5-10%,26%,20-30%,9%,GT 8%,0.08%,49.12%,LT8MM, LT8MM ,08 - 10 MM,LT8MM,F,,,,,,$0,"$1,483,157","$8,195,038","$7,088,818","$7,088,818","$7,738,135","$7,841,221","$8,194,816","$8,194,816","$7,890,484","$7,890,484",,,,,,,-3.1%,-3.7%,-13.5%,9.2%,5.9%,-3.7%,"$444,486 ","16,670"
1135,"PLYMOUTH MEETING, PA",Open,2019,9/20/2019,2019 Open - SEP '19,2019,9/18/2019,Comp,Yes,,3,25,5,R25 D05,Philadelphia-Camden-Wilmington,"Philadelphia, PA",Top 10 DMA,500 W GERMANTOWN PIKE,PLYMOUTH MEETING,PA,19462,40.1,-75.3," 29,157 ",Light Suburban,"532,928","3,827","2,832","8,441,533","$77,859",70K-80K,36%,15%,11%,38%,120%,GT 120,"$88,536",39%,20-40%,38%,GT 30%,12%,10-20%,7%,6-8%,0.23%,48.33%,LT8MM, LT8MM ,LT8MM,LT8MM,H,,,,,,$0,"$1,159,028","$6,798,968","$5,560,484","$5,560,484","$5,867,436","$5,955,157","$5,968,189","$5,968,189","$6,244,075","$6,244,075",,,,,,,0.4%,8.0%,-18.2%,5.5%,1.5%,4.6%,"$335,605 ","12,061"
1136,"INDIO, CA",Open,2019,5/31/2019,2019 Open - MAY '19,2019,5/29/2019,Comp,,,1,4,5,R04 D05,Riverside-San Bernardino-Ontario,"Palm Springs, CA",,42500 JACKSON STREET,INDIO,CA,92203,33.7,-116.2," 30,644 ",Light Suburban,"148,233",435,"2,452","456,134","$65,978",60K-70K,46%,16%,13%,25%,96%,80 - 100,"$76,845",10%,LT 20%,1%,LT 5%,86%,GT 40%,1%,LT 2%,0.45%,50.43%,08 - 10 MM, 10 - 12 MM ,10 - 12 MM,08 - 10 MM,E,,,,,,$0,"$5,057,267","$10,240,375","$8,997,718","$8,997,718","$10,149,849","$10,294,367","$10,059,593","$10,059,593","$9,727,726","$9,727,726",,,,,,,1.7%,3.3%,-12.1%,12.8%,-0.7%,-3.3%,"$568,579 ","20,027"
1137,"HUBER HEIGHTS, OH",Open,2019,3/1/2019,2019 Open - FEB '19,2019,2/27/2019,Comp,,,3,8,6,R08 D06,Dayton,"Dayton, OH",,5545 EXECUTIVE BLVD,HUBER HEIGHTS,OH,45424,39.9,-84.1," 26,735 ",Light Suburban,"325,574","1,006","1,672","1,221,964","$62,712",60K-70K,42%,17%,14%,26%,112%,100 - 120,"$69,915",62%,GT 60%,26%,20-30%,4%,LT 10%,2%,LT 2%,0.02%,50.23%,08 - 10 MM, 08 - 10 MM ,08 - 10 MM,08 - 10 MM,E,,,,,,$0,"$5,611,916","$10,362,589","$8,718,214","$8,718,214","$8,813,979","$8,927,663","$9,001,405","$9,001,405","$9,563,024","$9,563,024",,,,,,,-11.8%,21.8%,-15.9%,1.1%,2.3%,6.2%,"$480,318 ","17,330"
1138,"HILLIARD, OH",Open,2019,3/15/2019,2019 Open - MAR '19,2019,3/13/2019,Comp,Yes,,3,8,1,R08 D01,Columbus,"Columbus, OH",,1760 HILLIARD ROME RD,HILLIARD,OH,43026,40.0,-83.1," 30,325 ",Light Suburban,"375,857",948,"2,640","2,701,932","$78,900",70K-80K,30%,19%,14%,38%,124%,GT 120,"$76,907",67%,GT 60%,12%,10-15%,10%,LT 10%,5%,4-6%,0.51%,49.28%,LT8MM, 08 - 10 MM ,08 - 10 MM,10 - 12 MM,D,,,,,,$0,"$5,078,189","$8,638,490","$7,649,970","$7,649,970","$8,648,120","$8,761,480","$9,425,468","$9,425,468","$10,205,175","$10,205,175",,,,,,,-4.5%,4.8%,-11.4%,13.0%,8.9%,8.3%,"$521,898 ","16,890"
1139,"BRONX, NY (BAY PLAZA)",Open,2018,11/21/2018,2018 Open - NOV '18,2018,11/14/2018,Comp,Yes,Yes,3,14,2,R14 D02,New York-Newark-Jersey City,"New York, NY",Top 10 DMA,350 BAYCHESTER AVE,BRONX,NY,10475,40.9,-73.8," 36,515 ",Super Urban,"1,334,155","38,069","25,146","22,165,424","$47,894",LT60K,44%,15%,11%,31%,60%,LT 80,"$101,231",6%,LT 20%,31%,GT 30%,55%,GT 40%,5%,4-6%,0.08%,49.12%,20M+, 20M+ ,20M+,20M+,AA,,,,,,$0,"$14,348,192","$29,121,875","$26,847,666","$26,847,666","$27,167,849","$27,531,936","$29,163,926","$29,163,926","$32,831,706","$32,831,706",,,,,,,-34.9%,32.2%,-7.8%,1.2%,7.4%,12.6%,"$1,009,227 ","45,368"
1140,"CLINTON, MD",Open,2019,3/8/2019,2019 Open - MAR '19,2019,3/6/2019,Comp,Yes,,5,11,4,R11 D04,Washington-Arlington-Alexandria,"Washington, DC (Hagerstown, MD)",Top 10 DMA,8827 WOODYARD ROAD,CLINTON,MD,20735,38.8,-76.9," 34,256 ",Light Suburban,"536,814","1,277","1,630","7,403,493","$103,809",GT80K,22%,14%,14%,51%,103%,100 - 120,"$120,994",9%,LT 20%,73%,GT 30%,11%,10-20%,3%,2-4%,0.54%,51.13%,08 - 10 MM, 08 - 10 MM ,08 - 10 MM,08 - 10 MM,E,,,,,,$0,"$4,322,728","$9,134,913","$8,158,185","$8,158,185","$8,834,730","$8,946,776","$8,590,866","$8,590,866","$8,703,835","$8,703,835",,,,,,,-22.9%,9.8%,-10.7%,8.3%,-2.8%,1.3%,"$477,739 ","17,038"
1141,"DAVENPORT, FL",Open,2019,8/23/2019,2019 Open - AUG '19,2019,8/21/2019,Comp,Yes,,5,30,5,R30 D05,Lakeland-Winter Haven,"Tampa-St. Petersburg (Sarasota), FL",,1201 POSNER BLVD,DAVENPORT,FL,33837,28.2,-81.6," 31,138 ",Exurban,"184,350","1,112","1,141","5,413,557","$78,583",70K-80K,34%,17%,16%,33%,107%,100 - 120,"$76,582",39%,20-40%,11%,10-15%,43%,GT 40%,3%,2-4%,1.37%,51.59%,12 - 20 MM, 12 - 20 MM ,12 - 20 MM,20M+,B,,,,,,$0,"$3,680,988","$15,555,488","$16,181,245","$16,181,245","$17,699,472","$17,947,141","$19,957,625","$19,957,625","$22,055,346","$22,055,346",,,,,,,-0.3%,32.0%,4.0%,9.4%,12.8%,10.5%,"$741,906 ","40,535"
1143,"PANAMA CITY,FL (BAY CITY)",Open,2020,9/10/2020,2020 Open - SEP '20,2020,9/8/2020,Comp,,,5,19,5,R19 D05,Panama City,"Panama City, FL",,540 HAWKINS AVE,PANAMA CITY,FL,32405,30.2,-85.7," 31,947 ",Light Suburban,"837,779",102,"1,821","426,085","$66,067",60K-70K,38%,17%,14%,31%,94%,80 - 100,"$70,051",63%,GT 60%,21%,20-30%,8%,LT 10%,2%,2-4%,1.04%,53.44%,LT8MM, LT8MM ,LT8MM,08 - 10 MM,F,,,,,,,$0,"$7,818,881","$7,471,797","$7,471,797","$7,851,912","$7,959,803","$7,907,299","$7,907,299","$8,567,577","$8,567,577",,,,,,, ,0.0%,-4.4%,5.1%,0.7%,8.4%,"$443,245 ","16,751"
1144,"NOBLESVILLE, IN",Open,2020,3/20/2020,2020 Open - MAR '20,2020,3/16/2020,Comp,,,4,6,1,R06 D01,Indianapolis-Carmel-Anderson,"Indianapolis, IN",,"14120 BROOKS SCHOOL RD, 110",NOBLESVILLE,IN,46060,40.0,-85.9," 26,950 ",Light Suburban,"560,047",957,"2,186","3,190,106","$95,521",GT80K,26%,15%,13%,46%,175%,GT 120,"$75,828",64%,GT 60%,18%,15-20%,9%,LT 10%,4%,4-6%,0.46%,50.09%,LT8MM, LT8MM ,LT8MM,LT8MM,H,,,,,,,$0,"$5,696,239","$5,002,037","$5,002,037","$5,611,746","$5,679,506","$5,953,033","$5,953,033","$6,005,733","$6,005,733",,,,,,, ,0.0%,-12.2%,12.2%,6.2%,0.9%,"$268,811 ","11,962"
1145,"FRISCO, TX",Open,2019,5/17/2019,2019 Open - MAY '19,2019,5/15/2019,Comp,Yes,Yes,4,16,1,R16 D01,Dallas-Fort Worth-Arlington,"Dallas-Ft. Worth, TX",Top 10 DMA,2871 PRESTON RD,FRISCO,TX,75034,33.1,-96.8," 38,991 ",Suburban,"2,051,251","1,585","3,926","9,039,276","$115,759",GT80K,18%,14%,13%,55%,134%,GT 120,"$89,635",44%,40-60%,13%,10-15%,20%,20-30%,18%,GT 8%,1.36%,52.96%,LT8MM, 08 - 10 MM ,08 - 10 MM,08 - 10 MM,E,,,,,,$0,"$3,296,771","$8,289,980","$7,513,521","$7,513,521","$8,446,124","$8,541,343","$8,517,530","$8,517,530","$8,739,502","$8,739,502",,,,,,,-11.0%,13.3%,-9.4%,12.4%,0.7%,2.6%,"$448,184 ","16,540"
1146,"ST. JOHNS, FL",Open,2019,9/27/2019,2019 Open - SEP '19,2019,9/25/2019,Comp,,,5,19,4,R19 D04,Jacksonville,"Jacksonville, FL",,675 DURBIN PAVILION DR,ST JOHNS,FL,32259,30.1,-81.5," 26,442 ",Light Suburban,"1,773,853",463,"1,619","2,186,986","$81,807",GT80K,22%,14%,14%,49%,161%,GT 120,"$78,343",58%,40-60%,21%,20-30%,12%,10-20%,5%,4-6%,1.23%,51.32%,LT8MM, 08 - 10 MM ,08 - 10 MM,08 - 10 MM,F,,,,,,$0,"$1,414,784","$7,773,787","$7,072,532","$7,072,532","$8,379,855","$8,505,250","$8,417,487","$8,417,487","$8,239,834","$8,239,834",,,,,,,16.3%,25.2%,-9.0%,18.5%,0.5%,-2.1%,"$482,478 ","17,955"
1147,"OWINGS MILLS, MD",Open,2019,9/27/2019,2019 Open - SEP '19,2019,9/23/2019,Comp,Yes,,5,11,2,R11 D02,Baltimore-Columbia-Towson,"Baltimore, MD",,10230 MILL RUN CIRCLE BLD 1,OWINGS MILLS,MD,21117,39.4,-76.8," 31,043 ",Suburban,"322,153","3,065","3,078","3,060,911","$78,401",70K-80K,33%,16%,13%,38%,97%,80 - 100,"$99,245",22%,20-40%,62%,GT 30%,7%,LT 10%,5%,4-6%,0.19%,48.69%,08 - 10 MM, 08 - 10 MM ,08 - 10 MM,10 - 12 MM,D,,,,,,$0,"$1,550,396","$9,534,144","$8,326,470","$8,326,470","$8,394,193","$8,505,708","$9,428,949","$9,428,949","$10,535,398","$10,535,398",,,,,,,2.8%,7.9%,-12.7%,0.8%,12.4%,11.7%,"$473,869 ","17,892"
1148,"CICERO, IL",Open,2019,9/13/2019,2019 Open - SEP '19,2019,9/4/2019,Comp,Yes,,4,7,3,R07 D03,Chicago-Naperville-Elgin,"Chicago, IL",Top 10 DMA,4615 W CERMAK RD,CICERO,IL,60804,41.8,-87.7," 26,492 ",Urban,"824,900","11,432","11,594","9,518,952","$60,340",60K-70K,46%,16%,12%,26%,62%,LT 80,"$91,619",9%,LT 20%,26%,20-30%,61%,GT 40%,3%,2-4%,-0.18%,48.49%,08 - 10 MM, 10 - 12 MM ,10 - 12 MM,10 - 12 MM,D,,,,,,$0,"$2,701,188","$11,975,892","$9,653,484","$9,653,484","$11,085,276","$11,246,106","$10,988,280","$10,988,280","$10,833,090","$10,833,090",,,,,,,54.0%,20.5%,-19.4%,14.8%,-1.0%,-1.4%,"$494,966 ","19,784"
1149,"POTTSTOWN, PA",Open,2019,8/30/2019,2019 Open - AUG '19,2019,8/28/2019,Comp,Yes,,3,25,3,R25 D03,Philadelphia-Camden-Wilmington,"Philadelphia, PA",Top 10 DMA,140 UPLAND SQ DR,POTTSTOWN,PA,19464,40.3,-75.7," 27,119 ",Light Suburban,"459,309",962,"1,654","8,441,533","$88,179",GT80K,26%,16%,13%,45%,85%,80 - 100,"$88,536",65%,GT 60%,8%,5-10%,20%,10-20%,4%,2-4%,0.23%,48.33%,LT8MM, LT8MM ,LT8MM,LT8MM,H,,,,,,$0,"$1,149,808","$5,248,166","$4,285,181","$4,285,181","$4,084,708","$4,140,279","$3,748,577","$3,748,577","$3,777,376","$3,777,376",,,,,,,-10.8%,10.9%,-18.3%,-4.7%,-8.2%,0.8%,"$289,849 ","8,249"
1150,"RICHMOND, TX (ALIANA TN CTR)",Open,2020,9/18/2020,2020 Open - SEP '20,2020,9/14/2020,Comp,Yes,,4,17,4,R17 D04,Houston-The Woodlands-Sugar Land,"Houston, TX",Top 10 DMA,10419 W GRAND PKWY,RICHMOND,TX,77406,29.7,-95.7," 25,862 ",Suburban,"1,153,974","1,674","3,858","8,054,291","$97,700",GT80K,22%,13%,12%,52%,135%,GT 120,"$82,684",22%,20-40%,24%,20-30%,29%,20-30%,21%,GT 8%,1.17%,52.51%,LT8MM, LT8MM ,08 - 10 MM,08 - 10 MM,E,,,,,,,$0,"$8,276,981","$7,628,225","$7,628,225","$7,830,733","$7,945,777","$8,847,505","$8,847,505","$9,142,934","$9,142,934",,,,,,, ,0.0%,-7.8%,2.7%,13.0%,3.3%,"$443,460 ","17,371"
1151,"RICHMOND, VA (W BROAD MKT)",Open,2020,3/20/2020,2020 Open - MAR '20,2020,3/16/2020,Comp,,,5,11,1,R11 D01,Richmond,"Richmond-Petersburg, VA",,12268 W BROAD ST BLG 3D,RICHMOND,VA,23233,37.7,-77.6," 33,200 ",Light Suburban,"466,096",253,"1,899","1,613,854","$88,776",GT80K,27%,16%,12%,45%,178%,GT 120,"$85,072",53%,40-60%,27%,20-30%,6%,LT 10%,8%,6-8%,0.62%,50.06%,LT8MM, LT8MM ,LT8MM,LT8MM,H,,,,,,,$0,"$5,456,763","$5,255,873","$5,255,873","$5,837,286","$5,913,936","$5,489,372","$5,489,372","$5,326,494","$5,326,494",,,,,,, ,0.0%,-3.7%,11.1%,-5.9%,-3.0%,"$337,509 ","11,082"
1152,"COMMACK, NY",Open,2019,9/20/2019,2019 Open - SEP '19,2019,9/18/2019,Comp,Yes,Yes,3,14,1,R14 D01,New York-Newark-Jersey City,"New York, NY",Top 10 DMA,108 VETERANS MEM HGWY,COMMACK,NY,11725,40.8,-73.3," 29,650 ",Light Suburban,"338,574","3,687","2,432","22,165,424","$132,144",GT80K,17%,10%,11%,62%,163%,GT 120,"$101,231",41%,40-60%,12%,10-15%,38%,30-40%,6%,4-6%,0.08%,49.12%,10 - 12 MM, 10 - 12 MM ,12 - 20 MM,10 - 12 MM,D,,,,,,$0,"$2,136,508","$11,771,029","$10,392,187","$10,392,187","$11,833,351","$11,967,392","$12,071,218","$12,071,218","$11,259,327","$11,259,327",,,,,,,14.3%,8.8%,-11.7%,13.9%,2.1%,-6.7%,"$731,021 ","23,224"
1153,"CLEARWATER, FL",Open,2019,5/24/2019,2019 Open - MAY '19,2019,5/22/2019,Comp,Yes,,5,30,1,R30 D01,Tampa-St. Petersburg-Clearwater,"Tampa-St. Petersburg (Sarasota), FL",,2669 GULF TO BAY BLVD,CLEARWATER,FL,33759,28.0,-82.7," 26,973 ",Suburban,"710,316","3,258","4,122","5,413,557","$71,090",70K-80K,38%,15%,11%,36%,90%,80 - 100,"$76,582",66%,GT 60%,11%,10-15%,13%,10-20%,4%,4-6%,1.37%,51.59%,08 - 10 MM, 08 - 10 MM ,08 - 10 MM,08 - 10 MM,E,,,,,,$0,"$5,505,605","$11,568,443","$9,770,716","$9,770,716","$9,202,151","$9,321,970","$9,425,105","$9,425,105","$9,624,212","$9,624,212",,,,,,,-1.6%,5.0%,-15.5%,-5.8%,2.9%,2.1%,"$492,259 ","20,052"
1154,"GASTONIA, NC",Open,2019,9/6/2019,2019 Open - SEP '19,2019,9/1/2019,Comp,,,5,18,5,R18 D05,Charlotte-Concord-Gastonia,"Charlotte, NC",,3584 E FRANKLIN BLVD,GASTONIA,NC,28054,35.3,-81.1," 36,458 ",Light Suburban,"540,590",663,"1,688","3,598,950","$72,401",70K-80K,34%,19%,14%,32%,88%,80 - 100,"$79,954",51%,40-60%,28%,20-30%,13%,10-20%,4%,2-4%,1.03%,52.17%,08 - 10 MM, 08 - 10 MM ,08 - 10 MM,08 - 10 MM,E,,,,,,$0,"$2,147,952","$9,730,128","$8,007,443","$8,007,443","$7,992,502","$8,105,719","$8,412,244","$8,412,244","$8,783,017","$8,783,017",,,,,,,-8.4%,25.5%,-17.7%,-0.2%,5.2%,4.4%,"$456,218 ","18,120"
1155,"BEAVERCREEK, OH",Open,2019,9/6/2019,2019 Open - SEP '19,2019,9/1/2019,Comp,,,3,8,6,R08 D06,Dayton,"Dayton, OH",,"2720 TOWNE DR, SUITE 100",BEAVERCREEK,OH,45431,39.8,-84.1," 27,396 ",Light Suburban,"435,856","1,065","1,818","1,221,964","$65,476",60K-70K,37%,17%,13%,32%,117%,100 - 120,"$69,915",64%,GT 60%,23%,20-30%,5%,LT 10%,2%,2-4%,0.02%,50.23%,LT8MM, LT8MM ,LT8MM,LT8MM,G,,,,,,$0,"$1,603,227","$6,830,983","$5,763,508","$5,763,508","$6,232,271","$6,312,935","$6,272,960","$6,272,960","$6,570,186","$6,570,186",,,,,,,-3.5%,23.1%,-15.6%,8.1%,0.7%,4.7%,"$396,588 ","12,557"
1156,"PAPILLION, NE",Open,2019,8/2/2019,2019 Open - JUL '19,2019,7/31/2019,Comp,,,1,5,3,R05 D03,Omaha-Council Bluffs,"Omaha, NE",,7825 TOWNE CNTR PKWY,PAPILLION,NE,68046,41.1,-96.0," 25,904 ",Light Suburban,"374,545",851,"1,711","1,218,449","$75,969",70K-80K,31%,16%,14%,39%,144%,GT 120,"$82,622",56%,40-60%,13%,10-15%,21%,20-30%,4%,4-6%,0.46%,53.97%,LT8MM, LT8MM ,LT8MM,LT8MM,G,,,,,,$0,"$2,302,112","$7,202,806","$6,028,841","$6,028,841","$6,340,484","$6,425,399","$6,583,670","$6,583,670","$6,713,551","$6,713,551",,,,,,,5.1%,20.9%,-16.3%,5.2%,3.8%,2.0%,"$369,308 ","13,511"
1157,"PLANO, TX (PLANO WEST)",Open,2019,9/20/2019,2019 Open - SEP '19,2019,9/18/2019,Comp,Yes,,4,16,1,R16 D01,Dallas-Fort Worth-Arlington,"Dallas-Ft. Worth, TX",Top 10 DMA,"1701 PRESTON RD, SUITE B2",PLANO,TX,75093,33.0,-96.8," 32,188 ",Suburban,"2,419,978","2,191","4,409","9,039,276","$106,230",GT80K,22%,15%,13%,51%,114%,100 - 120,"$89,635",38%,20-40%,15%,10-15%,25%,20-30%,17%,GT 8%,1.36%,52.96%,LT8MM, LT8MM ,LT8MM,LT8MM,H,,,,,,$0,"$1,166,148","$7,663,978","$6,260,129","$6,260,129","$6,560,270","$6,639,868","$6,354,177","$6,354,177","$6,269,888","$6,269,888",,,,,,,-3.8%,17.0%,-18.3%,4.8%,-3.5%,-1.3%,"$364,112 ","12,341"
1158,"VIENNA, VA",Open,2019,9/20/2019,2019 Open - SEP '19,2019,9/16/2019,Comp,Yes,,5,11,4,R11 D04,Washington-Arlington-Alexandria,"Washington, DC (Hagerstown, MD)",Top 10 DMA,8355 LEESBURG PIKE,VIENNA,VA,22182,38.9,-77.2," 33,242 ",Suburban,"946,816","3,763","3,979","7,403,493","$140,399",GT80K,15%,9%,11%,66%,143%,GT 120,"$120,994",42%,40-60%,10%,5-10%,22%,20-30%,21%,GT 8%,0.54%,51.13%,LT8MM, LT8MM ,LT8MM,LT8MM,H,,,,,,$0,"$928,478","$6,120,905","$5,345,945","$5,345,945","$5,210,167","$5,271,355","$4,472,658","$4,472,658","$4,695,358","$4,695,358",,,,,,,-31.7%,-21.0%,-12.7%,-2.5%,-13.9%,5.0%,"$332,937 ","8,996"
1159,"HOUSTON, TX (BUNKER HILL)",Open,2019,8/2/2019,2019 Open - JUL '19,2019,7/31/2019,Comp,Yes,,4,17,5,R17 D05,Houston-The Woodlands-Sugar Land,"Houston, TX",Top 10 DMA,9730 KATY FREEWAY,HOUSTON,TX,77055,29.8,-95.5," 30,400 ",Suburban,"1,632,662","2,556","4,808","8,054,291","$89,777",GT80K,27%,16%,12%,45%,110%,100 - 120,"$82,684",27%,20-40%,18%,15-20%,37%,30-40%,15%,GT 8%,1.17%,52.51%,08 - 10 MM, 10 - 12 MM ,10 - 12 MM,10 - 12 MM,D,,,,,,$0,"$3,720,922","$10,906,862","$9,571,497","$9,571,497","$10,426,455","$10,576,765","$10,463,702","$10,463,702","$10,049,656","$10,049,656",,,,,,,6.7%,6.9%,-12.2%,8.9%,0.4%,-4.0%,"$555,595 ","20,683"
1160,"LAFAYETTE, IN",Open,2019,10/18/2019,2019 Open - OCT '19,2019,10/16/2019,Comp,,,4,6,1,R06 D01,Lafayette-West Lafayette,"Lafayette, IN",,"100 S CREASY LN, ST 1600",LAFAYETTE,IN,47905,40.4,-86.8," 24,697 ",Light Suburban,"364,060",98,"2,198","220,132","$65,736",60K-70K,39%,19%,15%,27%,89%,80 - 100,"$64,434",77%,GT 60%,4%,LT 5%,10%,10-20%,4%,4-6%,0.38%,43.07%,LT8MM, LT8MM ,LT8MM,LT8MM,G,,,,,,$0,"$336,000","$6,947,118","$5,929,245","$5,929,245","$6,876,063","$6,962,136","$7,070,259","$7,070,259","$7,277,986","$7,277,986",,,,,,,27.0%,16.4%,-14.7%,16.0%,2.8%,2.9%,"$339,375 ","13,222"
1161,"ALLEN, TX",Open,2019,10/4/2019,2019 Open - SEP '19,2019,10/2/2019,Comp,Yes,,4,16,1,R16 D01,Dallas-Fort Worth-Arlington,"Dallas-Ft. Worth, TX",Top 10 DMA,"170 E STACY RD, BLDG 2220",ALLEN,TX,75002,33.1,-96.7," 27,215 ",Suburban,"3,516,129","1,346","3,884","9,039,276","$95,150",GT80K,18%,14%,13%,55%,144%,GT 120,"$89,635",36%,20-40%,19%,15-20%,30%,30-40%,11%,GT 8%,1.36%,52.96%,LT8MM, 08 - 10 MM ,08 - 10 MM,08 - 10 MM,E,,,,,,$0,"$1,208,555","$7,702,864","$6,853,401","$6,853,401","$8,006,730","$8,117,799","$8,739,416","$8,739,416","$9,210,834","$9,210,834",,,,,,,327.7%,18.5%,-11.0%,16.8%,8.7%,5.4%,"$417,808 ","17,100"
1162,"WINSTON-SALEM, NC (SILAS CRK)",Open,2019,9/6/2019,2019 Open - SEP '19,2019,9/1/2019,Comp,,,5,18,4,R18 D04,Winston-Salem,"Greensboro-High Point-Winston Salem, NC",,3200 SILAS CREEK PKWY,WINSTON-SALEM,NC,27103,36.1,-80.3," 34,445 ",Light Suburban,"548,959",445,"2,492","1,891,531","$68,354",60K-70K,37%,17%,15%,31%,99%,80 - 100,"$66,103",61%,GT 60%,19%,15-20%,13%,10-20%,2%,2-4%,0.38%,50.49%,LT8MM, LT8MM ,LT8MM,08 - 10 MM,E,,,,,,$0,"$2,364,103","$9,733,136","$6,854,090","$6,854,090","$7,464,256","$7,560,936","$7,989,990","$7,989,990","$8,905,447","$8,905,447",,,,,,,-10.7%,-6.9%,-29.6%,8.9%,7.1%,11.5%,"$436,599 ","16,482"
1163,CLOSED,Closed,,12/2/2022,Closure Date,,,,,,0,0,,,,,,,,,,,,,,,,,,,,,,,,,,,,,,,,,,,,,,,,,,,,,,,, ,,,,,,,,,,,,,,,, ,,,,,,$0 ,NA
1164,"MIAMI, FL (MALL/ AMERICA)",Open,2020,9/10/2020,2020 Open - SEP '20,2020,9/8/2020,Comp,Yes,Yes,5,31,2,R31 D02,Miami-Fort Lauderdale-West Palm Beach,"Miami-Ft. Lauderdale, FL",Top 10 DMA,"7757 W FLAGIER ST, ST 34",MIAMI,FL,33144,25.8,-80.3," 42,987 ",Light Urban,"739,223","6,177","7,004","4,800,721","$66,470",60K-70K,45%,12%,13%,30%,96%,80 - 100,"$78,384",6%,LT 20%,3%,LT 5%,89%,GT 40%,1%,LT 2%,0.33%,48.16%,12 - 20 MM, 12 - 20 MM ,12 - 20 MM,12 - 20 MM,B,,,,,,,$0,"$17,784,706","$15,742,209","$15,742,209","$16,404,848","$16,678,885","$18,473,944","$18,473,944","$18,513,831","$18,513,831",,,,,,, ,0.0%,-11.5%,4.2%,12.6%,0.2%,"$732,170 ","34,131"
1165,"N DARTMOUTH, MA",Open,2020,3/20/2020,2020 Open - MAR '20,2020,3/16/2020,Comp,,,3,10,2,R10 D02,Providence-Warwick,"Providence, RI-New Bedford, MA",,"100 DARTMOUTH MALL, 1300",N DARTMOUTH,MA,2747,41.6,-71.0," 38,141 ",Light Suburban,"182,931","1,632","1,960","1,683,219","$65,452",60K-70K,42%,15%,12%,32%,78%,LT 80,"$87,015",63%,GT 60%,5%,5-10%,19%,10-20%,2%,LT 2%,0.02%,47.37%,10 - 12 MM, 10 - 12 MM ,10 - 12 MM,10 - 12 MM,D,,,,,,,$0,"$12,281,929","$10,793,313","$10,793,313","$11,426,220","$11,569,350","$11,124,252","$11,124,252","$11,090,737","$11,090,737",,,,,,, ,0.0%,-12.1%,5.9%,-2.7%,-0.3%,"$557,876 ","20,822"
1166,"TOMS RIVER, NJ",Open,2019,10/11/2019,2019 Open - OCT '19,2019,10/9/2019,Comp,Yes,,3,13,2,R13 D02,New York-Newark-Jersey City,"New York, NY",Top 10 DMA,1224 HOOPER AVE,TOMS RIVER,NJ,8753,40.0,-74.2," 29,322 ",Light Suburban,"481,233","1,242","2,353","22,165,424","$84,864",GT80K,30%,17%,12%,41%,106%,100 - 120,"$101,231",79%,GT 60%,3%,LT 5%,12%,10-20%,2%,2-4%,0.08%,49.12%,LT8MM, 08 - 10 MM ,08 - 10 MM,10 - 12 MM,D,,,,,,$0,"$464,806","$8,385,918","$7,750,786","$7,750,786","$9,166,582","$9,285,036","$9,804,275","$9,804,275","$10,152,655","$10,152,655",,,,,,,23.3%,-9.6%,-7.6%,18.3%,6.8%,3.6%,"$485,554 ","19,031"
1167,"TOLEDO, OH (FRANKLIN PARK)",Open,2019,10/4/2019,2019 Open - SEP '19,2019,10/2/2019,Comp,,,3,8,1,R08 D01,Toledo,"Toledo, OH",,5025 MONROE ST,TOLEDO,OH,43623,41.7,-83.6," 29,690 ",Suburban,"287,662","2,756","3,176","1,046,114","$59,839",LT60K,42%,18%,12%,28%,105%,100 - 120,"$67,497",61%,GT 60%,23%,20-30%,8%,LT 10%,2%,2-4%,-0.18%,48.44%,LT8MM, LT8MM ,LT8MM,08 - 10 MM,F,,,,,,$0,"$1,487,136","$8,557,785","$6,981,841","$6,981,841","$7,282,272","$7,388,381","$7,956,252","$7,956,252","$8,001,572","$8,001,572",,,,,,,340.0%,-2.4%,-18.4%,4.3%,9.3%,0.6%,"$411,529 ","15,360"
1168,"VAN NUYS, CA (THE PLANT)",Open,2021,3/5/2021,2021 Open - MAR '21,2021,3/1/2021,Comp,Yes,Yes,1,3,2,R03 D02,Los Angeles-Long Beach-Anaheim,"Los Angeles, CA",Top 10 DMA,7886 N VAN NUYS BLVD,VAN NUYS,CA,91402,34.2,-118.4," 28,133 ",Urban,"366,103","11,979","12,214","18,082,820","$72,704",70K-80K,30%,14%,12%,43%,74%,LT 80,"$97,162",15%,LT 20%,3%,LT 5%,70%,GT 40%,9%,GT 8%,-0.04%,47.33%,10 - 12 MM, 10 - 12 MM ,12 - 20 MM,12 - 20 MM,D,,,,,,, ,"$13,642,615","$8,711,506","$11,450,594","$10,495,936","$10,647,093","$12,382,667","$12,382,667","$12,643,368","$12,643,368",,,,,,, ,0.0%,-16.2%,-8.3%,18.2%,2.1%,"$647,857 ","26,664"
1169,"NATIONAL CITY, CA",Open,2019,11/1/2019,2019 Open - OCT '19,2019,10/30/2019,Comp,Yes,,1,4,2,R04 D02,San Diego-Carlsbad,"San Diego, CA",,1100 E 30TH ST,NATIONAL CITY,CA,91950,32.7,-117.1," 34,551 ",Light Urban,"446,354","5,313","7,715","3,292,550","$87,954",GT80K,27%,15%,13%,46%,72%,LT 80,"$108,694",9%,LT 20%,7%,5-10%,63%,GT 40%,17%,GT 8%,0.09%,49.94%,12 - 20 MM, 12 - 20 MM ,12 - 20 MM,20M+,B,,,,,,$0,"$758,100","$14,891,851","$14,558,149","$14,558,149","$16,215,419","$16,463,069","$19,133,154","$19,133,154","$20,168,448","$20,168,448",,,,,,,-2.2%,-3.9%,-2.2%,11.4%,18.1%,5.4%,"$817,283 ","38,703"
1170,"YUKON, OK (CZECH)",Open,2019,10/25/2019,2019 Open - OCT '19,2019,10/23/2019,Comp,,,4,16,2,R16 D02,Oklahoma City,"Oklahoma City, OK",,821 N. CZECH HALL RD,YUKON,OK,73099,35.5,-97.7," 31,234 ",Light Suburban,"316,430",213,"1,960","2,048,734","$84,691",GT80K,30%,17%,15%,39%,117%,100 - 120,"$70,481",62%,GT 60%,7%,5-10%,15%,10-20%,4%,2-4%,0.54%,49.53%,LT8MM, LT8MM ,LT8MM,LT8MM,H,,,,,,$0,"$297,958","$6,000,298","$4,616,615","$4,963,729","$5,160,415","$5,561,315","$5,090,070","$5,090,070","$5,135,465","$5,135,465",,,,,,,-4.1%,0.0%,-19.6%,5.8%,-7.4%,0.9%,"$305,447 ","11,866"
1171,"ALPHARETTA, GA",Open,2019,9/27/2019,2019 Open - SEP '19,2019,9/25/2019,Comp,Yes,,5,19,1,R19 D01,Atlanta-Sandy Springs-Roswell,"Atlanta, GA",Top 10 DMA,7731 N POINT PKWY,ALPHARETTA,GA,30022,34.0,-84.3," 33,894 ",Light Suburban,"1,917,073","2,061","2,727","7,692,390","$101,565",GT80K,16%,12%,11%,61%,142%,GT 120,"$87,109",36%,20-40%,29%,20-30%,17%,10-20%,14%,GT 8%,0.88%,50.12%,LT8MM, LT8MM ,LT8MM,LT8MM,G,,,,,,$0,"$1,210,829","$7,178,581","$6,730,556","$6,730,556","$7,453,112","$7,551,596","$7,349,151","$7,349,151","$7,190,312","$7,190,312",,,,,,,-4.3%,6.3%,-6.2%,10.7%,-1.4%,-2.2%,"$466,020 ","14,475"
1172,"WILLIAMSVILLE, NY",Open,2019,10/4/2019,2019 Open - SEP '19,2019,10/2/2019,Comp,Yes,,3,10,1,R10 D01,Buffalo-Cheektowaga-Niagara Falls,"Buffalo, NY",,4135 TRANSIT RD,WILLIAMSVILLE,NY,14221,43.0,-78.7," 35,413 ",Light Suburban,"334,366","1,212","1,849","1,556,799","$72,596",70K-80K,36%,15%,11%,38%,137%,GT 120,"$68,948",62%,GT 60%,23%,20-30%,5%,LT 10%,7%,6-8%,-0.20%,47.55%,LT8MM, LT8MM ,LT8MM,LT8MM,H,,,,,,$0,"$773,457","$5,165,781","$4,405,030","$4,405,030","$4,977,781","$5,048,771","$4,865,157","$4,865,157","$4,309,137","$4,309,137",,,,,,,198.3%,-15.2%,-14.7%,13.0%,-2.4%,-11.4%,"$296,269 ","9,782"
1173,"MT PROSPECT, IL",Open,2019,11/1/2019,2019 Open - OCT '19,2019,10/29/2019,Comp,Yes,,4,7,2,R07 D02,Chicago-Naperville-Elgin,"Chicago, IL",Top 10 DMA,1018 MT PROSPECT PLAZA,MT PROSPECT,IL,60056,42.1,-87.9," 26,610 ",Suburban,"582,835","3,541","4,403","9,518,952","$98,562",GT80K,25%,16%,13%,46%,113%,100 - 120,"$91,619",56%,40-60%,3%,LT 5%,20%,20-30%,18%,GT 8%,-0.18%,48.49%,LT8MM, LT8MM ,LT8MM,LT8MM,G,,,,,,$0,"$306,765","$7,806,920","$6,685,329","$6,685,329","$7,038,711","$7,141,260","$7,084,958","$7,084,958","$6,760,167","$6,760,167",,,,,,,-14.2%,-3.5%,-14.4%,5.3%,0.6%,-4.6%,"$406,435 ","13,247"
1174,"OCEANSIDE, CA",Open,2019,10/25/2019,2019 Open - OCT '19,2019,10/23/2019,Comp,Yes,,1,4,2,R04 D02,San Diego-Carlsbad,"San Diego, CA",,2425 VISTA WAY,OCEANSIDE,CA,92054,33.2,-117.3," 26,989 ",Suburban,"544,505","1,012","4,462","3,292,550","$104,642",GT80K,24%,15%,12%,49%,90%,80 - 100,"$108,694",45%,40-60%,3%,LT 5%,39%,30-40%,7%,6-8%,0.09%,49.94%,LT8MM, LT8MM ,LT8MM,LT8MM,H,,,,,,$0,"$423,999","$7,221,640","$6,070,097","$6,070,097","$6,153,025","$6,233,435","$5,557,652","$5,557,652","$5,963,776","$5,963,776",,,,,,,12.8%,-19.9%,-15.9%,1.4%,-9.4%,7.3%,"$350,213 ","12,131"
1175,"HIALEAH, FL (WESTLAND PROM)",Open,2020,3/20/2020,2020 Open - MAR '20,2020,3/16/2020,Comp,Yes,,5,31,3,R31 D03,Miami-Fort Lauderdale-West Palm Beach,"Miami-Ft. Lauderdale, FL",Top 10 DMA,3895 W 20TH AVE,HIALEAH,FL,33012,25.9,-80.3," 30,831 ",Light Urban,"694,172","5,673","7,457","4,800,721","$65,487",60K-70K,46%,12%,14%,29%,74%,LT 80,"$78,384",5%,LT 20%,9%,5-10%,83%,GT 40%,1%,LT 2%,0.33%,48.16%,10 - 12 MM, 10 - 12 MM ,10 - 12 MM,10 - 12 MM,D,,,,,,,$0,"$11,437,378","$10,624,743","$10,624,743","$10,271,521","$10,431,451","$10,388,589","$10,388,589","$10,892,680","$10,892,680",,,,,,, ,0.0%,-7.1%,-3.3%,1.4%,4.9%,"$552,978 ","21,562"
1176,"HAWTHORNE, CA",Open,2019,11/8/2019,2019 Open - NOV '19,2019,11/6/2019,Comp,Yes,,1,3,3,R03 D03,Los Angeles-Long Beach-Anaheim,"Los Angeles, CA",Top 10 DMA,14705 OCEAN GATE AVE,HAWTHORNE,CA,90250,33.9,-118.4," 35,004 ",Urban,"409,794","12,487","10,015","18,082,820","$77,143",70K-80K,30%,14%,13%,43%,111%,100 - 120,"$97,162",8%,LT 20%,25%,20-30%,55%,GT 40%,8%,6-8%,-0.04%,47.33%,08 - 10 MM, 08 - 10 MM ,08 - 10 MM,08 - 10 MM,E,,,,,,$0,"$513,845","$10,262,835","$8,765,962","$8,765,962","$8,858,259","$8,985,388","$9,256,543","$9,256,543","$9,844,822","$9,844,822",,,,,,, ,-21.9%,-14.6%,1.1%,4.6%,6.4%,"$532,328 ","21,082"
1177,"LAUDERHILL, FL",Open,2020,3/20/2020,2020 Open - MAR '20,2020,3/16/2020,Comp,Yes,,5,30,3,R30 D03,Miami-Fort Lauderdale-West Palm Beach,"Miami-Ft. Lauderdale, FL",Top 10 DMA,7350 W COMMERCIAL BLVD,LAUDERHILL,FL,33319,26.2,-80.2," 35,568 ",Light Urban,"638,072","6,016","7,233","4,800,721","$68,058",60K-70K,38%,20%,15%,27%,80%,80 - 100,"$78,384",21%,20-40%,43%,GT 30%,27%,20-30%,3%,2-4%,0.33%,48.16%,10 - 12 MM, 12 - 20 MM ,12 - 20 MM,12 - 20 MM,C,,,,,,,$0,"$12,191,827","$11,424,646","$11,424,646","$12,481,130","$12,688,041","$14,128,833","$14,128,833","$14,619,351","$14,619,351",,,,,,, ,0.0%,-6.3%,9.2%,13.1%,3.5%,"$673,839 ","28,400"
1178,"UNION, NJ",Open,2019,9/27/2019,2019 Open - SEP '19,2019,9/25/2019,Comp,Yes,Yes,3,13,4,R13 D04,New York-Newark-Jersey City,"New York, NY",Top 10 DMA,1701 MORRIS AVE,UNION,NJ,7083,40.7,-74.3," 38,598 ",Urban,"796,205","11,294","10,483","22,165,424","$71,567",70K-80K,31%,15%,11%,43%,85%,80 - 100,"$101,231",14%,LT 20%,43%,GT 30%,34%,30-40%,3%,2-4%,0.08%,49.12%,20M+, 20M+ ,20M+,20M+,A,,,,,,$0,"$3,196,160","$20,017,118","$20,157,264","$20,157,264","$22,186,272","$22,485,432","$25,492,585","$25,492,585","$26,905,714","$26,905,714",,,,,,,9.4%,22.8%,0.7%,10.1%,14.8%,5.5%,"$896,045 ","42,294"
1179,"DEDHAM, MA",Open,2019,10/25/2019,2019 Open - OCT '19,2019,10/16/2019,Comp,Yes,,3,10,4,R10 D04,Boston-Cambridge-Newton,"Boston, MA (Manchester, NH)",Top 10 DMA,302 PROVIDENCE HWY,DEDHAM,MA,2026,42.3,-71.2," 29,222 ",Suburban,"292,191","9,851","3,735","6,834,716","$90,258",GT80K,34%,12%,11%,43%,115%,100 - 120,"$112,082",28%,20-40%,34%,GT 30%,24%,20-30%,6%,6-8%,0.28%,49.68%,10 - 12 MM, 10 - 12 MM ,12 - 20 MM,12 - 20 MM,C,,,,,,$0,"$582,269","$12,540,168","$10,635,672","$10,635,672","$11,236,852","$11,395,442","$13,287,477","$13,287,477","$14,778,011","$14,778,011",,,,,,,11.6%,-11.3%,-15.2%,5.7%,18.0%,11.2%,"$589,118 ","24,221"
1180,"FAYETTEVILLE, GA",Open,2019,10/4/2019,2019 Open - SEP '19,2019,10/2/2019,Comp,Yes,,5,19,3,R19 D03,Atlanta-Sandy Springs-Roswell,"Atlanta, GA",Top 10 DMA,132 PAVILLION PKWY,FAYETTEVILLE,GA,30214,33.5,-84.4," 34,850 ",Exurban,"910,795","1,145","1,057","7,692,390","$75,569",70K-80K,32%,18%,15%,35%,83%,80 - 100,"$87,109",15%,LT 20%,69%,GT 30%,9%,LT 10%,3%,2-4%,0.88%,50.12%,08 - 10 MM, 08 - 10 MM ,08 - 10 MM,08 - 10 MM,E,,,,,,$0,"$1,683,542","$10,385,092","$8,851,200","$8,851,200","$8,399,915","$8,513,543","$8,348,357","$8,348,357","$8,959,413","$8,959,413",,,,,,,323.1%,9.7%,-14.8%,-5.1%,-0.5%,7.3%,"$480,796 ","17,197"
1181,"CYPRESS, TX",Open,2020,9/18/2020,2020 Open - SEP '20,2020,9/14/2020,Comp,Yes,,4,17,1,R17 D01,Houston-The Woodlands-Sugar Land,"Houston, TX",Top 10 DMA,28930 NW FRWY,CYPRESS,TX,77433,30.0,-95.8," 32,261 ",Light Suburban,"2,502,734","1,382","1,919","8,054,291","$94,478",GT80K,19%,15%,12%,54%,163%,GT 120,"$82,684",29%,20-40%,19%,15-20%,38%,30-40%,11%,GT 8%,1.17%,52.51%,LT8MM, LT8MM ,LT8MM,LT8MM,G,,,,,,,$0,"$7,990,033","$6,334,958","$6,334,958","$6,311,589","$6,395,027","$6,719,215","$6,719,215","$7,243,032","$7,243,032",,,,,,, ,0.0%,-20.7%,-0.4%,6.6%,7.8%,"$404,206 ","13,938"
1182,"SALISBURY, NC",Open,2020,3/20/2020,2020 Open - MAR '20,2020,3/16/2020,Comp,,,5,18,4,R18 D04,Charlotte-Concord-Gastonia,"Charlotte, NC",,255 TINGLE DR,SALISBURY,NC,28146,35.6,-80.5," 26,603 ",Exurban,"350,533",359,920,"3,598,950","$66,094",60K-70K,37%,17%,16%,30%,76%,LT 80,"$79,954",64%,GT 60%,17%,15-20%,13%,10-20%,2%,LT 2%,1.03%,52.17%,LT8MM, LT8MM ,LT8MM,08 - 10 MM,F,,,,,,,$0,"$8,855,931","$7,027,139","$7,027,139","$7,230,899","$7,342,720","$7,676,921","$7,676,921","$8,452,848","$8,452,848",,,,,,, ,0.0%,-20.7%,2.9%,6.0%,10.1%,"$478,220 ","16,403"
1183,"CONROE, TX (HOUSTON)",Open,2020,5/15/2020,2020 Open - MAY '20,2020,5/13/2020,Comp,Yes,,4,17,1,R17 D01,Houston-The Woodlands-Sugar Land,"Houston, TX",Top 10 DMA,231 S LOOP 336 W BLDG 1E,CONROE,TX,77304,30.3,-95.5," 28,851 ",Light Suburban,"1,287,656",458,"1,578","8,054,291","$89,408",GT80K,26%,17%,12%,45%,105%,100 - 120,"$82,684",47%,40-60%,13%,10-15%,31%,30-40%,4%,4-6%,1.17%,52.51%,08 - 10 MM, 08 - 10 MM ,10 - 12 MM,10 - 12 MM,D,,,,,,,$0,"$8,707,682","$8,090,123","$8,090,123","$9,440,969","$9,581,025","$10,258,415","$10,258,415","$10,040,481","$10,040,481",,,,,,, ,0.0%,-7.1%,16.7%,8.6%,-2.1%,"$554,848 ","21,436"
1184,"PRINCETON, NJ",Open,2019,9/13/2019,2019 Open - SEP '19,2019,9/11/2019,Comp,Yes,,3,13,1,R13 D01,Trenton,"Philadelphia, PA",Top 10 DMA,"200 NASSAU PARK BLVD, U 22C",PRINCETON,NJ,8540,40.3,-74.7," 27,690 ",Exurban,"754,912","1,298","1,234","8,441,533","$110,956",GT80K,22%,12%,11%,55%,179%,GT 120,"$88,536",40%,40-60%,16%,15-20%,20%,10-20%,20%,GT 8%,0.23%,48.33%,LT8MM, LT8MM ,LT8MM,LT8MM,G,,,,,,$0,"$1,201,618","$7,256,052","$6,298,691","$6,298,691","$6,712,313","$6,794,783","$6,730,465","$6,730,465","$6,691,776","$6,691,776",,,,,,,3.6%,4.9%,-13.2%,6.6%,0.2%,-0.6%,"$379,503 ","13,130"
1185,"JACKSONVILLE, FL (RIVER CTY)",Open,2019,10/18/2019,2019 Open - OCT '19,2019,10/16/2019,Comp,,,5,19,4,R19 D04,Jacksonville,"Jacksonville, FL",,13075 CITY SQ DR,JACKSONVILLE,FL,32218,30.5,-81.6," 31,457 ",Exurban,"901,845",477,"1,365","2,186,986","$71,135",70K-80K,38%,17%,14%,32%,97%,80 - 100,"$78,343",45%,40-60%,32%,GT 30%,13%,10-20%,5%,4-6%,1.23%,51.32%,LT8MM, LT8MM ,LT8MM,LT8MM,G,,,,,,$0,"$422,044","$8,120,302","$7,137,995","$7,137,995","$7,488,377","$7,582,893","$6,844,362","$6,844,362","$7,035,317","$7,035,317",,,,,,,12.6%,-2.8%,-12.1%,4.9%,-8.4%,2.8%,"$408,107 ","14,896"
1186,"SAN JUAN, PR(PLAZ AMERICAS)",Open,2019,11/15/2019,2019 Open - NOV '19,2019,11/13/2019,Comp,Yes,,5,31,1,R31 D01,,Puerto Rico,Top 10 DMA,525 AVENIDA F D ROOSEVELT,SAN JUAN,PR,918,18.4,-66.1," 49,728 ",Light Suburban,"980,393","3,973","2,662","3,245,457","$31,572",LT60K,76%,10%,5%,8%,77%,LT 80,"$25,105",1%,LT 20%,0%,LT 5%,98%,GT 40%,0%,LT 2%,0.00%,0.00%,20M+, 20M+ ,20M+,20M+,A,,,,,,$0,$0,"$29,029,788","$26,641,627","$26,641,627","$27,494,760","$27,868,470","$27,742,489","$27,742,489","$28,384,767","$28,384,767",,,,,,, ,0.0%,-8.2%,3.2%,1.3%,2.3%,"$881,376 ","58,157"
1187,"BENTON, AR",Open,2019,10/4/2019,2019 Open - SEP '19,2019,10/2/2019,Comp,,,4,6,2,R06 D02,Little Rock-North Little Rock-Conway,"Little Rock-Pine Bluff, AR",,20815 INTERSTATE 30 S,BENTON,AR,72015,34.6,-92.5," 23,106 ",Exurban,"240,797",171,"1,310","1,476,977","$65,780",60K-70K,42%,18%,13%,27%,131%,GT 120,"$61,355",56%,40-60%,27%,20-30%,11%,10-20%,1%,LT 2%,0.00%,49.82%,LT8MM, LT8MM ,LT8MM,LT8MM,H,,,,,,$0,"$1,163,162","$6,279,771","$5,147,685","$5,147,685","$5,698,632","$5,776,008","$5,941,227","$5,941,227","$5,961,371","$5,961,371",,,,,,,351.8%,2.7%,-18.0%,10.7%,4.1%,0.3%,"$306,574 ","12,301"
1188,"SAN ANTONIO, TX (THE RIM)",Open,2020,3/20/2020,2020 Open - MAR '20,2020,3/16/2020,Comp,,,4,28,3,R28 D03,San Antonio-New Braunfels,"San Antonio, TX",,17610 LA CANTERA PKWY #110,SAN ANTONIO,TX,78257,29.6,-98.6," 26,888 ",Light Suburban,"2,515,441",408,"1,684","3,079,144","$76,733",70K-80K,33%,18%,14%,35%,100%,100 - 120,"$76,315",30%,20-40%,7%,5-10%,56%,GT 40%,3%,2-4%,1.18%,50.03%,LT8MM, LT8MM ,LT8MM,LT8MM,G,,,,,,,$0,"$8,013,257","$6,685,299","$6,685,299","$7,099,634","$7,190,961","$7,044,140","$7,044,140","$6,886,329","$6,886,329",,,,,,, ,0.0%,-16.6%,6.2%,-0.8%,-2.2%,"$385,431 ","15,414"
1189,"LAS VEGAS, NV (BEST)",Open,2019,10/11/2019,2019 Open - OCT '19,2019,10/9/2019,Comp,Yes,,1,4,1,R04 D01,Las Vegas-Henderson-Paradise,"Las Vegas, NV",,2150 N RAINBOW BLVD,LAS VEGAS,NV,89108,36.2,-115.2," 29,731 ",Light Urban,"679,120","5,709","6,994","2,478,119","$74,723",70K-80K,35%,18%,14%,34%,87%,80 - 100,"$79,597",27%,20-40%,19%,15-20%,41%,GT 40%,7%,6-8%,0.87%,45.85%,10 - 12 MM, 10 - 12 MM ,10 - 12 MM,10 - 12 MM,D,,,,,,$0,"$678,914","$13,207,968","$10,372,895","$10,372,895","$10,526,811","$10,668,260","$10,662,540","$10,662,540","$10,699,706","$10,699,706",,,,,,,7.2%,-17.3%,-21.5%,1.5%,1.5%,0.3%,"$541,905 ","21,325"
1190,"BRENTWOOD, MO",Open,2019,9/20/2019,2019 Open - SEP '19,2019,9/18/2019,Comp,,,4,6,3,R06 D03,St. Louis,"St. Louis, MO",,53 BRENTWOOD PROMENADE CT,BRENTWOOD,MO,63144,38.6,-90.3," 33,647 ",Suburban,"606,026","2,730","3,878","3,181,819","$61,617",60K-70K,44%,18%,12%,26%,132%,GT 120,"$80,162",32%,20-40%,55%,GT 30%,5%,LT 10%,4%,2-4%,0.01%,50.74%,LT8MM, LT8MM ,LT8MM,LT8MM,G,,,,,,$0,"$1,328,912","$6,996,147","$6,134,680","$6,134,680","$6,307,566","$6,400,016","$6,986,033","$6,986,033","$7,256,893","$7,256,893",,,,,,,-10.1%,-20.7%,-12.3%,2.8%,10.7%,3.9%,"$352,415 ","13,691"
1191,"COLUMBUS, OH (POLARIS)",Open,2019,9/27/2019,2019 Open - SEP '19,2019,9/25/2019,Comp,Yes,,3,8,1,R08 D01,Columbus,"Columbus, OH",,1400 GEMINI PL RD,COLUMBUS,OH,43240,40.1,-83.0," 28,817 ",Light Suburban,"731,305",851,"2,824","2,701,932","$84,251",GT80K,28%,17%,13%,43%,145%,GT 120,"$76,907",55%,40-60%,26%,20-30%,6%,LT 10%,7%,6-8%,0.51%,49.28%,LT8MM, LT8MM ,LT8MM,LT8MM,G,,,,,,$0,"$1,281,666","$7,546,345","$7,341,862","$7,341,862","$7,511,290","$7,609,453","$7,033,150","$7,033,150","$7,200,596","$7,200,596",,,,,,,4.8%,15.5%,-2.7%,2.3%,-6.1%,2.4%,"$429,620 ","13,315"
1192,"TUCSON, AZ (TUCSON WEST)",Open,2020,3/20/2020,2020 Open - MAR '20,2020,3/15/2020,Comp,,,1,3,1,R03 D01,Tucson,"Tucson (Sierra Vista), AZ",,4255 N. ORACLE RD,TUCSON,AZ,85705,32.3,-111.0," 30,472 ",Suburban,"387,571",173,"3,488","1,249,836","$57,578",LT60K,47%,18%,12%,23%,69%,LT 80,"$70,964",28%,20-40%,4%,LT 5%,59%,GT 40%,2%,2-4%,0.33%,47.32%,LT8MM, LT8MM ,08 - 10 MM,08 - 10 MM,E,,,,,,,$0,"$6,726,991","$6,295,786","$6,295,786","$7,307,274","$7,423,700","$8,911,235","$8,911,235","$8,721,639","$8,721,639",,,,,,, ,0.0%,-6.4%,16.1%,21.8%,-2.1%,"$423,227 ","18,943"
1193,"SUNSET VALLEY, TX",Open,2019,10/4/2019,2019 Open - SEP '19,2019,10/2/2019,Comp,,,4,28,2,R28 D02,Austin-Round Rock,"Austin, TX",,5207 BRODIE LANE,SUNSET VALLEY,TX,78745,30.2,-97.8," 22,821 ",Suburban,"1,621,257",652,"3,506","2,777,592","$102,887",GT80K,24%,16%,12%,48%,100%,100 - 120,"$102,471",42%,40-60%,8%,5-10%,38%,30-40%,8%,6-8%,1.97%,51.72%,LT8MM, LT8MM ,LT8MM,LT8MM,H,,,,,,$0,"$954,679","$5,980,657","$5,284,667","$5,284,667","$5,247,603","$5,307,095","$5,528,100","$5,528,100","$5,436,602","$5,436,602",,,,,,,339.5%,36.1%,-11.6%,-0.7%,4.9%,-1.7%,"$312,649 ","11,808"
1194,"POMPANO BEACH (CITI CENTR), FL",Open,2021,10/8/2021,2021 Open - OCT '21,2021,10/6/2021,Comp,Yes,,5,30,3,R30 D03,Miami-Fort Lauderdale-West Palm Beach,"Miami-Ft. Lauderdale, FL",Top 10 DMA,2251 N FED HIGHWAY,POMPANO BEACH,FL,33062,26.3,-80.1," 36,003 ",Light Urban,"1,274,508","5,484","5,705","4,800,721","$71,875",70K-80K,35%,19%,14%,32%,90%,80 - 100,"$78,384",31%,20-40%,32%,GT 30%,28%,20-30%,3%,2-4%,0.33%,48.16%,08 - 10 MM, 10 - 12 MM ,10 - 12 MM,10 - 12 MM,D,,,,,,, ,"$4,153,221","$589,176","$9,160,873","$9,946,221","$10,117,469","$10,729,658","$10,729,658","$10,928,943","$10,928,943",,,,,,, ,0.0%,6.5%,8.6%,7.8%,1.9%,"$499,484 ","21,120"
1195,"MIAMI, FL (CALIFORNIA CLUB)",Open,2020,9/10/2020,2020 Open - SEP '20,2020,9/8/2020,Comp,Yes,,5,31,7,R31 D07,Miami-Fort Lauderdale-West Palm Beach,"Miami-Ft. Lauderdale, FL",Top 10 DMA,850 IVES DAIRY RD T-11,NORTH MIAMI,FL,33161,26.0,-80.2," 34,657 ",Light Urban,"538,361","6,914","7,359","4,800,721","$63,693",60K-70K,45%,15%,14%,26%,85%,80 - 100,"$78,384",9%,LT 20%,46%,GT 30%,40%,30-40%,2%,LT 2%,0.33%,48.16%,08 - 10 MM, 08 - 10 MM ,08 - 10 MM,08 - 10 MM,E,,,,,,,$0,"$9,064,036","$8,096,760","$8,096,760","$8,277,885","$8,409,457","$8,557,866","$8,557,866","$8,863,397","$8,863,397",,,,,,, ,0.0%,-10.7%,2.2%,3.5%,3.6%,"$452,331 ","17,402"
1196,"LA HABRA, CA",Open,2019,11/8/2019,2019 Open - NOV '19,2019,11/6/2019,Comp,Yes,,1,4,4,R04 D04,Los Angeles-Long Beach-Anaheim,"Los Angeles, CA",Top 10 DMA,"2101 W. IMPERIAL HWY, ST B",LA HABRA,CA,90631,33.9,-118.0," 32,673 ",Light Urban,"405,455","5,968","6,305","18,082,820","$104,989",GT80K,24%,14%,13%,49%,116%,100 - 120,"$97,162",18%,LT 20%,2%,LT 5%,60%,GT 40%,17%,GT 8%,-0.04%,47.33%,LT8MM, LT8MM ,LT8MM,LT8MM,H,,,,,,$0,"$372,347","$6,713,080","$5,333,399","$5,333,399","$4,814,812","$4,885,898","$4,850,048","$4,850,048","$4,855,281","$4,855,281",,,,,,, ,-37.9%,-20.6%,-9.7%,1.1%,0.1%,"$323,787 ","11,629"
1197,"LONG ISLAND CITY, NY",Open,2020,10/23/2020,2020 Open - OCT '20,2020,10/19/2020,Comp,Yes,Yes,3,14,5,R14 D05,New York-Newark-Jersey City,"New York, NY",Top 10 DMA,34-54 48th Street,QUEENS,NY,11101,40.8,-73.9," 31,019 ",Super Urban,"754,398","42,586","47,082","22,165,424","$83,101",GT80K,31%,14%,11%,45%,102%,100 - 120,"$101,231",24%,20-40%,5%,LT 5%,42%,GT 40%,26%,GT 8%,0.08%,49.12%,20M+, 20M+ ,20M+,20M+,B,,,,,,,$0,"$20,186,273","$20,003,479","$20,003,479","$20,350,278","$20,627,590","$20,276,872","$20,276,872","$21,108,029","$21,108,029",,,,,,, ,0.0%,-0.9%,1.7%,-0.3%,4.1%,"$836,429 ","32,835"
1198,"MAPLE GROVE, MN",Open,2020,3/20/2020,2020 Open - MAR '20,2020,3/18/2020,Comp,Yes,Yes,1,5,1,R05 D01,Minneapolis-St. Paul-Bloomington,"Minneapolis-St. Paul, MN",,12530 ELM CREEK BLVD N,MAPLE GROVE,MN,55369,45.1,-93.4," 24,431 ",Light Suburban,"585,725","1,306","2,175","5,035,066","$104,623",GT80K,21%,15%,13%,51%,136%,GT 120,"$91,896",63%,GT 60%,16%,15-20%,6%,LT 10%,9%,GT 8%,0.42%,52.29%,LT8MM, LT8MM ,08 - 10 MM,08 - 10 MM,E,,,,,,,$0,"$6,790,462","$6,419,376","$6,419,376","$7,745,139","$7,859,738","$9,467,053","$9,467,053","$9,918,851","$9,918,851",,,,,,, ,0.0%,-5.5%,20.7%,22.0%,4.8%,"$396,909 ","16,866"
1199,"LARGO, MD",Open,2020,9/10/2020,2020 Open - SEP '20,2020,9/8/2020,Comp,Yes,,5,11,6,R11 D06,Washington-Arlington-Alexandria,"Washington, DC (Hagerstown, MD)",Top 10 DMA,990 LARGO CNTR DR,LARGO,MD,20774,38.9,-76.8," 27,328 ",Suburban,"609,677","2,430","3,225","7,403,493","$105,591",GT80K,22%,14%,14%,50%,88%,80 - 100,"$120,994",6%,LT 20%,70%,GT 30%,17%,10-20%,3%,2-4%,0.54%,51.13%,LT8MM, 08 - 10 MM ,08 - 10 MM,08 - 10 MM,E,,,,,,,$0,"$7,703,631","$7,400,571","$7,400,571","$8,128,361","$8,243,746","$8,909,702","$8,909,702","$9,251,908","$9,251,908",,,,,,, ,0.0%,-3.9%,9.8%,9.5%,3.8%,"$480,031 ","17,754"
1200,"SEAL BEACH, CA",Open,2019,10/18/2019,2019 Open - OCT '19,2019,10/16/2019,Comp,Yes,,1,3,3,R03 D03,Los Angeles-Long Beach-Anaheim,"Los Angeles, CA",Top 10 DMA,12347 SEAL BEACH BLVD,SEAL BEACH,CA,90740,33.8,-118.1," 37,176 ",Suburban,"621,549","8,071","4,200","18,082,820","$102,048",GT80K,26%,14%,13%,47%,128%,GT 120,"$97,162",28%,20-40%,5%,LT 5%,37%,30-40%,25%,GT 8%,-0.04%,47.33%,LT8MM, LT8MM ,LT8MM,LT8MM,H,,,,,,$0,"$231,202","$5,360,420","$4,731,603","$4,731,603","$4,638,216","$4,713,779","$4,733,727","$4,733,727","$4,635,456","$4,635,456",,,,,,,-4.9%,-1.7%,-11.7%,-2.0%,2.2%,-2.1%,"$331,858 ","11,148"
1202,"TACOMA, WA (TACOMA MALL)",Open,2020,9/10/2020,2020 Open - SEP '20,2020,9/7/2020,Comp,,,1,1,2,R01 D02,Seattle-Tacoma-Bellevue,"Seattle-Tacoma, WA",,4214 TACOMA MALL BLVD,TACOMA,WA,98409,47.2,-122.5," 33,940 ",Light Urban,"419,638","3,768","5,327","5,772,567","$85,292",GT80K,28%,17%,14%,41%,74%,LT 80,"$108,737",47%,40-60%,11%,10-15%,16%,10-20%,10%,GT 8%,0.66%,52.46%,LT8MM, LT8MM ,08 - 10 MM,08 - 10 MM,E,,,,,,,$0,"$8,328,852","$6,412,972","$6,412,972","$7,432,101","$7,550,808","$8,337,473","$8,337,473","$9,252,555","$9,252,555",,,,,,, ,0.0%,-23.0%,15.9%,12.1%,11.0%,"$453,689 ","18,211"
1203,"HOLLYWOOD, FL (SHERIDAN PLZ)",Open,2020,9/10/2020,2020 Open - SEP '20,2020,9/8/2020,Comp,Yes,,5,31,7,R31 D07,Miami-Fort Lauderdale-West Palm Beach,"Miami-Ft. Lauderdale, FL",Top 10 DMA,5511 SHERIDAN ST,HOLLYWOOD,FL,33021,26.0,-80.2," 26,560 ",Light Urban,"636,499","6,313","5,549","4,800,721","$70,696",70K-80K,37%,18%,15%,30%,93%,80 - 100,"$78,384",21%,20-40%,33%,GT 30%,39%,30-40%,3%,2-4%,0.33%,48.16%,08 - 10 MM, 08 - 10 MM ,10 - 12 MM,10 - 12 MM,D,,,,,,,$0,"$9,356,534","$9,042,741","$9,042,741","$9,342,767","$9,493,507","$10,527,883","$10,527,883","$10,293,917","$10,293,917",,,,,,, ,0.0%,-3.4%,3.3%,12.8%,-2.2%,"$525,271 ","21,322"
1204,"ALBANY, GA",Open,2020,9/10/2020,2020 Open - SEP '20,2020,9/9/2020,Comp,,,5,19,3,R19 D03,Albany,"Albany, GA",,832 N WESTOVER BLVD,ALBANY,GA,31707,31.6,-84.2," 27,237 ",Exurban,"184,249",89,"1,091","388,147","$52,495",LT60K,49%,17%,11%,23%,141%,GT 120,"$53,132",38%,20-40%,54%,GT 30%,4%,LT 10%,1%,LT 2%,-0.17%,45.11%,LT8MM, LT8MM ,LT8MM,LT8MM,G,,,,,,,$0,"$6,922,628","$5,508,019","$5,508,019","$5,739,596","$5,827,678","$5,605,308","$5,605,308","$6,882,510","$6,882,510",,,,,,, ,0.0%,-20.4%,4.2%,-2.5%,22.8%,"$341,807 ","12,306"
1205,"LONGMONT, CO",Open,2020,3/20/2020,2020 Open - MAR '20,2020,3/15/2020,Comp,,,1,1,5,R01 D05,Boulder,"Denver, CO",,"1240 S HOVER ST, ST 100",LONGMONT,CO,80501,40.1,-105.1," 26,950 ",Light Suburban,"308,374",253,"2,117","4,891,657","$104,416",GT80K,21%,12%,14%,52%,89%,80 - 100,"$102,369",68%,GT 60%,1%,LT 5%,23%,20-30%,3%,2-4%,0.81%,52.15%,LT8MM, LT8MM ,LT8MM,LT8MM,G,,,,,,,$0,"$5,191,244","$5,547,798","$5,547,798","$6,517,830","$6,603,888","$7,344,454","$7,344,454","$7,248,307","$7,248,307",,,,,,, ,0.0%,6.9%,17.5%,12.5%,-1.3%,"$426,323 ","14,473"
1206,"NORTON SHORES, MI",Open,2020,3/20/2020,2020 Open - MAR '20,2020,3/17/2020,Comp,,,3,8,5,R08 D05,Muskegon,"Grand Rapids-Kalamazoo-Battle Creek, MI",,5159 S HARVEY ST,NORTON SHORES,MI,49444,43.2,-86.2," 25,631 ",Exurban,"123,897",638,858,"2,126,807","$58,567",LT60K,44%,23%,13%,20%,98%,80 - 100,"$75,179",68%,GT 60%,18%,15-20%,7%,LT 10%,1%,LT 2%,0.16%,52.70%,LT8MM, LT8MM ,LT8MM,LT8MM,H,,,,,,,$0,"$6,447,597","$5,416,019","$5,416,019","$5,561,892","$5,640,655","$5,539,687","$5,539,687","$5,536,542","$5,536,542",,,,,,, ,0.0%,-16.0%,2.7%,-0.5%,-0.1%,"$319,358 ","10,825"
1207,"HOWELL, NJ",Open,2021,3/5/2021,2021 Open - MAR '21,2021,3/1/2021,Comp,Yes,,3,13,2,R13 D02,New York-Newark-Jersey City,"New York, NY",Top 10 DMA,4755 US RT 9,HOWELL,NJ,7731,40.1,-74.2," 26,728 ",Light Suburban,"405,625","1,433","2,556","22,165,424","$100,143",GT80K,26%,13%,10%,51%,106%,100 - 120,"$101,231",75%,GT 60%,4%,LT 5%,14%,10-20%,3%,2-4%,0.08%,49.12%,LT8MM, 08 - 10 MM ,08 - 10 MM,08 - 10 MM,F,$0,$0,$0,$0,$0,$0, ,"$8,137,816","$5,511,443","$7,091,391","$8,141,446","$8,247,536","$8,368,385","$8,368,385","$8,314,870","$8,314,870",0.0%,0.0%,0.0%,0.0%,0.0%,0.0%, ,0.0%,-12.8%,14.8%,2.7%,-0.6%,"$460,977 ","15,773"
1208,"LEXINGTON, KY(SOUTH PARK)",Open,2020,9/18/2020,2020 Open - SEP '20,2020,9/15/2020,Comp,,,5,18,6,R18 D06,Lexington-Fayette,"Lexington, KY",,3220 NICHOLASVILLE RD 145,LEXINGTON,KY,40503,38.0,-84.5," 31,619 ",Suburban,"383,733","1,085","4,151","1,341,385","$69,289",60K-70K,38%,16%,11%,35%,118%,100 - 120,"$61,452",69%,GT 60%,13%,10-15%,9%,LT 10%,4%,2-4%,0.23%,51.54%,LT8MM, LT8MM ,LT8MM,LT8MM,G,,,,,,,$0,"$6,427,335","$5,819,182","$5,819,182","$6,441,682","$6,529,447","$6,162,937","$6,162,937","$7,313,715","$7,313,715",,,,,,, ,0.0%,-9.5%,10.7%,-4.4%,18.7%,"$341,170 ","12,796"
1209,"RARITAN, NJ",Open,2020,9/10/2020,2020 Open - SEP '20,2020,9/4/2020,Comp,Yes,,3,13,1,R13 D01,New York-Newark-Jersey City,"New York, NY",Top 10 DMA,451 NJ-28,RARITAN,NJ,8869,40.6,-74.6," 35,560 ",Light Suburban,"522,083","1,207","2,062","22,165,424","$134,975",GT80K,15%,11%,12%,63%,140%,GT 120,"$101,231",44%,40-60%,12%,10-15%,22%,20-30%,18%,GT 8%,0.08%,49.12%,08 - 10 MM, 08 - 10 MM ,08 - 10 MM,08 - 10 MM,F,,,,,,,$0,"$9,760,691","$8,966,233","$8,966,233","$9,642,228","$9,765,350","$9,204,205","$9,204,205","$8,364,189","$8,364,189",,,,,,, ,0.0%,-8.1%,7.5%,-4.5%,-9.1%,"$438,894 ","15,988"
1210,"SPOKANE VALLEY, WA",Open,2020,10/16/2020,2020 Open - OCT '20,2020,10/12/2020,Comp,,,1,1,6,R01 D06,Spokane-Spokane Valley,"Spokane, WA",,15505 E BROADWAY AVE,SPOKANE VALLEY,WA,99037,47.7,-117.2," 24,247 ",Light Suburban,"459,753",347,"2,800","1,330,088","$76,696",70K-80K,37%,18%,12%,33%,101%,100 - 120,"$73,282",79%,GT 60%,2%,LT 5%,7%,LT 10%,2%,2-4%,1.05%,52.65%,LT8MM, LT8MM ,LT8MM,LT8MM,H,,,,,,,$0,"$6,427,988","$4,835,550","$4,835,550","$4,753,331","$4,813,246","$4,945,233","$4,945,233","$5,151,929","$5,151,929",,,,,,, ,0.0%,-24.8%,-1.7%,4.2%,4.2%,"$315,958 ","10,714"
1211,"PEMBROKE PINES, FL",Open,2020,9/10/2020,2020 Open - SEP '20,2020,9/8/2020,Comp,Yes,Yes,5,31,7,R31 D07,Miami-Fort Lauderdale-West Palm Beach,"Miami-Ft. Lauderdale, FL",Top 10 DMA,11930 PINES BLVD,PEMBROKE PINES,FL,33025,26.0,-80.3," 33,504 ",Light Urban,"904,129","4,657","5,077","4,800,721","$81,567",GT80K,32%,16%,15%,38%,106%,100 - 120,"$78,384",13%,LT 20%,25%,20-30%,56%,GT 40%,4%,2-4%,0.33%,48.16%,10 - 12 MM, 10 - 12 MM ,12 - 20 MM,12 - 20 MM,D,,,,,,,$0,"$12,687,405","$11,558,201","$11,558,201","$11,138,690","$11,321,402","$12,243,132","$12,243,132","$12,522,924","$12,522,924",,,,,,, ,0.0%,-8.9%,-3.6%,9.9%,2.3%,"$599,371 ","26,594"
1212,"CHESTERFIELD, MI",Open,2021,3/5/2021,2021 Open - MAR '21,2021,3/1/2021,Comp,Yes,,3,8,2,R08 D02,Detroit-Warren-Dearborn,"Detroit, MI",,50355 WATERSIDE DR,CHESTERFIELD,MI,48051,42.7,-82.8," 28,291 ",Light Suburban,"330,468",879,"1,799","4,913,743","$87,062",GT80K,28%,16%,13%,43%,122%,GT 120,"$77,383",79%,GT 60%,10%,5-10%,4%,LT 10%,3%,2-4%,-0.10%,48.12%,LT8MM, LT8MM ,LT8MM,LT8MM,H,$0,$0,$0,$0,$0,$0, ,"$7,554,387","$4,430,958","$5,672,272","$5,954,184","$6,030,441","$6,176,574","$6,176,574","$5,947,246","$5,947,246",0.0%,0.0%,0.0%,0.0%,0.0%,0.0%, ,0.0%,-21.7%,5.0%,3.8%,-3.7%,"$328,252 ","12,126"
1213,"GREENSBORO, NC (WENDOVER PL)",Open,2020,9/10/2020,2020 Open - SEP '20,2020,9/7/2020,Comp,,,5,18,4,R18 D04,Greensboro-High Point,"Greensboro-High Point-Winston Salem, NC",,1214 BRIDFORD PKWY,GREENSBORO,NC,27407,36.1,-79.9," 30,800 ",Light Suburban,"1,119,472",588,"2,270","1,891,531","$65,853",60K-70K,39%,17%,14%,30%,96%,80 - 100,"$66,103",51%,40-60%,27%,20-30%,13%,10-20%,4%,2-4%,0.38%,50.49%,08 - 10 MM, 08 - 10 MM ,08 - 10 MM,10 - 12 MM,D,,,,,,,$0,"$9,584,212","$8,166,789","$8,166,789","$8,857,635","$8,982,644","$9,579,906","$9,579,906","$11,012,564","$11,012,564",,,,,,, ,0.0%,-14.8%,8.5%,8.0%,15.0%,"$516,119 ","19,872"
1214,"FORT MYERS, FL (GULF COAST)",Open,2020,9/18/2020,2020 Open - SEP '20,2020,9/15/2020,Comp,,,5,30,7,R30 D07,Cape Coral-Fort Myers,"Ft. Myers-Naples, FL",,10008 GULF CNTR DR,FORT MYERS,FL,33913,26.5,-81.8," 26,120 ",Light Suburban,"1,082,112",232,"1,725","1,553,978","$78,416",70K-80K,23%,18%,15%,44%,115%,100 - 120,"$78,978",56%,40-60%,8%,5-10%,30%,30-40%,2%,LT 2%,1.55%,56.33%,LT8MM, LT8MM ,LT8MM,LT8MM,H,,,,,,,$0,"$7,293,620","$6,167,150","$6,167,150","$6,010,930","$6,107,344","$6,358,379","$6,358,379","$6,522,853","$6,522,853",,,,,,, ,0.0%,-15.4%,-2.5%,6.0%,2.6%,"$371,167 ","14,652"
1215,"BROOKLYN, NY (FLATBUSH TILD)",Open,2020,10/30/2020,2020 Open - OCT '20,2020,10/26/2020,Comp,Yes,Yes,3,14,3,R14 D03,New York-Newark-Jersey City,"New York, NY",Top 10 DMA,2163 TILDEN AVENUE,BROOKLYN,NY,11226,40.6,-74.0," 33,031 ",Super Urban,"436,778","53,415","48,284","22,165,424","$76,226",70K-80K,32%,14%,12%,42%,80%,80 - 100,"$101,231",15%,LT 20%,57%,GT 30%,12%,10-20%,7%,6-8%,0.08%,49.12%,12 - 20 MM, 12 - 20 MM ,12 - 20 MM,12 - 20 MM,B,,,,,,,$0,"$18,710,021","$16,585,583","$16,585,583","$16,791,159","$17,022,562","$17,667,257","$17,667,257","$19,134,136","$19,134,136",,,,,,, ,0.0%,-11.4%,1.2%,5.1%,8.3%,"$737,792 ","28,183"
1216,"SACRAMENTO, CA (HOWE ARDEN)",Open,2021,3/5/2021,2021 Open - MAR '21,2021,3/2/2021,Comp,,Yes,1,21,3,R21 D03,Sacramento--Roseville--Arden-Arcade,"Sacramento-Stockton-Modesto, CA",,1596 ETAHN WAY,SACRAMENTO,CA,95825,38.6,-121.4," 31,200 ",Light Urban,"628,013","4,003","5,314","4,601,910","$78,929",70K-80K,34%,17%,15%,34%,81%,80 - 100,"$95,209",24%,20-40%,13%,10-15%,32%,30-40%,23%,GT 8%,0.42%,50.62%,LT8MM, LT8MM ,LT8MM,08 - 10 MM,F,$0,$0,$0,$0,$0,$0, ,"$8,213,249","$5,125,481","$6,741,093","$7,010,557","$7,124,826","$7,546,309","$7,546,309","$8,124,064","$8,124,064",0.0%,0.0%,0.0%,0.0%,0.0%,0.0%, ,0.0%,-17.5%,4.0%,7.5%,7.7%,"$401,172 ","14,996"
1217,"SAN ANTONIO, TX  (CULEBRA)",Open,2021,9/10/2021,2021 Open - SEP '21,2021,9/6/2021,Comp,,,4,28,3,R28 D03,San Antonio-New Braunfels,"San Antonio, TX",,"5742 WEST LOOP 1604, STE 105",SAN ANTONIO,TX,78251,29.5,-98.7," 31,447 ",Suburban,"1,674,411",513,"4,116","3,079,144","$70,515",70K-80K,35%,18%,14%,33%,124%,GT 120,"$76,315",22%,20-40%,7%,5-10%,64%,GT 40%,3%,2-4%,1.18%,50.03%,08 - 10 MM, 10 - 12 MM ,10 - 12 MM,10 - 12 MM,D,$0,$0,$0,$0,$0,$0, ,"$4,735,418","$1,982,907","$9,505,700","$9,910,852","$10,054,688","$10,278,749","$10,278,749","$10,245,178","$10,245,178",0.0%,0.0%,0.0%,0.0%,0.0%,0.0%, ,0.0%,0.3%,4.3%,3.6%,-0.3%,"$497,199 ","22,671"
1218,"HOUSTON, TX (PEARLAND PKWY)",Open,2020,9/10/2020,2020 Open - SEP '20,2020,9/7/2020,Comp,Yes,,4,17,3,R17 D03,Houston-The Woodlands-Sugar Land,"Houston, TX",Top 10 DMA,8501 S SAM HOUSTON E PKWY,HOUSTON,TX,77075,29.6,-95.3," 31,108 ",Suburban,"874,910","2,025","3,528","8,054,291","$76,818",70K-80K,33%,18%,13%,36%,99%,80 - 100,"$82,684",14%,LT 20%,27%,20-30%,49%,GT 40%,7%,6-8%,1.17%,52.51%,08 - 10 MM, 08 - 10 MM ,10 - 12 MM,10 - 12 MM,D,,,,,,,$0,"$10,019,772","$9,277,343","$9,277,343","$9,802,896","$9,935,960","$9,543,013","$10,110,671","$9,676,070","$10,444,422",,,,,,, ,0.0%,-7.4%,5.7%,4.6%,1.4%,"$530,449 ","22,242"
1219,"CHESTER, VA",Open,2020,10/2/2020,2020 Open - SEP '20,2020,9/28/2020,Comp,,,5,11,3,R11 D03,Richmond,"Richmond-Petersburg, VA",,12601 JEFFERSON DVS HGWY,CHESTER,VA,23831,37.4,-77.4," 24,276 ",Exurban,"471,135",424,"1,392","1,613,854","$72,797",70K-80K,35%,18%,13%,34%,113%,100 - 120,"$85,072",36%,20-40%,43%,GT 30%,14%,10-20%,2%,2-4%,0.62%,50.06%,LT8MM, 08 - 10 MM ,08 - 10 MM,08 - 10 MM,E,,,,,,,$0,"$8,285,882","$7,266,675","$7,266,675","$8,075,861","$8,183,449","$8,882,087","$8,882,087","$9,056,228","$9,056,228",,,,,,, ,0.0%,-12.3%,11.1%,10.0%,2.0%,"$383,553 ","17,484"
1220,"MIAMI, FL (INTL MALL)",Open,2021,3/19/2021,2021 Open - MAR '21,2021,3/15/2021,Comp,Yes,,5,31,2,R31 D02,Miami-Fort Lauderdale-West Palm Beach,"Miami-Ft. Lauderdale, FL",Top 10 DMA,1645 NW 107TH AVE,MIAMI,FL,33172,25.8,-80.4," 33,428 ",Light Urban,"559,538","6,001","5,976","4,800,721","$77,988",70K-80K,36%,11%,14%,38%,98%,80 - 100,"$78,384",7%,LT 20%,1%,LT 5%,89%,GT 40%,2%,LT 2%,0.33%,48.16%,10 - 12 MM, 10 - 12 MM ,10 - 12 MM,10 - 12 MM,D,,,,,,, ,"$9,802,312","$7,138,875","$10,314,348","$11,461,643","$11,648,601","$11,311,945","$11,311,945","$10,427,364","$10,427,364",,,,,,, ,0.0%,0.0%,11.1%,-1.3%,-7.8%,"$621,258 ","21,013"
1221,"SPRINGFIELD, MO (PRIMROSE)",Open,2020,9/18/2020,2020 Open - SEP '20,2020,9/14/2020,Comp,,,4,16,5,R16 D05,Springfield,"Springfield, MO",,3402 S GLENSTONE AVE,SPRINGFIELD,MO,65804,37.2,-93.3," 27,000 ",Light Suburban,"522,887",182,"2,320","1,138,831","$64,968",60K-70K,41%,18%,15%,27%,97%,80 - 100,"$60,365",84%,GT 60%,2%,LT 5%,5%,LT 10%,2%,LT 2%,0.44%,55.07%,LT8MM, LT8MM ,LT8MM,LT8MM,H,,,,,,,$0,"$7,292,689","$5,876,199","$5,876,199","$6,026,470","$6,111,125","$5,871,757","$5,871,757","$6,185,723","$6,185,723",,,,,,, ,0.0%,-19.4%,2.6%,-2.7%,5.3%,"$314,537 ","12,867"
1222,"MEMPHIS, TN (WOLFCREEK)",Open,2020,9/10/2020,2020 Open - SEP '20,2020,9/7/2020,Comp,,,4,6,2,R06 D02,Memphis,"Memphis, TN",,8044 GIACOSA PL,MEMPHIS,TN,38133,35.2,-89.8," 28,875 ",Light Suburban,"486,644",805,"2,262","1,776,622","$74,881",70K-80K,39%,16%,12%,34%,130%,GT 120,"$64,171",29%,20-40%,54%,GT 30%,10%,10-20%,3%,2-4%,-0.15%,45.03%,LT8MM, LT8MM ,LT8MM,08 - 10 MM,F,,,,,,,$0,"$7,003,696","$6,535,418","$6,535,418","$7,144,843","$7,251,713","$7,949,362","$7,949,362","$8,179,352","$8,179,352",,,,,,, ,0.0%,-6.7%,9.3%,10.8%,2.9%,"$472,620 ","16,297"
1223,"GOSHEN, IN",Open,2021,9/17/2021,2021 Open - SEP '21,2021,9/16/2021,Comp,,,3,8,5,R08 D05,Elkhart-Goshen,"South Bend-Elkhart, IN",,4024 ELKHART RD #1B,GOSHEN,IN,46526,41.6,-85.9," 29,855 ",Exurban,"204,272",456,797,"909,561","$70,509",70K-80K,38%,18%,13%,31%,111%,100 - 120,"$69,546",68%,GT 60%,5%,5-10%,21%,20-30%,1%,LT 2%,-0.06%,50.50%,LT8MM, LT8MM ,LT8MM,08 - 10 MM,F,,,,,,, ,"$4,023,262","$1,441,243","$7,320,073","$7,478,542","$7,582,786","$7,581,170","$7,581,170","$8,445,503","$8,445,503",,,,,,, ,0.0%,-5.7%,2.2%,1.4%,11.4%,"$394,049 ","15,138"
1224,"KISSIMMEE, FL (WATER STAR)",Open,2023,4/21/2023,2023 Open - APR '23,2023,4/17/2023,Comp,Yes,,5,30,6,R30 D06,Orlando-Kissimmee-Sanford,"Orlando-Daytona Beach-Melbourne, FL",,8035 W IRLO BRON HWY STE 150,KISSIMMEE,FL,34747,28.3,-81.6," 19,115 ",Exurban,"203,876","1,449",660,"4,872,913","$94,137",GT80K,28%,16%,14%,42%,107%,100 - 120,"$78,250",46%,40-60%,7%,5-10%,35%,30-40%,5%,4-6%,1.47%,51.85%,, LT8MM ,08 - 10 MM,08 - 10 MM,E,,,,,,, ,,,,,"$6,634,109","$5,211,726","$8,617,799","$9,297,356","$9,297,356",,,,,,, ,,,,5.3%,7.9%,"$445,262 ","15,985"
1225,"SEEKONK, MA",Open,2020,9/10/2020,2020 Open - SEP '20,2020,9/8/2020,Comp,,,3,10,2,R10 D02,Providence-Warwick,"Providence, RI-New Bedford, MA",,150 HIGHLAND AVE,SEEKONK,MA,2771,41.8,-71.3," 28,304 ",Light Suburban,"346,996","2,175","2,010","1,683,219","$73,767",70K-80K,35%,15%,12%,37%,96%,80 - 100,"$87,015",51%,40-60%,9%,5-10%,30%,30-40%,3%,2-4%,0.02%,47.37%,LT8MM, LT8MM ,LT8MM,LT8MM,H,,,,,,,$0,"$7,362,005","$6,554,558","$6,554,558","$6,673,829","$6,752,204","$6,556,070","$6,556,070","$6,205,219","$6,205,219",,,,,,, ,0.0%,-11.0%,1.8%,-1.7%,-5.4%,"$340,918 ","13,918"
1226,"HATILLO, PR",Open,2020,10/30/2020,2020 Open - OCT '20,2020,10/26/2020,Comp,Yes,,5,31,6,R31 D06,,Puerto Rico,Top 10 DMA,506 TRUNCADO S 110,HATILLO,PR,659,18.5,-66.8," 31,501 ",Exurban,"669,413",579,501,"3,245,457","$21,555",LT60K,79%,11%,5%,4%,109%,100 - 120,"$25,105",1%,LT 20%,0%,LT 5%,99%,GT 40%,0%,LT 2%,0.00%,0.00%,12 - 20 MM, 20M+ ,20M+,20M+,A,,,,,,,$0,"$20,038,177","$19,804,277","$19,804,277","$20,033,259","$20,325,927","$21,972,753","$21,972,753","$23,391,376","$23,391,376",,,,,,, ,0.0%,-1.2%,1.2%,9.9%,6.5%,"$892,779 ","49,945"
1228,"MURFREESBORO, TN(THE AVE)",Open,2021,9/3/2021,2021 Open - SEP '21,2021,8/30/2021,Comp,,,5,18,1,R18 D01,Nashville-Davidson--Murfreesboro--Franklin,"Nashville, TN",,"2615 MED CNTR PKWY, STE 900",MURFREESBORO,TN,37129,35.9,-86.4," 22,325 ",Light Suburban,"1,573,901",456,"2,365","3,298,024","$85,206",GT80K,26%,20%,16%,37%,108%,100 - 120,"$79,662",62%,GT 60%,17%,15-20%,12%,10-20%,3%,2-4%,1.33%,52.68%,LT8MM, LT8MM ,08 - 10 MM,10 - 12 MM,D,$0,$0,$0,$0,$0,$0, ,"$3,469,390","$2,064,994","$6,350,367","$7,471,808","$7,554,970","$8,923,278","$8,923,278","$10,241,494","$10,241,494",0.0%,0.0%,0.0%,0.0%,0.0%,0.0%, ,0.0%,0.0%,17.7%,19.5%,14.8%,"$455,062 ","18,977"
1229,"TRAVERSE CITY, MI",Open,2020,9/18/2020,2020 Open - SEP '20,2020,9/15/2020,Comp,,,3,8,5,R08 D05,Traverse City,"Traverse City-Cadillac, MI",,3450 W. S. AIRPORT RD,TRAVERSE CITY,MI,49684,44.7,-85.6," 23,100 ",Exurban,"125,445",110,"1,035","625,594","$78,668",70K-80K,29%,21%,15%,35%,102%,100 - 120,"$66,097",89%,GT 60%,1%,LT 5%,3%,LT 10%,1%,LT 2%,0.18%,55.03%,LT8MM, LT8MM ,LT8MM,LT8MM,H,,,,,,,$0,"$4,410,931","$4,053,926","$4,053,926","$4,594,604","$4,649,689","$4,600,828","$4,600,828","$4,437,237","$4,437,237",,,,,,, ,0.0%,-8.1%,13.3%,0.2%,-3.6%,"$282,138 ","8,718"
1230,"ALTOONA, PA",Open,2020,10/2/2020,2020 Open - SEP '20,2020,9/26/2020,Comp,,,3,25,2,R25 D02,Altoona,"Johnstown-Altoona-State College, PA",,235 PARK HILLS PLAZA,ALTOONA,PA,16602,40.5,-78.4," 22,565 ",Exurban,"184,803",112,"1,152","730,739","$58,360",LT60K,39%,19%,14%,27%,90%,80 - 100,"$62,275",93%,GT 60%,2%,LT 5%,2%,LT 10%,1%,LT 2%,-0.33%,49.32%,LT8MM, LT8MM ,LT8MM,LT8MM,H,$0,$0,$0,$0,$0,$0,$0,"$5,732,268","$4,204,662","$4,204,662","$4,221,845","$4,280,184","$4,112,133","$4,112,133","$3,893,782","$3,893,782",0.0%,0.0%,0.0%,0.0%,0.0%,0.0%, ,0.0%,-26.6%,0.4%,-2.5%,-5.3%,"$310,311 ","9,165"
1231,"CEDAR PARK, TX",Open,2020,9/10/2020,2020 Open - SEP '20,2020,9/7/2020,Comp,,,4,28,2,R28 D02,Austin-Round Rock,"Austin, TX",,1335 E WHITESTONE BLVD D100,CEDAR PARK,TX,78613,30.5,-97.8," 27,672 ",Suburban,"710,418","2,638","3,012","2,777,592","$110,897",GT80K,19%,17%,12%,52%,121%,GT 120,"$102,471",48%,40-60%,7%,5-10%,24%,20-30%,16%,GT 8%,1.97%,51.72%,LT8MM, LT8MM ,LT8MM,LT8MM,H,$0,$0,$0,$0,$0,$0,$0,"$5,466,038","$6,063,650","$6,063,650","$6,601,442","$6,695,777","$6,465,711","$6,465,711","$6,226,653","$6,226,653",0.0%,0.0%,0.0%,0.0%,0.0%,0.0%, ,0.0%,10.9%,8.9%,-2.3%,-3.7%,"$406,084 ","13,460"
1232,"BRICK, NJ (BRICK PLAZA)",Open,2021,3/5/2021,2021 Open - MAR '21,2021,3/1/2021,Comp,Yes,,3,13,2,R13 D02,New York-Newark-Jersey City,"New York, NY",Top 10 DMA,"80 BRICK PLAZA, SPACE 26",BRICK,NJ,8723,40.1,-74.1," 31,077 ",Light Suburban,"466,119","1,979","2,911","22,165,424","$92,137",GT80K,27%,15%,11%,47%,80%,80 - 100,"$101,231",78%,GT 60%,4%,LT 5%,13%,10-20%,2%,2-4%,0.08%,49.12%,08 - 10 MM, 08 - 10 MM ,08 - 10 MM,08 - 10 MM,E,$0,$0,$0,$0,$0,$0, ,"$8,983,584","$6,483,268","$8,292,891","$9,441,723","$9,565,161","$9,575,189","$9,575,189","$9,372,889","$9,372,889",0.0%,0.0%,0.0%,0.0%,0.0%,0.0%, ,0.0%,-8.6%,13.9%,1.4%,-2.1%,"$495,970 ","18,107"
1233,"CUDAHY, CA",Open,2021,2/26/2021,2021 Open - FEB '21,2021,2/22/2021,Comp,Yes,,1,3,3,R03 D03,Los Angeles-Long Beach-Anaheim,"Los Angeles, CA",Top 10 DMA,"8017 ATLANTIC AVE, ST B",CUDAHY,CA,90201,34.0,-118.2," 19,538 ",Urban,"316,248","15,840","12,490","18,082,820","$66,419",60K-70K,36%,18%,15%,31%,70%,LT 80,"$97,162",2%,LT 20%,2%,LT 5%,95%,GT 40%,1%,LT 2%,-0.04%,47.33%,12 - 20 MM, 12 - 20 MM ,12 - 20 MM,12 - 20 MM,C,$0,$0,$0,$0,$0,$0, ,"$13,203,664","$9,384,485","$12,295,474","$11,962,054","$12,148,016","$13,068,869","$13,068,869","$14,443,710","$14,443,710",0.0%,0.0%,0.0%,0.0%,0.0%,0.0%, ,0.0%,-7.4%,-2.7%,9.4%,10.5%,"$665,831 ","27,490"
1234,"LAS VEGAS, NV (CHARLESTON)",Open,2020,10/30/2020,2020 Open - OCT '20,2020,10/26/2020,Comp,Yes,,1,4,1,R04 D01,Las Vegas-Henderson-Paradise,"Las Vegas, NV",,41 N NELLIS BLVD,LAS VEGAS,NV,89110,36.2,-115.1," 22,161 ",Light Urban,"402,389","3,882","7,609","2,478,119","$61,802",60K-70K,45%,20%,14%,21%,70%,LT 80,"$79,597",18%,LT 20%,13%,10-15%,58%,GT 40%,6%,4-6%,0.87%,45.85%,10 - 12 MM, 10 - 12 MM ,12 - 20 MM,10 - 12 MM,D,$0,$0,$0,$0,$0,$0,$0,"$13,322,386","$11,323,966","$11,323,966","$11,552,891","$11,726,989","$12,115,758","$12,115,758","$11,927,057","$11,927,057",0.0%,0.0%,0.0%,0.0%,0.0%,0.0%, ,0.0%,-15.0%,2.0%,4.9%,-1.6%,"$558,400 ","23,840"
1236,"LAYTON, UT",Open,2020,10/9/2020,2020 Open - OCT '20,2020,10/5/2020,Comp,,,1,1,3,R01 D03,Ogden-Clearfield,"Salt Lake City, UT",,1780 N WOODLAND PK DR,LAYTON,UT,84041,41.1,-112.0," 23,613 ",Suburban,"504,019",422,"3,538","3,722,607","$101,050",GT80K,16%,15%,16%,53%,97%,80 - 100,"$97,769",75%,GT 60%,1%,LT 5%,17%,10-20%,2%,LT 2%,1.16%,56.35%,LT8MM, LT8MM ,LT8MM,LT8MM,H,$0,$0,$0,$0,$0,$0,$0,"$4,960,156","$4,803,217","$4,803,217","$5,223,733","$5,299,439","$6,165,827","$6,165,827","$6,111,925","$6,111,925",0.0%,0.0%,0.0%,0.0%,0.0%,0.0%, ,0.0%,-3.2%,8.8%,18.1%,-0.9%,"$342,719 ","13,360"
1237,"HIALEAH, FL (WESTLAND COM)",Open,2021,3/5/2021,2021 Open - MAR '21,2021,3/1/2021,Comp,Yes,Yes,5,31,3,R31 D03,Miami-Fort Lauderdale-West Palm Beach,"Miami-Ft. Lauderdale, FL",Top 10 DMA,1700 W 49TH ST,HIALEAH,FL,33012,25.9,-80.3," 34,290 ",Light Urban,"821,790","5,746","7,607","4,800,721","$65,792",60K-70K,44%,12%,14%,30%,76%,LT 80,"$78,384",5%,LT 20%,15%,10-15%,78%,GT 40%,1%,LT 2%,0.33%,48.16%,12 - 20 MM, 12 - 20 MM ,12 - 20 MM,12 - 20 MM,C,$0,$0,$0,$0,$0,$0, ,"$12,920,124","$9,423,003","$12,313,169","$13,250,049","$13,455,192","$13,829,640","$13,829,640","$13,908,928","$13,908,928",0.0%,0.0%,0.0%,0.0%,0.0%,0.0%, ,0.0%,-4.0%,7.6%,4.5%,0.6%,"$710,255 ","26,756"
1238,"PICO RIVERA (CRSSRD PLZ), CA",Open,2022,4/1/2022,2022 Open - MAR '22,2022,3/30/2022,Comp,Yes,Yes,1,4,4,R04 D04,Los Angeles-Long Beach-Anaheim,"Los Angeles, CA",Top 10 DMA,9200 WHITTIER BLVD,PICO RIVERA,CA,90660,34.0,-118.1," 25,995 ",Light Urban,"353,927","7,341","6,436","18,082,820","$81,123",GT80K,29%,16%,14%,42%,91%,80 - 100,"$97,162",5%,LT 20%,1%,LT 5%,89%,GT 40%,4%,2-4%,-0.04%,47.33%,LT8MM, LT8MM ,08 - 10 MM,08 - 10 MM,E,$0,$0,$0,$0,$0,$0, ,,$0,"$7,375,295","$5,040,251","$7,583,314","$8,527,056","$8,527,056","$8,694,958","$8,694,958",0.0%,0.0%,0.0%,0.0%,0.0%,0.0%, ,,0.0%,-6.8%,14.2%,2.0%,"$481,323 ","19,586"
1239,"PEORIA, IL",Open,2021,5/21/2021,2021 Open - MAY '21,2021,5/17/2021,Comp,,,4,6,3,R06 D03,Peoria,"Peoria-Bloomington, IL",,2601 W. LAKE AVENUE,PEORIA,IL,61615,40.7,-89.6," 20,831 ",Light Suburban,"304,995",261,"2,288","611,751","$69,775",60K-70K,36%,18%,13%,33%,82%,80 - 100,"$73,727",75%,GT 60%,12%,10-15%,5%,LT 10%,3%,2-4%,-0.35%,50.11%,LT8MM, LT8MM ,LT8MM,LT8MM,H,$0,$0,$0,$0,$0,$0, ,"$5,275,347","$3,329,594","$5,972,730","$6,169,383","$6,248,339","$6,031,202","$6,031,202","$6,102,007","$6,102,007",0.0%,0.0%,0.0%,0.0%,0.0%,0.0%, ,0.0%,-8.2%,3.3%,-2.0%,1.2%,"$376,237 ","11,992"
1240,"SANTA FE, NM (COLLEGE PLZ)",Open,2021,9/3/2021,2021 Open - SEP '21,2021,8/30/2021,Comp,,,1,3,4,R03 D04,Santa Fe,"Albuquerque-Santa Fe, NM",,2020 CERRILLOS RD.,SANTA FE,NM,87505,35.7,-106.0," 23,513 ",Light Suburban,"241,162",23,"2,175","1,971,885","$71,502",70K-80K,39%,15%,11%,35%,114%,100 - 120,"$66,276",35%,20-40%,1%,LT 5%,56%,GT 40%,2%,LT 2%,0.32%,45.65%,LT8MM, LT8MM ,LT8MM,08 - 10 MM,F,$0,$0,$0,$0,$0,$0, ,"$3,468,573","$1,795,539","$5,465,867","$6,734,538","$6,835,293","$7,397,932","$7,397,932","$8,290,190","$8,290,190",0.0%,0.0%,0.0%,0.0%,0.0%,0.0%, ,0.0%,-7.6%,23.2%,9.6%,12.1%,"$409,989 ","15,848"
1241,"DURHAM, NC (NEW HOPE COMMON)",Open,2021,3/5/2021,2021 Open - MAR '21,2021,2/28/2021,Comp,,,5,18,4,R18 D04,Durham-Chapel Hill,"Raleigh-Durham (Fayetteville), NC",,5430 NEW HOPE COMMONS DRIVE,DURHAM,NC,27707,36.0,-79.0," 23,141 ",Light Suburban,"770,048",449,"1,790","3,519,023","$88,968",GT80K,28%,17%,12%,43%,123%,GT 120,"$82,758",49%,40-60%,24%,20-30%,13%,10-20%,9%,GT 8%,1.03%,51.85%,LT8MM, LT8MM ,LT8MM,LT8MM,H,$0,$0,$0,$0,$0,$0, ,"$7,547,476","$4,765,774","$6,274,709","$5,741,214","$5,821,826","$5,630,568","$5,630,568","$5,936,819","$5,936,819",0.0%,0.0%,0.0%,0.0%,0.0%,0.0%, ,0.0%,-16.2%,-8.5%,-1.8%,5.4%,"$359,456 ","10,853"
1242,"TAMPA, FL (BAYPORT COMMONS)",Open,2021,3/5/2021,2021 Open - MAR '21,2021,3/1/2021,Comp,Yes,,5,30,1,R30 D01,Tampa-St. Petersburg-Clearwater,"Tampa-St. Petersburg (Sarasota), FL",,11655 W HILLSBOROUGH AVE,TAMPA,FL,33635,28.0,-82.6," 23,771 ",Suburban,"336,863","3,611","3,159","5,413,557","$68,986",60K-70K,34%,21%,15%,30%,106%,100 - 120,"$76,582",31%,20-40%,16%,15-20%,44%,GT 40%,5%,4-6%,1.37%,51.59%,LT8MM, LT8MM ,LT8MM,LT8MM,G,$0,$0,$0,$0,$0,$0, ,"$7,760,581","$5,143,526","$6,772,323","$6,665,972","$6,763,982","$6,604,610","$6,604,610","$6,557,790","$6,557,790",0.0%,0.0%,0.0%,0.0%,0.0%,0.0%, ,0.0%,-12.6%,-1.6%,-0.8%,-0.7%,"$399,606 ","14,876"
1243,"ORLANDO, FL (VISTA PALMS)",Open,2021,3/5/2021,2021 Open - MAR '21,2021,3/1/2021,Comp,Yes,,5,30,2,R30 D02,Orlando-Kissimmee-Sanford,"Orlando-Daytona Beach-Melbourne, FL",,7149 NARCOOSSEE ROAD,ORLANDO,FL,32822,28.5,-81.3," 21,990 ",Light Suburban,"2,436,023",854,"2,333","4,872,913","$82,426",GT80K,28%,24%,15%,33%,101%,100 - 120,"$78,250",35%,20-40%,15%,15-20%,39%,30-40%,5%,4-6%,1.47%,51.85%,LT8MM, LT8MM ,08 - 10 MM,08 - 10 MM,F,$0,$0,$0,$0,$0,$0, ,"$8,965,127","$5,851,455","$7,675,129","$7,847,675","$7,956,718","$8,162,318","$8,162,318","$8,397,660","$8,397,660",0.0%,0.0%,0.0%,0.0%,0.0%,0.0%, ,0.0%,-14.4%,2.2%,4.2%,2.9%,"$431,121 ","18,372"
1244,"OWENSBORO, KY",Open,2021,4/30/2021,2021 Open - APR '21,2021,4/26/2021,Comp,,,4,6,1,R06 D01,Owensboro,"Evansville, IN",,2516 CALUMET TRE,OWENSBORO,KY,42303,37.8,-87.1," 19,292 ",Exurban,"191,568",94,"1,500","737,903","$64,571",60K-70K,40%,17%,14%,30%,89%,80 - 100,"$65,802",87%,GT 60%,4%,LT 5%,4%,LT 10%,2%,LT 2%,-0.04%,53.68%,LT8MM, LT8MM ,LT8MM,LT8MM,H,$0,$0,$0,$0,$0,$0, ,"$3,601,318","$2,063,111","$3,253,256","$3,666,663","$3,713,912","$3,617,944","$3,617,944","$3,750,052","$3,750,052",0.0%,0.0%,0.0%,0.0%,0.0%,0.0%, ,0.0%,-15.3%,12.7%,-1.4%,3.7%,"$237,748 ","7,977"
1245,"CHARLOTTE, NC (CAROLINA PAV)",Open,2021,3/19/2021,2021 Open - MAR '21,2021,3/14/2021,Comp,,,5,18,5,R18 D05,Charlotte-Concord-Gastonia,"Charlotte, NC",,9571 SOUTH BLVD,CHARLOTTE,NC,28273,35.1,-80.9," 19,640 ",Light Suburban,"2,002,674","1,022","2,429","3,598,950","$89,225",GT80K,22%,14%,12%,52%,106%,100 - 120,"$79,954",50%,40-60%,25%,20-30%,14%,10-20%,6%,6-8%,1.03%,52.17%,LT8MM, LT8MM ,LT8MM,LT8MM,H,$0,$0,$0,$0,$0,$0, ,"$5,855,785","$3,724,783","$5,289,968","$5,818,519","$5,898,455","$6,204,317","$6,204,317","$6,325,236","$6,325,236",0.0%,0.0%,0.0%,0.0%,0.0%,0.0%, ,0.0%,-7.7%,10.0%,6.7%,1.9%,"$372,884 ","12,461"
1246,"VENICE, FL (JACARANDA PLAZA)",Open,2021,4/30/2021,2021 Open - APR '21,2021,4/26/2021,Comp,Yes,,5,30,7,R30 D07,North Port-Sarasota-Bradenton,"Tampa-St. Petersburg (Sarasota), FL",,1683 US 41 BYPASS S,VENICE,FL,34293,27.1,-82.4," 23,080 ",Light Suburban,"777,817",686,"2,220","5,413,557","$80,866",GT80K,27%,20%,16%,36%,96%,80 - 100,"$76,582",75%,GT 60%,5%,5-10%,13%,10-20%,2%,2-4%,1.37%,51.59%,LT8MM, LT8MM ,LT8MM,LT8MM,H,$0,$0,$0,$0,$0,$0, ,"$3,098,903","$1,799,673","$3,290,670","$3,334,135","$3,618,870","$3,364,635","$3,364,635","$3,319,129","$3,319,129",0.0%,0.0%,0.0%,0.0%,0.0%,0.0%, ,0.0%,-2.5%,8.4%,-5.4%,-1.4%,"$257,774 ","7,945"
1247,"SECAUCUS, NJ (MILL CRK CTR)",Open,2021,6/11/2021,2021 Open - JUN '21,2021,6/7/2021,Comp,Yes,Yes,3,13,5,R13 D05,New York-Newark-Jersey City,"New York, NY",Top 10 DMA,31 MILL CREEK DR,SECAUCUS,NJ,7094,40.8,-74.1," 34,973 ",Urban,"1,309,130","10,799","10,327","22,165,424","$86,298",GT80K,29%,13%,11%,47%,80%,80 - 100,"$101,231",28%,20-40%,10%,10-15%,46%,GT 40%,13%,GT 8%,0.08%,49.12%,12 - 20 MM, 12 - 20 MM ,12 - 20 MM,12 - 20 MM,B,$0,$0,$0,$0,$0,$0, ,"$12,228,143","$7,889,109","$16,955,977","$17,036,571","$17,271,113","$17,756,865","$17,756,865","$18,048,728","$18,048,728",0.0%,0.0%,0.0%,0.0%,0.0%,0.0%, ,0.0%,5.1%,0.5%,4.0%,1.6%,"$811,015 ","30,306"
1248,"LARGO, FL",Open,2021,4/16/2021,2021 Open - APR '21,2021,4/12/2021,Comp,Yes,,5,30,1,R30 D01,Tampa-St. Petersburg-Clearwater,"Tampa-St. Petersburg (Sarasota), FL",,5280 EAST BAY DR,LARGO,FL,33770,27.9,-82.7," 18,652 ",Suburban,"575,645","3,857","4,060","5,413,557","$69,315",60K-70K,41%,15%,12%,32%,88%,80 - 100,"$76,582",63%,GT 60%,14%,10-15%,14%,10-20%,5%,4-6%,1.37%,51.59%,LT8MM, LT8MM ,LT8MM,LT8MM,G,$0,$0,$0,$0,$0,$0, ,"$5,786,886","$4,068,266","$6,672,301","$7,043,935","$7,156,934","$7,060,616","$7,060,616","$6,890,767","$6,890,767",0.0%,0.0%,0.0%,0.0%,0.0%,0.0%, ,0.0%,3.1%,5.6%,0.2%,-2.4%,"$408,983 ","15,456"
1249,"WESTOVER, WV",Open,2022,3/4/2022,2022 Open - MAR '22,2022,2/28/2022,Comp,,,3,25,2,R25 D02,Morgantown,"Pittsburgh, PA",,64 COLLIERS CROSSING,WESTOVER,WV,26501,39.6,-80.0," 22,378 ",Exurban,"358,301",102,"1,291","2,826,882","$62,645",60K-70K,43%,16%,12%,29%,67%,LT 80,"$74,411",88%,GT 60%,4%,LT 5%,2%,LT 10%,2%,LT 2%,-0.07%,50.10%,LT8MM, LT8MM ,LT8MM,LT8MM,H,$0,$0,$0,$0,$0,$0, ,,$0,"$3,380,298","$2,282,793","$3,093,755","$2,670,146","$2,670,146","$2,738,936","$2,738,936",0.0%,0.0%,0.0%,0.0%,0.0%,0.0%, ,,0.0%,-9.9%,-12.3%,2.6%,"$243,503 ","5,966"
1250,"TUCSON, AZ (TUCSON SPECTRUM)",Open,2021,2/26/2021,2021 Open - FEB '21,2021,2/22/2021,Comp,,,1,3,1,R03 D01,Tucson,"Tucson (Sierra Vista), AZ",,5185 S CALLE SNTA CRUZ,TUCSON,AZ,85706,32.2,-111.0," 31,913 ",Suburban,"236,111",627,"3,551","1,249,836","$62,172",60K-70K,43%,19%,14%,24%,78%,LT 80,"$70,964",19%,LT 20%,3%,LT 5%,71%,GT 40%,1%,LT 2%,0.33%,47.32%,10 - 12 MM, 12 - 20 MM ,12 - 20 MM,12 - 20 MM,B,$0,$0,$0,$0,$0,$0, ,"$10,856,784","$8,252,981","$10,740,446","$13,399,789","$13,629,255","$19,017,292","$19,017,292","$19,806,020","$19,806,020",0.0%,0.0%,0.0%,0.0%,0.0%,0.0%, ,0.0%,1.6%,24.8%,41.5%,4.1%,"$742,679 ","37,174"
1251,"RIDGEWOOD, NY",Future GO,2026,9/11/2026,2026 Open - SEP '26,,,,,,3,14,5,R14 D05,,,,5423 MYRTLE AVENUE SUITE 300,RIDGEWOOD,NY,11385,,,,,,,,,,,,,,,,,,28%,20-40%,23%,20-30%,30%,30-40%,14%,GT 8%,,,,,,,,$0,$0,$0,$0,$0,$0, ,,,,,,,,,,0.0%,0.0%,0.0%,0.0%,0.0%,0.0%, ,,,,,,"$1,041 ",NA
1252,"FARMINGVILLE, NY (EXPSWY PL)",Open,2021,11/12/2021,2021 Open - NOV '21,2021,11/10/2021,Comp,Yes,,3,14,1,R14 D01,New York-Newark-Jersey City,"New York, NY",Top 10 DMA,2280 N OCEAN AVE,FARMINGVILLE,NY,11738,40.8,-73.0," 24,713 ",Light Suburban,"397,167","1,875","2,749","22,165,424","$115,720",GT80K,20%,12%,12%,56%,123%,GT 120,"$101,231",54%,40-60%,9%,5-10%,29%,20-30%,4%,4-6%,0.08%,49.12%,10 - 12 MM, 12 - 20 MM ,12 - 20 MM,12 - 20 MM,D,$0,$0,$0,$0,$0,$0, ,"$2,962,914",$0,"$10,259,108","$12,590,465","$12,760,693","$12,538,917","$12,538,917","$12,432,935","$12,432,935",0.0%,0.0%,0.0%,0.0%,0.0%,0.0%, ,0.0%,0.0%,22.7%,-0.6%,-0.8%,"$653,188 ","23,207"
1253,"BRISTOL PLAZA, CT",Open,2021,9/17/2021,2021 Open - SEP '21,2021,9/13/2021,Comp,,,3,10,6,R10 D06,Hartford-West Hartford-East Hartford,"Hartford & New Haven, CT",,657 FARMINGTON AVE,BRISTOL,CT,6010,41.7,-72.9," 18,235 ",Light Suburban,"303,801","1,672","2,308","2,641,771","$72,007",70K-80K,35%,15%,13%,37%,90%,80 - 100,"$89,240",52%,40-60%,11%,10-15%,30%,30-40%,3%,2-4%,-0.04%,48.18%,LT8MM, LT8MM ,LT8MM,LT8MM,G,$0,$0,$0,$0,$0,$0, ,"$3,211,736","$1,301,047","$6,032,786","$6,426,226","$6,512,814","$6,837,811","$6,837,811","$7,096,767","$7,096,767",0.0%,0.0%,0.0%,0.0%,0.0%,0.0%, ,0.0%,6.8%,6.5%,6.3%,3.8%,"$338,698 ","13,752"
1254,"CHAMPAIGN, IL",Open,2021,5/7/2021,2021 Open - MAY '21,2021,5/3/2021,Comp,,,4,6,3,R06 D03,Champaign-Urbana,"Champaign & Springfield-Decatur, IL",,2006 N. PROPSECT AVE,CHAMPAIGN,IL,61822,40.1,-88.3," 17,852 ",Light Suburban,"317,100",130,"2,719","912,676","$60,907",60K-70K,40%,17%,11%,32%,60%,LT 80,"$66,585",66%,GT 60%,13%,10-15%,8%,LT 10%,8%,GT 8%,-0.35%,48.15%,LT8MM, LT8MM ,LT8MM,LT8MM,H,$0,$0,$0,$0,$0,$0, ,"$5,246,575","$3,704,939","$5,884,438","$6,091,025","$6,173,581","$6,204,959","$6,204,959","$6,114,364","$6,114,364",0.0%,0.0%,0.0%,0.0%,0.0%,0.0%, ,0.0%,-3.7%,3.5%,1.9%,-1.5%,"$327,949 ","10,892"
1255,"NEWINGTON, CT",Open,2021,5/14/2021,2021 Open - MAY '21,2021,5/10/2021,Comp,,,3,10,6,R10 D06,Hartford-West Hartford-East Hartford,"Hartford & New Haven, CT",,3491 BERLIN TRNPK,NEWINGTON,CT,6111,41.7,-72.7," 22,609 ",Light Suburban,"334,014","2,714","2,474","2,641,771","$71,550",70K-80K,35%,16%,14%,35%,93%,80 - 100,"$89,240",38%,20-40%,20%,20-30%,33%,30-40%,5%,4-6%,-0.04%,48.18%,LT8MM, 08 - 10 MM ,08 - 10 MM,10 - 12 MM,D,$0,$0,$0,$0,$0,$0, ,"$7,059,840","$4,289,091","$7,883,277","$8,608,583","$8,731,108","$9,591,005","$9,591,005","$10,020,608","$10,020,608",0.0%,0.0%,0.0%,0.0%,0.0%,0.0%, ,0.0%,-6.5%,9.2%,11.2%,4.5%,"$502,350 ","18,959"
1256,"ATHENS, GA",Open,2021,4/16/2021,2021 Open - APR '21,2021,4/14/2021,Comp,Yes,,5,19,2,R19 D02,Athens-Clarke County,"Atlanta, GA",Top 10 DMA,191 ALPS ROAD - UNIT 15 & 16,ATHENS,GA,30606,33.9,-83.4," 25,914 ",Light Suburban,"303,089",188,"2,570","7,692,390","$68,518",60K-70K,40%,16%,14%,31%,59%,LT 80,"$87,109",64%,GT 60%,18%,15-20%,10%,LT 10%,3%,2-4%,0.88%,50.12%,LT8MM, LT8MM ,LT8MM,LT8MM,H,$0,$0,$0,$0,$0,$0, ,"$4,997,536","$3,247,784","$5,284,449","$5,593,435","$5,667,917","$5,234,678","$5,234,678","$5,600,613","$5,600,613",0.0%,0.0%,0.0%,0.0%,0.0%,0.0%, ,0.0%,-0.2%,5.8%,-6.3%,7.0%,"$342,858 ","11,150"
1257,"NAPLES (FREEDOM SQ), FL",Open,2021,9/24/2021,2021 Open - SEP '21,2021,9/23/2021,Comp,,,5,30,7,R30 D07,Naples-Immokalee-Marco Island,"Ft. Myers-Naples, FL",,"12725 TAMIAMI TR E, ST 132",NAPLES,FL,34113,26.1,-81.7," 27,769 ",Exurban,"387,426",186,"1,106","1,553,978","$90,500",GT80K,24%,21%,15%,40%,105%,100 - 120,"$78,978",58%,40-60%,6%,5-10%,32%,30-40%,2%,LT 2%,1.55%,56.33%,LT8MM, LT8MM ,LT8MM,LT8MM,G,$0,$0,$0,$0,$0,$0, ,"$2,629,932","$1,332,383","$5,340,937","$5,963,016","$6,071,206","$6,496,367","$6,496,367","$6,766,390","$6,766,390",0.0%,0.0%,0.0%,0.0%,0.0%,0.0%, ,0.0%,13.8%,11.6%,8.7%,4.2%,"$392,836 ","14,097"
1258,"REDDING (CASCADE STATION), CA",Open,2022,2/25/2022,2022 Open - FEB '22,2022,2/23/2022,Comp,,,1,21,4,R21 D04,Redding,"Chico-Redding, CA",,2687 HILLTOP DRIVE,REDDING,CA,96002,40.6,-122.4," 19,876 ",Light Suburban,"112,850",469,"2,292","503,637","$75,439",70K-80K,39%,15%,19%,27%,108%,100 - 120,"$69,333",70%,GT 60%,1%,LT 5%,14%,10-20%,4%,4-6%,-0.30%,47.38%,LT8MM, LT8MM ,LT8MM,LT8MM,H,$0,$0,$0,$0,$0,$0, ,,$0,"$4,493,209","$3,059,936","$4,019,477","$4,041,990","$4,041,990","$3,950,029","$3,950,029",0.0%,0.0%,0.0%,0.0%,0.0%,0.0%, ,,0.0%,-5.2%,2.2%,-2.3%,"$282,247 ","8,766"
1259,"LEDGEWOOD, NJ",Open,2021,3/19/2021,2021 Open - MAR '21,2021,3/15/2021,Comp,Yes,,3,13,6,R13 D06,New York-Newark-Jersey City,"New York, NY",Top 10 DMA,461 ROUTE 10 EAST,LEDGEWOOD,NJ,7852,40.9,-74.7," 20,557 ",Exurban,"341,709",610,"1,219","22,165,424","$126,783",GT80K,17%,12%,11%,60%,137%,GT 120,"$101,231",64%,GT 60%,4%,LT 5%,21%,20-30%,7%,6-8%,0.08%,49.12%,LT8MM, LT8MM ,LT8MM,LT8MM,G,$0,$0,$0,$0,$0,$0, ,"$7,630,189","$5,505,460","$7,624,148","$7,823,315","$7,920,770","$7,207,839","$7,207,839","$7,121,626","$7,121,626",0.0%,0.0%,0.0%,0.0%,0.0%,0.0%, ,0.0%,-4.2%,2.6%,-7.8%,-1.2%,"$428,070 ","13,627"
1260,"QUEEN CREEK, AZ",Open,2021,4/16/2021,2021 Open - APR '21,2021,4/12/2021,Comp,Yes,,1,3,1,R03 D01,Phoenix-Mesa-Scottsdale,"Phoenix (Prescott), AZ",,21198 S ELLSWORTH LOOP ROAD,QUEEN CREEK,AZ,85142,33.3,-111.6," 19,666 ",Light Suburban,"630,456","1,182","2,419","6,067,817","$116,048",GT80K,16%,15%,14%,54%,172%,GT 120,"$86,887",61%,GT 60%,5%,LT 5%,22%,20-30%,5%,4-6%,0.98%,49.87%,LT8MM, LT8MM ,LT8MM,LT8MM,H,$0,$0,$0,$0,$0,$0, ,"$4,753,185","$2,901,732","$4,770,445","$4,945,514","$5,013,709","$4,879,766","$4,879,766","$4,843,397","$4,843,397",0.0%,0.0%,0.0%,0.0%,0.0%,0.0%, ,0.0%,-9.5%,3.7%,-1.1%,-0.7%,"$316,444 ","11,264"
1261,"FONTANA, CA",Open,2021,3/19/2021,2021 Open - MAR '21,2021,3/15/2021,Comp,Yes,,1,4,3,R04 D03,Riverside-San Bernardino-Ontario,"Los Angeles, CA",Top 10 DMA,16795 VALLEY BLVD,FONTANA,CA,92335,34.1,-117.4," 33,798 ",Suburban,"304,935","3,574","4,736","18,082,820","$94,445",GT80K,25%,17%,17%,41%,85%,80 - 100,"$97,162",10%,LT 20%,6%,5-10%,76%,GT 40%,6%,4-6%,-0.04%,47.33%,10 - 12 MM, 10 - 12 MM ,10 - 12 MM,10 - 12 MM,D,$0,$0,$0,$0,$0,$0, ,"$12,621,146","$7,284,064","$10,955,206","$10,611,987","$10,745,566","$10,566,969","$10,566,969","$11,403,039","$11,403,039",0.0%,0.0%,0.0%,0.0%,0.0%,0.0%, ,0.0%,-20.0%,-3.1%,-0.2%,7.9%,"$531,824 ","22,214"
1262,FORT COLLINS CO,Open,2021,9/10/2021,2021 Open - SEP '21,2021,9/8/2021,Comp,,,1,1,5,R01 D05,Fort Collins,"Denver, CO",,"4417 CORBETT AVENUE, STE 110",FORT COLLINS,CO,80525,40.5,-105.0," 17,434 ",Light Suburban,"606,705",106,"2,565","4,891,657","$91,545",GT80K,27%,14%,13%,47%,102%,100 - 120,"$102,369",71%,GT 60%,1%,LT 5%,20%,10-20%,2%,2-4%,0.81%,52.15%,LT8MM, LT8MM ,LT8MM,LT8MM,H,$0,$0,$0,$0,$0,$0, ,"$1,983,417","$799,918","$3,812,846","$4,189,291","$4,245,077","$4,543,056","$4,543,056","$4,533,512","$4,533,512",0.0%,0.0%,0.0%,0.0%,0.0%,0.0%, ,0.0%,-6.9%,9.9%,8.4%,-0.2%,"$283,103 ","9,337"
1263,"SAN ANGELO, TX",Open,2021,3/19/2021,2021 Open - MAR '21,2021,3/13/2021,Comp,,,4,28,4,R28 D04,San Angelo,"San Angelo, TX",,4238 SUNSET DRIVE,SAN ANGELO,TX,76904,31.4,-100.5," 20,444 ",Light Suburban,"170,588",10,"1,716","153,177","$62,506",60K-70K,37%,18%,15%,31%,110%,100 - 120,"$60,673",46%,40-60%,3%,LT 5%,47%,GT 40%,1%,LT 2%,0.02%,50.68%,LT8MM, LT8MM ,LT8MM,LT8MM,H,$0,$0,$0,$0,$0,$0, ,"$5,357,862","$3,116,995","$4,475,715","$4,618,449","$4,685,390","$4,587,715","$4,587,715","$4,699,986","$4,699,986",0.0%,0.0%,0.0%,0.0%,0.0%,0.0%, ,0.0%,-11.7%,3.2%,-0.8%,2.4%,"$294,190 ","10,274"
1264,"MADISON, TN (MCHENRY CENTER)",Open,2021,7/16/2021,2021 Open - JUL '21,2021,7/11/2021,Comp,,,5,18,1,R18 D01,Nashville-Davidson--Murfreesboro--Franklin,"Nashville, TN",,1791 GALLATIN PIKE NORTH,MADISON,TN,37115,36.3,-86.7," 23,617 ",Light Suburban,"1,728,516",444,"1,656","3,298,024","$86,870",GT80K,30%,19%,14%,37%,82%,80 - 100,"$79,662",64%,GT 60%,16%,15-20%,12%,10-20%,3%,2-4%,1.33%,52.68%,LT8MM, 08 - 10 MM ,LT8MM,08 - 10 MM,E,$0,$0,$0,$0,$0,$0, ,"$4,776,620","$2,446,286","$6,541,440","$7,917,087","$8,025,054","$7,885,124","$7,885,124","$8,857,071","$8,857,071",0.0%,0.0%,0.0%,0.0%,0.0%,0.0%, ,0.0%,-7.7%,21.0%,-0.7%,12.3%,"$451,489 ","15,729"
1265,PHILADELPHIA  (ONE & OLNEY),Open,2021,10/29/2021,2021 Open - OCT '21,2021,10/26/2021,Comp,Yes,,3,25,6,R25 D06,Philadelphia-Camden-Wilmington,"Philadelphia, PA",Top 10 DMA,"101 E OLNEY AVE, ST 150",PHILADELPHIA,PA,19120,40.0,-75.1," 19,226 ",Urban,"566,528","13,849","14,805","8,441,533","$49,561",LT60K,46%,16%,10%,28%,57%,LT 80,"$88,536",13%,LT 20%,50%,GT 30%,27%,20-30%,6%,4-6%,0.23%,48.33%,LT8MM, LT8MM ,08 - 10 MM,08 - 10 MM,E,$0,$0,$0,$0,$0,$0, ,"$2,798,181","$459,109","$7,497,450","$7,674,896","$7,795,161","$8,348,818","$8,348,818","$8,845,879","$8,845,879",0.0%,0.0%,0.0%,0.0%,0.0%,0.0%, ,0.0%,17.5%,2.4%,8.7%,6.0%,"$484,337 ","15,740"
1266,"HOFFMAN ESTATES, IL (POPLAR)",Open,2021,4/30/2021,2021 Open - APR '21,2021,4/26/2021,Comp,Yes,,4,7,4,R07 D04,Chicago-Naperville-Elgin,"Chicago, IL",Top 10 DMA,4700 HOFFMAN BLVD,HOFFMAN ESTATES,IL,60192,42.1,-88.2," 21,741 ",Exurban,"599,807","1,234",788,"9,518,952","$101,692",GT80K,21%,15%,15%,49%,137%,GT 120,"$91,619",51%,40-60%,4%,LT 5%,30%,20-30%,12%,GT 8%,-0.18%,48.49%,08 - 10 MM, 08 - 10 MM ,08 - 10 MM,08 - 10 MM,E,$0,$0,$0,$0,$0,$0, ,"$6,751,103","$5,163,879","$8,038,256","$9,253,927","$9,377,246","$9,762,269","$9,762,269","$9,779,626","$9,779,626",0.0%,0.0%,0.0%,0.0%,0.0%,0.0%, ,0.0%,5.9%,15.1%,5.4%,0.2%,"$473,266 ","18,149"
1267,VILLAGE MEDFORD CNTR,Open,2021,9/10/2021,2021 Open - SEP '21,2021,9/6/2021,Comp,,,1,1,4,R01 D04,Medford,"Medford-Klamath Falls, OR",,517 MEDFORD CENTER,MEDFORD,OR,97504,42.3,-122.9," 21,400 ",Suburban,"161,797",585,"3,181","464,939","$75,216",70K-80K,34%,17%,14%,34%,108%,100 - 120,"$66,668",71%,GT 60%,1%,LT 5%,18%,10-20%,2%,LT 2%,0.16%,52.29%,LT8MM, LT8MM ,LT8MM,LT8MM,H,$0,$0,$0,$0,$0,$0, ,"$3,119,832","$900,507","$4,651,702","$4,604,883","$4,665,719","$4,946,662","$4,946,662","$5,105,035","$5,105,035",0.0%,0.0%,0.0%,0.0%,0.0%,0.0%, ,0.0%,-21.6%,-1.0%,7.6%,3.2%,"$303,564 ","10,690"
1268,"TEXARKANA, TX",Open,2021,4/8/2021,2021 Open - APR '21,2021,4/6/2021,Comp,,,4,16,6,R16 D06,Texarkana,"Shreveport, LA",,3323 MALL DRIVE,TEXARKANA,TX,75503,33.5,-94.1," 21,806 ",Light Suburban,"235,702",42,"1,506","955,034","$54,223",LT60K,48%,19%,11%,21%,94%,80 - 100,"$54,877",60%,GT 60%,24%,20-30%,10%,LT 10%,1%,LT 2%,-0.35%,47.72%,LT8MM, LT8MM ,LT8MM,LT8MM,G,$0,$0,$0,$0,$0,$0, ,"$7,775,370","$3,895,234","$6,587,944","$6,681,304","$6,776,165","$7,021,663","$7,021,663","$6,910,097","$6,910,097",0.0%,0.0%,0.0%,0.0%,0.0%,0.0%, ,0.0%,-23.3%,1.4%,5.1%,-1.6%,"$372,204 ","14,948"
1269,"KISSIMMEE (LOOP WEST), FL",Open,2021,9/10/2021,2021 Open - SEP '21,2021,9/6/2021,Comp,Yes,,5,30,6,R30 D06,Orlando-Kissimmee-Sanford,"Orlando-Daytona Beach-Melbourne, FL",,2601 W OSCEOLA PKWY,KISSIMMEE,FL,34741,28.3,-81.4," 23,172 ",Suburban,"2,842,085",811,"3,565","4,872,913","$83,737",GT80K,36%,21%,14%,29%,90%,80 - 100,"$78,250",38%,20-40%,15%,10-15%,37%,30-40%,5%,4-6%,1.47%,51.85%,08 - 10 MM, 10 - 12 MM ,12 - 20 MM,12 - 20 MM,D,$0,$0,$0,$0,$0,$0, ,"$4,600,173","$2,121,556","$9,490,688","$10,748,784","$10,914,255","$12,138,709","$12,138,709","$12,791,294","$12,791,294",0.0%,0.0%,0.0%,0.0%,0.0%,0.0%, ,0.0%,15.0%,13.3%,13.0%,5.4%,"$551,353 ","22,909"
1270,"FEASTERVILLE, PA",Open,2021,5/28/2021,2021 Open - MAY '21,2021,5/24/2021,Comp,Yes,,3,25,5,R25 D05,Philadelphia-Camden-Wilmington,"Philadelphia, PA",Top 10 DMA,751 BUSTLETON PIKE,FEASTERVILLE,PA,19053,40.1,-75.0," 21,346 ",Light Suburban,"468,499","4,702","2,879","8,441,533","$78,132",70K-80K,32%,15%,12%,41%,107%,100 - 120,"$88,536",52%,40-60%,15%,10-15%,17%,10-20%,12%,GT 8%,0.23%,48.33%,LT8MM, LT8MM ,LT8MM,LT8MM,H,$0,$0,$0,$0,$0,$0, ,"$5,202,466","$3,298,936","$6,159,185","$6,625,731","$6,717,760","$6,392,528","$6,392,528","$6,131,459","$6,131,459",0.0%,0.0%,0.0%,0.0%,0.0%,0.0%, ,0.0%,-7.1%,7.6%,-3.6%,-4.1%,"$387,378 ","12,844"
1271,"SOUTH PORTLAND, ME",Open,2021,4/30/2021,2021 Open - APR '21,2021,4/26/2021,Comp,,,3,10,3,R10 D03,Portland-South Portland,"Portland-Auburn, ME",,200 RUNNING HILL ROAD,SOUTH PORTLAND,ME,4106,43.6,-70.3," 22,625 ",Exurban,"281,055",515,893,"1,067,182","$92,746",GT80K,25%,19%,13%,43%,114%,100 - 120,"$83,149",82%,GT 60%,7%,5-10%,3%,LT 10%,3%,2-4%,0.35%,53.28%,LT8MM, LT8MM ,08 - 10 MM,08 - 10 MM,E,$0,$0,$0,$0,$0,$0, ,"$4,746,963","$3,127,764","$4,990,645","$6,804,675","$6,923,382","$9,332,500","$9,332,500","$9,182,604","$9,182,604",0.0%,0.0%,0.0%,0.0%,0.0%,0.0%, ,0.0%,-11.4%,36.3%,36.3%,-1.6%,"$417,049 ","16,530"
1272,FERGUSON (N. COUNTY FEST),Open,2021,9/17/2021,2021 Open - SEP '21,2021,9/13/2021,Comp,,,4,6,3,R06 D03,St. Louis,"St. Louis, MO",,10895 W. FLORISSANT AVE,FERGUSON,MO,63136,38.8,-90.3," 21,842 ",Suburban,"285,798","2,192","3,427","3,181,819","$57,430",LT60K,45%,20%,13%,22%,74%,LT 80,"$80,162",20%,LT 20%,72%,GT 30%,3%,LT 10%,1%,LT 2%,0.01%,50.74%,LT8MM, LT8MM ,LT8MM,LT8MM,H,$0,$0,$0,$0,$0,$0, ,"$3,165,748","$1,086,174","$5,263,718","$5,568,214","$5,652,272","$5,914,609","$5,914,609","$6,329,713","$6,329,713",0.0%,0.0%,0.0%,0.0%,0.0%,0.0%, ,0.0%,-6.5%,5.8%,6.2%,7.0%,"$312,841 ","11,830"
1273,"PORT ST LUCIE (LANDING), FL",Open,2021,9/17/2021,2021 Open - SEP '21,2021,9/13/2021,Comp,,,5,30,4,R30 D04,Port St. Lucie,"West Palm Beach-Ft. Pierce, FL",,10648 SW VILLAGE PKWY,PORT ST LUCIE,FL,34987,27.3,-80.4," 29,789 ",Light Suburban,"594,762",679,"2,392","2,295,998","$75,441",70K-80K,34%,18%,15%,33%,101%,100 - 120,"$84,608",44%,40-60%,25%,20-30%,24%,20-30%,3%,2-4%,0.90%,51.52%,LT8MM, 08 - 10 MM ,08 - 10 MM,08 - 10 MM,E,$0,$0,$0,$0,$0,$0, ,"$3,144,703","$1,880,648","$7,545,238","$8,676,869","$8,793,769","$8,678,718","$8,678,718","$8,977,147","$8,977,147",0.0%,0.0%,0.0%,0.0%,0.0%,0.0%, ,0.0%,34.5%,15.0%,0.2%,3.4%,"$457,001 ","18,737"
1274,"SUMTER, SC",Open,2021,7/16/2021,2021 Open - JUL '21,2021,7/15/2021,Comp,,,5,18,3,R18 D03,Sumter,"Columbia, SC",,"1143 BROAD ST, SUITE 2",SUMTER,SC,29150,34.0,-80.4," 17,847 ",Exurban,"148,424",83,"1,037","1,130,272","$54,732",LT60K,44%,20%,12%,24%,92%,80 - 100,"$66,112",42%,40-60%,48%,GT 30%,4%,LT 10%,1%,LT 2%,0.50%,49.07%,LT8MM, LT8MM ,LT8MM,LT8MM,H,$0,$0,$0,$0,$0,$0, ,"$3,345,046","$2,009,411","$4,960,333","$5,459,910","$5,539,759","$5,619,022","$5,619,022","$6,021,181","$6,021,181",0.0%,0.0%,0.0%,0.0%,0.0%,0.0%, ,0.0%,10.9%,10.1%,3.1%,7.2%,"$352,970 ","12,127"
1275,"KISSIMMEE, FL (POINCIANA PL)",Open,2022,4/8/2022,2022 Open - APR '22,2022,4/6/2022,Comp,Yes,,5,30,6,R30 D06,Orlando-Kissimmee-Sanford,"Orlando-Daytona Beach-Melbourne, FL",,2917 VINELAND ROAD,KISSIMMEE,FL,34746,28.3,-81.5," 18,895 ",Light Suburban,"304,615","2,087","2,161","4,872,913","$76,882",70K-80K,36%,20%,14%,30%,95%,80 - 100,"$78,250",26%,20-40%,8%,5-10%,54%,GT 40%,7%,6-8%,1.47%,51.85%,LT8MM, 08 - 10 MM ,08 - 10 MM,08 - 10 MM,E,$0,$0,$0,$0,$0,$0, ,,$0,"$7,261,541","$5,575,984","$9,064,952","$9,377,724","$9,377,724","$9,884,101","$9,884,101",0.0%,0.0%,0.0%,0.0%,0.0%,0.0%, ,,0.0%,6.1%,5.2%,5.4%,"$513,314 ","17,555"
1276,"PASSAIC, NJ",Open,2021,10/1/2021,2021 Open - SEP '21,2021,9/29/2021,Comp,Yes,Yes,3,13,6,R13 D06,New York-Newark-Jersey City,"New York, NY",Top 10 DMA,24 BARBOUR AVE SPACE 300B,PASSAIC,NJ,7055,40.9,-74.1," 24,211 ",Urban,"471,454","10,134","11,737","22,165,424","$76,356",70K-80K,29%,14%,12%,46%,83%,80 - 100,"$101,231",28%,20-40%,11%,10-15%,52%,GT 40%,7%,6-8%,0.08%,49.12%,12 - 20 MM, 12 - 20 MM ,12 - 20 MM,12 - 20 MM,B,$0,$0,$0,$0,$0,$0, ,"$5,690,824","$2,551,676","$13,433,422","$13,882,900","$14,098,760","$14,896,112","$14,896,112","$17,154,651","$17,154,651",0.0%,0.0%,0.0%,0.0%,0.0%,0.0%, ,0.0%,9.0%,3.3%,7.0%,15.2%,"$598,843 ","24,644"
1277,"CLIVE, IA",Open,2021,4/16/2021,2021 Open - APR '21,2021,4/12/2021,Comp,,,1,5,3,R05 D03,Des Moines-West Des Moines,"Des Moines-Ames, IA",,10201 UNIVERSITY AVE,CLIVE,IA,50325,41.6,-93.8," 21,097 ",Light Suburban,"551,227","1,036","2,953","1,255,295","$84,326",GT80K,28%,16%,12%,44%,115%,100 - 120,"$78,485",72%,GT 60%,8%,5-10%,10%,10-20%,6%,4-6%,0.65%,52.91%,LT8MM, LT8MM ,LT8MM,LT8MM,H,$0,$0,$0,$0,$0,$0, ,"$4,998,259","$2,906,704","$4,516,186","$5,388,592","$5,465,032","$5,299,544","$5,299,544","$5,297,409","$5,297,409",0.0%,0.0%,0.0%,0.0%,0.0%,0.0%, ,0.0%,-14.2%,19.3%,-1.8%,0.0%,"$353,154 ","9,819"
1278,"COLORADO SPRINGS, CO (CHAPL)",Open,2021,5/28/2021,2021 Open - MAY '21,2021,5/24/2021,Comp,,,1,1,1,R01 D01,Colorado Springs,"Colorado Springs-Pueblo, CO",,7710 NORTH ACADEMY BLVD.,COLORADO SPRINGS,CO,80920,38.9,-104.8," 18,548 ",Light Suburban,"789,145",347,"2,536","1,086,546","$92,984",GT80K,25%,16%,15%,44%,123%,GT 120,"$84,434",64%,GT 60%,5%,5-10%,20%,10-20%,3%,2-4%,0.79%,54.13%,LT8MM, LT8MM ,LT8MM,LT8MM,H,$0,$0,$0,$0,$0,$0, ,"$3,760,023","$2,441,095","$4,341,090","$4,474,806","$4,532,797","$4,392,022","$4,392,022","$4,410,507","$4,410,507",0.0%,0.0%,0.0%,0.0%,0.0%,0.0%, ,0.0%,-7.8%,3.1%,-1.6%,0.4%,"$304,552 ","9,349"
1279,"EDGEWATER, NJ (EDGEWTR CMNS)",Open,2022,4/8/2022,2022 Open - APR '22,2022,4/6/2022,Comp,Yes,Yes,3,13,5,R13 D05,New York-Newark-Jersey City,"New York, NY",Top 10 DMA,547 RIVER ROAD,EDGEWATER,NJ,7020,40.8,-74.0," 19,551 ",Super Urban,"549,859","10,952","41,193","22,165,424","$95,411",GT80K,29%,14%,11%,46%,84%,80 - 100,"$101,231",25%,20-40%,6%,5-10%,48%,GT 40%,18%,GT 8%,0.08%,49.12%,08 - 10 MM, 08 - 10 MM ,08 - 10 MM,08 - 10 MM,E,$0,$0,$0,$0,$0,$0, ,,$0,"$8,451,989","$5,532,573","$9,211,639","$8,608,167","$8,608,167","$8,637,909","$8,637,909",0.0%,0.0%,0.0%,0.0%,0.0%,0.0%, ,,0.0%,1.2%,-5.4%,0.3%,"$510,433 ","14,448"
1280,"MINNEAPOLIS, MN  (HI-LAKE)",Open,2021,9/17/2021,2021 Open - SEP '21,2021,9/14/2021,Comp,Yes,,1,5,1,R05 D01,Minneapolis-St. Paul-Bloomington,"Minneapolis-St. Paul, MN",,2124 E LAKE ST,MINNEAPOLIS,MN,55407,44.9,-93.2," 22,977 ",Urban,"479,288","5,269","10,216","5,035,066","$76,272",70K-80K,30%,16%,13%,41%,80%,80 - 100,"$91,896",50%,40-60%,23%,20-30%,12%,10-20%,8%,GT 8%,0.42%,52.29%,LT8MM, 08 - 10 MM ,10 - 12 MM,10 - 12 MM,D,$0,$0,$0,$0,$0,$0, ,"$3,764,101","$1,409,071","$7,393,402","$9,131,887","$9,275,368","$10,810,147","$10,810,147","$11,382,287","$11,382,287",0.0%,0.0%,0.0%,0.0%,0.0%,0.0%, ,0.0%,-0.3%,23.5%,18.0%,5.3%,"$607,258 ","17,450"
1281,"LODI, CA",Open,2021,6/4/2021,2021 Open - JUN '21,2021,6/1/2021,Comp,,,1,21,4,R21 D04,Stockton-Lodi,"Sacramento-Stockton-Modesto, CA",,2422 WEST KETTLEMAN LANE,LODI,CA,95242,38.1,-121.3," 24,817 ",Light Suburban,"198,940",358,"2,481","4,601,910","$96,908",GT80K,25%,14%,14%,48%,91%,80 - 100,"$95,209",32%,20-40%,4%,LT 5%,39%,30-40%,20%,GT 8%,0.42%,50.62%,LT8MM, LT8MM ,LT8MM,LT8MM,G,$0,$0,$0,$0,$0,$0, ,"$5,952,686","$3,471,962","$6,471,815","$6,669,578","$6,766,558","$6,790,249","$6,790,249","$6,958,332","$6,958,332",0.0%,0.0%,0.0%,0.0%,0.0%,0.0%, ,0.0%,-14.4%,3.1%,1.6%,2.5%,"$384,719 ","14,990"
1282,"WILMINGTON, NC (NEW CTR MKT)",Open,2021,8/20/2021,2021 Open - AUG '21,2021,8/15/2021,Comp,,,5,18,2,R18 D02,Wilmington,"Wilmington, NC",,4715-D NEW CENTRE DR,WILMINGTON,NC,28405,34.2,-77.9," 16,978 ",Light Suburban,"512,645",150,"2,465","557,349","$76,197",70K-80K,35%,18%,13%,34%,86%,80 - 100,"$76,235",70%,GT 60%,14%,10-15%,10%,LT 10%,1%,LT 2%,1.53%,54.28%,LT8MM, LT8MM ,LT8MM,LT8MM,G,$0,$0,$0,$0,$0,$0, ,"$3,654,583","$1,816,973","$6,101,437","$6,040,140","$6,124,266","$6,300,278","$6,300,278","$6,675,699","$6,675,699",0.0%,0.0%,0.0%,0.0%,0.0%,0.0%, ,0.0%,-6.5%,-1.0%,4.5%,6.0%,"$378,232 ","12,825"
1283,"WAUKEGAN, IL",Open,2021,9/24/2021,2021 Open - SEP '21,2021,9/22/2021,Comp,Yes,,4,7,2,R07 D02,Chicago-Naperville-Elgin,"Chicago, IL",Top 10 DMA,1501 N LEWIS AVE,WAUKEGAN,IL,60085,42.4,-87.9," 18,200 ",Suburban,"279,510","1,731","3,782","9,518,952","$83,964",GT80K,34%,18%,15%,33%,77%,LT 80,"$91,619",33%,20-40%,13%,10-15%,45%,GT 40%,5%,4-6%,-0.18%,48.49%,LT8MM, LT8MM ,LT8MM,LT8MM,G,$0,$0,$0,$0,$0,$0, ,"$3,080,689","$1,163,419","$5,713,819","$6,184,313","$6,268,526","$6,885,177","$6,885,177","$7,418,823","$7,418,823",0.0%,0.0%,0.0%,0.0%,0.0%,0.0%, ,0.0%,-3.6%,8.2%,11.3%,7.8%,"$326,023 ","13,646"
1284,"RAYNHAM,MA RK CAPE RDS CRX",Open,2021,10/1/2021,2021 Open - SEP '21,2021,9/27/2021,Comp,,,3,10,2,R10 D02,Providence-Warwick,"Providence, RI-New Bedford, MA",,600 SOUTH STREET,RAYNHAM,MA,2767,41.9,-71.0," 22,404 ",Light Suburban,"270,937",951,"1,540","1,683,219","$93,132",GT80K,29%,13%,12%,45%,88%,80 - 100,"$87,015",59%,40-60%,17%,15-20%,8%,LT 10%,2%,LT 2%,0.02%,47.37%,LT8MM, LT8MM ,LT8MM,08 - 10 MM,F,$0,$0,$0,$0,$0,$0, ,"$3,678,546","$1,449,717","$7,002,595","$7,494,722","$7,591,368","$7,982,659","$7,982,659","$8,330,998","$8,330,998",0.0%,0.0%,0.0%,0.0%,0.0%,0.0%, ,0.0%,-7.5%,7.0%,6.4%,4.4%,"$398,308 ","15,959"
1285,"ROCKVILLE, MD (MONTROSE)",Open,2022,4/22/2022,2022 Open - APR '22,2022,4/20/2022,Comp,Yes,,5,11,6,R11 D06,Washington-Arlington-Alexandria,"Washington, DC (Hagerstown, MD)",Top 10 DMA,12089 ROCKVILLE PIKE,ROCKVILLE,MD,20852,39.1,-77.1," 23,136 ",Light Urban,"850,887","4,002","5,710","7,403,493","$120,055",GT80K,20%,11%,12%,58%,108%,100 - 120,"$120,994",31%,20-40%,23%,20-30%,25%,20-30%,16%,GT 8%,0.54%,51.13%,08 - 10 MM, 08 - 10 MM ,10 - 12 MM,10 - 12 MM,D,$0,$0,$0,$0,$0,$0, ,,$0,"$8,109,373","$5,837,978","$9,763,587","$10,572,667","$10,572,667","$11,469,651","$11,469,651",0.0%,0.0%,0.0%,0.0%,0.0%,0.0%, ,,0.0%,1.9%,9.8%,8.5%,"$529,775 ","20,242"
1287,"EL PASO, TX",Open,2022,3/18/2022,2022 Open - MAR '22,2022,3/16/2022,Comp,Yes,,4,28,4,R28 D04,El Paso,"El Paso, TX (Las Cruces, NM)",,9484 DYER ST,EL PASO,TX,79924,31.9,-106.4," 19,498 ",Light Suburban,"161,610",41,"2,526","1,105,750","$55,233",LT60K,40%,21%,13%,25%,87%,80 - 100,"$61,021",14%,LT 20%,5%,5-10%,76%,GT 40%,2%,LT 2%,0.30%,48.20%,08 - 10 MM, 08 - 10 MM ,08 - 10 MM,08 - 10 MM,E,$0,$0,$0,$0,$0,$0, ,,$0,"$8,254,735","$6,133,526","$8,946,066","$9,262,954","$9,262,954","$9,424,746","$9,424,746",0.0%,0.0%,0.0%,0.0%,0.0%,0.0%, ,,0.0%,2.8%,5.1%,1.7%,"$449,926 ","19,436"
1288,"PATERSON, NJ (CNTR CTY)",Open,2022,4/22/2022,2022 Open - APR '22,2022,4/20/2022,Comp,Yes,Yes,3,13,6,R13 D06,New York-Newark-Jersey City,"New York, NY",Top 10 DMA,301 MAIN ST U 128 & 310,PATERSON,NJ,7505,40.9,-74.2," 33,850 ",Urban,"479,665","9,344","10,074","22,165,424","$78,117",70K-80K,28%,13%,11%,47%,74%,LT 80,"$101,231",29%,20-40%,11%,10-15%,51%,GT 40%,6%,6-8%,0.08%,49.12%,12 - 20 MM, 12 - 20 MM ,12 - 20 MM,12 - 20 MM,C,$0,$0,$0,$0,$0,$0, ,,$0,"$12,331,375","$8,461,507","$14,085,445","$15,090,301","$15,090,301","$15,699,657","$15,699,657",0.0%,0.0%,0.0%,0.0%,0.0%,0.0%, ,,0.0%,-1.8%,8.6%,4.0%,"$685,953 ","25,538"
1289,TAMPA FL (PLZ CITRUS PRK),Open,2021,9/17/2021,2021 Open - SEP '21,2021,9/13/2021,Comp,Yes,,5,30,1,R30 D01,Tampa-St. Petersburg-Clearwater,"Tampa-St. Petersburg (Sarasota), FL",,12803 CITRUS PLAZA DRIVE,TAMPA,FL,33625,28.1,-82.6," 18,346 ",Light Suburban,"686,523","2,839","2,934","5,413,557","$73,833",70K-80K,31%,19%,14%,36%,123%,GT 120,"$76,582",37%,20-40%,17%,15-20%,36%,30-40%,5%,4-6%,1.37%,51.59%,08 - 10 MM, 08 - 10 MM ,08 - 10 MM,08 - 10 MM,E,$0,$0,$0,$0,$0,$0, ,"$3,934,194","$1,944,505","$8,552,829","$8,678,028","$8,789,142","$9,268,367","$9,268,367","$9,186,600","$9,186,600",0.0%,0.0%,0.0%,0.0%,0.0%,0.0%, ,0.0%,17.6%,1.5%,7.1%,-0.9%,"$521,340 ","20,748"
1290,"CHARLESTON, SC (ST. AND)",Open,2021,11/5/2021,2021 Open - NOV '21,2021,11/2/2021,Comp,,,5,18,3,R18 D03,Charleston-North Charleston,"Charleston, SC",,975 SAVANNAH HGWY,CHARLESTON,SC,29407,32.8,-80.0," 20,267 ",Light Suburban,"572,421",422,"2,764","992,613","$84,091",GT80K,30%,18%,14%,38%,106%,100 - 120,"$83,757",58%,40-60%,26%,20-30%,9%,LT 10%,2%,2-4%,1.33%,52.34%,LT8MM, LT8MM ,LT8MM,LT8MM,H,$0,$0,$0,$0,$0,$0, ,"$1,699,993","$282,250","$4,765,074","$5,507,456","$5,585,327","$5,353,139","$5,353,139","$5,452,514","$5,452,514",0.0%,0.0%,0.0%,0.0%,0.0%,0.0%, ,0.0%,4.6%,15.6%,-2.9%,1.9%,"$341,622 ","11,360"
1291,"SNELLVILLE, GA (PRES)",Open,2021,9/24/2021,2021 Open - SEP '21,2021,9/23/2021,Comp,Yes,,5,19,2,R19 D02,Atlanta-Sandy Springs-Roswell,"Atlanta, GA",Top 10 DMA,"1670 HWY 124, STE 23",SNELLVILLE,GA,30078,33.9,-84.0," 20,111 ",Light Suburban,"1,124,595","2,127","2,536","7,692,390","$79,826",70K-80K,26%,17%,15%,42%,120%,GT 120,"$87,109",22%,20-40%,43%,GT 30%,21%,20-30%,10%,GT 8%,0.88%,50.12%,08 - 10 MM, 08 - 10 MM ,08 - 10 MM,08 - 10 MM,E,$0,$0,$0,$0,$0,$0, ,"$4,179,737","$1,832,525","$8,813,424","$9,282,771","$9,412,922","$9,251,963","$9,251,963","$9,870,380","$9,870,380",0.0%,0.0%,0.0%,0.0%,0.0%,0.0%, ,0.0%,0.4%,5.3%,-0.3%,6.7%,"$521,925 ","18,326"
1292,"CHICO, CA (CHICO MKTPLC)",Open,2021,7/9/2021,2021 Open - JUL '21,2021,7/5/2021,Comp,,,1,21,4,R21 D04,Chico,"Chico-Redding, CA",,"1982 E 20TH ST, SUITE 100",CHICO,CA,95928,39.7,-121.8," 19,427 ",Light Suburban,"109,672",263,"2,358","503,637","$70,420",70K-80K,36%,16%,14%,35%,89%,80 - 100,"$69,333",56%,40-60%,1%,LT 5%,31%,30-40%,4%,2-4%,-0.30%,47.38%,LT8MM, LT8MM ,LT8MM,LT8MM,H,$0,$0,$0,$0,$0,$0, ,"$4,393,584","$1,800,188","$4,867,988","$4,818,656","$4,882,089","$4,395,367","$4,395,367","$4,355,935","$4,355,935",0.0%,0.0%,0.0%,0.0%,0.0%,0.0%, ,0.0%,-22.2%,-1.0%,-8.6%,-0.9%,"$323,089 ","9,334"
1293,"LAS VEGAS (MONTECITO), NV",Open,2021,9/10/2021,2021 Open - SEP '21,2021,9/8/2021,Comp,Yes,,1,4,1,R04 D01,Las Vegas-Henderson-Paradise,"Las Vegas, NV",,6670 N. DURANGO DR,LAS VEGAS,NV,89149,36.3,-115.3," 18,539 ",Suburban,"585,457","4,699","4,371","2,478,119","$88,908",GT80K,26%,17%,16%,41%,135%,GT 120,"$79,597",35%,20-40%,17%,15-20%,32%,30-40%,7%,6-8%,0.87%,45.85%,LT8MM, LT8MM ,LT8MM,LT8MM,H,$0,$0,$0,$0,$0,$0, ,"$2,814,492","$1,122,326","$5,211,043","$5,109,941","$5,181,986","$5,270,160","$5,270,160","$5,163,129","$5,163,129",0.0%,0.0%,0.0%,0.0%,0.0%,0.0%, ,0.0%,-0.1%,-1.9%,3.3%,-2.0%,"$328,176 ","12,276"
1294,SARASOTA FL (PELICAN),Open,2021,9/10/2021,2021 Open - SEP '21,2021,9/6/2021,Comp,Yes,,5,30,7,R30 D07,North Port-Sarasota-Bradenton,"Tampa-St. Petersburg (Sarasota), FL",,8372 S TAMIAMI TR,SARASOTA,FL,34238,27.2,-82.5," 18,529 ",Light Suburban,"673,531",900,"1,875","5,413,557","$85,139",GT80K,26%,21%,16%,37%,117%,100 - 120,"$76,582",71%,GT 60%,6%,5-10%,16%,10-20%,3%,2-4%,1.37%,51.59%,LT8MM, LT8MM ,LT8MM,LT8MM,H,$0,$0,$0,$0,$0,$0, ,"$1,661,742","$875,783","$3,515,707","$3,830,521","$3,891,701","$3,778,900","$3,778,900","$3,660,584","$3,660,584",0.0%,0.0%,0.0%,0.0%,0.0%,0.0%, ,0.0%,18.4%,9.0%,-1.4%,-3.1%,"$309,354 ","8,813"
1295,"SCHENECTADY, NY",Open,2021,10/22/2021,2021 Open - OCT '21,2021,10/18/2021,Comp,Yes,,3,10,5,R10 D05,Albany-Schenectady-Troy,"Albany-Schenectady-Troy, NY",,436 BALLTOWN ROAD,SCHENECTADY,NY,12304,42.8,-73.9," 19,343 ",Light Suburban,"207,443","1,868","2,453","1,403,073","$76,142",70K-80K,35%,16%,13%,36%,104%,100 - 120,"$80,596",57%,40-60%,16%,15-20%,9%,LT 10%,8%,6-8%,-0.08%,48.89%,LT8MM, LT8MM ,LT8MM,08 - 10 MM,E,$0,$0,$0,$0,$0,$0, ,"$2,755,059","$358,500","$6,635,993","$7,145,168","$7,243,044","$7,575,775","$7,575,775","$8,639,888","$8,639,888",0.0%,0.0%,0.0%,0.0%,0.0%,0.0%, ,0.0%,34.9%,7.7%,5.8%,14.0%,"$380,754 ","14,387"
1296,"SEBRING (SHELBY CRSS), FL",Open,2021,10/29/2021,2021 Open - OCT '21,2021,10/25/2021,Comp,Yes,,5,30,5,R30 D05,Sebring,"Tampa-St. Petersburg (Sarasota), FL",,1720 US HWY 27,SEBRING,FL,33870,27.5,-81.5," 20,026 ",Exurban,"295,647",59,"1,282","5,413,557","$56,657",LT60K,46%,17%,13%,23%,77%,LT 80,"$76,582",52%,40-60%,12%,10-15%,31%,30-40%,1%,LT 2%,1.37%,51.59%,LT8MM, LT8MM ,LT8MM,LT8MM,G,$0,$0,$0,$0,$0,$0, ,"$2,238,721","$343,683","$5,379,375","$5,905,774","$5,997,644","$6,462,279","$6,462,279","$6,960,991","$6,960,991",0.0%,0.0%,0.0%,0.0%,0.0%,0.0%, ,0.0%,9.3%,9.8%,9.5%,7.7%,"$350,619 ","15,271"
1297,"DALLAS, TX (WHITEROCK MRKT)",Open,2021,10/22/2021,2021 Open - OCT '21,2021,10/18/2021,Comp,Yes,,4,16,6,R16 D06,Dallas-Fort Worth-Arlington,"Dallas-Ft. Worth, TX",Top 10 DMA,11255 GARLAND RD SUITE 1000,DALLAS,TX,75218,32.8,-96.7," 21,027 ",Suburban,"1,113,024","1,644","4,828","9,039,276","$71,168",70K-80K,40%,17%,12%,31%,83%,80 - 100,"$89,635",22%,20-40%,25%,20-30%,45%,GT 40%,5%,4-6%,1.36%,52.96%,08 - 10 MM, 08 - 10 MM ,08 - 10 MM,10 - 12 MM,D,$0,$0,$0,$0,$0,$0, ,"$3,310,735","$504,766","$8,647,555","$9,365,118","$9,463,684","$9,995,826","$9,995,826","$10,823,907","$10,823,907",0.0%,0.0%,0.0%,0.0%,0.0%,0.0%, ,0.0%,24.9%,8.3%,6.7%,8.3%,"$484,530 ","19,896"
1298,"ARLINGTON, TX (LINCOLN SQ)",Open,2021,10/1/2021,2021 Open - SEP '21,2021,9/27/2021,Comp,Yes,,4,16,4,R16 D04,Dallas-Fort Worth-Arlington,"Dallas-Ft. Worth, TX",Top 10 DMA,200 LINCOLN SQUARE,ARLINGTON,TX,76011,32.8,-97.1," 20,081 ",Suburban,"1,341,581","3,141","3,895","9,039,276","$74,160",70K-80K,35%,18%,13%,34%,68%,LT 80,"$89,635",23%,20-40%,29%,20-30%,38%,30-40%,7%,6-8%,1.36%,52.96%,08 - 10 MM, 08 - 10 MM ,08 - 10 MM,10 - 12 MM,D,$0,$0,$0,$0,$0,$0, ,"$4,196,211","$1,718,313","$8,551,039","$8,626,456","$8,732,825","$9,316,899","$9,316,899","$10,021,515","$10,021,515",0.0%,0.0%,0.0%,0.0%,0.0%,0.0%, ,0.0%,-4.7%,0.9%,7.7%,7.6%,"$489,755 ","18,753"
1299,"MONROE, NC (POPLIN PL)",Open,2021,9/10/2021,2021 Open - SEP '21,2021,9/6/2021,Comp,,,5,18,5,R18 D05,Charlotte-Concord-Gastonia,"Charlotte, NC",,3151 W HWY 74,MONROE,NC,28110,35.0,-80.6," 19,373 ",Exurban,"643,723",301,814,"3,598,950","$83,413",GT80K,31%,17%,13%,39%,100%,100 - 120,"$79,954",54%,40-60%,20%,20-30%,16%,10-20%,5%,4-6%,1.03%,52.17%,LT8MM, LT8MM ,LT8MM,08 - 10 MM,F,$0,$0,$0,$0,$0,$0, ,"$3,535,094","$1,548,695","$6,601,140","$7,457,195","$7,567,207","$7,774,016","$7,774,016","$8,227,445","$8,227,445",0.0%,0.0%,0.0%,0.0%,0.0%,0.0%, ,0.0%,12.2%,13.0%,4.1%,5.8%,"$459,279 ","16,566"
1300,"OXNARD, CA (PORT PLACE)",Open,2021,10/22/2021,2021 Open - OCT '21,2021,10/18/2021,Comp,Yes,,1,3,2,R03 D02,Oxnard-Thousand Oaks-Ventura,"Los Angeles, CA",Top 10 DMA,1331 W. CHANNEL ISLANDS BLVD,OXNARD,CA,93033,34.2,-119.2," 19,269 ",Light Urban,"130,746","11,581","6,967","18,082,820","$89,731",GT80K,27%,15%,15%,43%,92%,80 - 100,"$97,162",11%,LT 20%,2%,LT 5%,78%,GT 40%,7%,6-8%,-0.04%,47.33%,LT8MM, LT8MM ,08 - 10 MM,08 - 10 MM,E,$0,$0,$0,$0,$0,$0, ,"$3,072,690","$460,522","$7,459,551","$7,602,892","$7,712,828","$8,503,229","$8,503,229","$9,096,075","$9,096,075",0.0%,0.0%,0.0%,0.0%,0.0%,0.0%, ,0.0%,34.6%,1.9%,12.0%,7.0%,"$454,609 ","18,020"
1301,"HICKORY, NC (HICK RDG)",Open,2021,10/22/2021,2021 Open - OCT '21,2021,10/18/2021,Comp,,,5,18,4,R18 D04,Hickory-Lenoir-Morganton,"Charlotte, NC",,1862 CATAWBA VLLY BLVD SE,HICKORY,NC,28602,35.7,-81.3," 19,957 ",Exurban,"393,892",236,644,"3,598,950","$61,663",60K-70K,39%,19%,15%,27%,70%,LT 80,"$79,954",76%,GT 60%,7%,5-10%,10%,LT 10%,3%,2-4%,1.03%,52.17%,LT8MM, LT8MM ,LT8MM,LT8MM,H,$0,$0,$0,$0,$0,$0, ,"$2,309,142","$255,696","$4,660,899","$4,889,494","$4,961,103","$5,188,312","$5,188,312","$5,551,333","$5,551,333",0.0%,0.0%,0.0%,0.0%,0.0%,0.0%, ,0.0%,11.6%,4.9%,6.1%,7.0%,"$354,126 ","12,315"
1302,"CAROLINA, PR (PLZA CAROL)",Open,2021,10/15/2021,2021 Open - OCT '21,2021,10/13/2021,Comp,Yes,,5,31,4,R31 D04,,Puerto Rico,Top 10 DMA,"AVENIDA JESUS FRAGOSO,247",CAROLINA,PR,983,18.4,-66.0," 26,618 ",Light Suburban,"717,157","3,178","2,241","3,245,457","$31,899",LT60K,70%,15%,7%,8%,107%,100 - 120,"$25,105",1%,LT 20%,0%,LT 5%,99%,GT 40%,0%,LT 2%,0.00%,0.00%,12 - 20 MM, 12 - 20 MM ,12 - 20 MM,12 - 20 MM,B,$0,$0,$0,$0,$0,$0, ,"$6,135,937","$824,168","$13,361,531","$14,325,207","$14,540,789","$17,130,203","$17,130,203","$18,672,445","$18,672,445",0.0%,0.0%,0.0%,0.0%,0.0%,0.0%, ,0.0%,-4.9%,7.2%,19.6%,9.0%,"$658,889 ","40,314"
1303,"HIRAM (PAULDING COMMONS), GA",Open,2022,2/18/2022,2022 Open - FEB '22,2022,2/17/2022,Comp,Yes,,5,19,3,R19 D03,Atlanta-Sandy Springs-Roswell,"Atlanta, GA",Top 10 DMA,4215 JIMMY LEE SMITH PKWY,HIRAM,GA,30141,33.9,-84.8," 19,457 ",Exurban,"1,141,494",891,"1,226","7,692,390","$89,980",GT80K,20%,15%,16%,49%,104%,100 - 120,"$87,109",38%,20-40%,40%,GT 30%,14%,10-20%,3%,2-4%,0.88%,50.12%,LT8MM, LT8MM ,LT8MM,LT8MM,G,$0,$0,$0,$0,$0,$0, ,,$0,"$7,000,715","$5,501,038","$7,288,431","$7,075,281","$7,075,281","$7,517,897","$7,517,897",0.0%,0.0%,0.0%,0.0%,0.0%,0.0%, ,,0.0%,2.4%,-1.4%,6.3%,"$410,032 ","14,754"
1304,"MIAMI, FL (KENDALL PL)",Open,2022,5/13/2022,2022 Open - MAY '22,2022,5/11/2022,Comp,Yes,Yes,5,31,2,R31 D02,Miami-Fort Lauderdale-West Palm Beach,"Miami-Ft. Lauderdale, FL",Top 10 DMA,8881 SW 107TH AVGE,MIAMI,FL,33176,25.7,-80.4," 32,240 ",Suburban,"926,606","2,887","4,920","4,800,721","$83,729",GT80K,33%,12%,15%,41%,130%,GT 120,"$78,384",10%,LT 20%,7%,5-10%,80%,GT 40%,2%,LT 2%,0.33%,48.16%,LT8MM, 08 - 10 MM ,08 - 10 MM,08 - 10 MM,F,$0,$0,$0,$0,$0,$0, ,,$0,"$6,652,692","$4,517,432","$8,579,175","$8,610,335","$8,610,335","$8,349,064","$8,349,064",0.0%,0.0%,0.0%,0.0%,0.0%,0.0%, ,,0.0%,-1.4%,1.8%,-3.0%,"$525,551 ","18,400"
1305,"CLARKSVILLE,TN (GOV SQ)",Open,2021,9/17/2021,2021 Open - SEP '21,2021,9/13/2021,Comp,,,5,18,1,R18 D01,Clarksville,"Nashville, TN",,2801 WILMA RUDOLPH BL 100-01,CLARKSVILLE,TN,37040,36.6,-87.3," 18,541 ",Exurban,"604,991",128,"1,346","3,298,024","$72,185",70K-80K,33%,20%,16%,31%,98%,80 - 100,"$79,662",70%,GT 60%,14%,10-15%,9%,LT 10%,2%,LT 2%,1.33%,52.68%,LT8MM, LT8MM ,LT8MM,LT8MM,H,$0,$0,$0,$0,$0,$0, ,"$3,125,881","$1,243,052","$5,664,846","$5,896,192","$5,964,330","$6,067,928","$6,067,928","$6,549,429","$6,549,429",0.0%,0.0%,0.0%,0.0%,0.0%,0.0%, ,0.0%,3.2%,4.1%,3.0%,7.9%,"$353,811 ","13,278"
1306,"MIAMI, FL (DOLPHIN MALL)",Open,2021,10/8/2021,2021 Open - OCT '21,2021,10/6/2021,Comp,Yes,Yes,5,31,2,R31 D02,Miami-Fort Lauderdale-West Palm Beach,"Miami-Ft. Lauderdale, FL",Top 10 DMA,11401 NW 12TH ST. E100,MIAMI,FL,33172,25.8,-80.4," 22,091 ",Light Urban,"1,716,862","1,173","5,352","4,800,721","$73,356",70K-80K,36%,11%,14%,39%,96%,80 - 100,"$78,384",7%,LT 20%,11%,10-15%,79%,GT 40%,1%,LT 2%,0.33%,48.16%,LT8MM, 10 - 12 MM ,12 - 20 MM,12 - 20 MM,C,$0,$0,$0,$0,$0,$0, ,"$3,067,720","$470,481","$6,788,505","$10,112,604","$10,269,022","$12,415,745","$12,415,745","$13,663,223","$13,663,223",0.0%,0.0%,0.0%,0.0%,0.0%,0.0%, ,0.0%,14.6%,49.0%,22.5%,10.0%,"$605,877 ","21,072"
1307,"GRANADA HILLS, CA (GRAN VLG)",Open,2022,3/18/2022,2022 Open - MAR '22,2022,3/11/2022,Comp,Yes,,1,3,2,R03 D02,Los Angeles-Long Beach-Anaheim,"Los Angeles, CA",Top 10 DMA,10801 ZELZAH AVENUE,GRANADA HILLS,CA,91344,34.3,-118.5," 23,180 ",Light Urban,"487,181","6,371","5,161","18,082,820","$101,730",GT80K,29%,14%,12%,45%,127%,GT 120,"$97,162",21%,20-40%,3%,LT 5%,58%,GT 40%,14%,GT 8%,-0.04%,47.33%,LT8MM, LT8MM ,LT8MM,LT8MM,G,$0,$0,$0,$0,$0,$0, ,,$0,"$6,732,676","$4,586,323","$6,643,144","$6,976,437","$6,976,437","$7,067,350","$7,067,350",0.0%,0.0%,0.0%,0.0%,0.0%,0.0%, ,,0.0%,-3.1%,6.7%,1.3%,"$404,590 ","15,560"
1308,"WENATCHEE, WA",Open,2021,10/29/2021,2021 Open - OCT '21,2021,10/25/2021,Comp,,,1,1,6,R01 D06,Wenatchee,"Seattle-Tacoma, WA",,1380 NORTH MILLER STREET,WENATCHEE,WA,98801,47.4,-120.3," 20,370 ",Light Suburban,"152,258",34,"2,056","5,772,567","$80,000",GT80K,28%,17%,16%,39%,72%,LT 80,"$108,737",58%,40-60%,0%,LT 5%,36%,30-40%,1%,LT 2%,0.66%,52.46%,LT8MM, LT8MM ,08 - 10 MM,08 - 10 MM,E,$0,$0,$0,$0,$0,$0, ,"$2,511,473","$347,024","$6,295,935","$6,974,310","$7,073,053","$8,218,800","$8,218,800","$9,625,152","$9,625,152",0.0%,0.0%,0.0%,0.0%,0.0%,0.0%, ,0.0%,30.3%,10.8%,17.8%,17.1%,"$466,591 ","17,126"
1309,"MORRISTOWN, NJ (MORRIS MP)",Open,2023,3/3/2023,2023 Open - MAR '23,2023,3/2/2023,Comp,Yes,,3,13,6,R13 D06,New York-Newark-Jersey City,"New York, NY",Top 10 DMA,191 E HANOVER AVENUE,MORRISTOWN,NJ,7960,40.8,-74.5," 18,060 ",Light Suburban,"551,772","1,556","2,382","22,165,424","$127,420",GT80K,21%,12%,11%,56%,145%,GT 120,"$101,231",51%,40-60%,15%,10-15%,19%,10-20%,12%,GT 8%,0.08%,49.12%,, LT8MM ,LT8MM,LT8MM,H,$0,$0,$0,$0,$0,$0, ,,,,,"$6,258,238","$4,820,491","$6,208,219","$6,497,018","$6,497,018",0.0%,0.0%,0.0%,0.0%,0.0%,0.0%, ,,,,-3.7%,4.7%,"$349,698 ","11,516"
1310,"DONNA (SHOPS AT 493),TX",Open,2022,3/4/2022,2022 Open - MAR '22,2022,3/2/2022,Comp,Yes,,4,28,1,R28 D01,McAllen-Edinburg-Mission,"Harlingen-Weslaco-Brownsville-McAllen, TX",,"1700 MURPHY AVE, ST B",DONNA,TX,78537,26.2,-98.0," 31,603 ",Light Suburban,"879,544",920,"1,841","1,426,817","$56,734",LT60K,47%,17%,12%,23%,96%,80 - 100,"$55,116",6%,LT 20%,1%,LT 5%,92%,GT 40%,1%,LT 2%,0.55%,51.13%,12 - 20 MM, 12 - 20 MM ,12 - 20 MM,12 - 20 MM,B,$0,$0,$0,$0,$0,$0, ,,$0,"$12,736,708","$12,107,092","$15,755,913","$18,812,497","$18,812,497","$19,269,922","$19,269,922",0.0%,0.0%,0.0%,0.0%,0.0%,0.0%, ,,0.0%,20.2%,20.9%,2.4%,"$560,099 ","33,757"
1311,"AVENTURA (BISCAYNE RETAIL), FL",Open,2021,11/12/2021,2021 Open - NOV '21,2021,11/12/2021,Comp,Yes,,5,31,7,R31 D07,Miami-Fort Lauderdale-West Palm Beach,"Miami-Ft. Lauderdale, FL",Top 10 DMA,19915 BISCAYNE BLVD,AVENTURA,FL,33180,26.0,-80.1," 26,839 ",Light Urban,"1,260,243","6,217","9,000","4,800,721","$69,013",60K-70K,43%,14%,14%,29%,92%,80 - 100,"$78,384",13%,LT 20%,25%,20-30%,57%,GT 40%,2%,2-4%,0.33%,48.16%,LT8MM, 08 - 10 MM ,08 - 10 MM,08 - 10 MM,E,$0,$0,$0,$0,$0,$0, ,"$2,568,895",$0,"$7,873,524","$8,523,655","$8,674,565","$8,546,621","$8,546,621","$9,048,602","$9,048,602",0.0%,0.0%,0.0%,0.0%,0.0%,0.0%, ,0.0%,0.0%,8.3%,0.3%,5.9%,"$451,589 ","17,036"
1312,"LAKELAND, FL (MERCHANT WALK)",Open,2022,3/18/2022,2022 Open - MAR '22,2022,3/16/2022,Comp,Yes,,5,30,5,R30 D05,Lakeland-Winter Haven,"Tampa-St. Petersburg (Sarasota), FL",,"3615 FLORIDA AVE S, STE 610",LAKELAND,FL,33803,28.0,-82.0," 19,799 ",Light Suburban,"945,975",392,"2,494","5,413,557","$70,786",70K-80K,41%,16%,14%,30%,94%,80 - 100,"$76,582",48%,40-60%,14%,10-15%,32%,30-40%,2%,2-4%,1.37%,51.59%,08 - 10 MM, 08 - 10 MM ,08 - 10 MM,10 - 12 MM,D,$0,$0,$0,$0,$0,$0, ,,$0,"$8,647,806","$6,191,188","$9,277,165","$9,601,318","$9,601,318","$10,062,011","$10,062,011",0.0%,0.0%,0.0%,0.0%,0.0%,0.0%, ,,0.0%,-3.6%,5.2%,4.8%,"$489,964 ","21,924"
1313,"CONCORD, NC (AFTON RDG)",Open,2021,10/29/2021,2021 Open - OCT '21,2021,10/26/2021,Comp,,,5,18,4,R18 D04,Charlotte-Concord-Gastonia,"Charlotte, NC",,6390 BAYFIELD PKWY,CONCORD,NC,28027,35.4,-80.7," 22,546 ",Exurban,"1,003,318",824,"1,098","3,598,950","$76,470",70K-80K,32%,18%,14%,36%,127%,GT 120,"$79,954",41%,40-60%,32%,GT 30%,17%,10-20%,6%,4-6%,1.03%,52.17%,LT8MM, LT8MM ,LT8MM,LT8MM,F,$0,$0,$0,$0,$0,$0, ,"$2,418,482","$345,837","$6,196,770","$6,890,191","$6,986,858","$7,201,783","$7,201,783","$7,855,614","$7,855,614",0.0%,0.0%,0.0%,0.0%,0.0%,0.0%, ,0.0%,28.3%,11.2%,4.5%,9.1%,"$422,887 ","15,358"
1314,"BIRMINGHAM, AL (BRK HGHLND)",Open,2021,11/19/2021,2021 Open - NOV '21,2021,11/18/2021,Comp,,,5,19,5,R19 D05,Birmingham-Hoover,"Birmingham (Anniston and Tuscaloosa), AL",,5275 HIGHWAY 280 S ST 119,BIRMINGHAM,AL,35242,33.4,-86.7," 20,590 ",Light Suburban,"495,304",387,"1,575","1,984,881","$79,982",70K-80K,30%,15%,13%,43%,149%,GT 120,"$66,607",57%,40-60%,31%,GT 30%,5%,LT 10%,3%,2-4%,0.18%,50.12%,LT8MM, LT8MM ,LT8MM,LT8MM,H,$0,$0,$0,$0,$0,$0, ,"$1,394,981",$0,"$3,892,863","$3,604,043","$3,658,585","$3,854,640","$3,854,640","$4,093,724","$4,093,724",0.0%,0.0%,0.0%,0.0%,0.0%,0.0%, ,0.0%,0.0%,-7.4%,7.2%,6.2%,"$276,308 ","8,742"
1315,"LAS CRUCES, NM",Open,2022,6/17/2022,2022 Open - JUN '22,2022,6/15/2022,Comp,Yes,,4,28,4,R28 D04,Las Cruces,"El Paso, TX (Las Cruces, NM)",,2352 E. LOHMAN AVE.,LAS CRUCES,NM,88001,32.3,-106.7," 20,708 ",Light Suburban,"237,990",32,"2,552","1,105,750","$56,839",LT60K,48%,17%,13%,23%,82%,80 - 100,"$61,021",26%,20-40%,2%,LT 5%,68%,GT 40%,1%,LT 2%,0.30%,48.20%,LT8MM, LT8MM ,LT8MM,LT8MM,G,$0,$0,$0,$0,$0,$0, ,,$0,"$4,942,266","$2,876,142","$6,383,188","$6,873,904","$6,873,904","$6,899,765","$6,899,765",0.0%,0.0%,0.0%,0.0%,0.0%,0.0%, ,,0.0%,-8.8%,9.4%,0.4%,"$386,328 ","15,218"
1316,"COVINA (FALLAS COVINA) ,CA",Open,2023,10/27/2023,2023 Open - OCT '23,2023,10/27/2023,Comp,Yes,,1,4,4,R04 D04,Los Angeles-Long Beach-Anaheim,"Los Angeles, CA",Top 10 DMA,1261 N AZUSA AVE,COVINA,CA,91722,34.1,-117.9," 21,343 ",Light Urban,"524,795","5,454","6,814","18,082,820","$95,511",GT80K,25%,14%,14%,48%,96%,80 - 100,"$97,162",12%,LT 20%,2%,LT 5%,65%,GT 40%,19%,GT 8%,-0.04%,47.33%,, LT8MM ,LT8MM,LT8MM,H,$0,$0,$0,$0,$0,$0, ,,,,,"$2,852,799","$320,835","$6,480,298","$5,760,873","$5,760,873",0.0%,0.0%,0.0%,0.0%,0.0%,0.0%, ,,,,-24.9%,-11.1%,"$372,737 ","13,412"
1317,"FAIRFAX, VA (FAIR CITY)",Open,2021,9/17/2021,2021 Open - SEP '21,2021,9/14/2021,Comp,Yes,,5,11,4,R11 D04,Washington-Arlington-Alexandria,"Washington, DC (Hagerstown, MD)",Top 10 DMA,9652 MAIN STREET,FAIRFAX,VA,22031,38.8,-77.3," 21,590 ",Suburban,"915,138","4,446","4,434","7,403,493","$132,261",GT80K,15%,11%,12%,62%,133%,GT 120,"$120,994",37%,20-40%,13%,10-15%,24%,20-30%,20%,GT 8%,0.54%,51.13%,LT8MM, LT8MM ,LT8MM,LT8MM,H,$0,$0,$0,$0,$0,$0, ,"$3,242,513","$1,257,623","$6,204,018","$6,598,350","$6,678,476","$5,765,224","$5,765,224","$6,172,296","$6,172,296",0.0%,0.0%,0.0%,0.0%,0.0%,0.0%, ,0.0%,-4.0%,6.4%,-12.4%,7.1%,"$357,519 ","10,999"
1318,"COLLIER TWP, PA",Open,2021,10/29/2021,2021 Open - OCT '21,2021,10/27/2021,Comp,Yes,,3,25,2,R25 D02,Pittsburgh,"Pittsburgh, PA",,1025 WASHINGTON PIKE,BRIDGEVILLE,PA,15017,40.4,-80.1," 20,018 ",Light Suburban,"412,421","1,598","2,051","2,826,882","$92,447",GT80K,27%,16%,14%,44%,144%,GT 120,"$74,411",81%,GT 60%,6%,5-10%,3%,LT 10%,6%,4-6%,-0.07%,50.10%,LT8MM, LT8MM ,LT8MM,LT8MM,H,$0,$0,$0,$0,$0,$0, ,"$1,646,595","$256,422","$4,391,378","$4,678,923","$4,763,832","$5,445,516","$5,445,516","$5,622,871","$5,622,871",0.0%,0.0%,0.0%,0.0%,0.0%,0.0%, ,0.0%,7.2%,6.5%,16.0%,3.3%,"$285,458 ","10,885"
1319,"GREENVILLE (CHRYDLE MRKT),SC",Open,2022,4/22/2022,2022 Open - APR '22,2022,4/20/2022,Comp,,,5,18,5,R18 D05,Greenville-Anderson-Mauldin,"Greenville-Spartanburg, SC-Asheville, NC-Anderson, SC",,TBD - N PLEASENTBURG DRIVE,GREENVILLE,SC,29609,34.9,-82.4," 19,333 ",Light Suburban,"868,356",714,"2,357","2,489,022","$77,925",70K-80K,33%,19%,14%,34%,98%,80 - 100,"$67,472",67%,GT 60%,15%,15-20%,11%,10-20%,3%,2-4%,0.88%,53.22%,LT8MM, LT8MM ,LT8MM,08 - 10 MM,F,$0,$0,$0,$0,$0,$0, ,,$0,"$6,203,860","$4,570,122","$7,447,116","$7,536,737","$7,536,737","$8,246,526","$8,246,526",0.0%,0.0%,0.0%,0.0%,0.0%,0.0%, ,,0.0%,-0.2%,2.7%,9.4%,"$468,410 ","15,487"
1320,"SAN ANTONIO, TX (MCCRELESS)",Open,2021,9/24/2021,2021 Open - SEP '21,2021,9/20/2021,Comp,,,4,28,5,R28 D05,San Antonio-New Braunfels,"San Antonio, TX",,4224 S NEW BRAUNFELS #201,SAN ANTONIO,TX,78223,29.4,-98.5," 20,086 ",Suburban,"545,110",822,"3,942","3,079,144","$62,754",60K-70K,42%,20%,13%,25%,63%,LT 80,"$76,315",15%,LT 20%,8%,5-10%,74%,GT 40%,1%,LT 2%,1.18%,50.03%,08 - 10 MM, 10 - 12 MM ,12 - 20 MM,12 - 20 MM,D,$0,$0,$0,$0,$0,$0, ,"$4,454,732","$2,032,605","$9,986,688","$11,305,599","$11,479,500","$13,169,946","$13,169,946","$12,893,113","$12,893,113",0.0%,0.0%,0.0%,0.0%,0.0%,0.0%, ,0.0%,4.7%,13.2%,16.2%,-2.1%,"$612,857 ","27,317"
1321,"MIAMI, FL (BLOCK 55)",Open,2024,10/25/2024,2024 Open - OCT '24,2024,10/22/2024,Comp,Yes,,5,31,3,R31 D03,Miami-Fort Lauderdale-West Palm Beach,"Miami-Ft. Lauderdale, FL",Top 10 DMA,249 N.W. 6TH STREET,MIAMI,FL,33136,25.8,-80.2," 26,307 ",Urban,"688,891","7,816","15,526","4,800,721","$70,312",70K-80K,44%,11%,11%,35%,90%,80 - 100,"$78,384",17%,LT 20%,17%,15-20%,62%,GT 40%,2%,LT 2%,0.33%,48.16%,,,LT8MM,LT8MM,G,$0,$0,$0,$0,$0,$0, ,,,,,,,"$2,624,585","$530,011","$6,980,050",0.0%,0.0%,0.0%,0.0%,0.0%,0.0%, ,,,,,3.7%,"$401,523 ","14,960"
1322,"MESA, AZ (MESA GRAND)",Open,2021,10/29/2021,2021 Open - OCT '21,2021,11/2/2021,Comp,Yes,,1,3,6,R03 D06,Phoenix-Mesa-Scottsdale,"Phoenix (Prescott), AZ",,1727 S STAPLEY DR,MESA,AZ,85204,33.4,-111.8," 18,047 ",Light Urban,"523,753","2,893","5,297","6,067,817","$82,373",GT80K,27%,17%,15%,41%,90%,80 - 100,"$86,887",49%,40-60%,5%,5-10%,33%,30-40%,5%,4-6%,0.98%,49.87%,LT8MM, LT8MM ,LT8MM,LT8MM,G,$0,$0,$0,$0,$0,$0, ,"$2,513,722","$383,496","$6,508,231","$6,946,676","$7,049,554","$7,160,194","$7,160,194","$6,895,908","$6,895,908",0.0%,0.0%,0.0%,0.0%,0.0%,0.0%, ,0.0%,19.9%,6.7%,3.2%,-3.7%,"$437,130 ","14,817"
1323,"VERNON HILLS, IL (RIVERTREE)",Open,2021,11/5/2021,2021 Open - NOV '21,2021,11/2/2021,Comp,Yes,,4,7,2,R07 D02,Chicago-Naperville-Elgin,"Chicago, IL",Top 10 DMA,"701 N MILWAUKEE AVE, ST 300",VERNON HILLS,IL,60061,42.2,-87.9," 17,366 ",Light Suburban,"583,852","1,960","1,872","9,518,952","$104,189",GT80K,23%,14%,14%,49%,144%,GT 120,"$91,619",47%,40-60%,7%,5-10%,31%,30-40%,11%,GT 8%,-0.18%,48.49%,LT8MM, LT8MM ,LT8MM,LT8MM,H,$0,$0,$0,$0,$0,$0, ,"$1,749,127","$271,150","$4,573,153","$5,303,484","$5,379,944","$4,992,297","$4,992,297","$5,118,753","$5,118,753",0.0%,0.0%,0.0%,0.0%,0.0%,0.0%, ,0.0%,18.7%,16.0%,-5.9%,2.5%,"$314,074 ","9,625"
1324,"ROCHESTER HLS, MI (WINCHESTER)",Open,2021,11/5/2021,2021 Open - NOV '21,2021,10/25/2021,Comp,Yes,,3,8,2,R08 D02,Detroit-Warren-Dearborn,"Detroit, MI",,1122 S. ROCHESTER RD.,ROCHESTER HILLS,MI,48307,42.7,-83.1," 19,866 ",Light Suburban,"567,408","2,280","2,477","4,913,743","$98,735",GT80K,26%,15%,12%,48%,139%,GT 120,"$77,383",70%,GT 60%,8%,5-10%,6%,LT 10%,11%,GT 8%,-0.10%,48.12%,LT8MM, LT8MM ,LT8MM,LT8MM,H,$0,$0,$0,$0,$0,$0, ,"$1,856,548","$303,476","$5,247,797","$6,171,131","$6,259,444","$6,508,487","$6,508,487","$6,296,086","$6,296,086",0.0%,0.0%,0.0%,0.0%,0.0%,0.0%, ,0.0%,14.4%,17.6%,5.3%,-3.3%,"$334,835 ","12,081"
1325,"OXON HILL, MD (OX HILL PLZA)",Open,2024,6/7/2024,2024 Open - JUN '24,2024,6/7/2024,Comp,Yes,,5,11,4,R11 D04,Washington-Arlington-Alexandria,"Washington, DC (Hagerstown, MD)",Top 10 DMA,6111A 1 LIVINGSTON ROAD,OXON HILL,MD,20745,38.8,-77.0," 19,240 ",Light Urban,"533,318","1,897","5,017","7,403,493","$93,242",GT80K,30%,15%,12%,43%,67%,LT 80,"$120,994",6%,LT 20%,77%,GT 30%,11%,10-20%,3%,2-4%,0.54%,51.13%,,,LT8MM,LT8MM,G,$0,$0,$0,$0,$0,$0, ,,,,,,,"$5,325,066","$3,309,498","$7,101,484",0.0%,0.0%,0.0%,0.0%,0.0%,0.0%, ,,,,,3.7%,"$397,124 ","13,481"
1326,"WYOMISSING, PA",Open,2021,10/29/2021,2021 Open - OCT '21,2021,10/25/2021,Comp,Yes,,3,25,3,R25 D03,Reading,"Philadelphia, PA",Top 10 DMA,"1101 WOODLAND RD, STE 4000",WYOMISSING,PA,19610,40.3,-76.0," 19,626 ",Suburban,"396,802",574,"4,703","8,441,533","$78,984",70K-80K,30%,19%,13%,38%,66%,LT 80,"$88,536",63%,GT 60%,5%,LT 5%,27%,20-30%,2%,LT 2%,0.23%,48.33%,LT8MM, LT8MM ,08 - 10 MM,08 - 10 MM,F,$0,$0,$0,$0,$0,$0, ,"$2,867,565","$405,026","$7,031,608","$7,373,252","$7,478,403","$8,066,182","$8,066,182","$8,246,180","$8,246,180",0.0%,0.0%,0.0%,0.0%,0.0%,0.0%, ,0.0%,25.2%,4.9%,9.3%,2.2%,"$438,612 ","16,669"
1327,"OKLAHOMA CITY, OK (WESTGATE)",Open,2021,10/15/2021,2021 Open - OCT '21,2021,10/12/2021,Comp,,,4,16,2,R16 D02,Oklahoma City,"Oklahoma City, OK",,5929 SW 3RD,OKLAHOMA CITY,OK,73128,35.5,-97.6," 20,110 ",Light Suburban,"877,080",582,"1,990","2,048,734","$69,604",60K-70K,40%,16%,12%,32%,74%,LT 80,"$70,481",50%,40-60%,14%,10-15%,21%,20-30%,4%,2-4%,0.54%,49.53%,LT8MM, LT8MM ,LT8MM,LT8MM,G,$0,$0,$0,$0,$0,$0, ,"$2,624,973","$356,780","$6,231,320","$6,519,217","$6,605,228","$6,922,198","$6,922,198","$7,243,798","$7,243,798",0.0%,0.0%,0.0%,0.0%,0.0%,0.0%, ,0.0%,13.9%,4.6%,6.2%,4.6%,"$377,080 ","15,008"
1328,"BESSEMER (PROMENADE), AL",Open,2022,3/18/2022,2022 Open - MAR '22,2022,3/17/2022,Comp,,,5,19,5,R19 D05,Birmingham-Hoover,"Birmingham (Anniston and Tuscaloosa), AL",,4835 PROMENADE PARKWAY,BESSEMER,AL,35022,33.3,-87.0," 19,198 ",Exurban,"199,865",359,622,"1,984,881","$60,634",60K-70K,45%,17%,12%,26%,112%,100 - 120,"$66,607",36%,20-40%,54%,GT 30%,5%,LT 10%,2%,LT 2%,0.18%,50.12%,LT8MM, LT8MM ,LT8MM,LT8MM,H,$0,$0,$0,$0,$0,$0, ,,$0,"$5,089,592","$3,213,358","$4,792,917","$4,409,262","$4,409,262","$4,506,442","$4,506,442",0.0%,0.0%,0.0%,0.0%,0.0%,0.0%, ,,0.0%,-10.0%,-6.5%,2.2%,"$318,990 ","9,407"
1329,"MT PLEASANT, MI (MI CMMNS)",Open,2022,7/22/2022,2022 Open - JUL '22,2022,7/19/2022,Comp,,,3,8,5,R08 D05,Mount Pleasant,"Flint-Saginaw-Bay City, MI",,2231 S. MISSION ST.,MT PLEASANT,MI,48858,43.6,-84.8," 18,796 ",Exurban,"175,647",77,"1,066","1,108,869","$56,458",LT60K,44%,18%,14%,24%,63%,LT 80,"$62,356",86%,GT 60%,3%,LT 5%,5%,LT 10%,1%,LT 2%,-0.22%,48.92%,LT8MM, LT8MM ,LT8MM,LT8MM,H,$0,$0,$0,$0,$0,$0, ,,$0,"$3,191,475","$1,631,471","$4,431,948","$4,428,964","$4,428,964","$4,526,984","$4,526,984",0.0%,0.0%,0.0%,0.0%,0.0%,0.0%, ,,0.0%,-5.0%,1.3%,2.2%,"$303,491 ","9,202"
1330,"BRONX, NY (GRAND CONCOURSE)",Open,2022,9/30/2022,2022 Open - SEP '22,2022,9/28/2022,Comp,Yes,Yes,3,14,2,R14 D02,New York-Newark-Jersey City,"New York, NY",Top 10 DMA,2503 GRAND CONCOURSE,BRONX,NY,10468,40.9,-73.9," 22,699 ",Super Urban,"648,681","50,575","50,206","22,165,424","$41,727",LT60K,50%,15%,11%,23%,50%,LT 80,"$101,231",4%,LT 20%,24%,20-30%,66%,GT 40%,3%,2-4%,0.08%,49.12%,LT8MM, 12 - 20 MM ,12 - 20 MM,20M+,B,$0,$0,$0,$0,$0,$0, ,,$0,"$7,709,666","$3,036,994","$16,266,811","$17,534,614","$17,534,614","$20,264,422","$20,264,422",0.0%,0.0%,0.0%,0.0%,0.0%,0.0%, ,,0.0%,-12.3%,9.3%,15.6%,"$753,671 ","27,998"
1331,"PEORIA, AZ (ARROWHEAD)",Open,2022,3/25/2022,2022 Open - MAR '22,2022,3/23/2022,Comp,Yes,,1,3,4,R03 D04,Phoenix-Mesa-Scottsdale,"Phoenix (Prescott), AZ",,7685 W BELL RD,PEORIA,AZ,85382,33.6,-112.2," 19,541 ",Suburban,"1,340,662","4,228","3,948","6,067,817","$80,925",GT80K,28%,18%,15%,38%,104%,100 - 120,"$86,887",37%,20-40%,7%,5-10%,47%,GT 40%,4%,4-6%,0.98%,49.87%,LT8MM, LT8MM ,LT8MM,LT8MM,G,$0,$0,$0,$0,$0,$0, ,,$0,"$7,251,517","$4,850,441","$7,113,862","$7,085,689","$7,085,689","$7,381,111","$7,381,111",0.0%,0.0%,0.0%,0.0%,0.0%,0.0%, ,,0.0%,-8.7%,1.1%,4.2%,"$411,870 ","14,988"
1332,"PEMBROKE PINES, FL",Open,2022,12/16/2022,2022 Open - DEC '22,2022,12/9/2022,Comp,Yes,,5,31,7,R31 D07,Miami-Fort Lauderdale-West Palm Beach,"Miami-Ft. Lauderdale, FL",Top 10 DMA,"16024 PINES BLVD, #111",PEMBROKE PINES,FL,33027,26.0,-80.4," 18,641 ",Suburban,"708,196","4,185","3,593","4,800,721","$89,172",GT80K,31%,15%,15%,40%,147%,GT 120,"$78,384",13%,LT 20%,24%,20-30%,56%,GT 40%,4%,4-6%,0.33%,48.16%,LT8MM, LT8MM ,LT8MM,LT8MM,H,$0,$0,$0,$0,$0,$0, ,,$0,"$1,502,748",,"$5,631,870","$4,781,154","$5,124,234","$5,207,221","$5,207,221",0.0%,0.0%,0.0%,0.0%,0.0%,0.0%, ,,0.0%,,-5.3%,1.6%,"$339,099 ","11,488"
1333,"FRANKLIN, TN (THOROUGHBRED)",Open,2021,11/5/2021,2021 Open - NOV '21,2021,11/3/2021,Comp,,,5,18,1,R18 D01,Nashville-Davidson--Murfreesboro--Franklin,"Nashville, TN",,"545 COOL SPRINGS BLVD, 100",FRANKLIN,TN,37067,35.9,-86.8," 19,904 ",Exurban,"2,038,018",455,"1,485","3,298,024","$91,679",GT80K,22%,14%,12%,52%,152%,GT 120,"$79,662",67%,GT 60%,15%,10-15%,11%,10-20%,4%,2-4%,1.33%,52.68%,LT8MM, LT8MM ,LT8MM,LT8MM,G,$0,$0,$0,$0,$0,$0, ,"$1,118,401","$238,393","$3,787,703","$6,390,622","$6,485,911","$7,747,206","$7,747,206","$6,857,977","$6,857,977",0.0%,0.0%,0.0%,0.0%,0.0%,0.0%, ,0.0%,34.0%,68.7%,20.5%,-11.5%,"$452,120 ","15,452"
1334,"NEW PORT RICHEY, FL (S.GATE)",Open,2022,4/8/2022,2022 Open - APR '22,2022,4/6/2022,Comp,Yes,,5,30,1,R30 D01,Tampa-St. Petersburg-Clearwater,"Tampa-St. Petersburg (Sarasota), FL",,5229 US-19,NEW PORT RICHEY,FL,34652,28.2,-82.7," 19,811 ",Suburban,"379,214","1,689","3,153","5,413,557","$67,284",60K-70K,45%,14%,10%,30%,71%,LT 80,"$76,582",73%,GT 60%,4%,LT 5%,15%,10-20%,3%,2-4%,1.37%,51.59%,LT8MM, LT8MM ,LT8MM,08 - 10 MM,E,$0,$0,$0,$0,$0,$0, ,,$0,"$5,832,411","$3,839,907","$6,526,927","$7,199,366","$7,199,366","$8,915,093","$8,915,093",0.0%,0.0%,0.0%,0.0%,0.0%,0.0%, ,,0.0%,-5.2%,12.1%,23.8%,"$496,988 ","19,094"
1335,CLOSED,Closed,,9/26/2025,Closure Date,,,,,,0,0,,,,,,,,,,,,,,,,,,,,,,,,,,,,,,,,,,,,,LT8MM, LT8MM ,LT8MM,LT8MM,,$0,$0,$0,$0,$0,$0, ,,$0,"$865,054",,"$2,488,894","$2,327,937","$2,327,937","$1,187,584","$1,622,297",0.0%,0.0%,0.0%,0.0%,0.0%,0.0%, ,,0.0%,,-4.3%,20.7%,$981 ,"5,732"
1336,"MECHANICSBURG, PA",Open,2021,11/5/2021,2021 Open - NOV '21,2021,11/3/2021,Comp,,,3,25,3,R25 D03,Harrisburg-Carlisle,"Harrisburg-Lancaster-Lebanon-York, PA",,5600 CARLISLE PIKE,MECHANICSBURG,PA,17050,40.2,-77.0," 19,746 ",Light Suburban,"701,063",409,"2,538","2,122,849","$82,192",GT80K,28%,18%,14%,39%,122%,GT 120,"$80,631",72%,GT 60%,9%,5-10%,8%,LT 10%,6%,6-8%,0.29%,54.70%,LT8MM, LT8MM ,LT8MM,LT8MM,H,$0,$0,$0,$0,$0,$0, ,"$2,104,861","$312,340","$5,245,688","$5,482,160","$5,557,391","$5,458,478","$5,458,478","$5,478,693","$5,478,693",0.0%,0.0%,0.0%,0.0%,0.0%,0.0%, ,0.0%,9.0%,4.5%,-0.3%,0.4%,"$358,403 ","10,892"
1337,MENIFEE (CNTRYSIDE MKTPL),Open,2022,5/27/2022,2022 Open - MAY '22,2022,5/25/2022,Comp,Yes,,1,4,5,R04 D05,Riverside-San Bernardino-Ontario,"Los Angeles, CA",Top 10 DMA,30054 HAUN ROAD,MENIFEE,CA,92584,33.7,-117.2," 16,762 ",Light Suburban,"751,668","1,310","2,984","18,082,820","$93,875",GT80K,25%,16%,14%,45%,102%,100 - 120,"$97,162",31%,20-40%,7%,5-10%,50%,GT 40%,7%,6-8%,-0.04%,47.33%,LT8MM, 08 - 10 MM ,08 - 10 MM,08 - 10 MM,E,$0,$0,$0,$0,$0,$0, ,,$0,"$5,530,477","$4,285,344","$8,065,185","$8,376,005","$8,376,005","$8,831,934","$8,831,934",0.0%,0.0%,0.0%,0.0%,0.0%,0.0%, ,,0.0%,7.2%,5.4%,5.4%,"$459,687 ","18,199"
1338,"FLUSHING, NY (SKYVIEW CTR)",Open,2022,3/25/2022,2022 Open - MAR '22,2022,3/23/2022,Comp,Yes,Yes,3,14,5,R14 D05,New York-Newark-Jersey City,"New York, NY",Top 10 DMA,40-24 COLLEGE PT BVD S D426,FLUSHING,NY,11354,40.8,-73.8," 24,657 ",Super Urban,"716,092","39,588","33,472","22,165,424","$71,347",70K-80K,34%,16%,12%,38%,75%,LT 80,"$101,231",13%,LT 20%,4%,LT 5%,39%,30-40%,42%,GT 8%,0.08%,49.12%,10 - 12 MM, 12 - 20 MM ,12 - 20 MM,12 - 20 MM,B,$0,$0,$0,$0,$0,$0, ,,$0,"$11,369,957","$10,500,700","$14,532,352","$17,649,488","$17,649,488","$17,661,972","$17,661,972",0.0%,0.0%,0.0%,0.0%,0.0%,0.0%, ,,0.0%,22.6%,23.0%,0.1%,"$833,553 ","28,556"
1339,"GAINESVILLE (BUTLER PLZ), FL",Open,2022,9/16/2022,2022 Open - SEP '22,2022,9/14/2022,Comp,,,5,19,4,R19 D04,Gainesville,"Gainesville, FL",,3642 SW ARCHER RD,GAINESVILLE,FL,32608,29.6,-82.4," 16,763 ",Suburban,"801,871",126,"3,238","374,783","$63,245",60K-70K,45%,11%,11%,33%,71%,LT 80,"$62,956",62%,GT 60%,16%,15-20%,14%,10-20%,3%,2-4%,0.73%,42.81%,LT8MM, LT8MM ,LT8MM,LT8MM,H,$0,$0,$0,$0,$0,$0, ,,$0,"$2,917,444","$1,164,527","$5,521,726","$5,495,234","$5,495,234","$5,652,568","$5,652,568",0.0%,0.0%,0.0%,0.0%,0.0%,0.0%, ,,0.0%,-13.2%,1.2%,2.9%,"$365,101 ","12,225"
1340,"COLUMBUS (X CNTRY PLAZA), GA",Open,2022,4/1/2022,2022 Open - MAR '22,2022,3/31/2022,Comp,,,5,19,3,R19 D03,Columbus,"Columbus, GA (Opelika, AL)",,3201 MACON RD,COLUMBUS,GA,31906,32.5,-84.9," 17,483 ",Light Suburban,"373,203",123,"2,885","622,442","$58,453",LT60K,41%,19%,14%,26%,77%,LT 80,"$56,328",46%,40-60%,39%,GT 30%,8%,LT 10%,2%,2-4%,0.41%,46.30%,LT8MM, LT8MM ,LT8MM,LT8MM,G,$0,$0,$0,$0,$0,$0, ,,$0,"$6,391,687","$3,984,877","$6,948,105","$6,395,301","$6,395,301","$7,339,015","$7,339,015",0.0%,0.0%,0.0%,0.0%,0.0%,0.0%, ,,0.0%,-6.2%,-6.5%,14.8%,"$410,378 ","12,994"
1341,"LYNNWOOD, WA (ALDERWOOD)",Open,2022,7/1/2022,2022 Open - JUN '22,2022,6/28/2022,Comp,,,1,1,6,R01 D06,Seattle-Tacoma-Bellevue,"Seattle-Tacoma, WA",,19401 ALDERWOOD PKWY STE 110,LYNNWOOD,WA,98036,47.8,-122.3," 18,764 ",Light Urban,"621,213","4,715","5,548","5,772,567","$113,415",GT80K,20%,13%,13%,53%,105%,100 - 120,"$108,737",52%,40-60%,6%,5-10%,13%,10-20%,21%,GT 8%,0.66%,52.46%,LT8MM, LT8MM ,LT8MM,08 - 10 MM,F,$0,$0,$0,$0,$0,$0, ,,$0,"$4,474,003","$3,388,733","$7,146,369","$7,922,032","$7,922,032","$8,490,207","$8,490,207",0.0%,0.0%,0.0%,0.0%,0.0%,0.0%, ,,0.0%,6.9%,12.3%,7.2%,"$463,577 ","15,975"
1342,"BUFFALO, NY (DEL CONSUMER SQ)",Open,2022,7/1/2022,2022 Open - JUN '22,2022,7/1/2022,Comp,Yes,,3,10,1,R10 D01,Buffalo-Cheektowaga-Niagara Falls,"Buffalo, NY",,2640 DELAWARE AVE,BUFFALO,NY,14216,43.0,-78.9," 19,995 ",Light Urban,"245,114","7,859","6,722","1,556,799","$52,202",LT60K,49%,16%,11%,24%,92%,80 - 100,"$68,948",38%,20-40%,36%,GT 30%,13%,10-20%,8%,GT 8%,-0.20%,47.55%,LT8MM, LT8MM ,LT8MM,LT8MM,G,$0,$0,$0,$0,$0,$0, ,,$0,"$4,583,089","$2,309,588","$7,048,836","$6,935,311","$6,935,311","$7,360,197","$7,360,197",0.0%,0.0%,0.0%,0.0%,0.0%,0.0%, ,,0.0%,-5.6%,-0.2%,6.1%,"$381,242 ","13,110"
1343,"FORT MYERS, FL (CYPRESS CEN)",Open,2022,4/1/2022,2022 Open - MAR '22,2022,3/30/2022,Comp,,,5,30,7,R30 D07,Cape Coral-Fort Myers,"Ft. Myers-Naples, FL",,9370-1 BEN C PRATT  PKWY,FORT MYERS,FL,33912,26.6,-81.8," 20,816 ",Light Suburban,"979,335",214,"1,743","1,553,978","$75,494",70K-80K,31%,21%,15%,33%,97%,80 - 100,"$78,978",54%,40-60%,9%,5-10%,32%,30-40%,2%,LT 2%,1.55%,56.33%,LT8MM, 08 - 10 MM ,08 - 10 MM,10 - 12 MM,D,$0,$0,$0,$0,$0,$0, ,,$0,"$7,737,308","$6,023,919","$9,016,042","$9,261,887","$9,261,887","$10,601,279","$10,601,279",0.0%,0.0%,0.0%,0.0%,0.0%,0.0%, ,,0.0%,-0.6%,4.4%,14.5%,"$485,162 ","20,579"
1344,"SAN DIEGO, CA (MIRA MESA)",Open,2022,5/20/2022,2022 Open - MAY '22,2022,5/18/2022,Comp,Yes,,1,4,2,R04 D02,San Diego-Carlsbad,"San Diego, CA",,8150 MIRA MESA BLVD,SAN DIEGO,CA,92126,32.9,-117.1," 20,763 ",Suburban,"369,713","2,559","3,979","3,292,550","$153,694",GT80K,18%,11%,10%,62%,132%,GT 120,"$108,694",41%,40-60%,2%,LT 5%,14%,10-20%,36%,GT 8%,0.09%,49.94%,LT8MM, LT8MM ,LT8MM,LT8MM,H,$0,$0,$0,$0,$0,$0, ,,$0,"$4,529,684","$3,180,709","$5,939,921","$6,052,938","$6,052,938","$5,905,508","$5,905,508",0.0%,0.0%,0.0%,0.0%,0.0%,0.0%, ,,0.0%,4.8%,3.5%,-2.4%,"$373,756 ","12,375"
1345,"VA. BEACH, VA (LANDSTOWN)",Open,2022,3/18/2022,2022 Open - MAR '22,2022,3/16/2022,Comp,,,5,11,3,R11 D03,Virginia Beach-Norfolk-Newport News,"Norfolk-Portsmouth-Newport News, VA",,3312 PRINCESS ANNE RD,VIRGINIA BEACH,VA,23456,36.8,-76.1," 19,202 ",Light Suburban,"548,883","1,148","2,876","1,996,676","$90,030",GT80K,28%,18%,13%,41%,129%,GT 120,"$80,782",50%,40-60%,27%,20-30%,9%,LT 10%,7%,6-8%,0.17%,51.00%,LT8MM, LT8MM ,LT8MM,LT8MM,H,$0,$0,$0,$0,$0,$0, ,,$0,"$5,805,226","$3,692,795","$5,455,533","$5,184,163","$5,184,163","$5,420,369","$5,420,369",0.0%,0.0%,0.0%,0.0%,0.0%,0.0%, ,,0.0%,-10.8%,-3.4%,4.6%,"$293,612 ","10,554"
1346,"ONTARIO, CA (GATEWAY)",Future GO,2026,5/1/2026,2026 Open - APR '26,,,,,,1,4,3,R04 D03,,,,4234 E. ONTARIO RANCH ROAD,ONTARIO,CA,91762,,,,,,,,,,,,,,,,,,18%,LT 20%,6%,5-10%,61%,GT 40%,12%,GT 8%,,,,,,,,$0,$0,$0,$0,$0,$0, ,,,,,,,,,,0.0%,0.0%,0.0%,0.0%,0.0%,0.0%, ,,,,,,NA,NA
1347,"HAGERSTOWN, MD (CENTRE)",Open,2022,3/11/2022,2022 Open - MAR '22,2022,3/9/2022,Comp,Yes,,5,11,6,R11 D06,Hagerstown-Martinsburg,"Washington, DC (Hagerstown, MD)",Top 10 DMA,17664 GARLAND GROH BLVD,HAGERSTOWN,MD,21740,39.7,-77.8," 17,950 ",Light Suburban,"468,824",296,"1,891","7,403,493","$78,498",70K-80K,32%,17%,14%,36%,49%,LT 80,"$120,994",77%,GT 60%,8%,5-10%,8%,LT 10%,2%,LT 2%,0.54%,51.13%,LT8MM, LT8MM ,LT8MM,LT8MM,G,$0,$0,$0,$0,$0,$0, ,,$0,"$6,860,965","$4,244,691","$6,235,617","$6,509,872","$6,509,872","$7,041,885","$7,041,885",0.0%,0.0%,0.0%,0.0%,0.0%,0.0%, ,,0.0%,-8.9%,5.9%,8.2%,"$367,832 ","13,159"
1348,"SANTA ROSA (MARKETPLACE),CA",Open,2022,5/20/2022,2022 Open - MAY '22,2022,5/18/2022,Comp,,,1,21,1,R21 D01,Santa Rosa,"San Francisco-Oakland-San Jose, CA",,1960 SANTA ROSA AVE,SANTA ROSA,CA,95407,38.4,-122.7," 19,141 ",Suburban,"252,230","1,739","3,998","7,691,388","$97,449",GT80K,24%,15%,13%,48%,65%,LT 80,"$137,673",47%,40-60%,2%,LT 5%,38%,30-40%,7%,6-8%,0.02%,50.97%,LT8MM, LT8MM ,LT8MM,LT8MM,G,$0,$0,$0,$0,$0,$0, ,,$0,"$4,286,856","$2,973,106","$5,348,057","$7,112,237","$7,112,237","$7,220,611","$7,220,611",0.0%,0.0%,0.0%,0.0%,0.0%,0.0%, ,,0.0%,0.4%,35.0%,1.5%,"$398,634 ","15,446"
1349,"MONROVIA (HUNTINGTON CTR),CA",Open,2021,10/29/2021,2021 Open - OCT '21,2021,10/27/2021,Comp,Yes,,1,4,4,R04 D04,Los Angeles-Long Beach-Anaheim,"Los Angeles, CA",Top 10 DMA,660 WEST HUNTINGTON DRIVE,MONROVIA,CA,91016,34.1,-118.0," 27,680 ",Suburban,"334,105","5,379","4,698","18,082,820","$97,286",GT80K,25%,14%,13%,49%,113%,100 - 120,"$97,162",19%,LT 20%,4%,LT 5%,42%,GT 40%,32%,GT 8%,-0.04%,47.33%,LT8MM, LT8MM ,LT8MM,LT8MM,G,$0,$0,$0,$0,$0,$0, ,"$2,489,560","$324,376","$5,241,593","$5,505,330","$5,607,983","$6,885,349","$6,885,349","$6,820,859","$6,820,859",0.0%,0.0%,0.0%,0.0%,0.0%,0.0%, ,0.0%,16.8%,5.0%,24.8%,-0.9%,"$357,691 ","14,918"
1350,"MISSOURI CITY, TX (FRT BEND)",Open,2023,9/8/2023,2023 Open - SEP '23,2023,9/6/2023,Comp,Yes,,4,17,3,R17 D03,Houston-The Woodlands-Sugar Land,"Houston, TX",Top 10 DMA,10431 HIGHWAY 6,MISSOURI CITY,TX,77459,29.5,-95.5," 18,889 ",Light Suburban,"1,363,022","1,850","2,632","8,054,291","$91,407",GT80K,27%,16%,13%,44%,141%,GT 120,"$82,684",19%,LT 20%,28%,20-30%,30%,30-40%,20%,GT 8%,1.17%,52.51%,, LT8MM ,LT8MM,08 - 10 MM,F,$0,$0,$0,$0,$0,$0, ,,,,,"$3,728,511","$2,394,040","$7,437,748","$8,203,842","$8,203,842",0.0%,0.0%,0.0%,0.0%,0.0%,0.0%, ,,,,9.1%,10.3%,"$426,941 ","16,622"
1351,"CASSELBERRY, FL (CASS CMNS)",Open,2022,4/8/2022,2022 Open - APR '22,2022,4/6/2022,Comp,Yes,,5,30,2,R30 D02,Orlando-Kissimmee-Sanford,"Orlando-Daytona Beach-Melbourne, FL",,"1455 SEMORAN BLVD, ST 251",CASSELBERRY,FL,32707,28.6,-81.3," 20,137 ",Suburban,"2,334,243",879,"3,920","4,872,913","$82,223",GT80K,28%,22%,15%,35%,106%,100 - 120,"$78,250",37%,20-40%,16%,15-20%,36%,30-40%,5%,4-6%,1.47%,51.85%,LT8MM, LT8MM ,LT8MM,LT8MM,H,$0,$0,$0,$0,$0,$0, ,,$0,"$5,424,222","$3,499,256","$6,002,820","$5,707,719","$5,707,719","$5,666,341","$5,666,341",0.0%,0.0%,0.0%,0.0%,0.0%,0.0%, ,,0.0%,-4.7%,-3.3%,-0.7%,"$387,387 ","12,833"
1352,"EXTON, PA (MAIN STREET)",Open,2022,2/18/2022,2022 Open - FEB '22,2022,2/16/2022,Comp,Yes,,3,25,3,R25 D03,Philadelphia-Camden-Wilmington,"Philadelphia, PA",Top 10 DMA,"283 MAIN STREET, SUITE G-2",EXTON,PA,19341,40.0,-75.6," 19,550 ",Light Suburban,"310,985",958,"1,752","8,441,533","$125,107",GT80K,17%,11%,12%,60%,159%,GT 120,"$88,536",73%,GT 60%,7%,5-10%,7%,LT 10%,9%,GT 8%,0.23%,48.33%,LT8MM, LT8MM ,LT8MM,LT8MM,H,$0,$0,$0,$0,$0,$0, ,,$0,"$4,541,954","$3,462,170","$4,549,526","$4,262,047","$4,262,047","$4,564,334","$4,564,334",0.0%,0.0%,0.0%,0.0%,0.0%,0.0%, ,,0.0%,0.2%,-5.0%,7.1%,"$330,852 ","8,946"
1353,"BRISTOL, VA (THE HIGHLANDS)",Open,2022,4/8/2022,2022 Open - APR '22,2022,4/6/2022,Comp,,,5,18,6,R18 D06,Kingsport-Bristol-Bristol,"Tri-Cities, TN-VA",,16680 HIGHLANDS CENTER DRIVE,BRISTOL,VA,24202,36.6,-82.1," 16,283 ",Rural,"200,638",100,365,"792,695","$55,039",LT60K,49%,17%,12%,22%,109%,100 - 120,"$55,499",92%,GT 60%,2%,LT 5%,2%,LT 10%,1%,LT 2%,-0.07%,52.27%,LT8MM, LT8MM ,LT8MM,LT8MM,H,$0,$0,$0,$0,$0,$0, ,,$0,"$3,187,764","$2,015,652","$3,357,692","$3,175,116","$3,175,116","$3,230,894","$3,230,894",0.0%,0.0%,0.0%,0.0%,0.0%,0.0%, ,,0.0%,-4.2%,-4.0%,1.8%,"$259,155 ","7,391"
1354,"NEW HARTFORD, NY",Open,2022,3/18/2022,2022 Open - MAR '22,2022,3/16/2022,Comp,Yes,,3,10,5,R10 D05,Utica-Rome,"Utica, NY",,4801 COMMERCIAL DR,NEW HARTFORD,NY,13413,43.1,-75.3," 17,679 ",Light Suburban,"160,715",286,"1,833","248,148","$61,909",60K-70K,38%,18%,13%,31%,94%,80 - 100,"$63,797",73%,GT 60%,8%,5-10%,8%,LT 10%,6%,6-8%,-0.37%,48.73%,LT8MM, LT8MM ,LT8MM,LT8MM,G,$0,$0,$0,$0,$0,$0, ,,$0,"$5,137,328","$3,386,374","$4,947,778","$5,820,873","$5,820,873","$7,272,590","$7,272,590",0.0%,0.0%,0.0%,0.0%,0.0%,0.0%, ,,0.0%,-6.5%,19.1%,24.9%,"$318,361 ","13,247"
1355,"CLEVELAND, OH (KAMMS CORNER)",Open,2022,10/7/2022,2022 Open - OCT '22,2022,10/5/2022,Comp,Yes,,3,8,3,R08 D03,Cleveland-Elyria,"Cleveland-Akron (Canton), OH",,14901 LORAIN AVE,CLEVELAND,OH,44111,41.5,-81.8," 19,843 ",Light Urban,"226,668","5,213","5,233","3,823,814","$55,853",LT60K,47%,19%,12%,22%,89%,80 - 100,"$69,527",58%,40-60%,14%,10-15%,20%,20-30%,3%,2-4%,-0.09%,47.83%,, LT8MM ,LT8MM,LT8MM,H,,,,,,, ,,,,"$326,333","$6,450,812","$6,113,948","$6,113,948","$6,078,991","$6,078,991",,,,,,, ,,,-13.0%,-3.8%,-0.6%,"$363,772 ","11,710"
1356,"KATY, TX (PLAZA AT ELYSON)",Open,2022,10/14/2022,2022 Open - OCT '22,2022,10/11/2022,Comp,Yes,,4,17,4,R17 D04,Houston-The Woodlands-Sugar Land,"Houston, TX",Top 10 DMA,22231 FM529,KATY,TX,77493,29.9,-95.8," 19,275 ",Light Suburban,"2,006,228","1,561","2,858","8,054,291","$95,387",GT80K,23%,15%,12%,49%,125%,GT 120,"$82,684",26%,20-40%,21%,20-30%,36%,30-40%,14%,GT 8%,1.17%,52.51%,, 08 - 10 MM ,08 - 10 MM,10 - 12 MM,D,,,,,,, ,,,,"$480,219","$8,133,620","$9,698,684","$9,698,684","$10,704,053","$10,704,053",,,,,,, ,,,13.3%,20.9%,10.4%,"$517,581 ","20,458"
1357,"ST PETERSBURG, FL",Open,2022,12/30/2022,2022 Open - DEC '22,2022,12/22/2022,Comp,Yes,,5,30,1,R30 D01,Tampa-St. Petersburg-Clearwater,"Tampa-St. Petersburg (Sarasota), FL",,"1900 TYRONE BLVD, N",ST PETERSBURG,FL,33710,27.8,-82.7," 19,728 ",Suburban,"390,042","3,761","4,632","5,413,557","$72,265",70K-80K,40%,16%,12%,32%,96%,80 - 100,"$76,582",61%,GT 60%,16%,15-20%,12%,10-20%,5%,4-6%,1.37%,51.59%,, 08 - 10 MM ,08 - 10 MM,08 - 10 MM,E,,,,,,, ,,,,,"$8,653,266","$7,526,040","$8,090,977","$8,846,614","$8,846,614",,,,,,, ,,,,-3.1%,9.3%,"$419,524 ","17,184"
1358,"LINCOLN, RI (LINCOLN CMNS)",Open,2022,4/29/2022,2022 Open - APR '22,2022,4/27/2022,Comp,,,3,10,2,R10 D02,Providence-Warwick,"Providence, RI-New Bedford, MA",,622 GEORGE WASHINGTON HWY,LINCOLN,RI,2865,41.9,-71.5," 19,324 ",Exurban,"409,376","1,967",831,"1,683,219","$75,297",70K-80K,34%,16%,12%,38%,141%,GT 120,"$87,015",50%,40-60%,8%,5-10%,32%,30-40%,4%,2-4%,0.02%,47.37%,LT8MM, LT8MM ,LT8MM,LT8MM,H,$0,$0,$0,$0,$0,$0, ,,$0,"$5,358,423","$3,517,095","$6,019,729","$5,687,413","$5,687,413","$6,013,526","$6,013,526",0.0%,0.0%,0.0%,0.0%,0.0%,0.0%, ,,0.0%,-10.1%,-4.4%,5.7%,"$324,767 ","11,884"
1359,"ANAHEIM (ANAHEIM PLAZA) ,CA",Open,2023,3/31/2023,2023 Open - MAR '23,2023,3/30/2023,Comp,Yes,,1,3,5,R03 D05,Los Angeles-Long Beach-Anaheim,"Los Angeles, CA",Top 10 DMA,500 NORTH EUCLID ST SUITE A,ANAHEIM,CA,92801,33.8,-117.9," 19,502 ",Light Urban,"973,279","9,934","9,809","18,082,820","$89,271",GT80K,24%,14%,13%,49%,91%,80 - 100,"$97,162",14%,LT 20%,2%,LT 5%,57%,GT 40%,25%,GT 8%,-0.04%,47.33%,, 08 - 10 MM ,08 - 10 MM,10 - 12 MM,D,,,,,,, ,,,,,"$8,735,417","$6,771,241","$9,628,075","$10,135,144","$10,135,144",,,,,,, ,,,,3.8%,5.3%,"$469,037 ","18,749"
1360,"BEL AIR, MD",Open,2022,4/1/2022,2022 Open - MAR '22,2022,3/30/2022,Comp,Yes,,5,11,2,R11 D02,Baltimore-Columbia-Towson,"Baltimore, MD",,"5 BEL AIR S PKWAY, STE G701",BEL AIR,MD,21015,39.5,-76.3," 18,623 ",Light Suburban,"557,695",958,"2,130","3,060,911","$99,086",GT80K,27%,14%,13%,46%,122%,GT 120,"$99,245",57%,40-60%,27%,20-30%,6%,LT 10%,5%,4-6%,0.19%,48.69%,LT8MM, LT8MM ,LT8MM,LT8MM,H,$0,$0,$0,$0,$0,$0, ,$0,$0,"$4,370,583","$2,891,869","$4,181,800","$4,549,957","$4,549,957","$4,980,683","$4,980,683",0.0%,0.0%,0.0%,0.0%,0.0%,0.0%, ,0.0%,0.0%,-8.6%,10.3%,9.5%,"$297,776 ","9,490"
1361,"KOKOMO (MARKLAND PLAZA), IN",Open,2022,7/29/2022,2022 Open - JUL '22,2022,7/27/2022,Comp,,,4,6,1,R06 D01,Kokomo,"Indianapolis, IN",,1411 SOUTH REED ROAD,KOKOMO,IN,46902,40.5,-86.1," 19,240 ",Light Suburban,"159,977",164,"1,595","3,190,106","$63,741",60K-70K,40%,21%,14%,24%,68%,LT 80,"$75,828",80%,GT 60%,6%,5-10%,8%,LT 10%,1%,LT 2%,0.46%,50.09%,LT8MM, LT8MM ,LT8MM,LT8MM,H,$0,$0,$0,$0,$0,$0, ,$0,$0,"$2,555,170","$1,477,461","$3,818,396","$3,886,415","$3,886,415","$3,780,415","$3,780,415",0.0%,0.0%,0.0%,0.0%,0.0%,0.0%, ,0.0%,0.0%,-5.0%,3.2%,-2.7%,"$277,647 ","8,440"
1362,"WEST ORANGE, NJ (ESSEX CTR)",Open,2022,9/9/2022,2022 Open - SEP '22,2022,9/7/2022,Comp,Yes,,3,13,5,R13 D05,New York-Newark-Jersey City,"New York, NY",Top 10 DMA,495 PROSPECT AVE,WEST ORANGE,NJ,7052,40.8,-74.3," 19,009 ",Light Urban,"563,826","10,754","6,360","22,165,424","$75,884",70K-80K,30%,14%,11%,45%,104%,100 - 120,"$101,231",15%,LT 20%,49%,GT 30%,27%,20-30%,5%,4-6%,0.08%,49.12%,LT8MM, 12 - 20 MM ,12 - 20 MM,12 - 20 MM,C,$0,$0,$0,$0,$0,$0, ,$0,$0,"$5,395,162","$2,569,803","$13,032,183","$14,395,885","$14,395,885","$16,413,441","$16,413,441",0.0%,0.0%,0.0%,0.0%,0.0%,0.0%, ,0.0%,0.0%,11.5%,11.8%,14.0%,"$608,860 ","24,038"
1363,"VERO BEACH, FL (INDIAN RVR SQ)",Open,2022,10/14/2022,2022 Open - OCT '22,2022,10/10/2022,Comp,Yes,,5,30,6,R30 D06,Sebastian-Vero Beach,"West Palm Beach-Ft. Pierce, FL",,5950 20th ST,VERO BEACH,FL,32966,27.6,-80.5," 19,291 ",Exurban,"491,056",447,"1,406","2,295,998","$74,268",70K-80K,35%,17%,14%,34%,88%,80 - 100,"$84,608",56%,40-60%,18%,15-20%,20%,20-30%,2%,LT 2%,0.90%,51.52%,LT8MM, LT8MM ,LT8MM,LT8MM,G,$0,$0,$0,$0,$0,$0, ,$0,$0,"$2,723,200","$393,471","$6,301,800","$6,594,727","$6,594,727","$6,713,175","$6,713,175",0.0%,0.0%,0.0%,0.0%,0.0%,0.0%, ,0.0%,0.0%,1.6%,6.4%,1.8%,"$377,925 ","15,112"
1364,"HIALEAH, FL (HIALEAH GRDN)",Open,2023,10/27/2023,2023 Open - OCT '23,2023,10/25/2023,Comp,Yes,,5,31,3,R31 D03,Miami-Fort Lauderdale-West Palm Beach,"Miami-Ft. Lauderdale, FL",Top 10 DMA,3749 WEST 85TH PATH,HIALEAH,FL,33018,25.9,-80.4," 22,839 ",Suburban,"631,735","5,678","4,452","4,800,721","$71,307",70K-80K,38%,14%,14%,34%,106%,100 - 120,"$78,384",5%,LT 20%,10%,10-15%,82%,GT 40%,1%,LT 2%,0.33%,48.16%,, LT8MM ,08 - 10 MM,08 - 10 MM,E,,,,,,, ,,,,,"$3,216,984","$640,387","$9,254,662","$9,846,101","$9,846,101",,,,,,, ,,,,17.0%,6.4%,"$498,290 ","19,473"
1365,"BLOOMFIELD TWP, MI (TWN SQ)",Open,2022,9/2/2022,2022 Open - SEP '22,2022,8/30/2022,Comp,Yes,,3,8,4,R08 D04,Detroit-Warren-Dearborn,"Detroit, MI",,2169 S TELEGRAPH RD,BLOOMFIELD TWP,MI,48302,42.6,-83.3," 19,293 ",Light Suburban,"362,113","2,173","2,371","4,913,743","$78,034",70K-80K,32%,15%,11%,41%,94%,80 - 100,"$77,383",49%,40-60%,33%,GT 30%,8%,LT 10%,6%,4-6%,-0.10%,48.12%,LT8MM, LT8MM ,LT8MM,LT8MM,H,$0,$0,$0,$0,$0,$0, ,$0,$0,"$2,384,001","$1,253,358","$4,305,767","$4,312,366","$4,312,366","$4,360,523","$4,360,523",0.0%,0.0%,0.0%,0.0%,0.0%,0.0%, ,0.0%,0.0%,-7.5%,1.6%,1.1%,"$282,090 ","9,019"
1366,"SAN DIMAS, CA (SAN DIMAS)",Open,2022,5/13/2022,2022 Open - MAY '22,2022,5/11/2022,Comp,Yes,,1,4,4,R04 D04,Los Angeles-Long Beach-Anaheim,"Los Angeles, CA",Top 10 DMA,933 W. ARROW HIGHWAY,SAN DIMAS,CA,91773,34.1,-117.9," 16,113 ",Suburban,"420,637","4,549","3,977","18,082,820","$97,050",GT80K,24%,14%,14%,48%,115%,100 - 120,"$97,162",20%,20-40%,4%,LT 5%,58%,GT 40%,14%,GT 8%,-0.04%,47.33%,LT8MM, LT8MM ,LT8MM,LT8MM,H,$0,$0,$0,$0,$0,$0, ,$0,$0,"$3,868,116","$2,406,621","$4,649,046","$4,693,177","$4,693,177","$4,501,306","$4,501,306",0.0%,0.0%,0.0%,0.0%,0.0%,0.0%, ,0.0%,0.0%,-5.8%,2.6%,-4.1%,"$335,961 ","10,505"
1367,"TRUSSVILLE (PROMENADE), AL",Open,2022,4/8/2022,2022 Open - APR '22,2022,4/7/2022,Comp,,,5,19,5,R19 D05,Birmingham-Hoover,"Birmingham (Anniston and Tuscaloosa), AL",,1640 GADSDEN HWY,TRUSSVILLE,AL,35235,33.6,-86.6," 19,855 ",Exurban,"260,304",388,"1,260","1,984,881","$66,927",60K-70K,42%,16%,14%,28%,105%,100 - 120,"$66,607",48%,40-60%,41%,GT 30%,7%,LT 10%,1%,LT 2%,0.18%,50.12%,LT8MM, LT8MM ,LT8MM,LT8MM,H,$0,$0,$0,$0,$0,$0, ,,$0,"$4,702,533","$2,974,667","$4,922,069","$5,168,621","$5,168,621","$5,664,805","$5,664,805",0.0%,0.0%,0.0%,0.0%,0.0%,0.0%, ,,0.0%,-5.0%,6.6%,9.6%,"$322,978 ","10,638"
1368,"RIALTO, CA (RIALTO MKTPLACE)",Open,2023,9/15/2023,2023 Open - SEP '23,2023,9/13/2023,Comp,Yes,,1,4,3,R04 D03,Riverside-San Bernardino-Ontario,"Los Angeles, CA",Top 10 DMA,1480 S RIVERSIDE AVE BLDG 5,RIALTO,CA,92376,34.1,-117.4," 18,483 ",Light Urban,"405,321","3,702","5,011","18,082,820","$83,772",GT80K,33%,17%,15%,35%,80%,80 - 100,"$97,162",8%,LT 20%,7%,5-10%,78%,GT 40%,4%,2-4%,-0.04%,47.33%,, LT8MM ,LT8MM,08 - 10 MM,F,,,,,,, ,,,,,"$4,193,689","$1,552,382","$7,945,862","$8,307,157","$8,307,157",,,,,,, ,,,,-8.7%,4.5%,"$514,259 ","17,339"
1369,"EL PASO, TX (EASTLAKE MKT PLC)",Open,2022,11/18/2022,2022 Open - NOV '22,2022,11/17/2022,Comp,Yes,,4,28,4,R28 D04,El Paso,"El Paso, TX (Las Cruces, NM)",,13771-2 EASTLAKE BLVD,EL PASO,TX,79928,31.7,-106.3," 23,120 ",Light Suburban,"310,098",923,"2,818","1,105,750","$68,178",60K-70K,38%,22%,13%,26%,119%,100 - 120,"$61,021",6%,LT 20%,2%,LT 5%,90%,GT 40%,1%,LT 2%,0.30%,48.20%,LT8MM, 10 - 12 MM ,12 - 20 MM,12 - 20 MM,D,$0,$0,$0,$0,$0,$0, ,$0,$0,"$3,065,238",,"$11,264,277","$12,341,922","$12,341,922","$12,854,779","$12,854,779",0.0%,0.0%,0.0%,0.0%,0.0%,0.0%, ,0.0%,0.0%,,11.1%,4.2%,"$521,982 ","25,272"
1370,"YUBA CITY, CA (SUTTER)",Open,2022,7/15/2022,2022 Open - JUL '22,2022,7/13/2022,Comp,,,1,21,4,R21 D04,Yuba City,"Sacramento-Stockton-Modesto, CA",,"905 COLUSA AVE, SUITE A",YUBA CITY,CA,95991,39.1,-121.6," 18,289 ",Light Suburban,"184,303",185,"2,781","4,601,910","$77,838",70K-80K,35%,18%,12%,35%,73%,LT 80,"$95,209",38%,20-40%,3%,LT 5%,37%,30-40%,14%,GT 8%,0.42%,50.62%,LT8MM, LT8MM ,LT8MM,LT8MM,F,$0,$0,$0,$0,$0,$0, ,$0,$0,"$5,011,305","$2,782,026","$7,261,511","$7,269,416","$7,269,416","$7,647,577","$7,647,577",0.0%,0.0%,0.0%,0.0%,0.0%,0.0%, ,0.0%,0.0%,-6.4%,1.7%,5.2%,"$389,373 ","15,067"
1371,"JACKSON, TN (W TOWNE CMMNS)",Open,2022,8/26/2022,2022 Open - AUG '22,2022,8/24/2022,Comp,,,4,6,2,R06 D02,Jackson,"Jackson, TN",,85 STONEBROOK PLACE,JACKSON,TN,38305,35.7,-88.9," 16,441 ",Exurban,"209,999",106,"1,299","264,640","$59,096",LT60K,45%,16%,13%,26%,121%,GT 120,"$59,407",60%,40-60%,30%,GT 30%,5%,LT 10%,1%,LT 2%,0.02%,49.61%,LT8MM, LT8MM ,LT8MM,LT8MM,H,$0,$0,$0,$0,$0,$0, ,$0,$0,"$2,989,610","$1,629,626","$5,381,730","$5,825,034","$5,825,034","$6,211,564","$6,211,564",0.0%,0.0%,0.0%,0.0%,0.0%,0.0%, ,0.0%,0.0%,-6.6%,9.5%,6.6%,"$302,611 ","12,148"
1372,"CHARLOTTESVILLE(RIO HILL),VA",Open,2022,11/11/2022,2022 Open - NOV '22,2022,11/7/2022,Comp,,,5,11,1,R11 D01,Charlottesville,"Charlottesville, VA",,1850 RIO HILL CENTER,CHARLOTTESVILLE,VA,22901,38.1,-78.5," 18,920 ",Exurban,"317,565",102,"1,248","268,281","$87,087",GT80K,30%,16%,13%,42%,97%,80 - 100,"$95,736",71%,GT 60%,12%,10-15%,7%,LT 10%,5%,4-6%,0.60%,52.41%,LT8MM, LT8MM ,LT8MM,LT8MM,H,$0,$0,$0,$0,$0,$0, ,$0,$0,"$1,697,656",,"$5,452,228","$5,541,207","$5,541,207","$6,433,626","$6,433,626",0.0%,0.0%,0.0%,0.0%,0.0%,0.0%, ,0.0%,0.0%,,3.1%,16.1%,"$317,933 ","11,828"
1374,"SAN MARCOS, TX (PREM OUTLET)",Open,2022,9/23/2022,2022 Open - SEP '22,2022,9/20/2022,Comp,,,4,28,2,R28 D02,Austin-Round Rock,"Austin, TX",,"3843 IH-35 South, Suite #800",SAN MARCOS,TX,78666,29.8,-98.0," 16,376 ",Exurban,"3,727,019",552,761,"2,777,592","$77,769",70K-80K,32%,18%,15%,35%,65%,LT 80,"$102,471",27%,20-40%,7%,5-10%,61%,GT 40%,3%,2-4%,1.97%,51.72%,LT8MM, 10 - 12 MM ,12 - 20 MM,10 - 12 MM,D,$0,$0,$0,$0,$0,$0, ,$0,$0,"$4,036,608","$2,026,058","$10,055,923","$12,330,015","$12,330,015","$11,951,067","$11,951,067",0.0%,0.0%,0.0%,0.0%,0.0%,0.0%, ,0.0%,0.0%,10.1%,24.1%,-3.1%,"$537,977 ","22,941"
1375,"WAYNESBORO, VA",Open,2022,10/21/2022,2022 Open - OCT '22,2022,10/19/2022,Comp,,,5,11,1,R11 D01,Staunton-Waynesboro,"Harrisonburg, VA",,821D TOWN CENTER DRIVE,WAYNESBORO,VA,22980,38.1,-78.9," 14,966 ",Exurban,"216,835",109,705,"274,861","$69,220",60K-70K,37%,16%,14%,33%,95%,80 - 100,"$69,353",80%,GT 60%,6%,5-10%,8%,LT 10%,1%,LT 2%,0.37%,49.20%,LT8MM, LT8MM ,LT8MM,LT8MM,H,$0,$0,$0,$0,$0,$0, ,$0,$0,"$2,026,421","$196,635","$4,032,900","$3,462,932","$3,462,932","$3,889,464","$3,889,464",0.0%,0.0%,0.0%,0.0%,0.0%,0.0%, ,0.0%,0.0%,-31.6%,-12.7%,12.3%,"$260,053 ","8,124"
1376,"TEMECULA, CA",Open,2022,10/28/2022,2022 Open - OCT '22,2022,10/27/2022,Comp,Yes,,1,4,5,R04 D05,Riverside-San Bernardino-Ontario,"Los Angeles, CA",Top 10 DMA,31781 TEMECULA PKWY,TEMECULA,CA,92592,33.5,-117.1," 18,423 ",Light Suburban,"444,514",226,"2,898","18,082,820","$114,287",GT80K,17%,14%,13%,56%,127%,GT 120,"$97,162",44%,40-60%,5%,5-10%,34%,30-40%,10%,GT 8%,-0.04%,47.33%,LT8MM, LT8MM ,LT8MM,LT8MM,H,$0,$0,$0,$0,$0,$0, ,$0,$0,"$2,055,474","$246,329","$4,457,793","$4,130,707","$4,130,707","$4,165,690","$4,165,690",0.0%,0.0%,0.0%,0.0%,0.0%,0.0%, ,0.0%,0.0%,-25.4%,-5.7%,0.8%,"$301,996 ","10,069"
1377,"COLUMBUS, IN (COLUMBUS CNTR)",Open,2022,11/4/2022,2022 Open - NOV '22,2022,11/2/2022,Comp,,,4,6,1,R06 D01,Columbus,"Indianapolis, IN",,3110 COLUMBUS PEOPLE TRAIL,COLUMBUS,IN,47203,39.2,-85.9," 14,383 ",Light Suburban,"179,917",114,"1,533","3,190,106","$76,572",70K-80K,35%,18%,15%,31%,95%,80 - 100,"$75,828",82%,GT 60%,2%,LT 5%,9%,LT 10%,3%,2-4%,0.46%,50.09%,LT8MM, LT8MM ,LT8MM,LT8MM,H,$0,$0,$0,$0,$0,$0, ,$0,$0,"$1,787,191","$261,760","$5,159,878","$5,250,105","$5,250,105","$5,108,279","$5,108,279",0.0%,0.0%,0.0%,0.0%,0.0%,0.0%, ,0.0%,0.0%,-6.1%,3.3%,-2.7%,"$304,055 ","10,728"
1378,"HOMEWOOD, IL (HOME SQ)",Open,2022,8/26/2022,2022 Open - AUG '22,2022,8/23/2022,Comp,Yes,,4,7,1,R07 D01,Chicago-Naperville-Elgin,"Chicago, IL",Top 10 DMA,17825 S HALSTED ST,HOMEWOOD,IL,60430,41.6,-87.6," 17,607 ",Light Suburban,"413,951","2,118","2,284","9,518,952","$71,407",70K-80K,38%,17%,14%,31%,88%,80 - 100,"$91,619",17%,LT 20%,63%,GT 30%,16%,10-20%,1%,LT 2%,-0.18%,48.49%,LT8MM, LT8MM ,LT8MM,LT8MM,H,$0,$0,$0,$0,$0,$0, ,$0,$0,"$2,767,365","$1,262,493","$4,521,882","$4,688,796","$4,688,796","$5,101,346","$5,101,346",0.0%,0.0%,0.0%,0.0%,0.0%,0.0%, ,0.0%,0.0%,-14.9%,5.1%,8.8%,"$281,213 ","9,972"
1379,"ROCKY MOUNT (COBB CRNRS), NC",Open,2022,10/21/2022,2022 Open - OCT '22,2022,10/18/2022,Comp,,,5,18,2,R18 D02,Rocky Mount,"Raleigh-Durham (Fayetteville), NC",,1251 COBB CORNERS DRIVE,ROCKY MOUNT,NC,27804,36.0,-77.8," 19,366 ",Exurban,"228,368",106,925,"3,519,023","$56,936",LT60K,48%,17%,12%,22%,71%,LT 80,"$82,758",41%,40-60%,46%,GT 30%,7%,LT 10%,1%,LT 2%,1.03%,51.85%,LT8MM, LT8MM ,LT8MM,LT8MM,H,$0,$0,$0,$0,$0,$0, ,$0,$0,"$2,645,904","$303,514","$5,922,915","$5,730,251","$5,730,251","$6,293,418","$6,293,418",0.0%,0.0%,0.0%,0.0%,0.0%,0.0%, ,0.0%,0.0%,-9.0%,-1.8%,9.8%,"$385,102 ","12,012"
1380,"SELMA, NC (EASTFIELD XING)",Open,2024,10/11/2024,2024 Open - OCT '24,2024,10/10/2024,Comp,Yes,,5,18,2,R18 D02,Raleigh,"Raleigh-Durham (Fayetteville), NC",,630 SAINT MARK AVENUE,SELMA,NC,27576,35.5,-78.3," 18,654 ",Rural,"285,360",280,462,"3,519,023","$80,743",GT80K,29%,17%,13%,40%,57%,LT 80,"$82,758",60%,GT 60%,17%,15-20%,17%,10-20%,1%,LT 2%,1.03%,51.85%,,,LT8MM,LT8MM,H,,,,,,, ,,,,,,,"$2,066,361","$299,368","$5,458,735",,,,,,, ,,,,,31.3%,"$293,563 ","10,617"
1381,"FREEPORT, NY (MEADOWBROOK)",Open,2023,4/21/2023,2023 Open - APR '23,2023,4/19/2023,Comp,Yes,,3,14,1,R14 D01,New York-Newark-Jersey City,"New York, NY",Top 10 DMA,222 EAST SUNRISE HIGHWAY,FREEPORT,NY,11520,40.7,-73.6," 19,404 ",Light Urban,"513,411","7,625","7,263","22,165,424","$136,426",GT80K,18%,10%,10%,61%,148%,GT 120,"$101,231",39%,20-40%,22%,20-30%,26%,20-30%,8%,GT 8%,0.08%,49.12%,, 08 - 10 MM ,10 - 12 MM,12 - 20 MM,D,,,,,,, ,,,,,"$9,849,584","$6,873,948","$11,515,059","$12,796,012","$12,796,012",,,,,,, ,,,,0.4%,11.1%,"$576,356 ","21,071"
1382,"TAMPA (WALTERS CROSSING),FL",Open,2022,11/4/2022,2022 Open - NOV '22,2022,11/2/2022,Comp,Yes,,5,30,1,R30 D01,Tampa-St. Petersburg-Clearwater,"Tampa-St. Petersburg (Sarasota), FL",,1548 N DALE MABRY HWY,TAMPA,FL,33607,28.0,-82.5," 24,359 ",Suburban,"1,286,556","2,442","4,903","5,413,557","$78,644",70K-80K,33%,20%,14%,33%,117%,100 - 120,"$76,582",41%,40-60%,17%,15-20%,32%,30-40%,5%,4-6%,1.37%,51.59%,LT8MM, 08 - 10 MM ,10 - 12 MM,10 - 12 MM,D,$0,$0,$0,$0,$0,$0, ,$0,$0,"$3,102,769","$595,085","$9,324,975","$10,197,923","$10,197,923","$11,531,220","$11,531,220",0.0%,0.0%,0.0%,0.0%,0.0%,0.0%, ,0.0%,0.0%,5.3%,11.1%,13.1%,"$557,349 ","22,413"
1383,"MERIDIAN, ID",Open,2022,10/7/2022,2022 Open - OCT '22,2022,10/5/2022,Comp,,,1,1,3,R01 D03,Boise City,"Boise, ID",,"2070 N. EAGLE ROAD, STE 1080",MERIDIAN,ID,83646,43.6,-116.4," 19,333 ",Suburban,"581,421","1,044","3,903","984,885","$90,015",GT80K,23%,19%,17%,40%,106%,100 - 120,"$84,824",74%,GT 60%,1%,LT 5%,17%,10-20%,2%,2-4%,1.64%,55.89%,LT8MM, LT8MM ,LT8MM,LT8MM,H,$0,$0,$0,$0,$0,$0, ,$0,$0,"$1,946,232","$252,173","$5,083,556","$5,137,578","$5,137,578","$5,478,197","$5,478,197",0.0%,0.0%,0.0%,0.0%,0.0%,0.0%, ,0.0%,0.0%,-10.4%,2.5%,6.6%,"$303,903 ","11,126"
1384,"GRESHAM, OR (GRESHAM STATN)",Open,2022,11/18/2022,2022 Open - NOV '22,2022,11/16/2022,Comp,,,1,1,4,R01 D04,Portland-Vancouver-Hillsboro,"Portland, OR",,719 NW 12TH ST.,GRESHAM,OR,97030,45.5,-122.4," 19,715 ",Light Urban,"359,600","1,471","5,323","3,591,920","$78,493",70K-80K,31%,17%,13%,39%,79%,LT 80,"$92,668",57%,40-60%,6%,5-10%,19%,10-20%,10%,GT 8%,0.50%,51.18%,LT8MM, LT8MM ,08 - 10 MM,10 - 12 MM,D,$0,$0,$0,$0,$0,$0, ,$0,$0,"$2,050,677",,"$7,467,823","$9,786,929","$9,786,929","$11,182,698","$11,182,698",0.0%,0.0%,0.0%,0.0%,0.0%,0.0%, ,0.0%,0.0%,,33.1%,14.3%,"$511,417 ","21,643"
1385,"GUAYNABO, PR",Open,2022,11/11/2022,2022 Open - NOV '22,2022,11/9/2022,Comp,Yes,,5,31,1,R31 D01,,Puerto Rico,Top 10 DMA,"PR-20, KM. 3.4",GUAYNABO,PR,969,18.4,-66.1," 26,450 ",Light Suburban,"1,006,001","4,124","2,291","3,245,457","$31,637",LT60K,58%,15%,9%,18%,127%,GT 120,"$25,105",1%,LT 20%,0%,LT 5%,98%,GT 40%,0%,LT 2%,0.00%,0.00%,LT8MM, 12 - 20 MM ,12 - 20 MM,12 - 20 MM,B,$0,$0,$0,$0,$0,$0, ,$0,$0,"$4,086,003",,"$15,618,190","$17,182,650","$17,182,650","$19,547,419","$19,547,419",0.0%,0.0%,0.0%,0.0%,0.0%,0.0%, ,0.0%,0.0%,,11.9%,13.8%,"$728,276 ","41,089"
1386,"MELBOURNE, FL (POST COMMONS)",Open,2022,10/28/2022,2022 Open - OCT '22,2022,10/26/2022,Comp,Yes,,5,30,6,R30 D06,Palm Bay-Melbourne-Titusville,"Orlando-Daytona Beach-Melbourne, FL",,"4100 N WICKHAM ROAD, ST 132",MELBOURNE,FL,32935,28.2,-80.7," 15,587 ",Light Suburban,"568,436",592,"2,050","4,872,913","$83,203",GT80K,27%,21%,14%,38%,120%,GT 120,"$78,250",67%,GT 60%,10%,10-15%,13%,10-20%,3%,2-4%,1.47%,51.85%,LT8MM, LT8MM ,LT8MM,LT8MM,H,$0,$0,$0,$0,$0,$0, ,$0,$0,"$1,534,124","$233,072","$3,884,717","$4,009,465","$4,009,465","$4,071,975","$4,071,975",0.0%,0.0%,0.0%,0.0%,0.0%,0.0%, ,0.0%,0.0%,-18.6%,5.1%,1.6%,"$291,571 ","9,888"
1387,"NEWARK, NJ",Open,2024,5/31/2024,2024 Open - MAY '24,2024,5/29/2024,Comp,Yes,,3,13,4,R13 D04,New York-Newark-Jersey City,"New York, NY",Top 10 DMA,729 BROAD STREET,NEWARK,NJ,7102,40.7,-74.2," 32,849 ",Urban,"593,211","13,262","15,358","22,165,424","$62,786",60K-70K,35%,16%,12%,38%,58%,LT 80,"$101,231",10%,LT 20%,46%,GT 30%,34%,30-40%,4%,2-4%,0.08%,49.12%,,,10 - 12 MM,12 - 20 MM,C,,,,,,, ,,,,,,,"$11,719,219","$9,121,583","$16,568,227",,,,,,, ,,,,,12.8%,"$613,805 ","23,847"
1388,"CHICAGO, IL (KEDZIE PLAZA)",Open,2024,9/27/2024,2024 Open - SEP '24,2024,9/26/2024,Comp,Yes,,4,7,3,R07 D03,Chicago-Naperville-Elgin,"Chicago, IL",Top 10 DMA,800 N KEDZIE AVENUE,CHICAGO,IL,60651,41.9,-87.7," 16,997 ",Urban,"1,145,461","15,377","14,896","9,518,952","$91,086",GT80K,31%,13%,12%,45%,89%,80 - 100,"$91,619",32%,20-40%,20%,20-30%,37%,30-40%,8%,GT 8%,-0.18%,48.49%,,,LT8MM,LT8MM,H,,,,,,, ,,,,,,,"$2,429,917","$1,096,410","$5,541,036",,,,,,, ,,,,,3.6%,"$332,385 ","10,517"
1389,"STONE MOUNTAIN, GA",Open,2022,12/9/2022,2022 Open - DEC '22,2022,12/8/2022,Comp,Yes,,5,19,2,R19 D02,Atlanta-Sandy Springs-Roswell,"Atlanta, GA",Top 10 DMA,5064 MEMORIAL DRIVE,STONE MOUNTAIN,GA,30083,33.8,-84.2," 19,760 ",Suburban,"923,020","1,926","4,215","7,692,390","$75,908",70K-80K,34%,19%,14%,33%,73%,LT 80,"$87,109",17%,LT 20%,62%,GT 30%,11%,10-20%,6%,4-6%,0.88%,50.12%,LT8MM, LT8MM ,LT8MM,LT8MM,H,$0,$0,$0,$0,$0,$0, ,$0,$0,"$1,307,029",,"$5,930,680","$5,141,747","$5,526,890","$5,888,282","$5,888,282",0.0%,0.0%,0.0%,0.0%,0.0%,0.0%, ,0.0%,0.0%,,-4.1%,6.5%,"$363,927 ","10,763"
1390,"ALLEN PARK, MI (FAIRLANE GRN)",Open,2022,11/4/2022,2022 Open - NOV '22,2022,11/2/2022,Comp,Yes,,3,8,2,R08 D02,Detroit-Warren-Dearborn,"Detroit, MI",,3180 FAIRLANE DR,ALLEN PARK,MI,48101,42.3,-83.2," 21,682 ",Suburban,"447,759","4,410","3,690","4,913,743","$57,007",LT60K,47%,18%,12%,23%,85%,80 - 100,"$77,383",55%,40-60%,23%,20-30%,16%,10-20%,2%,LT 2%,-0.10%,48.12%,LT8MM, 10 - 12 MM ,12 - 20 MM,12 - 20 MM,C,$0,$0,$0,$0,$0,$0, ,$0,$0,"$3,070,660","$523,206","$10,346,509","$12,354,446","$12,354,446","$13,146,288","$13,146,288",0.0%,0.0%,0.0%,0.0%,0.0%,0.0%, ,0.0%,0.0%,3.8%,21.1%,6.4%,"$618,698 ","22,265"
1391,"BROOKLYN, NY (GRAHAM AVENUE)",Open,2024,11/15/2024,2024 Open - NOV '24,2024,11/11/2024,Comp,Yes,,3,14,5,R14 D05,New York-Newark-Jersey City,"New York, NY",Top 10 DMA,4 GRAHAM AVENUE,BROOKLYN,NY,11206,40.7,-73.9," 26,675 ",Super Urban,"936,252","47,132","50,449","22,165,424","$84,620",GT80K,35%,12%,11%,42%,88%,80 - 100,"$101,231",36%,20-40%,24%,20-30%,25%,20-30%,9%,GT 8%,0.08%,49.12%,,,LT8MM,12 - 20 MM,C,,,,,,, ,,,,,,,"$3,977,105",,"$16,942,437",,,,,,, ,,,,,,"$624,233 ","26,860"
1392,"N LAS VEGAS, NV (DEER SP)",Open,2022,11/18/2022,2022 Open - NOV '22,2022,11/16/2022,Comp,Yes,,1,4,1,R04 D01,Las Vegas-Henderson-Paradise,"Las Vegas, NV",,7020 N 5TH ST,N LAS VEGAS,NV,89084,36.3,-115.1," 21,569 ",Suburban,"378,556","5,020","4,053","2,478,119","$75,848",70K-80K,33%,18%,15%,33%,115%,100 - 120,"$79,597",21%,20-40%,23%,20-30%,43%,GT 40%,6%,6-8%,0.87%,45.85%,LT8MM, LT8MM ,LT8MM,LT8MM,H,$0,$0,$0,$0,$0,$0, ,$0,$0,"$1,910,150",,"$5,730,282","$6,298,584","$6,298,584","$6,325,041","$6,325,041",0.0%,0.0%,0.0%,0.0%,0.0%,0.0%, ,0.0%,0.0%,,11.6%,0.4%,"$348,203 ","15,241"
1393,"HUMACAO, PR (PLAZA PALMA)",Open,2022,11/11/2022,2022 Open - NOV '22,2022,11/9/2022,Comp,Yes,,5,31,4,R31 D04,,Puerto Rico,Top 10 DMA,350 PR 3 KM 78 10 STE A-99B,HUMACAO,PR,791,18.1,-65.8," 23,063 ",Rural,"473,418",937,432,"3,245,457","$27,494",LT60K,80%,10%,5%,5%,108%,100 - 120,"$25,105",1%,LT 20%,0%,LT 5%,99%,GT 40%,0%,LT 2%,0.00%,0.00%,LT8MM, 12 - 20 MM ,12 - 20 MM,12 - 20 MM,C,$0,$0,$0,$0,$0,$0, ,$0,$0,"$3,324,979",,"$12,188,555","$13,037,018","$13,037,018","$15,236,530","$15,236,530",0.0%,0.0%,0.0%,0.0%,0.0%,0.0%, ,0.0%,0.0%,,8.8%,16.9%,"$697,655 ","31,059"
1394,"CINCINNATI, OH (WESTERN HIL)",Open,2022,11/4/2022,2022 Open - NOV '22,2022,11/4/2022,Comp,Yes,,3,8,6,R08 D06,Cincinnati,"Cincinnati, OH",,"5555 GLENWAY AVE, SUITE 550",CINCINNATI,OH,45238,39.1,-84.6," 16,843 ",Suburban,"325,083","3,411","4,294","2,489,549","$58,692",LT60K,42%,16%,12%,29%,74%,LT 80,"$80,057",48%,40-60%,39%,GT 30%,6%,LT 10%,2%,2-4%,0.27%,51.01%,LT8MM, LT8MM ,LT8MM,LT8MM,G,$0,$0,$0,$0,$0,$0, ,$0,$0,"$1,873,819",,"$5,408,471","$6,009,144","$6,009,144","$7,037,462","$7,037,462",0.0%,0.0%,0.0%,0.0%,0.0%,0.0%, ,0.0%,0.0%,,12.8%,17.1%,"$398,458 ","12,172"
1395,"HILLSBORO, OR (SUNSET)",Open,2022,11/18/2022,2022 Open - NOV '22,2022,11/16/2022,Comp,,,1,1,4,R01 D04,Portland-Vancouver-Hillsboro,"Portland, OR",,2105 SE TUALATIN VALLEY HWY,HILLSBORO,OR,97123,45.5,-123.0," 16,227 ",Suburban,"404,687",588,"3,340","3,591,920","$104,311",GT80K,21%,16%,14%,49%,120%,GT 120,"$92,668",55%,40-60%,3%,LT 5%,23%,20-30%,11%,GT 8%,0.50%,51.18%,LT8MM, LT8MM ,LT8MM,08 - 10 MM,F,$0,$0,$0,$0,$0,$0, ,$0,$0,"$1,818,965",,"$6,785,933","$7,972,472","$7,972,472","$8,204,806","$8,204,806",0.0%,0.0%,0.0%,0.0%,0.0%,0.0%, ,0.0%,0.0%,,19.3%,2.9%,"$492,065 ","16,209"
1396,"HURST, TX (SHOPS AT NE MALL)",Open,2022,10/21/2022,2022 Open - OCT '22,2022,10/19/2022,Comp,Yes,,4,16,3,R16 D03,Dallas-Fort Worth-Arlington,"Dallas-Ft. Worth, TX",Top 10 DMA,853 NE MALL BLVD,HURST,TX,76053,32.8,-97.2," 20,048 ",Suburban,"1,710,841","2,181","3,660","9,039,276","$81,982",GT80K,28%,17%,13%,42%,88%,80 - 100,"$89,635",38%,20-40%,18%,15-20%,33%,30-40%,6%,6-8%,1.36%,52.96%,LT8MM, LT8MM ,LT8MM,LT8MM,F,$0,$0,$0,$0,$0,$0, ,$0,$0,"$2,636,974","$368,193","$7,243,121","$7,260,583","$7,260,583","$7,832,300","$7,832,300",0.0%,0.0%,0.0%,0.0%,0.0%,0.0%, ,0.0%,0.0%,0.6%,1.1%,7.9%,"$399,154 ","15,641"
1397,"PHOENIX, AZ (BELL TOWNE PLZ)",Open,2022,10/28/2022,2022 Open - OCT '22,2022,10/27/2022,Comp,Yes,,1,3,4,R03 D04,Phoenix-Mesa-Scottsdale,"Phoenix (Prescott), AZ",,245 E BELL RD,PHOENIX,AZ,85022,33.6,-112.1," 19,635 ",Light Urban,"871,944","2,096","5,046","6,067,817","$79,872",70K-80K,32%,18%,14%,36%,90%,80 - 100,"$86,887",47%,40-60%,6%,5-10%,37%,30-40%,5%,4-6%,0.98%,49.87%,LT8MM, LT8MM ,LT8MM,LT8MM,H,$0,$0,$0,$0,$0,$0, ,$0,$0,"$2,069,748","$355,443","$5,740,677","$5,888,849","$5,888,849","$6,071,206","$6,071,206",0.0%,0.0%,0.0%,0.0%,0.0%,0.0%, ,0.0%,0.0%,4.6%,4.2%,3.1%,"$342,302 ","12,592"
1398,"VEGA BAJA, PR",Open,2022,11/11/2022,2022 Open - NOV '22,2022,11/9/2022,Comp,Yes,,5,31,1,R31 D01,,Puerto Rico,Top 10 DMA,"15 CARRETERA 155, SPACE101D",VEGA BAJA,PR,693,18.4,-66.4," 18,739 ",Exurban,"398,743","1,031",588,"3,245,457","$25,017",LT60K,76%,11%,6%,8%,96%,80 - 100,"$25,105",1%,LT 20%,0%,LT 5%,99%,GT 40%,0%,LT 2%,0.00%,0.00%,LT8MM, 10 - 12 MM ,12 - 20 MM,12 - 20 MM,C,$0,$0,$0,$0,$0,$0, ,$0,$0,"$3,269,374",,"$11,954,274","$13,297,468","$13,297,468","$15,347,980","$15,347,980",0.0%,0.0%,0.0%,0.0%,0.0%,0.0%, ,0.0%,0.0%,,13.1%,15.4%,"$660,577 ","32,385"
1399,"GREELEY, CO (GREELEY CMMNS)",Open,2022,11/11/2022,2022 Open - NOV '22,2022,11/9/2022,Comp,,,1,1,5,R01 D05,Greeley,"Denver, CO",,4735 W. 29TH STREET,GREELEY,CO,80634,40.4,-104.8," 21,069 ",Light Suburban,"261,175",82,"2,979","4,891,657","$87,277",GT80K,28%,14%,13%,44%,77%,LT 80,"$102,369",58%,40-60%,2%,LT 5%,34%,30-40%,2%,LT 2%,0.81%,52.15%,LT8MM, LT8MM ,LT8MM,08 - 10 MM,F,$0,$0,$0,$0,$0,$0, ,$0,$0,"$2,128,358",,"$6,242,786","$7,151,361","$7,151,361","$8,060,304","$8,060,304",0.0%,0.0%,0.0%,0.0%,0.0%,0.0%, ,0.0%,0.0%,,16.1%,12.7%,"$397,636 ","15,891"
1400,"CUMMING, GA (CMMNG TN CNTR)",Open,2022,11/11/2022,2022 Open - NOV '22,2022,11/11/2022,Comp,Yes,,5,19,1,R19 D01,Atlanta-Sandy Springs-Roswell,"Atlanta, GA",Top 10 DMA,2355 MARKET PL BLVD,CUMMING,GA,30041,34.2,-84.1," 14,349 ",Light Suburban,"1,058,490",877,"1,536","7,692,390","$110,808",GT80K,14%,9%,11%,67%,128%,GT 120,"$87,109",46%,40-60%,18%,15-20%,15%,10-20%,17%,GT 8%,0.88%,50.12%,LT8MM, LT8MM ,LT8MM,LT8MM,H,$0,$0,$0,$0,$0,$0, ,$0,$0,"$1,220,556",,"$3,893,376","$4,070,208","$4,070,208","$4,527,146","$4,527,146",0.0%,0.0%,0.0%,0.0%,0.0%,0.0%, ,0.0%,0.0%,,6.3%,11.2%,"$285,642 ","8,998"
1401,"FEDERAL WAY (COMMONS), WA",Open,2023,10/6/2023,2023 Open - OCT '23,2023,10/5/2023,Comp,,,1,1,2,R01 D02,Seattle-Tacoma-Bellevue,"Seattle-Tacoma, WA",,1701 S COMMONS MGP U 729-M9,FEDERAL WAY,WA,98003,47.3,-122.3," 21,057 ",Suburban,"621,591","3,174","4,155","5,772,567","$94,675",GT80K,25%,16%,13%,46%,85%,80 - 100,"$108,737",38%,20-40%,13%,10-15%,18%,10-20%,19%,GT 8%,0.66%,52.46%,, LT8MM ,08 - 10 MM,08 - 10 MM,E,,,,,,, ,,,,,"$3,498,921","$437,112","$8,014,280","$8,912,371","$8,912,371",,,,,,, ,,,,-2.7%,11.2%,"$430,555 ","16,267"
1402,"BROOKLYN, NY (490 FULTON)",Open,2022,11/4/2022,2022 Open - NOV '22,2022,11/2/2022,Comp,Yes,Yes,3,14,3,R14 D03,New York-Newark-Jersey City,"New York, NY",Top 10 DMA,490 FULTON STREET,BROOKLYN,NY,11201,40.7,-74.0," 23,538 ",Super Urban,"1,286,722","48,452","53,137","22,165,424","$75,081",70K-80K,38%,14%,11%,37%,106%,100 - 120,"$101,231",20%,20-40%,43%,GT 30%,24%,20-30%,7%,6-8%,0.08%,49.12%,LT8MM, 10 - 12 MM ,12 - 20 MM,12 - 20 MM,D,$0,$0,$0,$0,$0,$0, ,$0,$0,"$2,753,107","$634,841","$11,675,926","$12,119,729","$12,119,729","$12,683,823","$12,683,823",0.0%,0.0%,0.0%,0.0%,0.0%,0.0%, ,0.0%,0.0%,12.6%,5.1%,4.7%,"$643,471 ","19,661"
1403,"MILWAUKEE, WI (SOUTHGATE)",Open,2023,7/28/2023,2023 Open - JUL '23,2023,7/26/2023,Comp,,,1,5,2,R05 D02,Milwaukee-Waukesha-West Allis,"Milwaukee, WI",,3441 SOUTH 27TH ST- STE 100,MILWAUKEE,WI,53215,43.0,-87.9," 18,282 ",Light Urban,"406,192","4,292","7,111","2,243,542","$56,699",LT60K,41%,18%,12%,28%,78%,LT 80,"$80,132",29%,20-40%,33%,GT 30%,27%,20-30%,6%,6-8%,0.03%,48.38%,, LT8MM ,08 - 10 MM,08 - 10 MM,F,,,,,,, ,,,,,"$5,045,227","$2,927,235","$8,571,819","$8,478,443","$8,478,443",,,,,,, ,,,,-5.2%,-1.1%,"$384,038 ","15,005"
1404,"RIVERSIDE, CA",Open,2022,11/11/2022,2022 Open - NOV '22,2022,11/9/2022,Comp,Yes,,1,4,3,R04 D03,Riverside-San Bernardino-Ontario,"Los Angeles, CA",Top 10 DMA,3615 RIVERSIDE PLAZA DRIVE,RIVERSIDE,CA,92506,34.0,-117.4," 14,099 ",Suburban,"641,249","2,651","4,317","18,082,820","$95,275",GT80K,24%,16%,14%,46%,92%,80 - 100,"$97,162",20%,LT 20%,8%,5-10%,62%,GT 40%,7%,6-8%,-0.04%,47.33%,LT8MM, LT8MM ,LT8MM,LT8MM,G,$0,$0,$0,$0,$0,$0, ,$0,$0,"$2,285,826",,"$6,209,295","$6,317,736","$6,317,736","$6,573,489","$6,573,489",0.0%,0.0%,0.0%,0.0%,0.0%,0.0%, ,0.0%,0.0%,,3.7%,4.0%,"$377,293 ","13,875"
1405,"CROMWELL, CT (CRMWEL SQ CTR)",Open,2022,11/18/2022,2022 Open - NOV '22,2022,11/16/2022,Comp,,,3,10,6,R10 D06,Hartford-West Hartford-East Hartford,"Hartford & New Haven, CT",,"45 SHUNPIKE RD, SUITE 20",CROMWELL,CT,6416,41.6,-72.7," 19,411 ",Exurban,"484,917","1,382","1,454","2,641,771","$78,098",70K-80K,29%,15%,14%,42%,101%,100 - 120,"$89,240",47%,40-60%,17%,15-20%,27%,20-30%,5%,4-6%,-0.04%,48.18%,LT8MM, LT8MM ,LT8MM,LT8MM,H,$0,$0,$0,$0,$0,$0, ,$0,$0,"$1,848,827",,"$5,506,542","$5,573,860","$5,573,860","$5,671,638","$5,671,638",0.0%,0.0%,0.0%,0.0%,0.0%,0.0%, ,0.0%,0.0%,,2.8%,1.8%,"$324,227 ","11,680"
1406,"PHARR (PHARR TOWN CNTR), TX",Open,2022,10/28/2022,2022 Open - OCT '22,2022,10/26/2022,Comp,Yes,,4,28,1,R28 D01,McAllen-Edinburg-Mission,"Harlingen-Weslaco-Brownsville-McAllen, TX",,"500 NORTH JACKSON RD, STE I",PHARR,TX,78577,26.2,-98.2," 15,046 ",Suburban,"790,868",994,"3,738","1,426,817","$56,955",LT60K,49%,17%,12%,23%,96%,80 - 100,"$55,116",6%,LT 20%,1%,LT 5%,92%,GT 40%,1%,LT 2%,0.55%,51.13%,LT8MM, 10 - 12 MM ,10 - 12 MM,10 - 12 MM,D,$0,$0,$0,$0,$0,$0, ,$0,$0,"$3,398,451","$588,121","$10,384,297","$10,737,540","$10,737,540","$10,854,260","$10,854,260",0.0%,0.0%,0.0%,0.0%,0.0%,0.0%, ,0.0%,0.0%,-1.7%,5.1%,1.1%,"$435,123 ","18,683"
1407,"DALLAS, TX (PRESTONWOOD TC)",Open,2023,3/10/2023,2023 Open - MAR '23,2023,3/8/2023,Comp,Yes,,4,16,1,R16 D01,Dallas-Fort Worth-Arlington,"Dallas-Ft. Worth, TX",Top 10 DMA,5301 BELT LINE RD #108,DALLAS,TX,75254,33.0,-96.8," 15,566 ",Light Urban,"3,345,585","2,003","5,057","9,039,276","$84,745",GT80K,27%,16%,12%,45%,96%,80 - 100,"$89,635",32%,20-40%,19%,15-20%,37%,30-40%,9%,GT 8%,1.36%,52.96%,, LT8MM ,LT8MM,08 - 10 MM,E,,,,,,, ,,,,,"$7,160,346","$6,011,622","$7,794,097","$9,009,544","$9,009,544",,,,,,, ,,,,4.5%,15.6%,"$425,580 ","14,373"
1408,"ASTORIA, NY (ASTRA 31 DITMARS)",Open,2023,11/17/2023,2023 Open - NOV '23,2023,11/17/2023,Comp,Yes,,3,14,5,R14 D05,New York-Newark-Jersey City,"New York, NY",Top 10 DMA,22-13 31ST STREET,ASTORIA,NY,11105,40.8,-73.9," 16,788 ",Super Urban,"463,170","37,345","49,392","22,165,424","$86,890",GT80K,39%,14%,11%,36%,87%,80 - 100,"$101,231",28%,20-40%,5%,LT 5%,41%,GT 40%,23%,GT 8%,0.08%,49.12%,, LT8MM ,08 - 10 MM,08 - 10 MM,E,,,,,,, ,,,,,"$2,570,520",,"$9,023,810","$9,585,340","$9,585,340",,,,,,, ,,,,,6.2%,"$451,687 ","15,218"
1409,"LEXINGTON, SC (LEXINGTON MKT)",Open,2023,10/27/2023,2023 Open - OCT '23,2023,10/23/2023,Comp,,,5,18,3,R18 D03,Columbia,"Columbia, SC",,5322 SUNSET BLVD SUITE A,LEXINGTON,SC,29072,34.0,-81.2," 16,199 ",Exurban,"747,454",238,"1,386","1,130,272","$71,498",70K-80K,36%,18%,15%,32%,157%,GT 120,"$66,112",51%,40-60%,34%,GT 30%,7%,LT 10%,3%,2-4%,0.50%,49.07%,, LT8MM ,LT8MM,LT8MM,H,,,,,,, ,,,,,"$1,953,125","$275,658","$5,157,792","$5,154,982","$5,154,982",,,,,,, ,,,,-1.5%,-0.1%,"$342,985 ","11,418"
1410,"WEST BERLIN, NJ",Open,2022,11/11/2022,2022 Open - NOV '22,2022,11/9/2022,Comp,Yes,,3,13,1,R13 D01,Philadelphia-Camden-Wilmington,"Philadelphia, PA",Top 10 DMA,"200 ROUTE 73, SUITE S-3A-6A",WEST BERLIN,NJ,8091,39.8,-74.9," 15,034 ",Light Suburban,"404,639",669,"1,710","8,441,533","$99,061",GT80K,23%,15%,12%,49%,95%,80 - 100,"$88,536",62%,GT 60%,16%,15-20%,12%,10-20%,6%,6-8%,0.23%,48.33%,LT8MM, LT8MM ,LT8MM,LT8MM,H,$0,$0,$0,$0,$0,$0, ,$0,$0,"$1,456,385",,"$4,267,674","$4,556,716","$4,556,716","$4,879,675","$4,879,675",0.0%,0.0%,0.0%,0.0%,0.0%,0.0%, ,0.0%,0.0%,,8.3%,7.1%,"$316,028 ","9,888"
1411,"COON RAPIDS, MN (RVRDL VLG)",Open,2022,11/11/2022,2022 Open - NOV '22,2022,11/10/2022,Comp,Yes,,1,5,1,R05 D01,Minneapolis-St. Paul-Bloomington,"Minneapolis-St. Paul, MN",,12773 RIVERDALE BLVD,COON RAPIDS,MN,55448,45.2,-93.4," 18,277 ",Light Suburban,"630,377","1,060","2,686","5,035,066","$102,349",GT80K,21%,15%,15%,49%,99%,80 - 100,"$91,896",67%,GT 60%,13%,10-15%,6%,LT 10%,8%,GT 8%,0.42%,52.29%,LT8MM, LT8MM ,LT8MM,LT8MM,H,$0,$0,$0,$0,$0,$0, ,$0,$0,"$1,519,889",,"$5,947,965","$6,231,590","$6,231,590","$6,362,494","$6,362,494",0.0%,0.0%,0.0%,0.0%,0.0%,0.0%, ,0.0%,0.0%,,6.3%,2.1%,"$356,494 ","12,220"
1412,"MONROE, NY (HARRIMAN COMM)",Open,2022,11/11/2022,2022 Open - NOV '22,2022,11/7/2022,Comp,Yes,,3,25,1,R25 D01,New York-Newark-Jersey City,"New York, NY",Top 10 DMA,128 BAILEY FARM RD,MONROE,NY,10950,41.3,-74.2," 17,722 ",Light Suburban,"544,972",731,"2,295","22,165,424","$99,412",GT80K,27%,12%,12%,49%,83%,80 - 100,"$101,231",52%,40-60%,12%,10-15%,26%,20-30%,4%,4-6%,0.08%,49.12%,LT8MM, LT8MM ,LT8MM,LT8MM,F,$0,$0,$0,$0,$0,$0, ,$0,$0,"$2,170,968",,"$6,918,457","$7,139,672","$7,139,672","$7,939,370","$7,939,370",0.0%,0.0%,0.0%,0.0%,0.0%,0.0%, ,0.0%,0.0%,,4.5%,11.2%,"$390,828 ","13,809"
1413,"ORLANDO, FL (OLINDA CENTER)",Open,2023,8/18/2023,2023 Open - AUG '23,2023,8/16/2023,Comp,Yes,,5,30,2,R30 D02,Orlando-Kissimmee-Sanford,"Orlando-Daytona Beach-Melbourne, FL",,6855 S KIRKMAN RD,ORLANDO,FL,32819,28.5,-81.5," 22,100 ",Suburban,"3,088,160",797,"3,135","4,872,913","$83,787",GT80K,29%,21%,14%,36%,91%,80 - 100,"$78,250",39%,20-40%,15%,10-15%,36%,30-40%,5%,4-6%,1.47%,51.85%,, LT8MM ,12 - 20 MM,12 - 20 MM,B,,,,,,, ,,,,,"$6,267,478","$4,946,169","$15,714,256","$19,330,764","$19,330,764",,,,,,, ,,,,34.3%,23.0%,"$684,761 ","28,798"
1414,"MIAMI BEACH, FL (BLVD @ LENX)",Open,2022,12/16/2022,2022 Open - DEC '22,2022,12/12/2022,Comp,Yes,Yes,5,31,3,R31 D03,Miami-Fort Lauderdale-West Palm Beach,"Miami-Ft. Lauderdale, FL",Top 10 DMA,"1045 5TH ST, UNIT #115",MIAMI BEACH,FL,33139,25.8,-80.1," 16,827 ",Light Urban,"594,148","9,250","7,682","4,800,721","$66,689",60K-70K,46%,11%,11%,33%,116%,100 - 120,"$78,384",16%,LT 20%,16%,15-20%,64%,GT 40%,1%,LT 2%,0.33%,48.16%,LT8MM, LT8MM ,08 - 10 MM,08 - 10 MM,E,$0,$0,$0,$0,$0,$0, ,$0,$0,"$1,291,931",,"$7,787,654","$7,559,229","$8,172,314","$9,155,778","$9,155,778",0.0%,0.0%,0.0%,0.0%,0.0%,0.0%, ,0.0%,0.0%,,7.6%,12.0%,"$482,096 ","14,570"
1415,"YONKERS, NY (CROSS COUNTY)",Open,2022,11/4/2022,2022 Open - NOV '22,2022,11/2/2022,Comp,Yes,Yes,3,14,2,R14 D02,New York-Newark-Jersey City,"New York, NY",Top 10 DMA,750 CENTRAL PARK AVE,YONKERS,NY,10704,40.9,-73.9," 52,746 ",Urban,"794,454","20,938","14,648","22,165,424","$60,064",60K-70K,43%,15%,11%,31%,80%,80 - 100,"$101,231",14%,LT 20%,28%,20-30%,50%,GT 40%,4%,4-6%,0.08%,49.12%,LT8MM, 20M+ ,20M+,20M+,AAA,$0,$0,$0,$0,$0,$0, ,$0,$0,"$7,978,674","$1,473,696","$28,205,895","$31,973,333","$31,973,333","$38,599,893","$38,599,893",0.0%,0.0%,0.0%,0.0%,0.0%,0.0%, ,0.0%,0.0%,-1.2%,14.8%,20.7%,"$1,533,242 ","58,936"
1416,"NEW YORK, NY (COLUMBUS SQUR)",Open,2022,11/11/2022,2022 Open - NOV '22,2022,11/9/2022,Comp,Yes,Yes,3,14,4,R14 D04,New York-Newark-Jersey City,"New York, NY",Top 10 DMA,808 COLUMBUS AVE,NEW YORK,NY,10025,40.8,-74.0," 19,710 ",Super Urban,"1,055,017","56,525","56,699","22,165,424","$61,829",60K-70K,33%,12%,10%,45%,97%,80 - 100,"$101,231",21%,20-40%,24%,20-30%,46%,GT 40%,6%,4-6%,0.08%,49.12%,LT8MM, 08 - 10 MM ,10 - 12 MM,10 - 12 MM,D,$0,$0,$0,$0,$0,$0, ,$0,$0,"$2,212,757",,"$9,421,965","$10,105,035","$10,105,035","$10,647,050","$10,647,050",0.0%,0.0%,0.0%,0.0%,0.0%,0.0%, ,0.0%,0.0%,,8.4%,5.4%,"$536,199 ","17,934"
1417,"CRESTVIEW, FL (CRESTVIEW CMNS)",Open,2023,7/28/2023,2023 Open - JUL '23,2023,7/24/2023,Comp,,,5,19,5,R19 D05,Crestview-Fort Walton Beach-Destin,"Mobile, AL-Pensacola (Ft. Walton Beach), FL",,2680 S. FERDON BLVD.,CRESTVIEW,FL,32536,30.7,-86.6," 15,035 ",Exurban,"777,157",138,"1,194","1,562,017","$79,462",70K-80K,23%,23%,17%,37%,108%,100 - 120,"$73,580",70%,GT 60%,12%,10-15%,9%,LT 10%,3%,2-4%,0.69%,52.09%,, LT8MM ,LT8MM,LT8MM,H,,,,,,, ,,,,,"$3,001,513","$1,828,994","$4,795,953","$4,831,922","$4,831,922",,,,,,, ,,,,-0.1%,0.7%,"$308,723 ","10,303"
1418,"FONTANA, CA (SUMMIT HEIGHTS)",Open,2022,11/11/2022,2022 Open - NOV '22,2022,11/9/2022,Comp,Yes,,1,4,3,R04 D03,Riverside-San Bernardino-Ontario,"Los Angeles, CA",Top 10 DMA,15058 SUMMIT AVE,FONTANA,CA,92336,34.1,-117.5," 14,480 ",Suburban,"539,060","1,666","3,500","18,082,820","$98,765",GT80K,22%,15%,15%,47%,143%,GT 120,"$97,162",13%,LT 20%,9%,5-10%,67%,GT 40%,8%,6-8%,-0.04%,47.33%,LT8MM, LT8MM ,LT8MM,LT8MM,H,$0,$0,$0,$0,$0,$0, ,$0,$0,"$2,039,983",,"$4,924,642","$4,843,788","$4,843,788","$4,916,473","$4,916,473",0.0%,0.0%,0.0%,0.0%,0.0%,0.0%, ,0.0%,0.0%,,0.4%,1.5%,"$323,261 ","11,142"
1419,"CHELSEA, MA (CHELSEA CMNS)",Open,2023,10/20/2023,2023 Open - OCT '23,2023,10/18/2023,Comp,Yes,,3,10,4,R10 D04,Boston-Cambridge-Newton,"Boston, MA (Manchester, NH)",Top 10 DMA,1100 REVERE BEACH PARKWAY,CHELSEA,MA,2150,42.4,-71.0," 21,132 ",Urban,"236,135","12,190","14,022","6,834,716","$87,910",GT80K,29%,11%,10%,50%,84%,80 - 100,"$112,082",36%,20-40%,8%,5-10%,39%,30-40%,8%,GT 8%,0.28%,49.68%,, LT8MM ,10 - 12 MM,10 - 12 MM,D,,,,,,, ,,,,,"$4,121,476","$548,894","$11,540,958","$11,412,116","$11,412,116",,,,,,, ,,,,-0.6%,-1.1%,"$554,324 ","20,647"
1420,"CALEXICO, CA (NEW GRAN PLAZA)",Open,2023,8/25/2023,2023 Open - AUG '23,2023,8/24/2023,Comp,,,1,3,1,R03 D01,El Centro,"Yuma, AZ-El Centro, CA",,888 W 2ND STREET SUITE L 100,CALEXICO,CA,92231,32.7,-115.5," 25,408 ",Exurban,"128,228",302,"1,352","410,331","$67,216",60K-70K,41%,16%,12%,30%,98%,80 - 100,"$62,675",7%,LT 20%,1%,LT 5%,90%,GT 40%,1%,LT 2%,0.41%,50.38%,, LT8MM ,12 - 20 MM,12 - 20 MM,B,,,,,,, ,,,,,"$7,679,140","$5,286,149","$16,723,104","$19,046,869","$19,046,869",,,,,,, ,,,,16.8%,13.9%,"$675,336 ","32,147"
1421,"SURPRISE, AZ (VILL AT PRASADA)",Open,2024,6/21/2024,2024 Open - JUN '24,2024,6/19/2024,Comp,Yes,,1,3,4,R03 D04,Phoenix-Mesa-Scottsdale,"Phoenix (Prescott), AZ",,13040 N PRASADA PARKWAY,SURPRISE,AZ,85388,33.6,-112.4," 14,811 ",Suburban,"559,793",319,"3,295","6,067,817","$102,718",GT80K,25%,18%,15%,42%,129%,GT 120,"$86,887",47%,40-60%,7%,5-10%,37%,30-40%,3%,2-4%,0.98%,49.87%,,,LT8MM,LT8MM,H,,,,,,, ,,,,,,,"$3,257,176","$2,254,067","$4,842,357",,,,,,, ,,,,,1.2%,"$283,051 ","10,499"
1422,"BROOKLYN CNTR, MN (SHINGLE X)",Open,2022,11/11/2022,2022 Open - NOV '22,2022,11/9/2022,Comp,Yes,,1,5,1,R05 D01,Minneapolis-St. Paul-Bloomington,"Minneapolis-St. Paul, MN",,"1300 SHINGLE CRK X, STE 112",BROOKLYN CENTER,MN,55430,45.1,-93.3," 15,939 ",Suburban,"402,837","3,365","4,713","5,035,066","$90,083",GT80K,28%,15%,13%,44%,83%,80 - 100,"$91,896",50%,40-60%,23%,20-30%,9%,LT 10%,11%,GT 8%,0.42%,52.29%,LT8MM, LT8MM ,08 - 10 MM,10 - 12 MM,D,$0,$0,$0,$0,$0,$0, ,$0,$0,"$1,672,479",,"$7,455,108","$9,852,832","$9,852,832","$11,686,202","$11,686,202",0.0%,0.0%,0.0%,0.0%,0.0%,0.0%, ,0.0%,0.0%,,33.9%,18.6%,"$515,459 ","17,457"
1423,"BALTIMORE, MD (REISTERSTOWN)",Open,2023,4/21/2023,2023 Open - APR '23,2023,4/15/2023,Comp,Yes,,5,11,2,R11 D02,Baltimore-Columbia-Towson,"Baltimore, MD",,6564 REISTERSTOWN RD,BALTIMORE,MD,21215,39.4,-76.7," 20,404 ",Light Urban,"333,127","4,706","5,307","3,060,911","$71,891",70K-80K,37%,16%,13%,34%,69%,LT 80,"$99,245",19%,LT 20%,66%,GT 30%,7%,LT 10%,4%,4-6%,0.19%,48.69%,, LT8MM ,LT8MM,08 - 10 MM,F,,,,,,, ,,,,,"$6,313,256","$4,006,148","$6,859,735","$8,385,260","$8,385,260",,,,,,, ,,,,-4.6%,22.2%,"$369,106 ","13,009"
1424,"HOUSTON, TX NW X SHPG CNTR",Open,2022,11/18/2022,2022 Open - NOV '22,2022,11/18/2022,Comp,Yes,,4,17,5,R17 D05,Houston-The Woodlands-Sugar Land,"Houston, TX",Top 10 DMA,13238 NORTHWEST FWY,HOUSTON,TX,77040,29.8,-95.5," 21,603 ",Suburban,"1,111,479","3,251","4,542","8,054,291","$78,408",70K-80K,32%,18%,12%,38%,70%,LT 80,"$82,684",19%,LT 20%,20%,20-30%,50%,GT 40%,8%,GT 8%,1.17%,52.51%,LT8MM, LT8MM ,LT8MM,LT8MM,H,$0,$0,$0,$0,$0,$0, ,$0,$0,"$1,820,229",,"$6,223,077","$6,129,246","$6,129,246","$6,416,953","$6,416,953",0.0%,0.0%,0.0%,0.0%,0.0%,0.0%, ,0.0%,0.0%,,0.0%,4.7%,"$410,137 ","13,406"
1425,"HENDERSON, NV (ST ROSE SQUARE)",Open,2023,6/9/2023,2023 Open - JUN '23,2023,6/7/2023,Comp,Yes,,1,4,1,R04 D01,Las Vegas-Henderson-Paradise,"Las Vegas, NV",,3495 ST ROSE PARKWAY,HENDERSON,NV,89052,36.0,-115.1," 19,260 ",Light Urban,"1,247,076",716,"5,223","2,478,119","$86,412",GT80K,27%,17%,14%,42%,121%,GT 120,"$79,597",36%,20-40%,12%,10-15%,31%,30-40%,13%,GT 8%,0.87%,45.85%,, LT8MM ,LT8MM,LT8MM,G,,,,,,, ,,,,,"$4,820,053","$3,816,904","$6,975,658","$6,670,129","$6,670,129",,,,,,, ,,,,10.9%,-4.4%,"$403,310 ","15,489"
1426,"ST. LOUIS, MO",Future GO,2026,4/17/2026,2026 Open - APR '26,,,,,,4,6,3,R06 D03,,,,6927 S LINDBERGH BLVD,SAINT LOUIS,MO,63125,,,,,,,,,,,,,,,,,,82%,GT 60%,6%,5-10%,4%,LT 10%,2%,2-4%,,,,,,,,,,,,,, ,,,,,,,,,,,,,,,, ,,,,,,NA,NA
1427,"ROSENBERG (BRAZOS),TX",Open,2022,11/11/2022,2022 Open - NOV '22,2022,11/9/2022,Comp,Yes,,4,17,4,R17 D04,Houston-The Woodlands-Sugar Land,"Houston, TX",Top 10 DMA,24230 COMMERCIAL DRIVE,ROSENBERG,TX,77471,29.5,-95.8," 22,227 ",Light Suburban,"1,304,713",452,"2,626","8,054,291","$97,764",GT80K,22%,13%,13%,52%,104%,100 - 120,"$82,684",24%,20-40%,23%,20-30%,30%,20-30%,20%,GT 8%,1.17%,52.51%,LT8MM, LT8MM ,LT8MM,LT8MM,F,$0,$0,$0,$0,$0,$0, ,$0,$0,"$2,437,838",,"$7,270,515","$7,173,914","$7,173,914","$7,713,379","$7,713,379",0.0%,0.0%,0.0%,0.0%,0.0%,0.0%, ,0.0%,0.0%,,0.2%,7.5%,"$427,370 ","15,320"
1428,"MAYAGUEZ, PR (WESTERN PLAZA)",Open,2023,5/5/2023,2023 Open - MAY '23,2023,5/3/2023,Comp,Yes,,5,31,6,R31 D06,,Puerto Rico,Top 10 DMA,"PR-2, KM. 149.5",MAYAGUEZ,PR,680,18.2,-67.2," 21,371 ",Rural,"1,163,999",625,289,"3,245,457","$20,793",LT60K,84%,8%,3%,5%,80%,80 - 100,"$25,105",1%,LT 20%,0%,LT 5%,99%,GT 40%,0%,LT 2%,0.00%,0.00%,, 12 - 20 MM ,12 - 20 MM,20M+,B,,,,,,, ,,,,,"$13,593,959","$11,860,955","$19,515,421","$21,265,426","$21,265,426",,,,,,, ,,,,22.3%,9.0%,"$627,660 ","44,809"
1429,"PONCE, PR (PONCE TOWNE CNTR)",Open,2023,5/5/2023,2023 Open - MAY '23,2023,5/3/2023,Comp,Yes,,5,31,6,R31 D06,,Puerto Rico,Top 10 DMA,2643 PONCE BYPASS,PONCE,PR,728,18.0,-66.6," 29,023 ",Exurban,"373,217",539,"1,076","3,245,457","$20,054",LT60K,82%,9%,4%,5%,75%,LT 80,"$25,105",0%,LT 20%,0%,LT 5%,99%,GT 40%,0%,LT 2%,0.00%,0.00%,, 10 - 12 MM ,12 - 20 MM,20M+,B,,,,,,, ,,,,,"$10,863,283","$9,324,242","$15,367,518","$21,282,259","$21,282,259",,,,,,, ,,,,24.0%,38.5%,"$726,749 ","36,646"
1430,"OXFORD, AL (OXFORD EXCHANGE)",Open,2022,11/11/2022,2022 Open - NOV '22,2022,11/10/2022,Comp,,,5,19,5,R19 D05,Anniston-Oxford-Jacksonville,"Birmingham (Anniston and Tuscaloosa), AL",,1000 OXFORD EXCHANGE BLVD,OXFORD,AL,36203,33.6,-85.8," 15,222 ",Exurban,"165,667",101,576,"1,984,881","$57,805",LT60K,44%,18%,14%,24%,102%,100 - 120,"$66,607",66%,GT 60%,24%,20-30%,4%,LT 10%,1%,LT 2%,0.18%,50.12%,LT8MM, LT8MM ,LT8MM,LT8MM,H,$0,$0,$0,$0,$0,$0, ,$0,$0,"$1,603,559",,"$3,626,882","$3,213,618","$3,213,618","$3,634,587","$3,634,587",0.0%,0.0%,0.0%,0.0%,0.0%,0.0%, ,0.0%,0.0%,,-9.6%,13.1%,"$248,354 ","7,854"
1431,"GRIFFIN, GA (N GRIFFIN SQRE)",Open,2023,7/7/2023,2023 Open - JUL '23,2023,7/3/2023,Comp,Yes,,5,19,3,R19 D03,Atlanta-Sandy Springs-Roswell,"Atlanta, GA",Top 10 DMA,1631 NORTH EXPRESSWAY,GRIFFIN,GA,30223,33.3,-84.3," 14,652 ",Exurban,"506,802",288,929,"7,692,390","$75,668",70K-80K,33%,17%,15%,35%,53%,LT 80,"$87,109",40%,20-40%,46%,GT 30%,7%,LT 10%,3%,2-4%,0.88%,50.12%,, LT8MM ,LT8MM,LT8MM,H,,,,,,, ,,,,,"$2,980,927","$1,861,589","$4,041,716","$4,282,340","$4,282,340",,,,,,, ,,,,-5.4%,6.0%,"$288,894 ","9,086"
1432,"SURPRISE, AZ",Open,2022,11/11/2022,2022 Open - NOV '22,2022,11/10/2022,Comp,Yes,,1,3,4,R03 D04,Phoenix-Mesa-Scottsdale,"Phoenix (Prescott), AZ",,13712 W BELL RD,SURPRISE,AZ,85374,33.6,-112.4," 21,478 ",Suburban,"583,708",328,"3,602","6,067,817","$95,212",GT80K,24%,18%,17%,41%,91%,80 - 100,"$86,887",53%,40-60%,6%,5-10%,32%,30-40%,3%,2-4%,0.98%,49.87%,LT8MM, LT8MM ,LT8MM,LT8MM,H,$0,$0,$0,$0,$0,$0, ,$0,$0,"$2,313,743",,"$5,678,003","$5,054,309","$5,054,309","$5,089,310","$5,089,310",0.0%,0.0%,0.0%,0.0%,0.0%,0.0%, ,0.0%,0.0%,,-9.3%,0.7%,"$317,522 ","11,501"
1433,"RIO GRANDE,NJ (RIO GRND PLZ)",Open,2023,4/14/2023,2023 Open - APR '23,2023,4/12/2023,Comp,Yes,,3,13,2,R13 D02,Ocean City,"Philadelphia, PA",Top 10 DMA,"1500 ROUTE 47 S, SUITE D-2",RIO GRANDE,NJ,8242,39.0,-74.9," 14,392 ",Exurban,"236,380",340,564,"8,441,533","$82,378",GT80K,32%,17%,12%,39%,94%,80 - 100,"$88,536",64%,GT 60%,10%,5-10%,18%,10-20%,4%,2-4%,0.23%,48.33%,, LT8MM ,LT8MM,LT8MM,H,,,,,,, ,,,,,"$3,887,553","$2,388,233","$3,844,671","$3,909,181","$3,909,181",,,,,,, ,,,,-7.4%,1.7%,"$295,049 ","6,654"
1434,"BROOKLYN, NY (PENN AVE)",Open,2023,10/20/2023,2023 Open - OCT '23,2023,10/18/2023,Comp,Yes,,3,14,6,R14 D06,New York-Newark-Jersey City,"New York, NY",Top 10 DMA,918 PENNSYLVANIA AVENUE,BROOKLYN,NY,11207,40.7,-73.9," 17,210 ",Super Urban,"557,944","38,857","34,514","22,165,424","$61,561",60K-70K,36%,15%,12%,37%,65%,LT 80,"$101,231",5%,LT 20%,64%,GT 30%,20%,20-30%,3%,2-4%,0.08%,49.12%,, LT8MM ,LT8MM,08 - 10 MM,E,,,,,,, ,,,,,"$3,146,847","$439,923","$7,895,693","$8,980,780","$8,980,780",,,,,,, ,,,,-1.7%,13.7%,"$482,290 ","14,037"
1435,"WALLA WALLA, WA (FRMR SHOPKO)",Open,2025,6/6/2025,2025 Open - JUN '25,2025,6/5/2025,Non-Comp,Yes,,1,1,2,R01 D02,Walla Walla,"Yakima-Pasco-Richland-Kennewick, WA",,1648 W POPLAR STREET,WALLA WALLA,WA,99362,46.1,-118.4," 14,955 ",Exurban,"72,116",59,"1,483","792,829","$65,690",60K-70K,35%,17%,15%,33%,82%,80 - 100,"$76,135",66%,GT 60%,1%,LT 5%,25%,20-30%,1%,LT 2%,0.61%,50.69%,,,,LT8MM,,,,,,,, ,,,,,,,,,"$3,087,165",,,,,,, ,,,,,,"$275,681 ",NA
1436,"ANN ARBOR, MI (MAPLE VILLAGE)",Open,2023,3/31/2023,2023 Open - MAR '23,2023,3/29/2023,Comp,Yes,,3,8,4,R08 D04,Ann Arbor,"Detroit, MI",,215 N MAPLE RD,ANN ARBOR,MI,48103,42.3,-83.8," 18,028 ",Light Suburban,"449,216",502,"2,905","4,913,743","$87,163",GT80K,29%,15%,11%,45%,115%,100 - 120,"$77,383",66%,GT 60%,13%,10-15%,6%,LT 10%,9%,GT 8%,-0.10%,48.12%,, LT8MM ,LT8MM,LT8MM,H,,,,,,, ,,,,,"$4,329,691","$2,891,397","$4,158,655","$3,889,782","$3,889,782",,,,,,, ,,,,-11.0%,-6.5%,"$357,510 ","7,786"
1437,"KEY LARGO, FL",Open,2024,11/8/2024,2024 Open - NOV '24,2024,11/4/2024,Comp,Yes,,5,31,2,R31 D02,Key West,"Miami-Ft. Lauderdale, FL",Top 10 DMA,101437 OVERSEAS HWY,KEY LARGO,FL,33037,25.1,-80.4," 17,367 ",Exurban,"131,199",166,"1,099","4,800,721","$84,213",GT80K,31%,17%,14%,38%,108%,100 - 120,"$78,384",47%,40-60%,11%,10-15%,37%,30-40%,1%,LT 2%,0.33%,48.16%,,,LT8MM,LT8MM,H,,,,,,, ,,,,,,,"$1,604,353","$307,556","$4,022,191",,,,,,, ,,,,,-1.6%,"$336,019 ","10,615"
1438,"GALVESTON, TX (GALVESTON PL)",Open,2024,10/25/2024,2024 Open - OCT '24,2024,10/24/2024,Comp,Yes,,4,17,3,R17 D03,Houston-The Woodlands-Sugar Land,"Houston, TX",Top 10 DMA,2711 61ST ST.,GALVESTON,TX,77551,29.3,-94.8," 21,398 ",Suburban,"317,737",796,"3,478","8,054,291","$85,810",GT80K,32%,16%,14%,38%,72%,LT 80,"$82,684",49%,40-60%,14%,10-15%,29%,20-30%,3%,2-4%,1.17%,52.51%,,,LT8MM,LT8MM,H,,,,,,, ,,,,,,,"$1,820,162","$233,654","$4,151,878",,,,,,, ,,,,,-5.7%,"$308,332 ","10,192"
1440,"STOCKTON, CA (SHERWOOD CNTR)",Open,2022,11/23/2022,2022 Open - NOV '22,2022,11/23/2022,Comp,,,1,21,4,R21 D04,Stockton-Lodi,"Sacramento-Stockton-Modesto, CA",,"5308 PACIFIC AVE, #1000",STOCKTON,CA,95207,38.0,-121.3," 23,970 ",Light Urban,"376,298","1,426","6,466","4,601,910","$78,330",70K-80K,31%,16%,15%,38%,81%,80 - 100,"$95,209",16%,LT 20%,10%,5-10%,49%,GT 40%,20%,GT 8%,0.42%,50.62%,LT8MM, 10 - 12 MM ,12 - 20 MM,12 - 20 MM,C,$0,$0,$0,$0,$0,$0, ,$0,$0,"$2,803,871",,"$11,367,950","$12,686,080","$12,686,080","$14,018,642","$14,018,642",0.0%,0.0%,0.0%,0.0%,0.0%,0.0%, ,0.0%,0.0%,,13.3%,10.5%,"$627,083 ","26,841"
1441,"GREEN BAY, WI (EAST TOWN)",Open,2024,3/8/2024,2024 Open - MAR '24,2024,3/7/2024,Comp,,,1,5,2,R05 D02,Green Bay,"Green Bay-Appleton, WI",,"2350 E MASON STREET, STE 5",GREEN BAY,WI,54302,44.5,-88.0," 13,075 ",Light Suburban,"275,565",356,"2,557","1,177,776","$80,309",GT80K,32%,18%,15%,34%,87%,80 - 100,"$77,127",75%,GT 60%,3%,LT 5%,11%,10-20%,3%,2-4%,0.15%,53.54%,,,LT8MM,LT8MM,H,,,,,,, ,,,,,,,"$4,012,661","$2,954,817","$4,187,278",,,,,,, ,,,,,2.7%,"$280,624 ","7,765"
1442,"DEL RIO, TX (PLZ DEL SOL MALL)",Open,2023,2/17/2023,2023 Open - FEB '23,2023,2/15/2023,Comp,,,4,28,5,R28 D05,Del Rio,"San Antonio, TX",,2205 VETERANS BLVD,DEL RIO,TX,78840,29.4,-100.9," 24,368 ",Exurban,"113,190",13,"1,175","3,079,144","$56,611",LT60K,46%,17%,13%,24%,79%,LT 80,"$76,315",11%,LT 20%,1%,LT 5%,86%,GT 40%,1%,LT 2%,1.18%,50.03%,, LT8MM ,LT8MM,LT8MM,G,,,,,,, ,,,,,"$7,577,807","$5,374,174","$7,060,942","$7,141,163","$7,141,163",,,,,,, ,,,,-3.3%,1.1%,"$315,978 ","14,544"
1444,"ATTLEBORO, MA (BRISTOL PLACE)",Open,2023,11/17/2023,2023 Open - NOV '23,2023,11/15/2023,Comp,,,3,10,2,R10 D02,Providence-Warwick,"Providence, RI-New Bedford, MA",,1130 NEWPORT AVENUE,ATTLEBORO,MA,2703,41.9,-71.4," 25,469 ",Suburban,"367,698","3,169","4,126","1,683,219","$72,935",70K-80K,32%,15%,12%,42%,84%,80 - 100,"$87,015",44%,40-60%,10%,5-10%,35%,30-40%,3%,2-4%,0.02%,47.37%,, LT8MM ,08 - 10 MM,08 - 10 MM,E,,,,,,, ,,,,,"$2,576,432",,"$8,744,832","$9,380,492","$9,380,492",,,,,,, ,,,,,7.3%,"$400,715 ","16,853"
1445,"LAWTON, OK (LAWTON MKT PL),OK",Open,2023,8/18/2023,2023 Open - AUG '23,2023,8/16/2023,Comp,,,4,16,2,R16 D02,Lawton,"Wichita Falls, TX & Lawton, OK",,1832 NW 82nd St,LAWTON,OK,73505,34.6,-98.5," 13,121 ",Exurban,"185,516",54,"1,061","417,224","$59,700",LT60K,41%,20%,14%,25%,97%,80 - 100,"$62,622",57%,40-60%,11%,10-15%,16%,10-20%,2%,2-4%,-0.08%,49.68%,, LT8MM ,LT8MM,LT8MM,H,,,,,,, ,,,,,"$2,521,540","$1,143,361","$3,623,867","$3,679,260","$3,679,260",,,,,,, ,,,,-11.2%,1.5%,"$272,740 ","7,924"
1447,"GUAYAMA, PR (CENTRICO WEST)",Open,2023,11/3/2023,2023 Open - NOV '23,2023,11/3/2023,Comp,Yes,,5,31,4,R31 D04,,Puerto Rico,Top 10 DMA,STATE ROAD PR-3 KM. 134.6,GUAYAMA,PR,784,18.0,-66.1," 31,425 ",Rural,"861,140",861,471,"3,245,457","$25,947",LT60K,83%,10%,4%,4%,90%,80 - 100,"$25,105",1%,LT 20%,0%,LT 5%,99%,GT 40%,0%,LT 2%,0.00%,0.00%,, LT8MM ,10 - 12 MM,12 - 20 MM,C,,,,,,, ,,,,,"$4,026,174","$814,699","$11,663,747","$13,915,048","$13,915,048",,,,,,, ,,,,27.2%,19.3%,"$642,383 ","26,419"
1448,"BAYAMON, PR (REXVILLE CTR)",Open,2023,8/11/2023,2023 Open - AUG '23,2023,8/9/2023,Comp,Yes,,5,31,1,R31 D01,,Puerto Rico,Top 10 DMA,"PR-167 KM 17.6,",BAYAMON,PR,957,18.4,-66.2," 25,502 ",Light Suburban,"775,436","2,701","2,247","3,245,457","$31,258",LT60K,70%,15%,7%,9%,98%,80 - 100,"$25,105",1%,LT 20%,0%,LT 5%,99%,GT 40%,0%,LT 2%,0.00%,0.00%,, 08 - 10 MM ,12 - 20 MM,20M+,B,,,,,,, ,,,,,"$9,747,155","$6,666,537","$17,275,406","$21,075,981","$21,075,981",,,,,,, ,,,,3.2%,22.0%,"$713,338 ","39,653"
1449,"CLOVIS, CA (CLOVIS COMMONS)",Open,2023,5/5/2023,2023 Open - MAY '23,2023,5/3/2023,Comp,,,1,21,5,R21 D05,Fresno,"Fresno-Visalia, CA",,685 HERNDON AVE,CLOVIS,CA,93612,36.8,-119.7," 14,608 ",Suburban,"419,930","3,459","4,802","2,139,083","$81,543",GT80K,30%,13%,12%,45%,116%,100 - 120,"$72,136",29%,20-40%,5%,LT 5%,44%,GT 40%,17%,GT 8%,0.33%,47.34%,, LT8MM ,LT8MM,LT8MM,H,,,,,,, ,,,,,"$4,597,551","$2,797,756","$4,708,229","$5,110,060","$5,110,060",,,,,,, ,,,,-14.8%,8.5%,"$325,864 ","10,657"
1450,"CAPE CORAL, FL (CRLWOOD CNTR)",Open,2023,11/3/2023,2023 Open - NOV '23,2023,11/1/2023,Comp,,,5,30,7,R30 D07,Cape Coral-Fort Myers,"Ft. Myers-Naples, FL",,"2301 DEL PRADO BLVD S,ST 400",CAPE CORAL,FL,33990,26.6,-81.9," 15,286 ",Suburban,"607,247",638,"3,526","1,553,978","$69,532",60K-70K,30%,22%,15%,33%,92%,80 - 100,"$78,978",56%,40-60%,9%,5-10%,29%,20-30%,2%,LT 2%,1.55%,56.33%,, LT8MM ,LT8MM,LT8MM,H,,,,,,, ,,,,,"$2,140,229","$401,652","$6,057,746","$6,191,595","$6,191,595",,,,,,, ,,,,2.5%,2.2%,"$383,006 ","12,874"
1451,"PALM HARBOR, FL (PALM HBR CMN)",Open,2023,9/15/2023,2023 Open - SEP '23,2023,9/8/2023,Comp,Yes,,5,30,1,R30 D01,Tampa-St. Petersburg-Clearwater,"Tampa-St. Petersburg (Sarasota), FL",,33650 US HWY 19N,PALM HARBOR,FL,34683,28.1,-82.7," 19,700 ",Suburban,"446,347","2,771","3,235","5,413,557","$71,528",70K-80K,35%,14%,11%,40%,109%,100 - 120,"$76,582",72%,GT 60%,5%,5-10%,14%,10-20%,3%,2-4%,1.37%,51.59%,, LT8MM ,LT8MM,LT8MM,H,,,,,,, ,,,,,"$2,216,991","$969,654","$4,124,038","$4,195,628","$4,195,628",,,,,,, ,,,,-4.3%,1.7%,"$302,999 ","9,795"
1452,"PHOENIX, AZ (CHRISTOWN)",Open,2024,3/29/2024,2024 Open - MAR '24,2024,3/28/2024,Comp,Yes,,1,3,6,R03 D06,Phoenix-Mesa-Scottsdale,"Phoenix (Prescott), AZ",,1727 W BETHANY HOME RD,PHOENIX,AZ,85015,33.5,-112.1," 22,552 ",Light Urban,"905,466","5,988","7,433","6,067,817","$67,497",60K-70K,36%,18%,14%,32%,76%,LT 80,"$86,887",23%,20-40%,10%,5-10%,59%,GT 40%,3%,2-4%,0.98%,49.87%,,,08 - 10 MM,08 - 10 MM,E,,,,,,, ,,,,,,,"$8,410,591","$5,884,006","$8,720,287",,,,,,, ,,,,,-9.9%,"$485,512 ","18,053"
1453,"MIAMI, FL (KENDALL 1 PLAZA)",Open,2024,7/19/2024,2024 Open - JUL '24,2024,7/18/2024,Comp,Yes,Yes,5,31,2,R31 D02,Miami-Fort Lauderdale-West Palm Beach,"Miami-Ft. Lauderdale, FL",Top 10 DMA,8607 S DIXIE HWY,MIAMI,FL,33143,25.7,-80.3," 15,935 ",Suburban,"737,167","2,943","3,677","4,800,721","$73,331",70K-80K,36%,10%,12%,42%,144%,GT 120,"$78,384",11%,LT 20%,9%,5-10%,76%,GT 40%,2%,LT 2%,0.33%,48.16%,,,LT8MM,LT8MM,H,,,,,,, ,,,,,,,"$3,782,220","$2,258,659","$5,858,856",,,,,,, ,,,,,-3.3%,"$403,550 ","12,405"
1454,"NOVI, MI (W OAKS CENTER II)",Open,2023,8/4/2023,2023 Open - AUG '23,2023,8/2/2023,Comp,Yes,,3,8,4,R08 D04,Detroit-Warren-Dearborn,"Detroit, MI",,43480 WEST OAKS DRIVE,NOVI,MI,48377,42.5,-83.5," 18,166 ",Light Suburban,"502,728","1,759","2,186","4,913,743","$92,948",GT80K,23%,14%,12%,51%,118%,100 - 120,"$77,383",55%,40-60%,26%,20-30%,3%,LT 10%,11%,GT 8%,-0.10%,48.12%,, LT8MM ,LT8MM,LT8MM,H,,,,,,, ,,,,,"$3,189,027","$1,727,632","$4,779,353","$4,738,425","$4,738,425",,,,,,, ,,,,-11.5%,-0.9%,"$294,264 ","8,953"
1455,"MESA, AZ (RED MTN GATEWAY)",Open,2023,10/13/2023,2023 Open - OCT '23,2023,10/11/2023,Comp,Yes,,1,3,6,R03 D06,Phoenix-Mesa-Scottsdale,"Phoenix (Prescott), AZ",,2039 N POWER ROAD,MESA,AZ,85215,33.5,-111.7," 21,840 ",Light Suburban,"628,475","1,637","2,784","6,067,817","$84,507",GT80K,31%,19%,14%,36%,108%,100 - 120,"$86,887",60%,40-60%,4%,LT 5%,27%,20-30%,2%,2-4%,0.98%,49.87%,, LT8MM ,LT8MM,LT8MM,H,,,,,,, ,,,,,"$1,918,209","$248,125","$3,872,789","$3,605,580","$3,605,580",,,,,,, ,,,,-14.7%,-6.9%,"$279,548 ","9,147"
1456,"MABLETON, GA (VILLAGE)",Open,2023,8/11/2023,2023 Open - AUG '23,2023,8/10/2023,Comp,Yes,,5,19,1,R19 D01,Atlanta-Sandy Springs-Roswell,"Atlanta, GA",Top 10 DMA,"5590 MABLETON PKWY SW, ST 1B",MABLETON,GA,30126,33.8,-84.6," 20,579 ",Light Suburban,"1,861,763","1,414","2,305","7,692,390","$80,316",GT80K,30%,18%,14%,37%,98%,80 - 100,"$87,109",23%,20-40%,58%,GT 30%,11%,10-20%,3%,2-4%,0.88%,50.12%,, LT8MM ,LT8MM,LT8MM,F,,,,,,, ,,,,,"$4,115,947","$2,245,571","$7,438,223","$7,880,967","$7,880,967",,,,,,, ,,,,4.1%,6.0%,"$447,874 ","15,164"
1457,"UNIONTOWN, PA (UNIONTOWN)",Open,2023,7/14/2023,2023 Open - JUL '23,2023,7/12/2023,Comp,Yes,,3,25,2,R25 D02,Pittsburgh,"Pittsburgh, PA",,99 MATHEW DRIVE,UNIONTOWN,PA,15401,39.9,-79.8," 16,814 ",Exurban,"116,666",172,902,"2,826,882","$56,634",LT60K,45%,15%,12%,27%,69%,LT 80,"$74,411",89%,GT 60%,5%,LT 5%,2%,LT 10%,0%,LT 2%,-0.07%,50.10%,, LT8MM ,LT8MM,LT8MM,H,,,,,,, ,,,,,"$2,441,512","$1,145,066","$2,897,522","$2,940,127","$2,940,127",,,,,,, ,,,,-6.4%,1.5%,"$246,404 ","6,622"
1458,"JENSEN BEACH, FL (MRKTPLC SQ)",Open,2023,10/6/2023,2023 Open - OCT '23,2023,10/2/2023,Comp,Yes,,5,30,4,R30 D04,Port St. Lucie,"West Palm Beach-Ft. Pierce, FL",,3245 NW FEDERAL HWY,JENSEN BEACH,FL,34957,27.2,-80.3," 16,108 ",Light Suburban,"554,973",290,"1,839","2,295,998","$73,285",70K-80K,31%,17%,15%,37%,86%,80 - 100,"$84,608",56%,40-60%,17%,15-20%,21%,20-30%,2%,LT 2%,0.90%,51.52%,, LT8MM ,LT8MM,LT8MM,H,,,,,,, ,,,,,"$2,537,466","$1,261,005","$5,853,843","$5,530,988","$5,530,988",,,,,,, ,,,,4.0%,-5.5%,"$377,655 ","12,567"
1459,"SHAWNEE, OK (SHAWNEE MTK)",Open,2024,5/31/2024,2024 Open - MAY '24,2024,5/30/2024,Comp,,,4,16,2,R16 D02,Shawnee,"Oklahoma City, OK",,4832 MARKETPLACE BLVD STE600,SHAWNEE,OK,74804,35.4,-96.9," 14,507 ",Exurban,"135,938",63,695,"2,048,734","$60,464",60K-70K,41%,17%,12%,30%,81%,80 - 100,"$70,481",67%,GT 60%,3%,LT 5%,6%,LT 10%,1%,LT 2%,0.54%,49.53%,,,LT8MM,LT8MM,H,,,,,,, ,,,,,,,"$2,546,211","$1,789,696","$3,291,490",,,,,,, ,,,,,5.1%,"$264,458 ","6,915"
1460,"ORLANDO, FL (CURRY FORD EAST)",Open,2024,3/1/2024,2024 Open - FEB '24,2024,2/28/2024,Comp,,,5,30,2,R30 D02,Orlando-Kissimmee-Sanford,"Orlando-Daytona Beach-Melbourne, FL",,7382 CURRY FORD RD,ORLANDO,FL,32822,28.5,-81.3," 18,988 ",Suburban,"989,075",564,"4,798","4,872,913","$77,505",70K-80K,32%,23%,14%,30%,87%,80 - 100,"$78,250",28%,20-40%,19%,15-20%,43%,GT 40%,5%,4-6%,1.47%,51.85%,,,LT8MM,LT8MM,F,,,,,,, ,,,,,,,"$7,266,610","$5,895,139","$7,652,586",,,,,,, ,,,,,5.7%,"$394,057 ","14,706"
1461,"JACKSON, MI (JACKSON XING)",Open,2024,11/1/2024,2024 Open - OCT '24,2024,10/31/2024,Comp,Yes,,3,8,4,R08 D04,Jackson,"Lansing, MI",,1250 BOARDMAN ROAD,JACKSON,MI,49202,42.3,-84.4," 15,122 ",Light Suburban,"181,900",208,"1,882","675,546","$66,016",60K-70K,39%,18%,13%,29%,68%,LT 80,"$70,456",81%,GT 60%,8%,5-10%,4%,LT 10%,1%,LT 2%,-0.11%,47.91%,,,LT8MM,LT8MM,H,,,,,,, ,,,,,,,"$1,568,358","$197,729","$4,037,716",,,,,,, ,,,,,-6.0%,"$267,403 ","9,535"
1462,"MARYSVILLE, WA (TWN CENTER)",Open,2023,8/11/2023,2023 Open - AUG '23,2023,8/9/2023,Comp,,,1,1,6,R01 D06,Seattle-Tacoma-Bellevue,"Seattle-Tacoma, WA",,233 MARYSVILLE MALL,MARYSVILLE,WA,98270,48.0,-122.2," 16,413 ",Light Suburban,"389,434",830,"2,205","5,772,567","$97,168",GT80K,22%,13%,15%,50%,96%,80 - 100,"$108,737",59%,40-60%,4%,LT 5%,15%,10-20%,11%,GT 8%,0.66%,52.46%,, LT8MM ,LT8MM,LT8MM,H,,,,,,, ,,,,,"$3,171,623","$1,794,999","$4,990,082","$5,160,915","$5,160,915",,,,,,, ,,,,-9.6%,3.4%,"$319,039 ","10,450"
1463,"MILLINGTON,TN (FRKD RVR CMN)",Open,2024,5/10/2024,2024 Open - MAY '24,2024,5/9/2024,Comp,,,4,6,2,R06 D02,Memphis,"Memphis, TN",,"8699 HWY 51, UNIT 105",MILLINGTON,TN,38053,35.4,-89.9," 14,730 ",Rural,"221,804",270,321,"1,776,622","$67,815",60K-70K,40%,15%,12%,33%,79%,LT 80,"$64,171",43%,40-60%,46%,GT 30%,5%,LT 10%,1%,LT 2%,-0.15%,45.03%,,,LT8MM,LT8MM,H,,,,,,, ,,,,,,,"$3,160,338","$1,823,855","$3,506,933",,,,,,, ,,,,,-3.7%,"$275,968 ","7,539"
1464,"METAIRIE, LA (VETERANS BLVD)",Open,2023,10/6/2023,2023 Open - OCT '23,2023,10/6/2023,Comp,,,4,17,2,R17 D02,New Orleans-Metairie,"New Orleans, LA",,2840 VETERANS MEMORIAL BLVD,METAIRIE,LA,70002,30.0,-90.2," 28,752 ",Light Urban,"477,576","2,143","5,764","1,749,451","$64,014",60K-70K,42%,15%,10%,33%,114%,100 - 120,"$64,913",39%,20-40%,37%,GT 30%,16%,10-20%,4%,4-6%,-0.21%,46.83%,, LT8MM ,10 - 12 MM,10 - 12 MM,D,,,,,,, ,,,,,"$4,034,301","$574,048","$10,412,028","$10,767,917","$10,767,917",,,,,,, ,,,,2.3%,3.4%,"$613,862 ","21,031"
1465,"MILWAUKEE, WI (EAST CAPITOL)",Open,2023,11/9/2023,2023 Open - NOV '23,2023,11/8/2023,Comp,,,1,5,2,R05 D02,Milwaukee-Waukesha-West Allis,"Milwaukee, WI",,709 E. CAPITOL DRIVE,MILWAUKEE,WI,53212,43.1,-87.9," 20,567 ",Light Urban,"255,674","5,004","7,464","2,243,542","$49,285",LT60K,43%,18%,11%,28%,69%,LT 80,"$80,132",16%,LT 20%,67%,GT 30%,6%,LT 10%,6%,6-8%,0.03%,48.38%,, LT8MM ,LT8MM,LT8MM,H,,,,,,, ,,,,,"$1,587,284","$211,378","$4,022,180","$4,163,855","$4,163,855",,,,,,, ,,,,-28.7%,3.5%,"$324,901 ","7,656"
1466,"BRENHAM, TX (BRENHAM XING)",Open,2023,11/17/2023,2023 Open - NOV '23,2023,11/16/2023,Comp,Yes,,4,17,4,R17 D04,Brenham,"Houston, TX",Top 10 DMA,994 US HIGHWAY 290 E,BRENHAM,TX,77833,30.1,-96.4," 14,451 ",Exurban,"512,250",121,590,"8,054,291","$90,371",GT80K,33%,17%,15%,35%,77%,LT 80,"$82,684",35%,20-40%,17%,15-20%,39%,30-40%,5%,4-6%,1.17%,52.51%,, LT8MM ,LT8MM,LT8MM,H,,,,,,, ,,,,,"$1,251,701",,"$3,569,665","$3,912,442","$3,912,442",,,,,,, ,,,,,9.6%,"$261,616 ","7,909"
1467,"STATEN ISLAND, NY (THE BLVD)",Open,2023,11/3/2023,2023 Open - NOV '23,2023,11/1/2023,Comp,Yes,,3,14,3,R14 D03,New York-Newark-Jersey City,"New York, NY",Top 10 DMA,"2636 HYLAN BLVD, SUITE 220",STATEN ISLAND,NY,10306,40.6,-74.1," 21,720 ",Light Urban,"485,867","8,792","9,121","22,165,424","$101,439",GT80K,27%,12%,11%,49%,102%,100 - 120,"$101,231",53%,40-60%,9%,5-10%,20%,10-20%,15%,GT 8%,0.08%,49.12%,, LT8MM ,LT8MM,LT8MM,G,,,,,,, ,,,,,"$2,882,662","$381,763","$7,384,259","$7,394,699","$7,394,699",,,,,,, ,,,,-24.3%,0.1%,"$429,444 ","13,196"
1468,"BONITA SPRINGS, FL",Open,2024,5/10/2024,2024 Open - MAY '24,2024,5/9/2024,Comp,,,5,30,7,R30 D07,Cape Coral-Fort Myers,"Ft. Myers-Naples, FL",,3302 BONITA BEACH RD SE,BONITA SPRINGS,FL,34134,26.3,-81.8," 19,547 ",Light Suburban,"311,264",226,"1,854","1,553,978","$92,446",GT80K,22%,18%,13%,47%,112%,100 - 120,"$78,978",56%,40-60%,5%,5-10%,35%,30-40%,2%,LT 2%,1.55%,56.33%,,,LT8MM,LT8MM,H,,,,,,, ,,,,,,,"$3,164,895","$1,915,877","$3,643,398",,,,,,, ,,,,,-3.6%,"$299,478 ","8,201"
1469,"SPRINGFIELD, VA (SPRFLD TN CR)",Open,2023,11/10/2023,2023 Open - NOV '23,2023,11/10/2023,Comp,Yes,,5,11,1,R11 D01,Washington-Arlington-Alexandria,"Washington, DC (Hagerstown, MD)",Top 10 DMA,6502 SPRINGFIELD MALL,SPRINGFIELD,VA,22150,38.8,-77.2," 19,384 ",Suburban,"1,121,853","3,018","3,857","7,403,493","$120,802",GT80K,15%,10%,11%,64%,122%,GT 120,"$120,994",30%,20-40%,27%,20-30%,24%,20-30%,13%,GT 8%,0.54%,51.13%,, LT8MM ,LT8MM,LT8MM,G,,,,,,, ,,,,,"$2,280,707",,"$7,015,009","$7,320,396","$7,320,396",,,,,,, ,,,,,4.4%,"$412,188 ","14,362"
1470,"MELROSE PARK, IL (WINSTON)",Open,2024,2/16/2024,2024 Open - FEB '24,2024,2/15/2024,Comp,Yes,,4,7,3,R07 D03,Chicago-Naperville-Elgin,"Chicago, IL",Top 10 DMA,1060 WINSTON PLAZA,MELROSE PARK,IL,60160,41.9,-87.8," 16,292 ",Light Urban,"734,297","7,772","7,070","9,518,952","$76,037",70K-80K,31%,16%,14%,39%,91%,80 - 100,"$91,619",25%,20-40%,20%,20-30%,50%,GT 40%,3%,2-4%,-0.18%,48.49%,,,08 - 10 MM,LT8MM,F,,,,,,, ,,,,,,,"$8,283,133","$6,094,506","$7,862,686",,,,,,, ,,,,,-1.3%,"$391,775 ","14,908"
1471,"TRACY, CA (WEST VALLEY MALL)",Open,2023,11/17/2023,2023 Open - NOV '23,2023,11/15/2023,Comp,,,1,21,4,R21 D04,Stockton-Lodi,"Sacramento-Stockton-Modesto, CA",,3150 NAGLEE ROAD,TRACY,CA,95304,37.8,-121.5," 19,776 ",Light Suburban,"429,573",505,"2,315","4,601,910","$115,214",GT80K,22%,12%,12%,54%,117%,100 - 120,"$95,209",23%,20-40%,7%,5-10%,41%,GT 40%,22%,GT 8%,0.42%,50.62%,, LT8MM ,LT8MM,LT8MM,H,,,,,,, ,,,,,"$2,191,691",,"$5,646,963","$5,804,525","$5,804,525",,,,,,, ,,,,,2.8%,"$303,991 ","11,691"
1472,"SAN JOSE, CA (CAP & MCKE CTR)",Open,2024,9/27/2024,2024 Open - SEP '24,2024,9/27/2024,Comp,Yes,,1,21,1,R21 D01,San Jose-Sunnyvale-Santa Clara,"San Francisco-Oakland-San Jose, CA",,375 N CAPITOL AVE,SAN JOSE,CA,95133,37.4,-121.8," 22,072 ",Light Urban,"986,084","6,452","8,822","7,691,388","$144,227",GT80K,18%,9%,9%,64%,96%,80 - 100,"$137,673",20%,LT 20%,3%,LT 5%,33%,30-40%,40%,GT 8%,0.02%,50.97%,,,LT8MM,LT8MM,G,,,,,,, ,,,,,,,"$3,695,788","$1,775,032","$7,476,371",,,,,,, ,,,,,13.0%,"$410,782 ","16,727"
1473,"ARDMORE, OK (MRKT STRT ARDMR)",Open,2023,10/27/2023,2023 Open - OCT '23,2023,10/26/2023,Comp,,,4,16,2,R16 D02,Ardmore,"Sherman, TX-Ada, OK",,1585 12TH AVE NW,ARDMORE,OK,73401,34.2,-97.1," 16,969 ",Exurban,"106,611",35,844,"368,121","$57,532",LT60K,44%,19%,11%,26%,87%,80 - 100,"$62,001",64%,GT 60%,4%,LT 5%,11%,10-20%,1%,LT 2%,0.81%,51.91%,, LT8MM ,LT8MM,LT8MM,H,,,,,,, ,,,,,"$1,505,195","$154,093","$3,034,794","$2,990,052","$2,990,052",,,,,,, ,,,,-22.3%,-1.5%,"$259,976 ","7,125"
1474,"TOPEKA, KS (WANAMAKER HILLS)",Open,2023,9/22/2023,2023 Open - SEP '23,2023,9/20/2023,Comp,Yes,,4,6,4,R06 D04,Topeka,"Topeka, KS",,1800 SW WANAMAKER RD STE 100,TOPEKA,KS,66604,39.0,-95.8," 17,763 ",Light Suburban,"156,796",500,"2,152","455,539","$62,305",60K-70K,38%,16%,14%,32%,103%,100 - 120,"$65,655",67%,GT 60%,8%,5-10%,15%,10-20%,1%,LT 2%,-0.07%,52.04%,, LT8MM ,LT8MM,LT8MM,H,,,,,,, ,,,,,"$2,832,099","$1,030,002","$5,299,172","$4,985,536","$4,985,536",,,,,,, ,,,,-11.9%,-5.9%,"$303,184 ","11,032"
1475,"BURLESON, TX (MCALISTER SQ)",Open,2023,9/22/2023,2023 Open - SEP '23,2023,9/20/2023,Comp,Yes,,4,16,3,R16 D03,Dallas-Fort Worth-Arlington,"Dallas-Ft. Worth, TX",Top 10 DMA,12640 SOUTH FWY,BURLESON,TX,76028,32.6,-97.3," 14,544 ",Light Suburban,"752,101",551,"2,269","9,039,276","$78,458",70K-80K,32%,18%,14%,37%,98%,80 - 100,"$89,635",36%,20-40%,22%,20-30%,34%,30-40%,4%,4-6%,1.36%,52.96%,, LT8MM ,LT8MM,LT8MM,H,,,,,,, ,,,,,"$2,507,491","$1,183,218","$5,244,453","$6,006,171","$6,006,171",,,,,,, ,,,,12.1%,14.5%,"$305,269 ","11,808"
1476,"RICHMOND, VA (MEADOWBROOK)",Open,2024,11/8/2024,2024 Open - NOV '24,2024,11/7/2024,Comp,Yes,,5,11,1,R11 D01,Richmond,"Richmond-Petersburg, VA",,5700 HOPKINS ROAD,RICHMOND,VA,23234,37.4,-77.5," 18,392 ",Light Suburban,"215,052","2,280","2,472","1,613,854","$72,585",70K-80K,36%,18%,14%,32%,83%,80 - 100,"$85,072",32%,20-40%,39%,GT 30%,22%,20-30%,3%,2-4%,0.62%,50.06%,,,LT8MM,08 - 10 MM,F,,,,,,, ,,,,,,,"$2,283,392",,"$8,241,696",,,,,,, ,,,,,,"$412,686 ","14,434"
1477,"GOLDSBORO, NC (BERKELEY MLL)",Open,2024,3/29/2024,2024 Open - MAR '24,2024,3/25/2024,Comp,,,5,18,2,R18 D02,Goldsboro,"Raleigh-Durham (Fayetteville), NC",,703 N BERKELEY BLVD,GOLDSBORO,NC,27534,35.4,-77.9," 18,522 ",Exurban,"272,608",130,"1,055","3,519,023","$55,746",LT60K,44%,19%,14%,23%,60%,LT 80,"$82,758",48%,40-60%,30%,20-30%,17%,10-20%,1%,LT 2%,1.03%,51.85%,,,LT8MM,LT8MM,F,,,,,,, ,,,,,,,"$6,510,417","$5,551,931","$7,772,492",,,,,,, ,,,,,13.3%,"$403,282 ","13,796"
1478,"NORFOLK, VA",Open,2024,3/8/2024,2024 Open - MAR '24,2024,3/6/2024,Comp,,,5,11,3,R11 D03,Virginia Beach-Norfolk-Newport News,"Norfolk-Portsmouth-Newport News, VA",,5900 E VIRGINIA BEACH BLVD,NORFOLK,VA,23502,36.9,-76.2," 17,589 ",Suburban,"530,712","2,180","3,875","1,996,676","$76,214",70K-80K,37%,18%,12%,33%,90%,80 - 100,"$80,782",40%,40-60%,37%,GT 30%,10%,LT 10%,6%,6-8%,0.17%,51.00%,,,LT8MM,LT8MM,G,,,,,,, ,,,,,,,"$6,084,150","$5,340,572","$6,785,546",,,,,,, ,,,,,14.2%,"$289,935 ","11,205"
1479,"JURUPA VLLY, CA (SHOPS JURUPA)",Open,2024,7/19/2024,2024 Open - JUL '24,2024,7/18/2024,Comp,Yes,,1,4,3,R04 D03,Riverside-San Bernardino-Ontario,"Los Angeles, CA",Top 10 DMA,8113 MISSION BLVD,JURUPA VALLEY,CA,92509,34.0,-117.5," 17,479 ",Suburban,"255,953","2,875","3,231","18,082,820","$109,781",GT80K,24%,16%,14%,46%,102%,100 - 120,"$97,162",14%,LT 20%,6%,5-10%,64%,GT 40%,13%,GT 8%,-0.04%,47.33%,,,LT8MM,08 - 10 MM,F,,,,,,, ,,,,,,,"$4,958,055","$3,257,513","$8,431,104",,,,,,, ,,,,,15.2%,"$431,429 ","16,538"
1480,"KISSIMMEE, FL (KISSIMMEE SQ)",Open,2024,3/8/2024,2024 Open - MAR '24,2024,3/7/2024,Comp,,,5,30,6,R30 D06,Orlando-Kissimmee-Sanford,"Orlando-Daytona Beach-Melbourne, FL",,1100 N JOHN YOUNG PKWY,KISSIMMEE,FL,34741,28.3,-81.4," 18,926 ",Suburban,"1,823,904",690,"3,457","4,872,913","$81,609",GT80K,39%,17%,13%,30%,79%,LT 80,"$78,250",31%,20-40%,16%,15-20%,43%,GT 40%,5%,4-6%,1.47%,51.85%,,,LT8MM,LT8MM,G,,,,,,, ,,,,,,,"$6,764,035","$4,782,667","$6,988,521",,,,,,, ,,,,,1.4%,"$376,011 ","14,472"
1481,"CHICAGO, IL (BRDWAY PLAZA)",Open,2024,6/28/2024,2024 Open - JUN '24,2024,6/27/2024,Comp,Yes,,4,7,3,R07 D03,Chicago-Naperville-Elgin,"Chicago, IL",Top 10 DMA,5227 N. BROADWAY STREET,CHICAGO,IL,60640,42.0,-87.7," 20,595 ",Super Urban,"336,820","21,086","24,486","9,518,952","$74,921",70K-80K,27%,14%,13%,46%,92%,80 - 100,"$91,619",43%,40-60%,14%,10-15%,23%,20-30%,15%,GT 8%,-0.18%,48.49%,,,LT8MM,LT8MM,G,,,,,,, ,,,,,,,"$4,901,232","$3,285,985","$7,350,876",,,,,,, ,,,,,-0.2%,"$363,639 ","13,077"
1482,"MONTGOMERY, AL (MIDTOWN PLAZA)",Open,2023,9/8/2023,2023 Open - SEP '23,2023,9/8/2023,Comp,,,5,19,5,R19 D05,Montgomery,"Montgomery-Selma, AL",,943 ANN STREET,MONTGOMERY,AL,36107,32.4,-86.3," 14,998 ",Light Suburban,"376,819",154,"2,481","634,678","$64,407",60K-70K,42%,18%,14%,26%,99%,80 - 100,"$59,822",41%,40-60%,48%,GT 30%,5%,LT 10%,3%,2-4%,-0.28%,45.12%,, LT8MM ,LT8MM,LT8MM,H,,,,,,, ,,,,,"$2,262,635","$744,076","$3,739,671","$4,605,345","$4,605,345",,,,,,, ,,,,-11.1%,23.1%,"$289,870 ","7,529"
1483,"HUNTINGTON, NY (HNTGTON CMN)",Open,2023,11/10/2023,2023 Open - NOV '23,2023,11/8/2023,Comp,Yes,,3,14,1,R14 D01,New York-Newark-Jersey City,"New York, NY",Top 10 DMA,839 NEW YORK AVENUE,HUNTINGTON,NY,11743,40.9,-73.4," 19,074 ",Suburban,"273,118","2,728","3,024","22,165,424","$144,188",GT80K,14%,8%,8%,70%,150%,GT 120,"$101,231",47%,40-60%,8%,5-10%,36%,30-40%,6%,4-6%,0.08%,49.12%,, LT8MM ,LT8MM,LT8MM,H,,,,,,, ,,,,,"$2,169,474","$280,591","$5,629,411","$5,681,553","$5,681,553",,,,,,, ,,,,-24.0%,0.9%,"$364,289 ","10,696"
1484,"MORGAN HILL, CA (COCHRNE CMNS)",Open,2023,10/20/2023,2023 Open - OCT '23,2023,10/18/2023,Comp,,,1,21,1,R21 D01,San Jose-Sunnyvale-Santa Clara,"San Francisco-Oakland-San Jose, CA",,1023 COCHRANE ROAD,MORGAN HILL,CA,95037,37.2,-121.7," 14,541 ",Exurban,"340,929",186,"1,481","7,691,388","$121,343",GT80K,13%,9%,9%,69%,124%,GT 120,"$137,673",25%,20-40%,2%,LT 5%,56%,GT 40%,13%,GT 8%,0.02%,50.97%,, LT8MM ,LT8MM,LT8MM,H,,,,,,, ,,,,,"$1,577,104","$268,112","$4,394,514","$4,993,641","$4,993,641",,,,,,, ,,,,21.5%,13.6%,"$292,143 ","10,784"
1485,"MONACA, PA (TWNSHP MRKTPLC)",Open,2023,10/27/2023,2023 Open - OCT '23,2023,10/25/2023,Comp,Yes,,3,25,2,R25 D02,Pittsburgh,"Pittsburgh, PA",,115 WAGNER ROAD,MONACA,PA,15061,40.7,-80.3," 14,495 ",Exurban,"148,804",441,"1,179","2,826,882","$68,498",60K-70K,35%,19%,14%,31%,91%,80 - 100,"$74,411",84%,GT 60%,8%,5-10%,3%,LT 10%,1%,LT 2%,-0.07%,50.10%,, LT8MM ,LT8MM,LT8MM,H,,,,,,, ,,,,,"$1,578,961","$167,532","$3,234,024","$3,387,507","$3,387,507",,,,,,, ,,,,-18.5%,4.7%,"$245,880 ","7,620"
1486,"NORTHRIDGE, CA (NORTHRIDGE)",Open,2024,10/18/2024,2024 Open - OCT '24,2024,10/17/2024,Comp,Yes,,1,3,2,R03 D02,Los Angeles-Long Beach-Anaheim,"Los Angeles, CA",Top 10 DMA,"19500 W. PLUMMER ST, SUITE E",NORTHRIDGE,CA,91324,34.2,-118.6," 17,468 ",Light Urban,"552,739","7,755","7,257","18,082,820","$89,788",GT80K,29%,14%,12%,44%,103%,100 - 120,"$97,162",31%,20-40%,5%,LT 5%,46%,GT 40%,15%,GT 8%,-0.04%,47.33%,,,LT8MM,LT8MM,H,,,,,,, ,,,,,,,"$2,283,057","$353,894","$5,391,169",,,,,,, ,,,,,13.6%,"$368,388 ","12,433"
1487,"JACKSONVILLE, FL (GTWAY CTR)",Open,2023,11/10/2023,2023 Open - NOV '23,2023,11/9/2023,Comp,,,5,19,4,R19 D04,Jacksonville,"Jacksonville, FL",,5258-11 NORWOOD AVENUE,JACKSONVILLE,FL,32208,30.4,-81.7," 18,248 ",Suburban,"286,539","1,114","3,125","2,186,986","$58,398",LT60K,48%,16%,11%,25%,46%,LT 80,"$78,343",26%,20-40%,58%,GT 30%,9%,LT 10%,2%,2-4%,1.23%,51.32%,, LT8MM ,LT8MM,LT8MM,H,,,,,,, ,,,,,"$1,519,464",,"$4,748,637","$5,508,927","$5,508,927",,,,,,, ,,,,,16.0%,"$346,337 ","10,013"
1488,"SAN ANTONIO, TX (PRK NRTH CTR)",Open,2023,10/27/2023,2023 Open - OCT '23,2023,10/25/2023,Comp,,,4,28,3,R28 D03,San Antonio-New Braunfels,"San Antonio, TX",,"522 NRTHWST LP 410, STE 103",SAN ANTONIO,TX,78216,29.5,-98.5," 19,427 ",Suburban,"2,247,878",865,"4,068","3,079,144","$75,134",70K-80K,40%,19%,13%,27%,80%,80 - 100,"$76,315",27%,20-40%,8%,5-10%,59%,GT 40%,3%,2-4%,1.18%,50.03%,, LT8MM ,LT8MM,LT8MM,F,,,,,,, ,,,,,"$2,752,074","$398,989","$7,763,852","$7,858,668","$7,858,668",,,,,,, ,,,,7.4%,1.2%,"$368,632 ","15,995"
1489,"NORMAN, OK (PRKWAY PLZ CNTR)",Open,2023,10/27/2023,2023 Open - OCT '23,2023,10/25/2023,Comp,,,4,16,2,R16 D02,Oklahoma City,"Oklahoma City, OK",,620 ED NOBLE PKWY,NORMAN,OK,73072,35.2,-97.5," 16,986 ",Light Suburban,"394,537",169,"2,224","2,048,734","$78,973",70K-80K,33%,17%,14%,36%,87%,80 - 100,"$70,481",66%,GT 60%,5%,5-10%,10%,10-20%,3%,2-4%,0.54%,49.53%,, LT8MM ,LT8MM,LT8MM,H,,,,,,, ,,,,,"$1,656,020","$217,258","$3,755,710","$3,745,706","$3,745,706",,,,,,, ,,,,-3.6%,-0.3%,"$278,550 ","9,025"
1490,"OLATHE, KS (OLATHE STATION)",Open,2023,11/17/2023,2023 Open - NOV '23,2023,11/15/2023,Comp,Yes,,4,6,4,R06 D04,Kansas City,"Kansas City, MO",,15335 W 119TH STREET,OLATHE,KS,66062,38.9,-94.8," 22,707 ",Light Suburban,"395,116",287,"2,961","2,667,726","$101,045",GT80K,21%,15%,14%,50%,126%,GT 120,"$80,698",74%,GT 60%,5%,5-10%,11%,10-20%,4%,2-4%,0.36%,51.96%,, LT8MM ,LT8MM,LT8MM,H,,,,,,, ,,,,,"$1,865,309",,"$6,137,608","$6,183,821","$6,183,821",,,,,,, ,,,,,0.8%,"$330,549 ","11,957"
1491,"BUENA PARK, CA(BNA PRK DWNTN )",Open,2023,10/27/2023,2023 Open - OCT '23,2023,10/25/2023,Comp,Yes,,1,3,5,R03 D05,Los Angeles-Long Beach-Anaheim,"Los Angeles, CA",Top 10 DMA,8390 ON THE MALL #237,BUENA PARK,CA,90620,33.8,-118.0," 22,004 ",Light Urban,"635,080","9,431","9,422","18,082,820","$92,389",GT80K,24%,14%,13%,48%,95%,80 - 100,"$97,162",16%,LT 20%,3%,LT 5%,50%,GT 40%,27%,GT 8%,-0.04%,47.33%,, LT8MM ,LT8MM,LT8MM,H,,,,,,, ,,,,,"$2,920,241","$371,045","$6,809,581","$6,409,824","$6,409,824",,,,,,, ,,,,-19.0%,-5.9%,"$375,484 ","14,562"
1492,"EL PASO, TX (LS PLMS MRKT PLC)",Open,2023,10/27/2023,2023 Open - OCT '23,2023,10/25/2023,Comp,Yes,,4,28,4,R28 D04,El Paso,"El Paso, TX (Las Cruces, NM)",,1327 GEORGE DIETER DR.,EL PASO,TX,79936,31.7,-106.3," 23,909 ",Suburban,"411,043","1,626","3,675","1,105,750","$65,714",60K-70K,42%,21%,13%,24%,96%,80 - 100,"$61,021",6%,LT 20%,2%,LT 5%,89%,GT 40%,1%,LT 2%,0.30%,48.20%,, LT8MM ,10 - 12 MM,10 - 12 MM,D,,,,,,, ,,,,,"$4,371,133","$577,382","$10,961,851","$11,776,736","$11,776,736",,,,,,, ,,,,0.2%,7.4%,"$528,066 ","21,869"
1493,"HARRISONBURG, VA (HRBG XING)",Open,2023,10/27/2023,2023 Open - OCT '23,2023,10/21/2023,Comp,,,5,11,1,R11 D01,Harrisonburg,"Harrisonburg, VA",,283 BURGESS ROAD,HARRISONBURG,VA,22801,38.4,-78.9," 15,132 ",Light Suburban,"357,798",111,"1,982","274,861","$69,936",60K-70K,37%,18%,14%,31%,87%,80 - 100,"$69,353",79%,GT 60%,5%,5-10%,10%,LT 10%,2%,LT 2%,0.37%,49.20%,, LT8MM ,LT8MM,LT8MM,H,,,,,,, ,,,,,"$1,998,275","$210,340","$4,261,838","$4,723,833","$4,723,833",,,,,,, ,,,,-25.7%,10.8%,"$283,217 ","8,663"
1494,"SHREVEPORT, LA (UNVRSTY PLC )",Open,2023,10/27/2023,2023 Open - OCT '23,2023,10/26/2023,Comp,,,4,16,6,R16 D06,Shreveport-Bossier City,"Shreveport, LA",,7070 YOUREE DRIVE,SHREVEPORT,LA,71105,32.4,-93.7," 22,597 ",Light Suburban,"235,250",273,"2,069","955,034","$62,408",60K-70K,47%,18%,12%,24%,112%,100 - 120,"$54,877",48%,40-60%,40%,GT 30%,5%,LT 10%,2%,LT 2%,-0.35%,47.72%,, LT8MM ,LT8MM,LT8MM,H,,,,,,, ,,,,,"$2,434,488","$323,003","$5,835,421","$6,178,424","$6,178,424",,,,,,, ,,,,6.2%,5.9%,"$319,512 ","12,840"
1495,"JOPLIN, MO (N PARK CROSSING)",Open,2023,10/27/2023,2023 Open - OCT '23,2023,10/25/2023,Comp,,,4,16,5,R16 D05,Joplin,"Joplin, MO-Pittsburg, KS",,409 GENEVA AVE,JOPLIN,MO,64801,37.1,-94.5," 16,610 ",Light Suburban,"198,115",168,"1,563","403,933","$60,271",60K-70K,43%,19%,15%,23%,84%,80 - 100,"$56,885",76%,GT 60%,2%,LT 5%,10%,10-20%,1%,LT 2%,0.03%,52.24%,, LT8MM ,LT8MM,LT8MM,H,,,,,,, ,,,,,"$2,202,113","$222,228","$4,328,800","$4,321,577","$4,321,577",,,,,,, ,,,,-16.4%,-0.2%,"$277,197 ","10,393"
1496,"NEW HYDE PRK, NY (LKE SUCCESS)",Open,2023,12/15/2023,2023 Open - DEC '23,2023,12/11/2023,Comp,Yes,,3,14,6,R14 D06,New York-Newark-Jersey City,"New York, NY",Top 10 DMA,1490 UNION TURNPIKE,NEW HYDE PARK,NY,11040,40.8,-73.7," 21,398 ",Light Urban,"596,622","11,583","7,825","22,165,424","$116,890",GT80K,18%,11%,10%,62%,135%,GT 120,"$101,231",24%,20-40%,30%,GT 30%,14%,10-20%,25%,GT 8%,0.08%,49.12%,, LT8MM ,LT8MM,LT8MM,G,,,,,,, ,,,,,"$1,370,810",,"$6,856,891","$6,577,230","$6,971,370",,,,,,, ,,,,,3.9%,"$337,318 ","11,971"
1497,"MANHATTAN, KS (MANHATTAN MP)",Open,2023,10/27/2023,2023 Open - OCT '23,2023,10/25/2023,Comp,Yes,,4,6,4,R06 D04,Manhattan,"Topeka, KS",,425 3RD PLACE,MANHATTAN,KS,66502,39.2,-96.6," 15,358 ",Light Suburban,"139,770",62,"1,510","455,539","$65,177",60K-70K,40%,20%,11%,29%,80%,80 - 100,"$65,655",71%,GT 60%,8%,5-10%,11%,10-20%,3%,2-4%,-0.07%,52.04%,, LT8MM ,LT8MM,LT8MM,H,,,,,,, ,,,,,"$1,517,187","$181,774","$3,366,224","$3,472,167","$3,472,167",,,,,,, ,,,,-15.6%,3.1%,"$279,716 ","7,696"
1498,"OPELIKA, AL (TIGER TOWN)",Open,2023,10/27/2023,2023 Open - OCT '23,2023,10/26/2023,Comp,,,5,19,5,R19 D05,Auburn-Opelika,"Columbus, GA (Opelika, AL)",,2746 ENTERPRISE DRIVE,OPELIKA,AL,36801,32.6,-85.4," 17,581 ",Exurban,"304,523",117,"1,137","622,442","$60,001",60K-70K,42%,17%,12%,29%,112%,100 - 120,"$56,328",57%,40-60%,30%,GT 30%,5%,LT 10%,3%,2-4%,0.41%,46.30%,, LT8MM ,LT8MM,LT8MM,H,,,,,,, ,,,,,"$2,012,577","$235,329","$4,911,067","$4,994,892","$4,994,892",,,,,,, ,,,,-13.0%,1.7%,"$336,097 ","10,388"
1499,"CANTON, GA (CANTN MRKETPLCE)",Open,2023,10/13/2023,2023 Open - OCT '23,2023,10/13/2023,Comp,Yes,,5,19,1,R19 D01,Atlanta-Sandy Springs-Roswell,"Atlanta, GA",Top 10 DMA,1810 CUMMING HWY,CANTON,GA,30115,34.2,-84.5," 17,665 ",Exurban,"556,548",452,933,"7,692,390","$101,871",GT80K,17%,13%,13%,57%,92%,80 - 100,"$87,109",66%,GT 60%,11%,10-15%,14%,10-20%,3%,2-4%,0.88%,50.12%,, LT8MM ,LT8MM,LT8MM,H,,,,,,, ,,,,,"$1,970,721","$207,146","$4,368,566","$4,276,759","$4,276,759",,,,,,, ,,,,-12.4%,-2.1%,"$322,501 ","9,688"
1501,"HAMILTON, OH (BRDGWTR FALLS)",Open,2024,5/3/2024,2024 Open - APR '24,2024,5/2/2024,Comp,Yes,,3,8,6,R08 D06,Cincinnati,"Cincinnati, OH",,3451 PRINCETON RD,HAMILTON,OH,45011,39.4,-84.5," 18,827 ",Light Suburban,"396,711",946,"2,141","2,489,549","$83,995",GT80K,27%,17%,14%,41%,122%,GT 120,"$80,057",66%,GT 60%,16%,15-20%,8%,LT 10%,5%,4-6%,0.27%,51.01%,,,LT8MM,LT8MM,F,,,,,,, ,,,,,,,"$5,773,750","$4,827,407","$7,636,779",,,,,,, ,,,,,14.0%,"$346,950 ","13,785"
1502,"RAMSEY, NJ (IS SHOPPING CTR)",Open,2023,10/6/2023,2023 Open - OCT '23,2023,10/4/2023,Comp,Yes,,3,13,6,R13 D06,New York-Newark-Jersey City,"New York, NY",Top 10 DMA,235 INTERSTATE SHOPPING CNTR,RAMSEY,NJ,7446,41.1,-74.1," 17,911 ",Light Suburban,"940,645","1,917","2,155","22,165,424","$116,096",GT80K,19%,9%,10%,62%,141%,GT 120,"$101,231",54%,40-60%,9%,5-10%,26%,20-30%,8%,GT 8%,0.08%,49.12%,, LT8MM ,LT8MM,LT8MM,H,,,,,,, ,,,,,"$2,322,568","$1,112,545","$5,515,723","$5,644,995","$5,644,995",,,,,,, ,,,,2.3%,2.3%,"$327,375 ","10,576"
1503,"FORT MYERS, FL (CYPRESS)",Open,2024,9/13/2024,2024 Open - SEP '24,2024,9/12/2024,Comp,Yes,,5,30,7,R30 D07,Cape Coral-Fort Myers,"Ft. Myers-Naples, FL",,13300 S CLEVELAND AVE STE 13,FORT MYERS,FL,33907,26.5,-81.9," 19,469 ",Light Suburban,"597,115","1,347","2,558","1,553,978","$77,260",70K-80K,30%,20%,14%,36%,84%,80 - 100,"$78,978",61%,GT 60%,8%,5-10%,25%,20-30%,2%,2-4%,1.55%,56.33%,,,LT8MM,LT8MM,H,,,,,,, ,,,,,,,"$1,931,630","$931,776","$3,959,883",,,,,,, ,,,,,0.8%,"$324,398 ","9,398"
1504,"STATEN ISLAND,NY(PRGMT MALL)",Open,2024,3/22/2024,2024 Open - MAR '24,2024,3/20/2024,Comp,Yes,,3,14,3,R14 D03,New York-Newark-Jersey City,"New York, NY",Top 10 DMA,"2795 RICHMOND AVE, SUITE B12",STATEN ISLAND,NY,10314,40.6,-74.2," 27,479 ",Light Urban,"489,677","8,464","7,373","22,165,424","$101,692",GT80K,27%,12%,11%,49%,107%,100 - 120,"$101,231",53%,40-60%,9%,5-10%,20%,10-20%,15%,GT 8%,0.08%,49.12%,,,10 - 12 MM,10 - 12 MM,D,,,,,,, ,,,,,,,"$10,793,343","$7,559,401","$10,720,691",,,,,,, ,,,,,-3.0%,"$524,817 ","18,787"
1505,"KISSIMMEE, FL(POINCIANA LAKE)",Open,2024,5/31/2024,2024 Open - MAY '24,2024,5/29/2024,Comp,,,5,30,6,R30 D06,Orlando-Kissimmee-Sanford,"Orlando-Daytona Beach-Melbourne, FL",,4710 MARIGOLD AVENUE,KISSIMMEE,FL,34758,28.1,-81.5," 18,994 ",Light Suburban,"1,051,424",990,"1,995","4,872,913","$83,004",GT80K,40%,16%,15%,28%,90%,80 - 100,"$78,250",30%,20-40%,11%,10-15%,50%,GT 40%,4%,4-6%,1.47%,51.85%,,,LT8MM,08 - 10 MM,E,,,,,,, ,,,,,,,"$6,062,236","$4,782,821","$9,240,335",,,,,,, ,,,,,9.3%,"$404,900 ","17,160"
1506,"MISSION, TX (MISSION GATEWAY)",Open,2023,10/27/2023,2023 Open - OCT '23,2023,10/25/2023,Comp,Yes,,4,28,1,R28 D01,McAllen-Edinburg-Mission,"Harlingen-Weslaco-Brownsville-McAllen, TX",,"311 S BRYAN ROAD, STE 100A",MISSION,TX,78572,26.2,-98.3," 21,650 ",Light Suburban,"726,390",739,"2,573","1,426,817","$57,291",LT60K,47%,16%,11%,25%,111%,100 - 120,"$55,116",5%,LT 20%,1%,LT 5%,92%,GT 40%,1%,LT 2%,0.55%,51.13%,, LT8MM ,12 - 20 MM,12 - 20 MM,C,,,,,,, ,,,,,"$5,111,521","$954,115","$15,132,723","$15,199,171","$15,199,171",,,,,,, ,,,,24.1%,0.4%,"$468,420 ","28,035"
1507,"LAKEWOOD, CO (BELMAR)",Open,2023,10/27/2023,2023 Open - OCT '23,2023,10/26/2023,Comp,,,1,1,1,R01 D01,Denver-Aurora-Lakewood,"Denver, CO",,7350 W ALAMEDA AVE,LAKEWOOD,CO,80226,39.7,-105.1," 14,998 ",Light Urban,"341,639","4,495","5,620","4,891,657","$86,191",GT80K,26%,14%,13%,46%,77%,LT 80,"$102,369",51%,40-60%,3%,LT 5%,37%,30-40%,4%,4-6%,0.81%,52.15%,, LT8MM ,LT8MM,08 - 10 MM,F,,,,,,, ,,,,,"$2,719,922","$309,730","$7,518,061","$8,221,481","$8,221,481",,,,,,, ,,,,-16.9%,9.4%,"$360,552 ","14,240"
1508,"PASCAGOULA, MS",Open,2024,5/31/2024,2024 Open - MAY '24,2024,5/30/2024,Comp,,,4,17,2,R17 D02,Gulfport-Biloxi-Pascagoula,"Biloxi-Gulfport, MS",,3825 DENNY DRIVE,PASCAGOULA,MS,39581,30.4,-88.5," 14,406 ",Exurban,"154,182",142,"1,265","379,894","$69,146",60K-70K,37%,17%,14%,32%,80%,80 - 100,"$63,117",66%,GT 60%,20%,15-20%,7%,LT 10%,2%,LT 2%,0.31%,49.95%,,,LT8MM,LT8MM,H,,,,,,, ,,,,,,,"$2,631,696","$1,978,793","$3,760,216",,,,,,, ,,,,,9.4%,"$266,261 ","7,094"
1509,"LAWRENCE, KS (PINE RDGE PZA)",Open,2023,11/10/2023,2023 Open - NOV '23,2023,11/8/2023,Comp,Yes,,4,6,4,R06 D04,Lawrence,"Kansas City, MO",,3106 IOWA ST,LAWRENCE,KS,66046,38.9,-95.3," 19,041 ",Light Suburban,"172,510",104,"1,931","2,667,726","$73,765",70K-80K,35%,15%,13%,36%,68%,LT 80,"$80,698",79%,GT 60%,3%,LT 5%,7%,LT 10%,3%,2-4%,0.36%,51.96%,, LT8MM ,LT8MM,LT8MM,H,,,,,,, ,,,,,"$1,554,393","$185,609","$3,822,434","$3,524,985","$3,524,985",,,,,,, ,,,,-28.0%,-7.8%,"$290,607 ","8,077"
1510,"BALTIMORE, MD (LOCKWOOD PLACE)",Open,2024,5/3/2024,2024 Open - APR '24,2024,5/3/2024,Comp,Yes,,5,11,2,R11 D02,Baltimore-Columbia-Towson,"Baltimore, MD",,600 E PRATT STREET,BALTIMORE,MD,21202,39.3,-76.6," 23,119 ",Light Urban,"673,798","4,911","9,720","3,060,911","$64,347",60K-70K,44%,14%,11%,31%,63%,LT 80,"$99,245",22%,20-40%,61%,GT 30%,9%,LT 10%,3%,2-4%,0.19%,48.69%,,,LT8MM,LT8MM,H,,,,,,, ,,,,,,,"$4,258,752","$2,952,348","$4,940,160",,,,,,, ,,,,,-4.1%,"$385,395 ","8,856"
1511,"SELDEN, NY",Open,2024,4/19/2024,2024 Open - APR '24,2024,4/16/2024,Comp,Yes,,3,14,1,R14 D01,New York-Newark-Jersey City,"New York, NY",Top 10 DMA,71 MIDDLE COUNTRY ROAD,SELDEN,NY,11784,40.9,-73.0," 14,797 ",Suburban,"217,551","2,369","3,531","22,165,424","$115,941",GT80K,17%,11%,11%,61%,120%,GT 120,"$101,231",61%,GT 60%,8%,5-10%,21%,20-30%,6%,4-6%,0.08%,49.12%,,,LT8MM,LT8MM,H,,,,,,, ,,,,,,,"$5,330,343","$3,427,545","$5,711,595",,,,,,, ,,,,,-3.2%,"$368,743 ","11,013"
1512,"RIVERBANK, CA (CROSSROADS)",Open,2023,10/27/2023,2023 Open - OCT '23,2023,10/25/2023,Comp,,,1,21,4,R21 D04,Modesto,"Sacramento-Stockton-Modesto, CA",,2339 CLARIBEL ROAD,RIVERBANK,CA,95367,37.7,-121.0," 22,534 ",Light Suburban,"138,920",366,"2,552","4,601,910","$94,183",GT80K,29%,15%,12%,43%,98%,80 - 100,"$95,209",43%,40-60%,2%,LT 5%,41%,GT 40%,7%,6-8%,0.42%,50.62%,, LT8MM ,08 - 10 MM,08 - 10 MM,E,,,,,,, ,,,,,"$3,577,360","$490,458","$8,827,974","$9,108,885","$9,108,885",,,,,,, ,,,,-10.1%,3.2%,"$487,992 ","20,014"
1513,"GARDEN CITY, KS (GRDN CTY PLZ)",Open,2024,5/24/2024,2024 Open - MAY '24,2024,5/23/2024,Comp,,,4,6,4,R06 D04,Garden City,"Wichita-Hutchinson, KS Plus",,2310 E. KANSAS AVE,GARDEN CITY,KS,67846,38.0,-100.8," 15,740 ",Exurban,"107,278",19,"1,071","1,222,255","$67,882",60K-70K,34%,19%,12%,35%,112%,100 - 120,"$66,170",36%,20-40%,3%,LT 5%,56%,GT 40%,2%,2-4%,-0.08%,52.77%,,,LT8MM,LT8MM,H,,,,,,, ,,,,,,,"$3,748,284","$2,541,673","$4,651,952",,,,,,, ,,,,,4.2%,"$321,091 ","8,735"
1514,"AGUADILLA, PR (AGUDILA MALL)",Open,2023,11/10/2023,2023 Open - NOV '23,2023,11/9/2023,Comp,Yes,,5,31,6,R31 D06,,Puerto Rico,Top 10 DMA,"PR-2, KM. 126.5",AGUADILLA,PR,603,18.4,-67.1," 21,058 ",Rural,"1,079,612",619,464,"3,245,457","$20,794",LT60K,82%,9%,4%,5%,75%,LT 80,"$25,105",1%,LT 20%,0%,LT 5%,99%,GT 40%,0%,LT 2%,0.00%,0.00%,, LT8MM ,12 - 20 MM,20M+,A,,,,,,, ,,,,,"$5,321,302",,"$18,918,621","$22,292,465","$22,292,465",,,,,,, ,,,,,17.8%,"$651,086 ","42,624"
1515,"DULUTH, GA (GWINNETT MARKET)",Open,2023,12/1/2023,2023 Open - DEC '23,2023,11/30/2023,Comp,Yes,,5,19,1,R19 D01,Atlanta-Sandy Springs-Roswell,"Atlanta, GA",Top 10 DMA,3675 SATELLITE BLVD,DULUTH,GA,30096,34.0,-84.1," 23,204 ",Suburban,"1,456,674","2,283","3,538","7,692,390","$82,845",GT80K,30%,18%,13%,40%,74%,LT 80,"$87,109",23%,20-40%,40%,GT 30%,20%,20-30%,12%,GT 8%,0.88%,50.12%,, LT8MM ,10 - 12 MM,12 - 20 MM,D,,,,,,, ,,,,,"$2,102,524",,"$11,683,091","$12,599,002","$12,599,002",,,,,,, ,,,,,7.8%,"$678,642 ","22,233"
1516,"COLUMBUS, OH (EASTON MARKET)",Open,2023,11/4/2023,2023 Open - NOV '23,2023,11/3/2023,Comp,Yes,,3,8,1,R08 D01,Columbus,"Columbus, OH",,3750 EASTON MARKET,COLUMBUS,OH,43219,40.1,-82.9," 29,059 ",Suburban,"536,333","2,943","4,478","2,701,932","$67,683",60K-70K,31%,17%,12%,40%,84%,80 - 100,"$76,907",40%,40-60%,40%,GT 30%,8%,LT 10%,6%,4-6%,0.51%,49.28%,, LT8MM ,08 - 10 MM,10 - 12 MM,D,,,,,,, ,,,,,"$2,411,770","$527,629","$9,087,729","$10,585,637","$10,585,637",,,,,,, ,,,,16.7%,16.5%,"$482,765 ","17,895"
1517,"GRAND JUNCTION, CO (MESA)",Open,2023,11/11/2023,2023 Open - NOV '23,2023,11/10/2023,Comp,,,1,1,5,R01 D05,Grand Junction,"Grand Junction-Montrose, CO",,2464 US 6 & 50,GRAND JUNCTION,CO,81505,39.1,-108.6," 19,116 ",Light Suburban,"162,717",40,"1,617","207,012","$67,978",60K-70K,32%,19%,17%,33%,91%,80 - 100,"$69,477",74%,GT 60%,1%,LT 5%,18%,10-20%,1%,LT 2%,0.56%,53.54%,, LT8MM ,LT8MM,LT8MM,H,,,,,,, ,,,,,"$2,066,272",,"$5,479,326","$5,237,604","$5,237,604",,,,,,, ,,,,,-4.4%,"$301,272 ","11,366"
1518,"HERMITAGE, TN (OAKWOOD)",Open,2023,12/8/2023,2023 Open - DEC '23,2023,12/8/2023,Comp,,,5,18,1,R18 D01,Nashville-Davidson--Murfreesboro--Franklin,"Nashville, TN",,4646 LEBANON PIKE,HERMITAGE,TN,37076,36.2,-86.6," 17,301 ",Light Suburban,"1,096,782",858,"1,815","3,298,024","$83,936",GT80K,28%,20%,15%,37%,124%,GT 120,"$79,662",56%,40-60%,21%,20-30%,14%,10-20%,4%,2-4%,1.33%,52.68%,, LT8MM ,LT8MM,LT8MM,H,,,,,,, ,,,,,"$1,302,958",,"$5,591,743","$4,903,471","$5,253,878",,,,,,, ,,,,,-5.7%,"$344,154 ","10,743"
1519,"WEST BABYLON, NY (GRT S BAY)",Open,2023,12/8/2023,2023 Open - DEC '23,2023,12/8/2023,Comp,Yes,,3,14,1,R14 D01,New York-Newark-Jersey City,"New York, NY",Top 10 DMA,825 W MONTAUK HIGHWAY,WEST BABYLON,NY,11704,40.7,-73.3," 22,435 ",Light Urban,"395,910","3,836","6,227","22,165,424","$121,050",GT80K,19%,10%,12%,59%,125%,GT 120,"$101,231",39%,20-40%,15%,10-15%,39%,30-40%,4%,2-4%,0.08%,49.12%,, LT8MM ,08 - 10 MM,08 - 10 MM,F,,,,,,, ,,,,,"$2,004,165",,"$8,003,888","$7,775,734","$8,232,012",,,,,,, ,,,,,3.7%,"$430,531 ","14,757"
1520,"WEATHERFORD, TX (WTHEFRD RDGE)",Open,2023,11/4/2023,2023 Open - NOV '23,2023,11/3/2023,Comp,Yes,,4,16,3,R16 D03,Dallas-Fort Worth-Arlington,"Dallas-Ft. Worth, TX",Top 10 DMA,225 ADAMS DR.,WEATHERFORD,TX,76086,32.7,-97.8," 14,673 ",Exurban,"532,196",132,"1,047","9,039,276","$95,383",GT80K,23%,13%,17%,47%,82%,80 - 100,"$89,635",66%,GT 60%,6%,5-10%,20%,10-20%,3%,2-4%,1.36%,52.96%,, LT8MM ,LT8MM,LT8MM,H,,,,,,, ,,,,,"$1,674,234","$185,693","$3,646,865","$3,798,675","$3,798,675",,,,,,, ,,,,-15.3%,4.2%,"$261,064 ","8,103"
1521,"PORT CHESTER, NY (WATERFRONT)",Open,2023,11/10/2023,2023 Open - NOV '23,2023,11/9/2023,Comp,Yes,,3,14,2,R14 D02,New York-Newark-Jersey City,"New York, NY",Top 10 DMA,441 BOSTON POST ROAD,PORT CHESTER,NY,10573,41.0,-73.7," 19,179 ",Suburban,"679,433","6,776","4,202","22,165,424","$98,853",GT80K,20%,9%,9%,62%,138%,GT 120,"$101,231",34%,20-40%,22%,20-30%,33%,30-40%,7%,6-8%,0.08%,49.12%,, LT8MM ,08 - 10 MM,08 - 10 MM,E,,,,,,, ,,,,,"$2,757,486",,"$8,689,920","$9,593,701","$9,593,701",,,,,,, ,,,,,10.4%,"$434,581 ","16,586"
1522,"BRIDGEWATER, NJ (BRDEWTR PRMND",Open,2024,11/1/2024,2024 Open - OCT '24,2024,10/28/2024,Comp,Yes,,3,13,1,R13 D01,New York-Newark-Jersey City,"New York, NY",Top 10 DMA,155 PROMENADE BOULEVARD,BRIDGEWATER,NJ,8807,40.6,-74.6," 17,367 ",Light Suburban,"541,380","1,688","2,464","22,165,424","$130,398",GT80K,18%,11%,12%,58%,116%,100 - 120,"$101,231",38%,20-40%,14%,10-15%,24%,20-30%,21%,GT 8%,0.08%,49.12%,,,LT8MM,LT8MM,G,,,,,,, ,,,,,,,"$2,611,297","$352,086","$6,854,993",,,,,,, ,,,,,-2.5%,"$381,538 ","14,943"
1523,"LARGO, FL (LARGO PLAZA)",Open,2024,7/12/2024,2024 Open - JUL '24,2024,7/9/2024,Comp,Yes,,5,30,1,R30 D01,Tampa-St. Petersburg-Clearwater,"Tampa-St. Petersburg (Sarasota), FL",,"10500 ULMERTON RD, SUITE 310",LARGO,FL,33771,27.9,-82.8," 17,117 ",Suburban,"528,312","3,816","4,202","5,413,557","$69,690",60K-70K,38%,14%,11%,37%,91%,80 - 100,"$76,582",63%,GT 60%,13%,10-15%,14%,10-20%,5%,4-6%,1.37%,51.59%,,,LT8MM,LT8MM,H,,,,,,, ,,,,,,,"$3,623,377","$1,783,101","$4,801,284",,,,,,, ,,,,,-13.3%,"$349,149 ","11,892"
1524,"ALEXANDRIA, VA (MT VERNON PLZ)",Open,2024,6/28/2024,2024 Open - JUN '24,2024,6/27/2024,Comp,Yes,,5,11,4,R11 D04,Washington-Arlington-Alexandria,"Washington, DC (Hagerstown, MD)",Top 10 DMA,7690 RICHMOND HWY,ALEXANDRIA,VA,22306,38.8,-77.1," 18,354 ",Suburban,"956,789","3,092","4,498","7,403,493","$107,956",GT80K,16%,11%,12%,62%,105%,100 - 120,"$120,994",24%,20-40%,40%,GT 30%,22%,20-30%,9%,GT 8%,0.54%,51.13%,,,LT8MM,LT8MM,H,,,,,,, ,,,,,,,"$4,450,532","$2,828,524","$6,218,102",,,,,,, ,,,,,-0.1%,"$356,005 ","11,548"
1525,"DALLAS, TX (WYNNEWOOD)",Open,2024,10/18/2024,2024 Open - OCT '24,2024,10/14/2024,Comp,Yes,,4,16,4,R16 D04,Dallas-Fort Worth-Arlington,"Dallas-Ft. Worth, TX",Top 10 DMA,655 W ILLINOIS AVE SUITE 626,DALLAS,TX,75224,32.7,-96.8," 19,276 ",Light Urban,"715,640","1,974","5,561","9,039,276","$66,487",60K-70K,50%,17%,10%,23%,67%,LT 80,"$89,635",11%,LT 20%,38%,GT 30%,47%,GT 40%,1%,LT 2%,1.36%,52.96%,,,LT8MM,08 - 10 MM,E,,,,,,, ,,,,,,,"$3,750,797","$465,258","$9,338,875",,,,,,, ,,,,,-5.6%,"$480,794 ","18,603"
1526,"WASHINGTON, DC (DC USA)",Open,2023,12/15/2023,2023 Open - DEC '23,2023,12/14/2023,Comp,Yes,,5,11,4,R11 D04,Washington-Arlington-Alexandria,"Washington, DC (Hagerstown, MD)",Top 10 DMA,"3100 14TH STREET, NW",WASHINGTON,DC,20010,38.9,-77.0," 25,520 ",Urban,"654,477","10,558","14,902","7,403,493","$100,573",GT80K,21%,12%,11%,57%,110%,100 - 120,"$120,994",28%,20-40%,49%,GT 30%,14%,10-20%,4%,4-6%,0.54%,51.13%,, LT8MM ,10 - 12 MM,10 - 12 MM,D,,,,,,, ,,,,,"$1,883,971",,"$11,145,880","$10,832,785","$11,539,920",,,,,,, ,,,,,4.4%,"$589,379 ","19,406"
1527,"TUSCALOOSA, AL (LEGACY PRK)",Open,2023,11/17/2023,2023 Open - NOV '23,2023,11/16/2023,Comp,,,5,19,5,R19 D05,Tuscaloosa,"Birmingham (Anniston and Tuscaloosa), AL",,1320 MCFARLAND BLVD,TUSCALOOSA,AL,35401,33.2,-87.5," 17,538 ",Suburban,"283,497",79,"3,002","1,984,881","$59,717",LT60K,40%,18%,12%,31%,58%,LT 80,"$66,607",55%,40-60%,35%,GT 30%,5%,LT 10%,1%,LT 2%,0.18%,50.12%,, LT8MM ,LT8MM,LT8MM,H,,,,,,, ,,,,,"$1,716,389",,"$5,255,735","$5,495,160","$5,495,160",,,,,,, ,,,,,4.6%,"$325,169 ","10,666"
1528,"WARNER ROBINS, GA (CROSSROADS)",Open,2023,11/17/2023,2023 Open - NOV '23,2023,11/16/2023,Comp,,,5,19,3,R19 D03,Warner Robins,"Macon, GA",,3060 WATSON BLVD,WARNER ROBINS,GA,31093,32.6,-83.7," 15,131 ",Light Suburban,"472,399",147,"1,603","691,356","$64,831",60K-70K,35%,16%,14%,35%,118%,100 - 120,"$61,669",47%,40-60%,41%,GT 30%,6%,LT 10%,2%,2-4%,0.26%,45.94%,, LT8MM ,LT8MM,LT8MM,H,,,,,,, ,,,,,"$1,798,908",,"$5,534,970","$5,925,499","$5,925,499",,,,,,, ,,,,,7.1%,"$341,363 ","11,341"
1529,"BRAINTREE, MA (MARKETPLACE)",Open,2023,11/17/2023,2023 Open - NOV '23,2023,11/17/2023,Comp,Yes,,3,10,4,R10 D04,Boston-Cambridge-Newton,"Boston, MA (Manchester, NH)",Top 10 DMA,400 GROSSMAN DRIVE,BRAINTREE,MA,2184,42.2,-71.0," 26,550 ",Suburban,"469,915","4,231","3,903","6,834,716","$93,014",GT80K,23%,13%,11%,54%,94%,80 - 100,"$112,082",38%,20-40%,28%,20-30%,14%,10-20%,10%,GT 8%,0.28%,49.68%,, LT8MM ,LT8MM,LT8MM,H,,,,,,, ,,,,,"$1,768,759",,"$5,889,380","$5,641,555","$5,641,555",,,,,,, ,,,,,-4.2%,"$317,161 ","11,641"
1530,"PLYMOUTH, MA (COLONY PLACE)",Open,2023,11/17/2023,2023 Open - NOV '23,2023,11/15/2023,Comp,Yes,,3,10,2,R10 D02,Boston-Cambridge-Newton,"Boston, MA (Manchester, NH)",Top 10 DMA,200 COLONY PLACE,PLYMOUTH,MA,2360,42.0,-70.7," 18,687 ",Exurban,"355,812",747,"1,215","6,834,716","$106,326",GT80K,23%,12%,12%,54%,92%,80 - 100,"$112,082",75%,GT 60%,9%,5-10%,5%,LT 10%,2%,LT 2%,0.28%,49.68%,, LT8MM ,LT8MM,LT8MM,H,,,,,,, ,,,,,"$1,383,925",,"$3,933,613","$3,894,315","$3,894,315",,,,,,, ,,,,,-1.0%,"$256,865 ","7,870"
1531,"HOLLY SPRINGS, NC (TOWN CNTER)",Open,2023,11/17/2023,2023 Open - NOV '23,2023,11/15/2023,Comp,,,5,18,2,R18 D02,Raleigh,"Raleigh-Durham (Fayetteville), NC",,208 GRAND HILL PLACE,HOLLY SPRINGS,NC,27540,35.7,-78.8," 17,867 ",Light Suburban,"1,629,308",581,"1,771","3,519,023","$99,381",GT80K,16%,14%,10%,60%,168%,GT 120,"$82,758",52%,40-60%,20%,20-30%,14%,10-20%,8%,GT 8%,1.03%,51.85%,, LT8MM ,LT8MM,LT8MM,H,,,,,,, ,,,,,"$1,415,597",,"$4,742,973","$4,761,283","$4,761,283",,,,,,, ,,,,,0.4%,"$311,456 ","9,619"
1532,"KNOXVILLE, TN (DEANE HILL)",Open,2023,12/8/2023,2023 Open - DEC '23,2023,12/7/2023,Comp,,,5,18,6,R18 D06,Knoxville,"Knoxville, TN",,202 MORRELL RD,KNOXVILLE,TN,37919,35.9,-84.0," 18,367 ",Light Suburban,"599,631",513,"2,351","1,479,672","$73,531",70K-80K,38%,16%,13%,32%,114%,100 - 120,"$65,830",80%,GT 60%,7%,5-10%,6%,LT 10%,2%,LT 2%,0.66%,53.85%,, LT8MM ,LT8MM,LT8MM,H,,,,,,, ,,,,,"$1,030,604",,"$4,897,026","$5,032,794","$5,372,966",,,,,,, ,,,,,10.1%,"$315,038 ","10,433"
1533,"COLLEGE STATION, TX (TX AVE)",Open,2023,11/17/2023,2023 Open - NOV '23,2023,11/16/2023,Comp,,,4,17,1,R17 D01,College Station-Bryan,"Waco-Temple-Bryan, TX",,1430 TEXAS AVE SOUTH,COLLEGE STATION,TX,77840,30.6,-96.3," 18,415 ",Suburban,"463,001",76,"3,712","1,182,789","$63,355",60K-70K,42%,14%,12%,33%,59%,LT 80,"$67,084",54%,40-60%,13%,10-15%,26%,20-30%,4%,2-4%,0.84%,49.00%,, LT8MM ,LT8MM,LT8MM,H,,,,,,, ,,,,,"$1,683,545",,"$4,751,248","$5,098,899","$5,098,899",,,,,,, ,,,,,7.3%,"$293,218 ","9,865"
1534,"MIDLAND, TX (MIDLAND PLAZA)",Open,2023,11/17/2023,2023 Open - NOV '23,2023,11/16/2023,Comp,,,4,28,4,R28 D04,Midland,"Odessa-Midland, TX",,3001 WEST LOOP 250 N,MIDLAND,TX,79705,32.0,-102.1," 19,255 ",Light Suburban,"506,990",19,"2,510","489,185","$77,996",70K-80K,27%,14%,14%,45%,132%,GT 120,"$77,191",36%,20-40%,4%,LT 5%,56%,GT 40%,2%,LT 2%,0.43%,54.24%,, LT8MM ,08 - 10 MM,10 - 12 MM,D,,,,,,, ,,,,,"$2,470,720",,"$9,239,868","$10,546,860","$10,546,860",,,,,,, ,,,,,14.1%,"$466,707 ","19,353"
1535,"RAPID CITY, SD (RPD CTY RSHMR)",Open,2023,11/17/2023,2023 Open - NOV '23,2023,11/16/2023,Comp,,,1,1,5,R01 D05,Rapid City,"Rapid City, SD",,1365 EGLIN STREET,RAPID CITY,SD,57701,44.1,-103.2," 18,072 ",Exurban,"209,656",15,"1,280","281,874","$73,713",70K-80K,34%,20%,15%,31%,83%,80 - 100,"$73,351",69%,GT 60%,1%,LT 5%,5%,LT 10%,1%,LT 2%,0.85%,51.96%,, LT8MM ,LT8MM,LT8MM,H,,,,,,, ,,,,,"$1,532,997",,"$5,116,949","$5,242,567","$5,242,567",,,,,,, ,,,,,2.5%,"$290,359 ","10,082"
1536,"ABERDEEN, NC (ABERDEEN CMNS)",Open,2024,2/16/2024,2024 Open - FEB '24,2024,2/14/2024,Comp,,,5,18,4,R18 D04,Pinehurst-Southern Pines,"Raleigh-Durham (Fayetteville), NC",,11088 US-15 #501,ABERDEEN,NC,28315,35.2,-79.4," 17,062 ",Exurban,"308,698",140,901,"3,519,023","$64,543",60K-70K,33%,17%,14%,36%,95%,80 - 100,"$82,758",56%,40-60%,21%,20-30%,11%,10-20%,1%,LT 2%,1.03%,51.85%,,,LT8MM,LT8MM,H,,,,,,, ,,,,,,,"$5,117,004","$3,142,388","$4,103,389",,,,,,, ,,,,,-11.9%,"$313,662 ","8,897"
1537,"MOREHEAD CITY, NC",Open,2024,2/16/2024,2024 Open - FEB '24,2024,2/16/2024,Comp,,,5,18,2,R18 D02,Morehead City,"Greenville-New Bern-Washington, NC",,5160 HWY 70,MOREHEAD CITY,NC,28557,34.7,-76.8," 15,562 ",Exurban,"268,731",142,576,"799,706","$69,749",60K-70K,34%,17%,14%,35%,128%,GT 120,"$62,567",68%,GT 60%,14%,10-15%,9%,LT 10%,2%,2-4%,0.24%,51.30%,,,LT8MM,LT8MM,H,,,,,,, ,,,,,,,"$3,809,281","$2,585,453","$3,308,590",,,,,,, ,,,,,-3.7%,"$263,109 ","6,862"
1538,"HAMILTON, NJ (HAMILTON MRKTPL)",Open,2024,4/26/2024,2024 Open - APR '24,2024,4/24/2024,Comp,Yes,,3,13,1,R13 D01,Trenton,"Philadelphia, PA",Top 10 DMA,160 MARKETPLACE BOULEVARD,HAMILTON,NJ,8691,40.2,-74.6," 20,738 ",Light Suburban,"596,945","1,044","1,630","8,441,533","$104,172",GT80K,24%,13%,12%,52%,126%,GT 120,"$88,536",45%,40-60%,18%,15-20%,19%,10-20%,14%,GT 8%,0.23%,48.33%,,,LT8MM,08 - 10 MM,F,,,,,,, ,,,,,,,"$6,958,058","$5,240,137","$8,377,097",,,,,,, ,,,,,5.7%,"$407,127 ","15,621"
1539,"PANAMA CITY BEACH, FL",Open,2024,3/15/2024,2024 Open - MAR '24,2024,3/9/2024,Comp,,,5,19,5,R19 D05,Panama City,"Panama City, FL",,15600 PANAMA CITY BEACH PKWY,PANAMA CITY BEACH,FL,32413,30.2,-85.9," 18,149 ",Exurban,"1,009,238",91,844,"426,085","$66,340",60K-70K,33%,13%,13%,41%,126%,GT 120,"$70,051",63%,GT 60%,22%,20-30%,8%,LT 10%,2%,2-4%,1.04%,53.44%,,,LT8MM,LT8MM,H,,,,,,, ,,,,,,,"$4,297,118","$3,112,135","$4,337,497",,,,,,, ,,,,,-0.2%,"$312,702 ","8,206"
1540,"ATLANTA, GA (EDGEWOOD)",Open,2024,3/22/2024,2024 Open - MAR '24,2024,3/22/2024,Comp,Yes,,5,19,2,R19 D02,Atlanta-Sandy Springs-Roswell,"Atlanta, GA",Top 10 DMA,1235 CAROLINE ST NE,ATLANTA,GA,30307,33.8,-84.3," 15,990 ",Light Urban,"1,716,402","1,472","6,881","7,692,390","$73,358",70K-80K,30%,13%,10%,47%,135%,GT 120,"$87,109",16%,LT 20%,68%,GT 30%,9%,LT 10%,3%,2-4%,0.88%,50.12%,,,LT8MM,LT8MM,H,,,,,,, ,,,,,,,"$5,654,598","$4,528,033","$6,462,279",,,,,,, ,,,,,6.3%,"$368,334 ","12,104"
1541,"NASHUA, NH (SOUTHGATE PLAZA)",Open,2024,4/26/2024,2024 Open - APR '24,2024,4/26/2024,Comp,Yes,,3,10,3,R10 D03,Manchester-Nashua,"Boston, MA (Manchester, NH)",Top 10 DMA,261 DANIEL WEBSTER HIGHWAY,NASHUA,NH,3060,42.7,-71.4," 25,608 ",Exurban,"400,787","1,405","1,275","6,834,716","$110,074",GT80K,22%,13%,11%,53%,109%,100 - 120,"$112,082",64%,GT 60%,4%,LT 5%,13%,10-20%,13%,GT 8%,0.28%,49.68%,,,LT8MM,LT8MM,G,,,,,,, ,,,,,,,"$6,252,797","$4,132,294","$6,865,858",,,,,,, ,,,,,-9.4%,"$374,061 ","13,670"
1542,"RIVERHEAD, NY",Open,2024,8/30/2024,2024 Open - AUG '24,2024,8/28/2024,Comp,Yes,,3,14,1,R14 D01,New York-Newark-Jersey City,"New York, NY",Top 10 DMA,1440 OLD COUNTRY RD STE 300,RIVERHEAD,NY,11901,40.9,-72.7," 20,076 ",Exurban,"244,438",594,849,"22,165,424","$116,343",GT80K,22%,12%,11%,56%,71%,LT 80,"$101,231",63%,GT 60%,6%,5-10%,25%,20-30%,2%,LT 2%,0.08%,49.12%,,,LT8MM,08 - 10 MM,E,,,,,,, ,,,,,,,"$4,754,223","$2,659,850","$8,613,715",,,,,,, ,,,,,0.4%,"$438,441 ","16,663"
1543,"EDMOND, OK (BRYANT SQUARE)",Open,2024,3/22/2024,2024 Open - MAR '24,2024,3/21/2024,Comp,,,4,16,2,R16 D02,Oklahoma City,"Oklahoma City, OK",,412 SOUTH BRYANT AVE,EDMOND,OK,73034,35.6,-97.5," 14,991 ",Light Suburban,"470,322",281,"2,462","2,048,734","$84,710",GT80K,31%,13%,12%,45%,127%,GT 120,"$70,481",61%,GT 60%,14%,10-15%,9%,LT 10%,4%,2-4%,0.54%,49.53%,,,LT8MM,LT8MM,H,,,,,,, ,,,,,,,"$3,686,392","$2,514,414","$3,551,291",,,,,,, ,,,,,-3.5%,"$276,189 ","7,624"
1544,"CLIFTON, NJ(RIVER FRONT CTR)",Open,2024,4/26/2024,2024 Open - APR '24,2024,4/26/2024,Comp,Yes,,3,13,5,R13 D05,New York-Newark-Jersey City,"New York, NY",Top 10 DMA,404 STATE ROUTE 3 WEST,CLIFTON,NJ,7014,40.8,-74.1," 17,818 ",Light Urban,"846,702","8,861","9,359","22,165,424","$82,148",GT80K,31%,15%,12%,42%,99%,80 - 100,"$101,231",29%,20-40%,10%,10-15%,49%,GT 40%,8%,6-8%,0.08%,49.12%,,,LT8MM,LT8MM,G,,,,,,, ,,,,,,,"$6,303,718","$3,963,846","$6,768,770",,,,,,, ,,,,,-8.0%,"$360,178 ","13,264"
1545,"ROCKWALL, TX (ROCKWALL XING)",Open,2024,4/12/2024,2024 Open - APR '24,2024,4/11/2024,Comp,Yes,,4,16,6,R16 D06,Dallas-Fort Worth-Arlington,"Dallas-Ft. Worth, TX",Top 10 DMA,963 INTERSTATE 30 EAST,ROCKWALL,TX,75087,32.9,-96.5," 16,412 ",Light Suburban,"1,739,783",591,"1,770","9,039,276","$78,969",70K-80K,25%,15%,13%,47%,115%,100 - 120,"$89,635",31%,20-40%,23%,20-30%,37%,30-40%,5%,4-6%,1.36%,52.96%,,,LT8MM,LT8MM,H,,,,,,, ,,,,,,,"$5,985,693","$4,028,527","$6,542,098",,,,,,, ,,,,,0.0%,"$323,634 ","12,518"
1546,"FORT LAUDERDALE, FL",Open,2024,5/31/2024,2024 Open - MAY '24,2024,5/30/2024,Comp,Yes,,5,30,3,R30 D03,Miami-Fort Lauderdale-West Palm Beach,"Miami-Ft. Lauderdale, FL",Top 10 DMA,2701 N FEDERAL HWY,FORT LAUDERDALE,FL,33306,26.2,-80.1," 25,487 ",Light Urban,"945,205","5,869","6,352","4,800,721","$69,930",60K-70K,36%,18%,13%,33%,112%,100 - 120,"$78,384",28%,20-40%,37%,GT 30%,27%,20-30%,3%,2-4%,0.33%,48.16%,,,LT8MM,LT8MM,H,,,,,,, ,,,,,,,"$3,581,851","$2,424,073","$4,523,224",,,,,,, ,,,,,-5.0%,"$317,049 ","9,867"
1547,"GUAYNABO, PR (SAN PATRICIO)",Open,2024,6/21/2024,2024 Open - JUN '24,2024,6/20/2024,Comp,Yes,,5,31,1,R31 D01,,Puerto Rico,Top 10 DMA,100 AVE SAN PATRICIO STE A10,GUAYNABO,PR,968,18.4,-66.1," 27,391 ",Light Suburban,"923,938","4,326","2,046","3,245,457","$31,420",LT60K,69%,13%,7%,11%,105%,100 - 120,"$25,105",1%,LT 20%,0%,LT 5%,98%,GT 40%,0%,LT 2%,0.00%,0.00%,,,LT8MM,08 - 10 MM,E,,,,,,, ,,,,,,,"$6,836,136","$4,518,476","$9,682,284",,,,,,, ,,,,,3.4%,"$473,101 ","21,401"
1548,"ST. AUGUSTINE, FL",Open,2024,3/22/2024,2024 Open - MAR '24,2024,3/21/2024,Comp,,,5,19,4,R19 D04,Jacksonville,"Jacksonville, FL",,320 COBBLESTONE DR,ST AUGUSTINE,FL,32086,29.9,-81.3," 14,433 ",Light Suburban,"432,835",262,"1,550","2,186,986","$87,552",GT80K,18%,18%,15%,49%,97%,80 - 100,"$78,343",71%,GT 60%,9%,5-10%,11%,10-20%,4%,4-6%,1.23%,51.32%,,,LT8MM,LT8MM,H,,,,,,, ,,,,,,,"$3,333,139","$2,535,498","$3,570,638",,,,,,, ,,,,,5.7%,"$273,440 ","7,518"
1549,"SAN ANTONIO,TX(INGRAM)",Open,2024,4/5/2024,2024 Open - MAR '24,2024,4/1/2024,Comp,,,4,28,3,R28 D03,San Antonio-New Braunfels,"San Antonio, TX",,6001 NORTHWEST LOOP 410,SAN ANTONIO,TX,78238,29.5,-98.6," 21,580 ",Suburban,"1,495,888",513,"4,380","3,079,144","$68,241",60K-70K,40%,19%,14%,27%,78%,LT 80,"$76,315",20%,LT 20%,8%,5-10%,67%,GT 40%,3%,2-4%,1.18%,50.03%,,,08 - 10 MM,08 - 10 MM,E,,,,,,, ,,,,,,,"$8,509,404","$6,780,221","$9,912,301",,,,,,, ,,,,,1.2%,"$467,291 ","18,778"
1550,"AVONDALE, AZ (GATEWAY)",Open,2024,4/12/2024,2024 Open - APR '24,2024,4/11/2024,Comp,Yes,,1,3,6,R03 D06,Phoenix-Mesa-Scottsdale,"Phoenix (Prescott), AZ",,10060 W MCDOWELL RD,AVONDALE,AZ,85323,33.5,-112.3," 18,870 ",Suburban,"1,107,333","1,172","4,347","6,067,817","$85,990",GT80K,27%,18%,16%,38%,96%,80 - 100,"$86,887",25%,20-40%,9%,5-10%,58%,GT 40%,3%,2-4%,0.98%,49.87%,,,08 - 10 MM,10 - 12 MM,D,,,,,,, ,,,,,,,"$8,773,249","$7,085,538","$11,601,704",,,,,,, ,,,,,12.9%,"$436,432 ","20,663"
1551,"MIAMI, FL (MIRACLE MRKTPLACE)",Open,2024,5/31/2024,2024 Open - MAY '24,2024,5/31/2024,Comp,Yes,,5,31,2,R31 D02,Miami-Fort Lauderdale-West Palm Beach,"Miami-Ft. Lauderdale, FL",Top 10 DMA,3301 CORAL WAY,MIAMI,FL,33145,25.8,-80.2," 23,435 ",Urban,"549,724","7,932","10,463","4,800,721","$67,123",60K-70K,39%,10%,11%,40%,90%,80 - 100,"$78,384",10%,LT 20%,2%,LT 5%,86%,GT 40%,1%,LT 2%,0.33%,48.16%,,,LT8MM,LT8MM,F,,,,,,, ,,,,,,,"$5,927,672","$4,007,161","$7,669,282",,,,,,, ,,,,,-4.3%,"$428,170 ","15,584"
1552,"DIBERVILLE, MS (PROMENADE)",Open,2024,3/22/2024,2024 Open - MAR '24,2024,3/21/2024,Comp,,,4,17,2,R17 D02,Gulfport-Biloxi-Pascagoula,"Biloxi-Gulfport, MS",,3951 PROMENADE PARKWAY,DIBERVILLE,MS,39540,30.5,-88.9," 17,700 ",Exurban,"404,810",174,"1,198","379,894","$62,142",60K-70K,39%,17%,14%,29%,96%,80 - 100,"$63,117",63%,GT 60%,22%,20-30%,7%,LT 10%,2%,2-4%,0.31%,49.95%,,,LT8MM,LT8MM,H,,,,,,, ,,,,,,,"$5,107,001","$3,826,883","$5,496,694",,,,,,, ,,,,,1.3%,"$336,400 ","11,331"
1553,"MIAMI, FL (FLAGLER PARK PLAZA)",Open,2024,5/31/2024,2024 Open - MAY '24,2024,5/30/2024,Comp,Yes,,5,31,2,R31 D02,Miami-Fort Lauderdale-West Palm Beach,"Miami-Ft. Lauderdale, FL",Top 10 DMA,8241 W FLAGLER ST,MIAMI,FL,33144,25.8,-80.3," 20,594 ",Light Urban,"540,912","6,443","7,004","4,800,721","$71,931",70K-80K,35%,11%,13%,40%,95%,80 - 100,"$78,384",7%,LT 20%,1%,LT 5%,89%,GT 40%,1%,LT 2%,0.33%,48.16%,,,LT8MM,LT8MM,F,,,,,,, ,,,,,,,"$5,914,041","$4,120,173","$7,955,109",,,,,,, ,,,,,-1.4%,"$440,252 ","15,622"
1554,"WEST PALM BEACH, FL(MRKTPLC)",Open,2024,6/14/2024,2024 Open - JUN '24,2024,6/12/2024,Comp,,,5,30,4,R30 D04,Miami-Fort Lauderdale-West Palm Beach,"West Palm Beach-Ft. Pierce, FL",,1875 PLM BCH LKS BLVD ST A05,WEST PALM BEACH,FL,33401,26.7,-80.1," 25,310 ",Light Urban,"833,554",686,"5,128","2,295,998","$80,785",GT80K,39%,20%,14%,28%,74%,LT 80,"$84,608",35%,20-40%,25%,20-30%,32%,30-40%,3%,2-4%,0.90%,51.52%,,,LT8MM,10 - 12 MM,D,,,,,,, ,,,,,,,"$6,953,039","$5,032,184","$10,737,322",,,,,,, ,,,,,12.2%,"$477,744 ","18,907"
1555,"OCEANSIDE, NY (SOUTH SHORE)",Open,2024,7/12/2024,2024 Open - JUL '24,2024,7/11/2024,Comp,Yes,,3,14,6,R14 D06,New York-Newark-Jersey City,"New York, NY",Top 10 DMA,3640 LONG BEACH ROAD,OCEANSIDE,NY,11572,40.6,-73.6," 28,729 ",Light Urban,"577,702","6,197","5,977","22,165,424","$125,483",GT80K,17%,9%,10%,64%,136%,GT 120,"$101,231",37%,20-40%,26%,20-30%,26%,20-30%,6%,6-8%,0.08%,49.12%,,,LT8MM,LT8MM,G,,,,,,, ,,,,,,,"$5,522,989","$2,712,676","$7,508,057",,,,,,, ,,,,,-6.1%,"$392,050 ","15,015"
1556,"LOS ANGELES, CA (SUNSET)",Open,2024,6/21/2024,2024 Open - JUN '24,2024,6/20/2024,Comp,Yes,,1,3,2,R03 D02,Los Angeles-Long Beach-Anaheim,"Los Angeles, CA",Top 10 DMA,1557 VINE STREET,LOS ANGELES,CA,90028,34.1,-118.3," 21,495 ",Urban,"424,143","20,153","12,740","18,082,820","$64,905",60K-70K,35%,14%,12%,39%,81%,80 - 100,"$97,162",22%,20-40%,11%,10-15%,43%,GT 40%,19%,GT 8%,-0.04%,47.33%,,,LT8MM,LT8MM,H,,,,,,, ,,,,,,,"$3,752,432","$2,606,182","$5,466,549",,,,,,, ,,,,,5.2%,"$316,550 ","11,367"
1557,"SHERMAN OAKS, CA (NEC VNTRA)",Open,2023,12/1/2023,2023 Open - DEC '23,2023,11/22/2023,Comp,Yes,Yes,1,3,2,R03 D02,Los Angeles-Long Beach-Anaheim,"Los Angeles, CA",Top 10 DMA,14651 VENTURA BLVD,SHERMAN OAKS,CA,91403,34.2,-118.5," 14,068 ",Light Urban,"548,606","7,615","5,879","18,082,820","$88,374",GT80K,30%,14%,12%,44%,111%,100 - 120,"$97,162",42%,40-60%,4%,LT 5%,40%,GT 40%,9%,GT 8%,-0.04%,47.33%,, LT8MM ,LT8MM,LT8MM,H,,,,,,, ,,,,,"$1,063,589",,"$2,988,803","$3,252,411","$3,252,411",,,,,,, ,,,,,8.8%,"$315,458 ","6,470"
1558,"ATLANTA, GA (AKRS MLL SQUR)",Open,2024,3/8/2024,2024 Open - MAR '24,2024,3/8/2024,Comp,Yes,,5,19,1,R19 D01,Atlanta-Sandy Springs-Roswell,"Atlanta, GA",Top 10 DMA,"2955 COBB PKWY SE, SUITE 110",ATLANTA,GA,30339,33.9,-84.5," 19,876 ",Suburban,"3,692,596","1,896","3,134","7,692,390","$84,241",GT80K,21%,15%,12%,52%,108%,100 - 120,"$87,109",29%,20-40%,45%,GT 30%,15%,10-20%,7%,6-8%,0.88%,50.12%,,,LT8MM,LT8MM,H,,,,,,, ,,,,,,,"$4,280,365","$3,049,018","$4,398,946",,,,,,, ,,,,,0.5%,"$319,935 ","9,044"
1559,"CORALVILLE, IA (CORAL NORTH)",Open,2024,5/10/2024,2024 Open - MAY '24,2024,5/9/2024,Comp,,,1,5,3,R05 D03,Iowa City,"Cedar Rapids-Waterloo-Iowa City & Dubuque, IA",,2515 CORRIDOR WAY SUITE 7,CORALVILLE,IA,52241,41.7,-91.6," 18,780 ",Exurban,"371,570",150,"1,260","930,886","$76,208",70K-80K,31%,17%,15%,38%,108%,100 - 120,"$73,456",77%,GT 60%,8%,5-10%,8%,LT 10%,4%,2-4%,0.18%,52.43%,,,LT8MM,LT8MM,H,,,,,,, ,,,,,,,"$4,038,332","$2,593,156","$4,733,041",,,,,,, ,,,,,-0.8%,"$317,175 ","9,258"
1560,"HARKER HEIGHTS, TX (MKT HTS)",Open,2023,11/4/2023,2023 Open - NOV '23,2023,11/3/2023,Comp,,,4,16,3,R16 D03,Killeen-Temple,"Waco-Temple-Bryan, TX",,201 E CNTL TX EXPRSWY ST 250,HARKER HEIGHTS,TX,76548,31.1,-97.7," 18,419 ",Light Suburban,"436,550",327,"2,366","1,182,789","$73,538",70K-80K,35%,20%,14%,30%,121%,GT 120,"$67,084",41%,40-60%,20%,20-30%,28%,20-30%,3%,2-4%,0.84%,49.00%,, LT8MM ,LT8MM,LT8MM,H,,,,,,, ,,,,,"$2,169,954","$375,647","$6,426,895","$6,404,995","$6,404,995",,,,,,, ,,,,9.7%,-0.3%,"$338,934 ","14,670"
1561,"LAKE WORTH, TX (LK WTH MRTPLC)",Open,2023,11/10/2023,2023 Open - NOV '23,2023,11/9/2023,Comp,Yes,,4,16,3,R16 D03,Dallas-Fort Worth-Arlington,"Dallas-Ft. Worth, TX",Top 10 DMA,6038 AZLE AVE,LAKE WORTH,TX,76135,32.8,-97.4," 17,910 ",Light Suburban,"1,448,911",958,"2,862","9,039,276","$80,879",GT80K,30%,20%,14%,36%,79%,LT 80,"$89,635",41%,40-60%,16%,15-20%,34%,30-40%,5%,4-6%,1.36%,52.96%,, LT8MM ,LT8MM,08 - 10 MM,F,,,,,,, ,,,,,"$2,628,746",,"$7,373,795","$8,044,361","$8,044,361",,,,,,, ,,,,,9.1%,"$380,274 ","15,110"
1563,"ROCHESTER, MN",Open,2024,5/10/2024,2024 Open - MAY '24,2024,5/9/2024,Comp,,,1,5,4,R05 D04,Rochester,"Rochester, MN-Mason City, IA-Austin, MN",,4603 MAINE AVE SE,ROCHESTER,MN,55904,44.0,-92.5," 17,038 ",Exurban,"308,862",76,596,"390,213","$86,708",GT80K,24%,16%,14%,46%,143%,GT 120,"$79,692",79%,GT 60%,5%,5-10%,7%,LT 10%,5%,4-6%,0.19%,55.66%,,,LT8MM,LT8MM,H,,,,,,, ,,,,,,,"$4,381,726","$2,322,970","$4,384,027",,,,,,, ,,,,,-13.0%,"$292,193 ","8,796"
1564,"BAYAMON, PR (PLAZA DEL SOL)",Open,2024,5/17/2024,2024 Open - MAY '24,2024,5/16/2024,Comp,Yes,,5,31,1,R31 D01,,Puerto Rico,Top 10 DMA,"725 WEST MAIN AVE, STE 600",BAYAMON,PR,961,18.4,-66.2," 27,567 ",Light Suburban,"921,699","3,299","2,356","3,245,457","$30,112",LT60K,68%,14%,7%,11%,99%,80 - 100,"$25,105",1%,LT 20%,0%,LT 5%,99%,GT 40%,0%,LT 2%,0.00%,0.00%,,,12 - 20 MM,20M+,B,,,,,,, ,,,,,,,"$12,990,643","$10,555,570","$20,431,099",,,,,,, ,,,,,22.2%,"$674,033 ","37,488"
1565,"MILFORD, CT (MILFORD XING)",Open,2024,8/23/2024,2024 Open - AUG '24,2024,8/22/2024,Comp,Yes,,3,25,1,R25 D01,New Haven-Milford,"Hartford & New Haven, CT",,1397 BOSTON POST RD,MILFORD,CT,6460,41.2,-73.0," 17,947 ",Light Suburban,"453,558","3,988","2,009","2,641,771","$71,918",70K-80K,32%,13%,13%,42%,125%,GT 120,"$89,240",34%,20-40%,27%,20-30%,30%,30-40%,4%,4-6%,-0.04%,48.18%,,,LT8MM,LT8MM,G,,,,,,, ,,,,,,,"$3,690,797","$1,990,050","$6,587,285",,,,,,, ,,,,,0.4%,"$336,488 ","12,909"
1566,"CHARLOTTE, NC (PERIMTR WOODS)",Open,2024,8/23/2024,2024 Open - AUG '24,2024,8/22/2024,Comp,Yes,,5,18,4,R18 D04,Charlotte-Concord-Gastonia,"Charlotte, NC",,10235 PERIMETER PKWY STE A,CHARLOTTE,NC,28216,35.3,-80.9," 15,414 ",Light Suburban,"1,153,313","1,386","1,734","3,598,950","$82,548",GT80K,27%,17%,13%,43%,105%,100 - 120,"$79,954",40%,20-40%,32%,GT 30%,17%,10-20%,6%,6-8%,1.03%,52.17%,,,LT8MM,08 - 10 MM,F,,,,,,, ,,,,,,,"$3,448,061","$2,498,610","$8,189,577",,,,,,, ,,,,,26.2%,"$382,633 ","13,170"
1567,"SUFFOLK, VA (HARBOUR VIEW)",Open,2024,6/28/2024,2024 Open - JUN '24,2024,6/26/2024,Comp,,,5,11,3,R11 D03,Virginia Beach-Norfolk-Newport News,"Norfolk-Portsmouth-Newport News, VA",,6253 COLLEGE DRIVE #400,SUFFOLK,VA,23435,36.9,-76.4," 13,030 ",Light Suburban,"351,328",297,"2,683","1,996,676","$79,644",70K-80K,35%,16%,13%,36%,102%,100 - 120,"$80,782",46%,40-60%,40%,GT 30%,6%,LT 10%,2%,2-4%,0.17%,51.00%,,,LT8MM,LT8MM,H,,,,,,, ,,,,,,,"$3,257,854","$2,289,899","$4,889,570",,,,,,, ,,,,,7.2%,"$282,423 ","9,437"
1568,"HOUSTON, TX (RICHMOND SQUARE)",Open,2024,10/4/2024,2024 Open - SEP '24,2024,10/3/2024,Comp,Yes,,4,17,5,R17 D05,Houston-The Woodlands-Sugar Land,"Houston, TX",Top 10 DMA,5125 RICHMOND AVE,HOUSTON,TX,77056,29.7,-95.5," 19,308 ",Light Urban,"1,926,638","2,965","7,721","8,054,291","$79,483",70K-80K,36%,17%,11%,35%,101%,100 - 120,"$82,684",19%,LT 20%,25%,20-30%,35%,30-40%,17%,GT 8%,1.17%,52.51%,,,LT8MM,LT8MM,G,,,,,,, ,,,,,,,"$2,950,863","$380,771","$6,788,529",,,,,,, ,,,,,0.0%,"$378,397 ","14,206"
1569,"SAN JUAN, PR (MONTEHIEDRA)",Open,2025,4/11/2025,2025 Open - APR '25,2025,4/9/2025,Non-Comp,Yes,,5,31,1,R31 D01,,Puerto Rico,Top 10 DMA,9410 AVENUE LOS ROMERO,SAN JUAN,PR,926,18.3,-66.1," 22,128 ",Exurban,"582,187","5,370","1,443","3,245,457","$30,576",LT60K,68%,13%,7%,12%,138%,GT 120,"$25,105",1%,LT 20%,0%,LT 5%,98%,GT 40%,0%,LT 2%,0.00%,0.00%,,,,08 - 10 MM,,,,,,,, ,,,,,,,,,"$9,435,860",,,,,,, ,,,,,,"$441,707 ",NA
1570,"STAFFORD, TX (FOUNTN ON LAKE)",Open,2024,6/14/2024,2024 Open - JUN '24,2024,6/14/2024,Comp,Yes,,4,17,4,R17 D04,Houston-The Woodlands-Sugar Land,"Houston, TX",Top 10 DMA,12520 FOUNTAIN LAKE CIRCLE,STAFFORD,TX,77477,29.6,-95.6," 22,956 ",Suburban,"1,691,087","2,121","4,024","8,054,291","$86,535",GT80K,35%,17%,13%,35%,83%,80 - 100,"$82,684",19%,LT 20%,26%,20-30%,35%,30-40%,18%,GT 8%,1.17%,52.51%,,,LT8MM,LT8MM,G,,,,,,, ,,,,,,,"$5,086,538","$3,147,775","$6,800,243",,,,,,, ,,,,,-0.7%,"$380,255 ","13,685"
1571,"DALY CITY, CA (SERRAMONTE CTR)",Open,2024,7/12/2024,2024 Open - JUL '24,2024,7/11/2024,Comp,,,1,21,1,R21 D01,San Francisco-Oakland-Hayward,"San Francisco-Oakland-San Jose, CA",,"149 SERRAMONTE CENTER, #150",DALY CITY,CA,94015,37.7,-122.5," 15,747 ",Light Urban,"422,095","4,324","9,092","7,691,388","$134,230",GT80K,17%,10%,12%,61%,99%,80 - 100,"$137,673",21%,20-40%,5%,5-10%,25%,20-30%,42%,GT 8%,0.02%,50.97%,,,LT8MM,08 - 10 MM,E,,,,,,, ,,,,,,,"$5,128,257","$3,542,019","$9,072,851",,,,,,, ,,,,,21.5%,"$457,566 ","15,470"
1572,"MERCED, CA (MERCED MALL)",Open,2025,10/10/2025,2025 Open - OCT '25,2025,10/9/2025,Non-Comp,Yes,,1,21,5,R21 D05,Merced,"Fresno-Visalia, CA",,3138 R ST,MERCED,CA,95348,37.3,-120.5," 18,974 ",Suburban,"214,037",203,"3,366","2,139,083","$59,342",LT60K,36%,19%,13%,32%,78%,LT 80,"$72,136",23%,20-40%,4%,LT 5%,61%,GT 40%,9%,GT 8%,0.33%,47.34%,,,,LT8MM,,,,,,,, ,,,,,,,,,"$4,529,368",,,,,,, ,,,,,,"$377,075 ",NA
1573,"HENDERSON, NC (HENDERSON PT)",Open,2024,11/15/2024,2024 Open - NOV '24,2024,11/11/2024,Comp,Yes,,5,18,4,R18 D04,Henderson,"Raleigh-Durham (Fayetteville), NC",,1245 DABNEY DRIVE,HENDERSON,NC,27536,36.3,-78.4," 16,776 ",Exurban,"96,317",92,638,"3,519,023","$53,902",LT60K,43%,17%,13%,27%,54%,LT 80,"$82,758",42%,40-60%,45%,GT 30%,9%,LT 10%,1%,LT 2%,1.03%,51.85%,,,LT8MM,LT8MM,H,,,,,,, ,,,,,,,"$1,648,414",,"$4,070,025",,,,,,, ,,,,,,"$304,762 ","11,798"
1574,"YUMA, AZ (LAS PALMILLAS)",Open,2024,6/28/2024,2024 Open - JUN '24,2024,6/27/2024,Comp,,,1,3,1,R03 D01,Yuma,"Yuma, AZ-El Centro, CA",,1212 S CASTLE DOME AVE,YUMA,AZ,85365,32.7,-114.6," 16,924 ",Light Suburban,"126,051",708,"2,156","410,331","$64,864",60K-70K,42%,21%,12%,25%,87%,80 - 100,"$62,675",19%,LT 20%,2%,LT 5%,75%,GT 40%,1%,LT 2%,0.41%,50.38%,,,LT8MM,LT8MM,H,,,,,,, ,,,,,,,"$4,117,102","$2,944,145","$6,311,027",,,,,,, ,,,,,2.6%,"$268,889 ","12,736"
1575,"ANAHEIM, CA (ANAHEIM TWN SQRE)",Open,2024,11/22/2024,2024 Open - NOV '24,2024,11/20/2024,Comp,Yes,,1,3,5,R03 D05,Los Angeles-Long Beach-Anaheim,"Los Angeles, CA",Top 10 DMA,2090 E LINCOLN,ANAHEIM,CA,92806,33.8,-117.9," 14,774 ",Light Urban,"279,958","8,502","7,281","18,082,820","$90,449",GT80K,21%,14%,12%,53%,93%,80 - 100,"$97,162",17%,LT 20%,2%,LT 5%,62%,GT 40%,15%,GT 8%,-0.04%,47.33%,,,LT8MM,LT8MM,H,,,,,,, ,,,,,,,"$2,011,079",,"$5,584,876",,,,,,, ,,,,,,"$337,223 ","16,255"
1576,"HOUSTON, TX (GULFGATE CTR)",Open,2025,7/11/2025,2025 Open - JUL '25,2025,7/9/2025,Non-Comp,Yes,,4,17,3,R17 D03,Houston-The Woodlands-Sugar Land,"Houston, TX",Top 10 DMA,516 GULFGATE CENTER MALL,HOUSTON,TX,77087,29.7,-95.3," 22,226 ",Suburban,"589,494","3,919","4,799","8,054,291","$59,857",LT60K,44%,20%,12%,24%,64%,LT 80,"$82,684",10%,LT 20%,23%,20-30%,61%,GT 40%,4%,2-4%,1.17%,52.51%,,,,LT8MM,,,,,,,, ,,,,,,,,,"$6,434,880",,,,,,, ,,,,,,"$438,067 ",NA
1577,"EL PASO, TX (SUNLAND PLAZA)",Open,2024,6/28/2024,2024 Open - JUN '24,2024,6/28/2024,Comp,Yes,,4,28,4,R28 D04,El Paso,"El Paso, TX (Las Cruces, NM)",,801 SUNLAND PARK DRIVE,EL PASO,TX,79912,31.8,-106.5," 24,676 ",Light Suburban,"220,011","2,365","2,647","1,105,750","$60,950",60K-70K,45%,16%,11%,29%,103%,100 - 120,"$61,021",15%,LT 20%,2%,LT 5%,79%,GT 40%,2%,LT 2%,0.30%,48.20%,,,LT8MM,08 - 10 MM,E,,,,,,, ,,,,,,,"$7,122,602","$4,702,292","$9,798,980",,,,,,, ,,,,,-6.5%,"$386,793 ","20,430"
1578,"TAYLORSVILLE, UT (TAYLR CTR)",Open,2024,9/20/2024,2024 Open - SEP '24,2024,9/16/2024,Comp,Yes,,1,1,3,R01 D03,Salt Lake City,"Salt Lake City, UT",,1837 W 4700 SOUTH,TAYLORSVILLE,UT,84129,40.7,-111.9," 14,452 ",Light Urban,"441,328","2,799","5,654","3,722,607","$88,857",GT80K,22%,16%,14%,49%,85%,80 - 100,"$97,769",50%,40-60%,3%,LT 5%,35%,30-40%,5%,4-6%,1.16%,56.35%,,,LT8MM,LT8MM,H,,,,,,, ,,,,,,,"$2,836,870","$1,433,534","$6,512,885",,,,,,, ,,,,,17.3%,"$338,066 ","12,411"
1579,"BRANDON, FL (BRANDON SQUARE)",Open,2024,10/18/2024,2024 Open - OCT '24,2024,10/15/2024,Comp,Yes,,5,30,5,R30 D05,Tampa-St. Petersburg-Clearwater,"Tampa-St. Petersburg (Sarasota), FL",,122 BRANDON TOWN CENTER,BRANDON,FL,33511,27.9,-82.3," 15,299 ",Suburban,"1,017,339","1,662","3,172","5,413,557","$75,988",70K-80K,28%,20%,15%,37%,96%,80 - 100,"$76,582",37%,20-40%,19%,15-20%,35%,30-40%,4%,2-4%,1.37%,51.59%,,,LT8MM,08 - 10 MM,E,,,,,,, ,,,,,,,"$3,364,035","$583,719","$9,123,999",,,,,,, ,,,,,9.5%,"$438,405 ","18,341"
1580,"MONT BELVIEU, TX",Open,2025,5/30/2025,2025 Open - MAY '25,2025,5/28/2025,Non-Comp,Yes,,4,17,3,R17 D03,Houston-The Woodlands-Sugar Land,"Houston, TX",Top 10 DMA,9229 EAGLE DRIVE,MONT BELVIEU,TX,77523,29.8,-94.8," 16,406 ",Exurban,"223,032",211,857,"8,054,291","$79,201",70K-80K,33%,17%,12%,38%,152%,GT 120,"$82,684",39%,20-40%,14%,10-15%,42%,GT 40%,2%,LT 2%,1.17%,52.51%,,,,LT8MM,,,,,,,, ,,,,,,,,,"$4,254,893",,,,,,, ,,,,,,"$347,407 ",NA
1581,"BOYNTON BCH, FL (BYNTN CMNS)",Open,2024,10/18/2024,2024 Open - OCT '24,2024,10/17/2024,Comp,Yes,,5,30,4,R30 D04,Miami-Fort Lauderdale-West Palm Beach,"West Palm Beach-Ft. Pierce, FL",,371 N CONGRESS AVE,BOYNTON BEACH,FL,33426,26.5,-80.1," 30,585 ",Suburban,"659,913","4,022","4,322","2,295,998","$80,625",GT80K,31%,17%,14%,38%,95%,80 - 100,"$84,608",38%,20-40%,25%,20-30%,30%,30-40%,3%,2-4%,0.90%,51.52%,,,LT8MM,08 - 10 MM,F,,,,,,, ,,,,,,,"$2,964,912","$588,543","$8,025,577",,,,,,, ,,,,,29.6%,"$414,733 ","15,247"
1582,"MERRITT ISLAND, FL(VCTR SQ)",Open,2025,3/7/2025,2025 Open - MAR '25,2025,3/5/2025,Non-Comp,Yes,,5,30,6,R30 D06,Palm Bay-Melbourne-Titusville,"Orlando-Daytona Beach-Melbourne, FL",,1450 N COURTENAY PKWY STE 25,MERRITT ISLAND,FL,32953,28.4,-80.7," 16,718 ",Light Suburban,"319,482",625,"2,054","4,872,913","$87,852",GT80K,26%,19%,14%,41%,104%,100 - 120,"$78,250",72%,GT 60%,8%,5-10%,11%,10-20%,3%,2-4%,1.47%,51.85%,,,,LT8MM,,,,,,,, ,,,,,,,,,"$4,014,787",,,,,,, ,,,,,,"$274,941 ",NA
1583,"HOUMA, LA (HOUMA CENTER)",Open,2024,11/15/2024,2024 Open - NOV '24,2024,11/15/2024,Comp,Yes,,4,17,2,R17 D02,Houma-Thibodaux,"New Orleans, LA",,1643 MLK JR BLVD.,HOUMA,LA,70360,29.6,-90.8," 12,448 ",Light Suburban,"116,741",168,"1,616","1,749,451","$64,145",60K-70K,43%,15%,15%,26%,114%,100 - 120,"$64,913",62%,GT 60%,20%,15-20%,8%,LT 10%,1%,LT 2%,-0.21%,46.83%,,,LT8MM,LT8MM,H,,,,,,, ,,,,,,,"$1,387,409",,"$3,887,880",,,,,,, ,,,,,,"$309,631 ","9,864"
1584,"PORTAGE, MI (A&W),MI",Open,2024,10/4/2024,2024 Open - SEP '24,2024,10/3/2024,Comp,Yes,,3,8,5,R08 D05,Kalamazoo-Portage,"Grand Rapids-Kalamazoo-Battle Creek, MI",,5930 S WESTNEDGE AVENUE,PORTAGE,MI,49024,42.2,-85.6," 18,789 ",Light Suburban,"283,648",405,"2,079","2,126,807","$68,677",60K-70K,38%,16%,13%,33%,92%,80 - 100,"$75,179",72%,GT 60%,11%,10-15%,8%,LT 10%,3%,2-4%,0.16%,52.70%,,,LT8MM,LT8MM,H,,,,,,, ,,,,,,,"$2,240,566","$253,076","$5,365,945",,,,,,, ,,,,,5.7%,"$330,753 ","10,344"
1585,"OKLAHOMA CITY, OK (ROCKWELL)",Open,2024,6/14/2024,2024 Open - JUN '24,2024,6/13/2024,Comp,,,4,16,2,R16 D02,Oklahoma City,"Oklahoma City, OK",,6910 NW EXPRESSWAY SUITE C,OKLAHOMA CITY,OK,73132,35.6,-97.6," 13,797 ",Suburban,"364,860","1,094","3,341","2,048,734","$77,535",70K-80K,34%,15%,13%,38%,109%,100 - 120,"$70,481",54%,40-60%,15%,15-20%,15%,10-20%,5%,4-6%,0.54%,49.53%,,,LT8MM,LT8MM,H,,,,,,, ,,,,,,,"$2,422,063","$1,686,752","$3,368,247",,,,,,, ,,,,,10.1%,"$245,203 ","7,188"
1586,"CHICAGO RIDGE, IL (CHI MALL)",Open,2024,5/31/2024,2024 Open - MAY '24,2024,5/29/2024,Comp,Yes,,4,7,1,R07 D01,Chicago-Naperville-Elgin,"Chicago, IL",Top 10 DMA,9650 S RIDGELAND AVE,CHICAGO RIDGE,IL,60415,41.7,-87.8," 26,134 ",Light Urban,"869,600","6,193","5,736","9,518,952","$70,303",70K-80K,28%,15%,13%,44%,86%,80 - 100,"$91,619",27%,20-40%,33%,GT 30%,36%,30-40%,2%,LT 2%,-0.18%,48.49%,,,LT8MM,10 - 12 MM,D,,,,,,, ,,,,,,,"$7,190,283","$5,392,347","$10,027,506",,,,,,, ,,,,,5.6%,"$445,312 ","17,067"
1587,"WILLIS, TX",Open,2025,5/23/2025,2025 Open - MAY '25,2025,5/21/2025,Non-Comp,Yes,,4,17,1,R17 D01,Houston-The Woodlands-Sugar Land,"Houston, TX",Top 10 DMA,12338 INTERSTATE 45 N,WILLIS,TX,77378,30.4,-95.5," 14,863 ",Exurban,"306,864",396,821,"8,054,291","$88,237",GT80K,25%,18%,12%,44%,88%,80 - 100,"$82,684",58%,40-60%,7%,5-10%,28%,20-30%,2%,2-4%,1.17%,52.51%,,,,LT8MM,,,,,,,, ,,,,,,,,,"$3,959,421",,,,,,, ,,,,,,"$327,345 ",NA
1588,"HOUSTON, TX (NORTH OAKS)",Open,2024,9/20/2024,2024 Open - SEP '24,2024,9/19/2024,Comp,Yes,,4,17,1,R17 D01,Houston-The Woodlands-Sugar Land,"Houston, TX",Top 10 DMA,4856 FM 1960 ROAD WEST,HOUSTON,TX,77069,30.0,-95.5," 18,940 ",Suburban,"1,151,956","2,887","4,222","8,054,291","$76,370",70K-80K,33%,18%,12%,38%,93%,80 - 100,"$82,684",22%,20-40%,25%,20-30%,44%,GT 40%,7%,6-8%,1.17%,52.51%,,,LT8MM,08 - 10 MM,F,,,,,,, ,,,,,,,"$3,739,722","$1,922,064","$8,424,744",,,,,,, ,,,,,26.9%,"$437,120 ","15,010"
1589,"JANESVILLE, WI",Open,2024,8/30/2024,2024 Open - AUG '24,2024,8/29/2024,Comp,Yes,,4,7,2,R07 D02,Janesville-Beloit,"Madison, WI",,2900 DEERFIELD DRIVE #180,JANESVILLE,WI,53546,42.7,-89.0," 15,154 ",Exurban,"221,114",225,"1,315","1,155,056","$76,253",70K-80K,31%,20%,15%,34%,96%,80 - 100,"$82,595",78%,GT 60%,4%,LT 5%,12%,10-20%,1%,LT 2%,0.46%,50.27%,,,LT8MM,LT8MM,H,,,,,,, ,,,,,,,"$2,462,363","$1,423,351","$4,371,018",,,,,,, ,,,,,6.5%,"$296,990 ","8,805"
1590,"OCEAN CITY, MD (WHITE MARLIN)",Open,2024,7/26/2024,2024 Open - JUL '24,2024,7/24/2024,Comp,,,5,11,2,R11 D02,Salisbury,"Salisbury, MD",,12641 OCEAN GATEWAY,OCEAN CITY,MD,21842,38.3,-75.1," 17,388 ",Exurban,"419,443",165,770,"486,134","$72,364",70K-80K,28%,15%,14%,42%,112%,100 - 120,"$74,967",63%,GT 60%,20%,15-20%,10%,10-20%,2%,LT 2%,1.25%,52.61%,,,LT8MM,LT8MM,H,,,,,,, ,,,,,,,"$2,723,042","$1,250,602","$3,984,628",,,,,,, ,,,,,-6.4%,"$354,222 ","7,337"
1591,"STREAMWOOD, IL",Open,2024,8/23/2024,2024 Open - AUG '24,2024,8/22/2024,Comp,Yes,,4,7,4,R07 D04,Chicago-Naperville-Elgin,"Chicago, IL",Top 10 DMA,960 S BARRINGTON ROAD,STREAMWOOD,IL,60107,42.0,-88.1," 15,517 ",Suburban,"659,941","2,139","4,290","9,518,952","$101,604",GT80K,21%,14%,15%,50%,109%,100 - 120,"$91,619",50%,40-60%,4%,LT 5%,28%,20-30%,15%,GT 8%,-0.18%,48.49%,,,LT8MM,LT8MM,H,,,,,,, ,,,,,,,"$3,450,184","$1,752,272","$5,737,809",,,,,,, ,,,,,-1.7%,"$370,444 ","11,536"
1592,"WILSON, NC (WILSON MARKETPLCE",Open,2024,6/28/2024,2024 Open - JUN '24,2024,6/26/2024,Comp,,,5,18,2,R18 D02,Wilson,"Raleigh-Durham (Fayetteville), NC",,3401 RALEIGH RD PKWY W,WILSON,NC,27896,35.7,-78.0," 14,682 ",Exurban,"281,682",147,"1,140","3,519,023","$62,265",60K-70K,42%,18%,13%,27%,72%,LT 80,"$82,758",46%,40-60%,38%,GT 30%,11%,10-20%,1%,LT 2%,1.03%,51.85%,,,LT8MM,LT8MM,H,,,,,,, ,,,,,,,"$3,113,853","$2,307,983","$4,757,037",,,,,,, ,,,,,13.7%,"$301,879 ","8,897"
1593,"PHOENIX, AZ (MARYVALE PLZ)",Open,2024,10/25/2024,2024 Open - OCT '24,2024,10/24/2024,Comp,Yes,,1,3,6,R03 D06,Phoenix-Mesa-Scottsdale,"Phoenix (Prescott), AZ",,5239 W INDIAN SCHOOL ROAD,PHOENIX,AZ,85031,33.5,-112.2," 13,498 ",Light Urban,"540,740","5,005","7,758","6,067,817","$69,160",60K-70K,40%,20%,14%,26%,69%,LT 80,"$86,887",16%,LT 20%,8%,5-10%,69%,GT 40%,3%,2-4%,0.98%,49.87%,,,LT8MM,LT8MM,F,,,,,,, ,,,,,,,"$3,059,351","$463,571","$7,985,716",,,,,,, ,,,,,5.0%,"$421,249 ","16,656"
1594,"DEERFIELD BEACH, FL",Open,2024,11/15/2024,2024 Open - NOV '24,2024,11/11/2024,Comp,Yes,,5,30,4,R30 D04,Miami-Fort Lauderdale-West Palm Beach,"Miami-Ft. Lauderdale, FL",Top 10 DMA,3810 W HILLSBORO BLVD,DEERFIELD BEACH,FL,33442,26.3,-80.2," 26,570 ",Suburban,"758,708","4,744","4,680","4,800,721","$77,509",70K-80K,31%,17%,13%,40%,97%,80 - 100,"$78,384",36%,20-40%,27%,20-30%,25%,20-30%,4%,2-4%,0.33%,48.16%,,,LT8MM,LT8MM,G,,,,,,, ,,,,,,,"$2,405,490",,"$6,932,798",,,,,,, ,,,,,,"$393,218 ","16,285"
1595,"SHELBY, NC (SHELBY MKTPLC)",Open,2025,2/21/2025,2025 Open - FEB '25,2025,2/19/2025,Non-Comp,Yes,,5,18,5,R18 D05,Shelby,"Charlotte, NC",,1764 E DIXON BLVD,SHELBY,NC,28152,35.3,-81.5," 14,944 ",Exurban,"244,809",231,652,"3,598,950","$59,402",LT60K,44%,18%,14%,24%,71%,LT 80,"$79,954",69%,GT 60%,18%,15-20%,8%,LT 10%,1%,LT 2%,1.03%,52.17%,,,,LT8MM,,,,,,,, ,,,,,,,,,"$4,942,209",,,,,,, ,,,,,,"$287,088 ",NA
1596,"VAUXHALL, NJ (UN. CRSCNT PZ)",Open,2024,11/1/2024,2024 Open - OCT '24,2024,10/31/2024,Comp,Yes,,3,13,5,R13 D05,New York-Newark-Jersey City,"New York, NY",Top 10 DMA,2255 SPRINGFIELD AVE,VAUXHALL,NJ,7088,40.7,-74.3," 21,026 ",Light Urban,"611,900","10,286","6,629","22,165,424","$79,169",70K-80K,35%,15%,10%,39%,113%,100 - 120,"$101,231",16%,LT 20%,49%,GT 30%,25%,20-30%,4%,4-6%,0.08%,49.12%,,,LT8MM,08 - 10 MM,E,,,,,,, ,,,,,,,"$3,041,752","$482,629","$9,494,140",,,,,,, ,,,,,12.2%,"$466,868 ","18,004"
1597,"TULSA, OK (TULSA HILLS)",Open,2024,6/21/2024,2024 Open - JUN '24,2024,6/19/2024,Comp,,,4,16,5,R16 D05,Tulsa,"Tulsa, OK",,7410 S OLYMPIA AVE,TULSA,OK,74132,36.1,-96.0," 18,930 ",Light Suburban,"393,264",260,"1,933","1,468,910","$60,335",60K-70K,39%,17%,11%,34%,81%,80 - 100,"$64,849",49%,40-60%,12%,10-15%,17%,10-20%,3%,2-4%,0.41%,50.94%,,,LT8MM,LT8MM,H,,,,,,, ,,,,,,,"$4,135,602","$2,669,169","$5,524,852",,,,,,, ,,,,,0.7%,"$287,627 ","12,088"
1598,"CONWAY,SC (COASTAL CENTRE)",Future GO,2026,5/29/2026,2026 Open - MAY '26,,,,,,5,18,3,R18 D03,,,,1610 CHURCH ST,CONWAY,SC,29526,,,,,,,,,,,,,,,,,,72%,GT 60%,12%,10-15%,9%,LT 10%,2%,LT 2%,,,,,,,,,,,,,, ,,,,,,,,,,,,,,,, ,,,,,,$0 ,NA
1599,"PALM DESERT, CA (DESERT XING)",Open,2024,11/8/2024,2024 Open - NOV '24,2024,11/2/2024,Comp,Yes,,1,4,5,R04 D05,Riverside-San Bernardino-Ontario,"Palm Springs, CA",,72459 CA-111,PALM DESERT,CA,92260,33.7,-116.4," 20,463 ",Exurban,"197,848","2,771","1,303","456,134","$67,177",60K-70K,34%,15%,12%,39%,109%,100 - 120,"$76,845",18%,LT 20%,3%,LT 5%,73%,GT 40%,3%,2-4%,0.45%,50.43%,,,LT8MM,LT8MM,H,,,,,,, ,,,,,,,"$1,971,518","$220,266","$4,163,730",,,,,,, ,,,,,-18.5%,"$294,990 ","12,791"
1600,"INDIANAPOLIS, IN (CLYPOL PNT)",Open,2024,9/6/2024,2024 Open - SEP '24,2024,9/5/2024,Comp,Yes,,4,6,1,R06 D01,Indianapolis-Carmel-Anderson,"Indianapolis, IN",,110 WEST WASHINGTON STREET A,INDIANAPOLIS,IN,46204,39.8,-86.2," 14,909 ",Suburban,"1,350,598",997,"4,025","3,190,106","$77,126",70K-80K,42%,16%,13%,29%,84%,80 - 100,"$75,828",57%,40-60%,22%,20-30%,12%,10-20%,5%,4-6%,0.46%,50.09%,,,LT8MM,LT8MM,H,,,,,,, ,,,,,,,"$1,651,174","$600,805","$3,395,700",,,,,,, ,,,,,-8.3%,"$317,090 ","6,851"
1601,"SALEM, NH (SALEM PLAZA)",Open,2024,7/26/2024,2024 Open - JUL '24,2024,7/25/2024,Comp,Yes,,3,10,3,R10 D03,Boston-Cambridge-Newton,"Boston, MA (Manchester, NH)",Top 10 DMA,"265 SOUTH BROADWAY, SUITE 5",SALEM,NH,3079,42.8,-71.2," 17,781 ",Exurban,"301,949","2,183","1,453","6,834,716","$87,809",GT80K,23%,13%,12%,52%,97%,80 - 100,"$112,082",48%,40-60%,4%,LT 5%,41%,GT 40%,5%,4-6%,0.28%,49.68%,,,LT8MM,08 - 10 MM,F,,,,,,, ,,,,,,,"$4,894,654","$3,263,119","$8,500,294",,,,,,, ,,,,,13.7%,"$385,411 ","14,067"
1602,"ISLANDIA, NY",Open,2025,7/11/2025,2025 Open - JUL '25,2025,7/10/2025,Non-Comp,Yes,,3,14,1,R14 D01,New York-Newark-Jersey City,"New York, NY",Top 10 DMA,1730 VETERANS MEMORIAL HWY,ISLANDIA,NY,11749,40.8,-73.2," 22,445 ",Suburban,"324,921","3,321","3,440","22,165,424","$128,365",GT80K,17%,11%,11%,61%,124%,GT 120,"$101,231",47%,40-60%,8%,5-10%,37%,30-40%,5%,4-6%,0.08%,49.12%,,,,08 - 10 MM,,,,,,,, ,,,,,,,,,"$8,082,578",,,,,,, ,,,,,,"$698,429 ",NA
1603,"CHARLOTTE, NC (METRO)",Open,2024,8/2/2024,2024 Open - JUL '24,2024,8/1/2024,Comp,Yes,,5,18,5,R18 D05,Charlotte-Concord-Gastonia,"Charlotte, NC",,1055 METROPOLITAN AV STE 250,CHARLOTTE,NC,28204,35.2,-80.8," 14,821 ",Suburban,"1,621,990","1,519","4,866","3,598,950","$92,487",GT80K,34%,18%,12%,37%,128%,GT 120,"$79,954",47%,40-60%,26%,20-30%,16%,10-20%,7%,6-8%,1.03%,52.17%,,,LT8MM,LT8MM,H,,,,,,, ,,,,,,,"$2,149,526","$1,531,558","$3,941,763",,,,,,, ,,,,,12.1%,"$279,358 ","7,580"
1604,"CHICAGO, IL (HALL PLAZA)",Open,2024,10/18/2024,2024 Open - OCT '24,2024,10/17/2024,Comp,Yes,,4,7,3,R07 D03,Chicago-Naperville-Elgin,"Chicago, IL",Top 10 DMA,4628 WEST DIVERSEY AVENUE,CHICAGO,IL,60639,41.9,-87.7," 17,658 ",Urban,"596,241","14,684","16,539","9,518,952","$78,791",70K-80K,34%,16%,13%,37%,91%,80 - 100,"$91,619",28%,20-40%,17%,15-20%,48%,GT 40%,5%,4-6%,-0.18%,48.49%,,,LT8MM,LT8MM,G,,,,,,, ,,,,,,,"$3,192,632","$377,848","$7,544,293",,,,,,, ,,,,,-1.8%,"$381,729 ","15,846"
1605,"FAIRHAVEN, MA (FAIRHAVEN CMN)",Open,2024,9/13/2024,2024 Open - SEP '24,2024,9/11/2024,Comp,Yes,,3,10,2,R10 D02,Providence-Warwick,"Providence, RI-New Bedford, MA",,4 FAIRHAVEN COMMONS WAY,FAIRHAVEN,MA,2719,41.6,-70.9," 14,763 ",Suburban,"130,468","2,458","3,988","1,683,219","$64,344",60K-70K,39%,15%,12%,35%,65%,LT 80,"$87,015",61%,GT 60%,5%,LT 5%,21%,20-30%,1%,LT 2%,0.02%,47.37%,,,LT8MM,LT8MM,H,,,,,,, ,,,,,,,"$2,387,421","$1,123,725","$5,571,904",,,,,,, ,,,,,20.0%,"$306,267 ","9,502"
1606,"MIAMI, FL (THE WESTCHESTER)",Open,2024,10/18/2024,2024 Open - OCT '24,2024,10/17/2024,Comp,Yes,,5,31,2,R31 D02,Miami-Fort Lauderdale-West Palm Beach,"Miami-Ft. Lauderdale, FL",Top 10 DMA,8508 SW 24TH STREET,MIAMI,FL,33155,25.7,-80.3," 13,301 ",Light Urban,"622,565","6,334","7,237","4,800,721","$74,498",70K-80K,37%,11%,13%,39%,102%,100 - 120,"$78,384",7%,LT 20%,2%,LT 5%,89%,GT 40%,1%,LT 2%,0.33%,48.16%,,,LT8MM,LT8MM,F,,,,,,, ,,,,,,,"$3,136,806","$545,068","$7,700,345",,,,,,, ,,,,,11.4%,"$492,865 ","16,009"
1607,"MCALLEN, TX (CNTRL MKTPLACE)",Open,2024,10/11/2024,2024 Open - OCT '24,2024,10/9/2024,Comp,Yes,,4,28,1,R28 D01,McAllen-Edinburg-Mission,"Harlingen-Weslaco-Brownsville-McAllen, TX",,901 S 10TH ST #330,MCALLEN,TX,78501,26.2,-98.2," 22,695 ",Suburban,"327,352","1,983","3,200","1,426,817","$56,755",LT60K,49%,17%,12%,22%,90%,80 - 100,"$55,116",7%,LT 20%,0%,LT 5%,91%,GT 40%,1%,LT 2%,0.55%,51.13%,,,LT8MM,08 - 10 MM,E,,,,,,, ,,,,,,,"$4,132,629","$636,685","$9,481,629",,,,,,, ,,,,,9.2%,"$377,392 ","18,452"
1608,"ONALASKA, WI (CROSSROADS)",Open,2024,10/18/2024,2024 Open - OCT '24,2024,10/17/2024,Comp,Yes,,1,5,4,R05 D04,La Crosse-Onalaska,"La Crosse-Eau Claire, WI",,9344 STATE RD 16 STE 3,ONALASKA,WI,54650,43.9,-91.2," 17,556 ",Exurban,"189,918",94,"1,039","583,696","$71,875",70K-80K,34%,17%,15%,34%,94%,80 - 100,"$72,874",85%,GT 60%,2%,LT 5%,5%,LT 10%,4%,2-4%,0.19%,50.49%,,,LT8MM,LT8MM,H,,,,,,, ,,,,,,,"$1,724,499","$181,994","$3,560,207",,,,,,, ,,,,,-17.3%,"$289,580 ","8,743"
1609,"CONWAY, AR",Open,2024,10/18/2024,2024 Open - OCT '24,2024,10/17/2024,Comp,Yes,,4,6,2,R06 D02,Little Rock-North Little Rock-Conway,"Little Rock-Pine Bluff, AR",,640 ELSINGER BLVD,CONWAY,AR,72032,35.1,-92.4," 14,880 ",Exurban,"199,456",91,"1,243","1,476,977","$67,209",60K-70K,38%,20%,13%,29%,90%,80 - 100,"$61,355",74%,GT 60%,13%,10-15%,5%,LT 10%,1%,LT 2%,0.00%,49.82%,,,LT8MM,LT8MM,H,,,,,,, ,,,,,,,"$1,905,855","$209,195","$4,687,727",,,,,,, ,,,,,-4.1%,"$311,466 ","10,257"
1610," WHEATON, IL (DANADA SQ)",Open,2025,2/28/2025,2025 Open - FEB '25,2025,2/27/2025,Non-Comp,Yes,,4,7,4,R07 D04,Chicago-Naperville-Elgin,"Chicago, IL",Top 10 DMA,138 DANADA SQUARE WEST,WHEATON,IL,60189,41.8,-88.1," 14,148 ",Light Suburban,"568,955","2,671","2,539","9,518,952","$111,153",GT80K,20%,14%,13%,53%,128%,GT 120,"$91,619",60%,40-60%,5%,5-10%,18%,10-20%,13%,GT 8%,-0.18%,48.49%,,,,LT8MM,,,,,,,, ,,,,,,,,,"$3,346,328",,,,,,, ,,,,,,"$228,292 ",NA
1611,"LINCOLN, NE (GATEWAY MALL)",Open,2024,10/4/2024,2024 Open - SEP '24,2024,10/3/2024,Comp,Yes,,1,5,3,R05 D03,Lincoln,"Lincoln & Hastings-Kearney, NE",,6400 O STREET SUITE 100,LINCOLN,NE,68505,40.8,-96.6," 17,258 ",Suburban,"355,896",237,"4,017","763,474","$75,353",70K-80K,37%,13%,13%,36%,90%,80 - 100,"$73,273",77%,GT 60%,4%,LT 5%,10%,LT 10%,4%,4-6%,0.25%,53.78%,,,LT8MM,LT8MM,G,,,,,,, ,,,,,,,"$3,109,495","$385,573","$7,383,364",,,,,,, ,,,,,1.6%,"$463,672 ","14,521"
1612,"FORT PIERCE, FL",Open,2025,7/18/2025,2025 Open - JUL '25,2025,7/17/2025,Non-Comp,Yes,,5,30,4,R30 D04,Port St. Lucie,"West Palm Beach-Ft. Pierce, FL",,2011 S US HWY 1,FORT PIERCE,FL,34950,27.4,-80.3," 16,266 ",Light Suburban,"210,158","1,325","2,352","2,295,998","$61,251",60K-70K,45%,16%,12%,26%,58%,LT 80,"$84,608",51%,40-60%,22%,20-30%,21%,20-30%,2%,LT 2%,0.90%,51.52%,,,,LT8MM,,,,,,,, ,,,,,,,,,"$4,120,405",,,,,,, ,,,,,,"$379,524 ",NA
1613,"GOODYEAR, AZ",Open,2025,5/30/2025,2025 Open - MAY '25,2025,5/29/2025,Non-Comp,Yes,,1,3,4,R03 D04,Phoenix-Mesa-Scottsdale,"Phoenix (Prescott), AZ",,595 S COTTON LANE,GOODYEAR,AZ,85338,33.4,-112.4," 14,107 ",Light Suburban,"258,708","1,457","2,524","6,067,817","$106,232",GT80K,19%,16%,15%,50%,121%,GT 120,"$86,887",43%,40-60%,7%,5-10%,41%,GT 40%,3%,2-4%,0.98%,49.87%,,,,LT8MM,,,,,,,, ,,,,,,,,,"$4,045,487",,,,,,, ,,,,,,"$295,153 ",NA
1614,"CASA GRANDE, AZ (PROMENADE)",Open,2024,9/13/2024,2024 Open - SEP '24,2024,9/11/2024,Comp,Yes,,1,3,1,R03 D01,Phoenix-Mesa-Scottsdale,"Phoenix (Prescott), AZ",,986 MISSION PARKWAY STE 103,CASA GRANDE,AZ,85194,32.9,-111.7," 14,380 ",Exurban,"344,418",110,665,"6,067,817","$82,166",GT80K,28%,21%,17%,35%,87%,80 - 100,"$86,887",48%,40-60%,7%,5-10%,33%,30-40%,3%,2-4%,0.98%,49.87%,,,LT8MM,LT8MM,H,,,,,,, ,,,,,,,"$2,729,497","$1,204,775","$5,264,818",,,,,,, ,,,,,9.6%,"$333,650 ","11,587"
1615,"ELMHURST, NY (QUEENS CNTR)",Open,2024,11/1/2024,2024 Open - OCT '24,2024,10/31/2024,Comp,Yes,,3,14,5,R14 D05,New York-Newark-Jersey City,"New York, NY",Top 10 DMA,"92-59 59TH AVE, 1ST FLOOR",ELMHURST,NY,11373,40.7,-73.9," 46,905 ",Super Urban,"1,056,848","41,594","38,467","22,165,424","$78,937",70K-80K,35%,19%,14%,33%,77%,LT 80,"$101,231",20%,LT 20%,7%,5-10%,44%,GT 40%,24%,GT 8%,0.08%,49.12%,,,08 - 10 MM,20M+,AA,,,,,,, ,,,,,,,"$8,447,055","$1,685,927","$29,395,940",,,,,,, ,,,,,12.7%,"$1,150,358 ","47,699"
1618,"TROY, MI",Open,2024,10/18/2024,2024 Open - OCT '24,2024,10/17/2024,Comp,Yes,,3,8,2,R08 D02,Detroit-Warren-Dearborn,"Detroit, MI",,600 JOHN R ROAD,TROY,MI,48083,42.5,-83.1," 19,402 ",Suburban,"401,604","3,527","3,908","4,913,743","$72,004",70K-80K,25%,15%,13%,47%,104%,100 - 120,"$77,383",61%,GT 60%,18%,15-20%,3%,LT 10%,13%,GT 8%,-0.10%,48.12%,,,LT8MM,LT8MM,H,,,,,,, ,,,,,,,"$2,306,585","$306,668","$6,057,107",,,,,,, ,,,,,3.3%,"$357,261 ","11,514"
1619,"LEESBURG, VA (BATTLEFIELD)",Open,2024,10/18/2024,2024 Open - OCT '24,2024,10/17/2024,Comp,Yes,,5,11,4,R11 D04,Washington-Arlington-Alexandria,"Washington, DC (Hagerstown, MD)",Top 10 DMA,1041 EDWARDS FERRY RD NE,LEESBURG,VA,20176,39.1,-77.5," 18,630 ",Light Suburban,"527,333",781,"2,320","7,403,493","$178,675",GT80K,9%,6%,8%,76%,132%,GT 120,"$120,994",47%,40-60%,8%,5-10%,16%,10-20%,24%,GT 8%,0.54%,51.13%,,,LT8MM,LT8MM,H,,,,,,, ,,,,,,,"$1,799,505","$213,108","$4,037,653",,,,,,, ,,,,,-1.4%,"$326,963 ","8,607"
1620,"KNIGHTDALE, NC (KNHTDL MRKTPLC",Open,2024,10/18/2024,2024 Open - OCT '24,2024,10/17/2024,Comp,Yes,,5,18,2,R18 D02,Raleigh,"Raleigh-Durham (Fayetteville), NC",,220 HINTON OAKS BLVD,KNIGHTDALE,NC,27545,35.8,-78.5," 13,480 ",Light Suburban,"616,324",690,"1,681","3,519,023","$89,575",GT80K,27%,19%,13%,41%,114%,100 - 120,"$82,758",47%,40-60%,28%,20-30%,17%,10-20%,3%,2-4%,1.03%,51.85%,,,LT8MM,LT8MM,H,,,,,,, ,,,,,,,"$2,021,287","$269,700","$5,137,588",,,,,,, ,,,,,11.0%,"$355,000 ","10,630"
1621,"HOT SPRINGS, AR (FAIRGROUND)",Open,2024,9/13/2024,2024 Open - SEP '24,2024,9/12/2024,Comp,Yes,,4,6,2,R06 D02,Hot Springs,"Little Rock-Pine Bluff, AR",,1454 HIGDON FERRY RD,HOT SPRINGS,AR,71913,34.5,-93.1," 17,234 ",Exurban,"179,398",52,"1,217","1,476,977","$58,260",LT60K,43%,21%,12%,24%,80%,80 - 100,"$61,355",77%,GT 60%,9%,5-10%,7%,LT 10%,1%,LT 2%,0.00%,49.82%,,,LT8MM,LT8MM,H,,,,,,, ,,,,,,,"$2,111,709","$1,011,968","$4,396,686",,,,,,, ,,,,,12.8%,"$302,349 ","8,955"
1622,"JOLIET, IL (LJ POINTE)",Open,2025,2/28/2025,2025 Open - FEB '25,2025,2/27/2025,Non-Comp,Yes,,4,7,1,R07 D01,Chicago-Naperville-Elgin,"Chicago, IL",Top 10 DMA,2850 PLAINFIELD RD,JOLIET,IL,60435,41.6,-88.2," 20,195 ",Light Suburban,"507,447",837,"2,440","9,518,952","$108,512",GT80K,20%,15%,13%,52%,107%,100 - 120,"$91,619",54%,40-60%,11%,10-15%,23%,20-30%,8%,GT 8%,-0.18%,48.49%,,,,LT8MM,,,,,,,, ,,,,,,,,,"$5,605,273",,,,,,, ,,,,,,"$308,349 ",NA
1623,"SAN ANTONIO, TX (WOODLAKE)",Open,2025,3/7/2025,2025 Open - MAR '25,2025,3/6/2025,Non-Comp,Yes,,4,28,3,R28 D03,San Antonio-New Braunfels,"San Antonio, TX",,6216 WOODGLEN DRIVE,SAN ANTONIO,TX,78244,29.5,-98.4," 14,111 ",Suburban,"475,673","1,927","4,193","3,079,144","$68,818",60K-70K,37%,21%,14%,29%,96%,80 - 100,"$76,315",26%,20-40%,15%,15-20%,52%,GT 40%,3%,2-4%,1.18%,50.03%,,,,LT8MM,,,,,,,, ,,,,,,,,,"$6,862,006",,,,,,, ,,,,,,"$362,259 ",NA
1624," CAROLINA, PR (ESCORIAL)",Open,2025,4/19/2025,2025 Open - APR '25,2025,4/11/2025,Non-Comp,Yes,,5,31,1,R31 D01,,Puerto Rico,Top 10 DMA,"RAMAL 8, INT. CARR. #3",CAROLINA,PR,987,18.4,-66.0," 21,511 ",Suburban,"458,756","6,474","3,022","3,245,457","$29,559",LT60K,71%,13%,7%,9%,96%,80 - 100,"$25,105",1%,LT 20%,0%,LT 5%,98%,GT 40%,0%,LT 2%,0.00%,0.00%,,,,10 - 12 MM,,,,,,,, ,,,,,,,,,"$11,240,334",,,,,,, ,,,,,,"$566,789 ",NA
1625,"FAJARDO, PR (PLZA FAJARDO)",Open,2025,7/4/2025,2025 Open - JUN '25,2025,7/2/2025,Non-Comp,Yes,,5,31,4,R31 D04,,Puerto Rico,Top 10 DMA,150 CARR. 940,FAJARDO,PR,738,18.3,-65.7," 17,725 ",Rural,"67,670","1,300",405,"3,245,457","$24,228",LT60K,82%,12%,3%,4%,109%,100 - 120,"$25,105",1%,LT 20%,0%,LT 5%,99%,GT 40%,0%,LT 2%,0.00%,0.00%,,,,08 - 10 MM,,,,,,,, ,,,,,,,,,"$8,160,047",,,,,,, ,,,,,,"$490,522 ",NA
1626,"GREENDALE, WI (SOUTHRDGE PLZA)",Open,2024,10/4/2024,2024 Open - SEP '24,2024,10/3/2024,Comp,Yes,,1,5,2,R05 D02,Milwaukee-Waukesha-West Allis,"Milwaukee, WI",,5445 S 76TH STREET,GREENDALE,WI,53129,42.9,-88.0," 16,696 ",Suburban,"390,365","3,271","3,183","2,243,542","$67,510",60K-70K,32%,18%,13%,37%,103%,100 - 120,"$80,132",46%,40-60%,15%,10-15%,30%,30-40%,5%,4-6%,0.03%,48.38%,,,LT8MM,LT8MM,H,,,,,,, ,,,,,,,"$2,469,640","$273,339","$5,601,536",,,,,,, ,,,,,-5.8%,"$285,640 ","11,316"
1627,"RICHMOND, VA (WHITE OAK)",Open,2024,10/11/2024,2024 Open - OCT '24,2024,10/10/2024,Comp,Yes,,5,11,1,R11 D01,Richmond,"Richmond-Petersburg, VA",,4531 S LABURNUM AVE STE #730,RICHMOND,VA,23231,37.5,-77.4," 12,700 ",Light Suburban,"311,878",546,"2,322","1,613,854","$70,772",70K-80K,34%,16%,13%,36%,69%,LT 80,"$85,072",33%,20-40%,50%,GT 30%,10%,LT 10%,2%,2-4%,0.62%,50.06%,,,LT8MM,LT8MM,H,,,,,,, ,,,,,,,"$2,347,067","$315,660","$6,343,633",,,,,,, ,,,,,14.3%,"$360,331 ","10,646"
1628,"MUSKOGEE, OK (RIVER CITY)",Open,2024,10/4/2024,2024 Open - SEP '24,2024,10/3/2024,Comp,Yes,,4,16,5,R16 D05,Muskogee,"Tulsa, OK",,900 W. SHAWNEE STREET,MUSKOGEE,OK,74401,35.8,-95.4," 19,342 ",Exurban,"138,692",68,798,"1,468,910","$55,004",LT60K,37%,20%,13%,30%,73%,LT 80,"$64,849",50%,40-60%,6%,5-10%,7%,LT 10%,1%,LT 2%,0.41%,50.94%,,,LT8MM,LT8MM,H,,,,,,, ,,,,,,,"$2,069,483","$191,314","$3,983,614",,,,,,, ,,,,,-12.6%,"$293,522 ","10,234"
1630,"BOWLING GREEN, KY (GARY FRM)",Open,2024,10/18/2024,2024 Open - OCT '24,2024,10/16/2024,Comp,Yes,,5,18,1,R18 D01,Bowling Green,"Bowling Green, KY",,2300 GARY FARM BLVD STE 400,BOWLING GREEN,KY,42104,37.0,-86.4," 17,785 ",Light Suburban,"296,206",115,"2,254","227,562","$59,398",LT60K,39%,18%,13%,30%,91%,80 - 100,"$59,572",79%,GT 60%,7%,5-10%,6%,LT 10%,3%,2-4%,0.96%,51.47%,,,LT8MM,LT8MM,F,,,,,,, ,,,,,,,"$2,740,312","$350,174","$7,721,847",,,,,,, ,,,,,-1.8%,"$426,191 ","13,982"
1631,"LA PUENTE, CA (HACIENDA)",Open,2024,11/1/2024,2024 Open - OCT '24,2024,10/31/2024,Comp,Yes,,1,4,4,R04 D04,Los Angeles-Long Beach-Anaheim,"Los Angeles, CA",Top 10 DMA,785 N HACIENDA BLVD,LA PUENTE,CA,91744,34.0,-118.0," 15,490 ",Light Urban,"189,949","5,596","6,522","18,082,820","$97,783",GT80K,26%,15%,14%,45%,104%,100 - 120,"$97,162",5%,LT 20%,2%,LT 5%,69%,GT 40%,23%,GT 8%,-0.04%,47.33%,,,LT8MM,LT8MM,G,,,,,,, ,,,,,,,"$2,840,202","$453,801","$7,507,390",,,,,,, ,,,,,-1.4%,"$410,323 ","17,897"
1632,"SHEBOYGAN, WI (MEMORIAL MALL)",Open,2024,11/1/2024,2024 Open - OCT '24,2024,10/31/2024,Comp,Yes,,1,5,2,R05 D02,Sheboygan,"Milwaukee, WI",,3347 KOHLER MEMORIAL DRIVE,SHEBOYGAN,WI,53081,43.8,-87.8," 16,440 ",Light Suburban,"97,812",528,"2,123","2,243,542","$73,239",70K-80K,31%,19%,14%,36%,85%,80 - 100,"$80,132",77%,GT 60%,2%,LT 5%,9%,LT 10%,7%,6-8%,0.03%,48.38%,,,LT8MM,LT8MM,H,,,,,,, ,,,,,,,"$1,489,739","$189,609","$3,810,525",,,,,,, ,,,,,-3.4%,"$260,427 ","8,722"
1633,"EATONTOWN, NJ",Open,2024,11/1/2024,2024 Open - OCT '24,2024,10/31/2024,Comp,Yes,,3,13,2,R13 D02,New York-Newark-Jersey City,"New York, NY",Top 10 DMA,92 STATE ROUTE 36,EATONTOWN,NJ,7724,40.3,-74.0," 13,113 ",Light Suburban,"227,336","1,599","2,608","22,165,424","$109,371",GT80K,22%,10%,11%,57%,97%,80 - 100,"$101,231",60%,GT 60%,11%,10-15%,17%,10-20%,6%,4-6%,0.08%,49.12%,,,LT8MM,LT8MM,H,,,,,,, ,,,,,,,"$1,949,498","$216,306","$4,906,756",,,,,,, ,,,,,-15.4%,"$353,902 ","11,482"
1634,"WAUWATOSA, WI",Open,2025,5/30/2025,2025 Open - MAY '25,2025,5/29/2025,Non-Comp,Yes,,1,5,2,R05 D02,Milwaukee-Waukesha-West Allis,"Milwaukee, WI",,11500 W BURLEIGH ST STE 170,WAUWATOSA,WI,53222,43.1,-88.1," 16,410 ",Suburban,"339,076","3,879","3,187","2,243,542","$58,280",LT60K,46%,17%,11%,26%,110%,100 - 120,"$80,132",28%,20-40%,56%,GT 30%,6%,LT 10%,6%,6-8%,0.03%,48.38%,,,,LT8MM,,,,,,,, ,,,,,,,,,"$3,887,073",,,,,,, ,,,,,,"$340,249 ",NA
1635,"DAVIE, FL (TOWN AND COUNTRY)",Open,2025,5/23/2025,2025 Open - MAY '25,2025,5/21/2025,Non-Comp,Yes,,5,30,3,R30 D03,Miami-Fort Lauderdale-West Palm Beach,"Miami-Ft. Lauderdale, FL",Top 10 DMA,1801 S UNIVERSITY DR,DAVIE,FL,33324,26.1,-80.3," 21,553 ",Suburban,"1,317,967","4,737","3,796","4,800,721","$78,450",70K-80K,34%,17%,14%,35%,114%,100 - 120,"$78,384",22%,20-40%,32%,GT 30%,37%,30-40%,4%,4-6%,0.33%,48.16%,,,,LT8MM,,,,,,,, ,,,,,,,,,"$6,493,396",,,,,,, ,,,,,,"$429,104 ",NA
1636,"NEW ORLEANS, LA (ALGIERS)",Open,2024,11/1/2024,2024 Open - OCT '24,2024,10/28/2024,Comp,Yes,,4,17,2,R17 D02,New Orleans-Metairie,"New Orleans, LA",,3022 Holiday Drive,NEW ORLEANS,LA,70131,29.9,-90.0," 13,701 ",Suburban,"246,138",600,"3,909","1,749,451","$60,903",60K-70K,45%,17%,10%,28%,81%,80 - 100,"$64,913",26%,20-40%,53%,GT 30%,12%,10-20%,5%,4-6%,-0.21%,46.83%,,,LT8MM,LT8MM,H,,,,,,, ,,,,,,,"$1,482,655","$228,535","$3,592,845",,,,,,, ,,,,,5.2%,"$310,778 ","9,130"
1637,"TULARE, CA (MONTE VISTA CTR)",Open,2024,11/1/2024,2024 Open - OCT '24,2024,10/31/2024,Comp,Yes,,1,21,2,R21 D02,Visalia-Porterville,"Fresno-Visalia, CA",,1035 E. PROSPERITY AVE,TULARE,CA,93274,36.2,-119.3," 22,262 ",Light Suburban,"116,767",222,"2,464","2,139,083","$73,915",70K-80K,32%,20%,11%,37%,105%,100 - 120,"$72,136",24%,20-40%,2%,LT 5%,69%,GT 40%,2%,2-4%,0.33%,47.34%,,,LT8MM,LT8MM,G,,,,,,, ,,,,,,,"$2,633,600","$406,649","$7,117,500",,,,,,, ,,,,,6.3%,"$404,972 ","16,656"
1638,"MERCEDES, TX (RIO GRANDE)",Open,2024,10/18/2024,2024 Open - OCT '24,2024,10/16/2024,Comp,Yes,Yes,4,28,1,R28 D01,McAllen-Edinburg-Mission,"Harlingen-Weslaco-Brownsville-McAllen, TX",,5001 E EXPRESSWAY 83,MERCEDES,TX,78570,26.2,-97.9," 20,564 ",Exurban,"1,244,074",536,682,"1,426,817","$56,875",LT60K,51%,18%,13%,19%,91%,80 - 100,"$55,116",7%,LT 20%,1%,LT 5%,91%,GT 40%,1%,LT 2%,0.55%,51.13%,,,LT8MM,12 - 20 MM,D,,,,,,, ,,,,,,,"$4,072,949","$863,955","$12,466,479",,,,,,, ,,,,,56.0%,"$470,722 ","19,504"
1639,"HOUSTON, TX (WESTHILL VLG)",Open,2025,3/14/2025,2025 Open - MAR '25,2025,3/12/2025,Non-Comp,Yes,,4,17,5,R17 D05,Houston-The Woodlands-Sugar Land,"Houston, TX",Top 10 DMA,7639 WESTHEIMER RD.,HOUSTON,TX,77063,29.7,-95.5," 15,919 ",Light Urban,"473,454","7,031","7,883","8,054,291","$64,230",60K-70K,39%,17%,12%,32%,74%,LT 80,"$82,684",28%,20-40%,16%,15-20%,41%,GT 40%,12%,GT 8%,1.17%,52.51%,,,,LT8MM,,,,,,,, ,,,,,,,,,"$7,382,254",,,,,,, ,,,,,,"$379,992 ",NA
1640,"HOUSTON, TX (STEEPLECHASE)",Open,2025,3/28/2025,2025 Open - MAR '25,2025,3/24/2025,Non-Comp,Yes,,4,17,4,R17 D04,Houston-The Woodlands-Sugar Land,"Houston, TX",Top 10 DMA,10787 JONES RD,HOUSTON,TX,77065,29.9,-95.6," 16,978 ",Suburban,"744,094","3,334","3,987","8,054,291","$93,125",GT80K,25%,17%,12%,46%,94%,80 - 100,"$82,684",32%,20-40%,14%,10-15%,39%,30-40%,11%,GT 8%,1.17%,52.51%,,,,LT8MM,,,,,,,, ,,,,,,,,,"$5,552,143",,,,,,, ,,,,,,"$378,911 ",NA
1641,"IRONDEQUOIT, NY (CULVER RDG)",Open,2025,10/3/2025,2025 Open - SEP '25,2025,10/2/2025,Non-Comp,Yes,,3,10,1,R10 D01,Rochester,"Rochester, NY",,2255 EAST RIDGE ROAD,IRONDEQUOIT,NY,14622,43.2,-77.6," 18,865 ",Suburban,"368,633","3,424","3,926","1,070,857","$62,376",60K-70K,44%,16%,12%,27%,84%,80 - 100,"$75,675",52%,40-60%,24%,20-30%,15%,10-20%,4%,2-4%,-0.07%,48.57%,,,,LT8MM,,,,,,,, ,,,,,,,,,"$3,003,169",,,,,,, ,,,,,,"$348,310 ",NA
1643,"PONCE, PR (PLZA DEL CARIBE)",Open,2026,2/27/2026,2026 Open - FEB '26,2026,2/26/2026,Non-Comp,Yes,,5,31,6,R31 D06,,Puerto Rico,Top 10 DMA,2050 PONCE BYPASS,PONCE,PR,717,18.0,-66.6," 22,676 ",Exurban,"140,309","2,516","1,096","3,245,457","$19,611",LT60K,82%,9%,4%,5%,74%,LT 80,"$25,105",0%,LT 20%,0%,LT 5%,99%,GT 40%,0%,LT 2%,0.00%,0.00%,,,,,,,,,,,, ,,,,,,,,,,,,,,,, ,,,,,,"$3,864 ",NA
1644,"TUCSON, AZ (CIRCLE PLAZA)",Open,2025,7/25/2025,2025 Open - JUL '25,2025,7/24/2025,Non-Comp,Yes,,1,3,1,R03 D01,Tucson,"Tucson (Sierra Vista), AZ",,7160 E BROADWAY BLVD,TUCSON,AZ,85710,32.2,-110.8," 15,544 ",Suburban,"569,705","2,155","4,568","1,249,836","$62,336",60K-70K,43%,17%,13%,28%,85%,80 - 100,"$70,964",46%,40-60%,5%,LT 5%,39%,30-40%,3%,2-4%,0.33%,47.32%,,,,LT8MM,,,,,,,, ,,,,,,,,,"$3,146,805",,,,,,, ,,,,,,"$320,425 ",NA
1645,"POMONA, CA",Open,2026,3/6/2026,2026 Open - MAR '26,2026,3/2/2026,Non-Comp,,,1,4,4,R04 D04,Los Angeles-Long Beach-Anaheim,"Los Angeles, CA",Top 10 DMA,606 E. HOLT AVE,POMONA,CA,91767,34.1,-117.7, -   ,Light Urban,"798,531","4,245","6,884","18,082,820","$99,234",GT80K,24%,14%,14%,48%,86%,80 - 100,"$97,162",18%,LT 20%,4%,LT 5%,55%,GT 40%,21%,GT 8%,-0.04%,47.33%,,,,,,,,,,,, ,,,,,,,,,,,,,,,, ,,,,,,$0 ,NA
1647,"VICTORIA, TX",Future GO,2026,3/13/2026,2026 Open - MAR '26,,,,,,4,17,4,R17 D04,,,,8907 N NAVARRO STREET,VICTORIA,TX,77904,,,,,,,,,,,,,,,,,,45%,40-60%,5%,5-10%,46%,GT 40%,2%,LT 2%,,,,,,,,,,,,,, ,,,,,,,,,,,,,,,, ,,,,,,$0 ,NA
1648,"MODESTO, CA (VINTAGE CMNS )",Open,2025,4/4/2025,2025 Open - MAR '25,2025,4/3/2025,Non-Comp,Yes,,1,21,5,R21 D05,Modesto,"Sacramento-Stockton-Modesto, CA",,3900 SISK ROAD,MODESTO,CA,95356,37.7,-121.1," 22,318 ",Light Suburban,"370,786",881,"2,413","4,601,910","$84,166",GT80K,30%,16%,13%,41%,91%,80 - 100,"$95,209",32%,20-40%,3%,LT 5%,50%,GT 40%,9%,GT 8%,0.42%,50.62%,,,,LT8MM,,,,,,,, ,,,,,,,,,"$7,499,380",,,,,,, ,,,,,,"$391,515 ",NA
1649,"CORONA, CA (XING AT CORONA)",Open,2025,5/16/2025,2025 Open - MAY '25,2025,5/15/2025,Non-Comp,Yes,Yes,1,4,3,R04 D03,Riverside-San Bernardino-Ontario,"Los Angeles, CA",Top 10 DMA,3439 GRAND OAKS,CORONA,CA,92881,33.8,-117.5," 14,417 ",Exurban,"422,968","1,439","1,481","18,082,820","$108,464",GT80K,20%,14%,13%,53%,155%,GT 120,"$97,162",28%,20-40%,5%,5-10%,52%,GT 40%,10%,GT 8%,-0.04%,47.33%,,,,LT8MM,,,,,,,, ,,,,,,,,,"$4,191,410",,,,,,, ,,,,,,"$335,552 ",NA
1650,"MIAMI LAKES, FL (RED PALMTT)",Open,2025,7/25/2025,2025 Open - JUL '25,2025,7/24/2025,Non-Comp,Yes,,5,31,7,R31 D07,Miami-Fort Lauderdale-West Palm Beach,"Miami-Ft. Lauderdale, FL",Top 10 DMA,16000 NW 57TH AVE,MIAMI LAKES,FL,33014,25.9,-80.3," 15,724 ",Light Urban,"375,771","6,238","6,629","4,800,721","$76,841",70K-80K,38%,14%,16%,32%,96%,80 - 100,"$78,384",5%,LT 20%,21%,20-30%,71%,GT 40%,2%,LT 2%,0.33%,48.16%,,,,LT8MM,,,,,,,, ,,,,,,,,,"$4,239,783",,,,,,, ,,,,,,"$381,945 ",NA
1652,"PITTSFIELD, MA (BERSHIRE XING)",Open,2025,8/22/2025,2025 Open - AUG '25,2025,8/20/2025,Non-Comp,Yes,,3,10,5,R10 D05,Pittsfield,"Albany-Schenectady-Troy, NY",,555 HUBBARD AVENUE,PITTSFIELD,MA,1201,42.5,-73.2," 11,472 ",Exurban,"112,174",144,"1,117","1,403,073","$77,701",70K-80K,36%,13%,13%,37%,89%,80 - 100,"$80,596",84%,GT 60%,4%,LT 5%,6%,LT 10%,1%,LT 2%,-0.08%,48.89%,,,,LT8MM,,,,,,,, ,,,,,,,,,"$2,144,608",,,,,,, ,,,,,,"$262,752 ",NA
1653,"MESA, AZ (MESA)",Open,2025,6/27/2025,2025 Open - JUN '25,2025,6/26/2025,Non-Comp,Yes,,1,3,6,R03 D06,Phoenix-Mesa-Scottsdale,"Phoenix (Prescott), AZ",,2840 E MAIN STREET SUITE 109,MESA,AZ,85213,33.4,-111.8," 23,852 ",Light Urban,"360,295","4,236","5,450","6,067,817","$74,207",70K-80K,34%,19%,14%,33%,88%,80 - 100,"$86,887",55%,40-60%,4%,LT 5%,32%,30-40%,2%,2-4%,0.98%,49.87%,,,,LT8MM,,,,,,,, ,,,,,,,,,"$3,590,691",,,,,,, ,,,,,,"$349,844 ",NA
1654,"MANCHESTER, CT (BUCKLAND HL)",Open,2025,6/27/2025,2025 Open - JUN '25,2025,6/25/2025,Non-Comp,Yes,,3,10,6,R10 D06,Hartford-West Hartford-East Hartford,"Hartford & New Haven, CT",,1470 PLEASANT VALLEY ROAD,MANCHESTER,CT,6042,41.8,-72.6," 16,848 ",Light Suburban,"315,516",791,"2,047","2,641,771","$97,855",GT80K,26%,14%,14%,45%,101%,100 - 120,"$89,240",58%,40-60%,14%,10-15%,15%,10-20%,8%,GT 8%,-0.04%,48.18%,,,,LT8MM,,,,,,,, ,,,,,,,,,"$4,598,367",,,,,,, ,,,,,,"$309,951 ",NA
1655,"TURLOCK, CA (COUNTRYSIDE)",Open,2025,8/22/2025,2025 Open - AUG '25,2025,8/19/2025,Non-Comp,Yes,,1,21,5,R21 D05,Modesto,"Sacramento-Stockton-Modesto, CA",,1840 COUNTRYSIDE DRIVE,TURLOCK,CA,95380,37.5,-120.9," 22,466 ",Light Suburban,"339,994",346,"2,560","4,601,910","$76,664",70K-80K,33%,18%,14%,36%,87%,80 - 100,"$95,209",29%,20-40%,2%,LT 5%,58%,GT 40%,6%,6-8%,0.42%,50.62%,,,,LT8MM,,,,,,,, ,,,,,,,,,"$4,503,423",,,,,,, ,,,,,,"$377,511 ",NA
1656,"CLIFTON HEIGHTS, PA (PLAZA)",Open,2025,6/27/2025,2025 Open - JUN '25,2025,6/25/2025,Non-Comp,Yes,,3,25,5,R25 D05,Philadelphia-Camden-Wilmington,"Philadelphia, PA",Top 10 DMA,713 E BALTIMORE AVENUE,CLIFTON HEIGHTS,PA,19018,39.9,-75.3," 22,358 ",Urban,"378,768","8,559","10,089","8,441,533","$66,970",60K-70K,38%,19%,12%,32%,74%,LT 80,"$88,536",38%,20-40%,46%,GT 30%,5%,LT 10%,6%,6-8%,0.23%,48.33%,,,,LT8MM,,,,,,,, ,,,,,,,,,"$4,091,581",,,,,,, ,,,,,,"$363,545 ",NA
1657,"MANOR, TX (MANOR XING), TX",Open,2026,3/6/2026,2026 Open - MAR '26,2026,3/2/2026,Non-Comp,,,4,28,2,R28 D02,Austin-Round Rock,"Austin, TX",,11910 E US 290 SUITE 332,MANOR,TX,78653,30.4,-97.5," 14,444 ",Exurban,"582,897","1,773","1,303","2,777,592","$92,350",GT80K,25%,18%,14%,43%,98%,80 - 100,"$102,471",34%,20-40%,13%,10-15%,41%,GT 40%,8%,6-8%,1.97%,51.72%,,,,,,,,,,,, ,,,,,,,,,,,,,,,, ,,,,,,$0 ,NA
1658,"SANTA MARIA, CA",Open,2026,2/27/2026,2026 Open - FEB '26,2026,2/23/2026,Non-Comp,Yes,,1,21,2,R21 D02,Santa Maria-Santa Barbara,"Santa Barbara-Santa Maria-San Luis Obispo, CA",,1417 S. BROADWAY,SANTA MARIA,CA,93454,34.9,-120.4," 18,520 ",Suburban,"251,324",277,"3,969","727,510","$93,892",GT80K,25%,15%,13%,47%,85%,80 - 100,"$96,213",36%,20-40%,1%,LT 5%,55%,GT 40%,4%,2-4%,0.03%,47.15%,,,,,,,,,,,, ,,,,,,,,,,,,,,,, ,,,,,,$8 ,NA
1659,"BROOKLYN, NY (KINGS HWY)",Open,2025,9/5/2025,2025 Open - SEP '25,2025,9/4/2025,Non-Comp,Yes,,3,14,3,R14 D03,New York-Newark-Jersey City,"New York, NY",Top 10 DMA,946 KINGS HIGHWAY,BROOKLYN,NY,11223,40.6,-74.0," 21,797 ",Super Urban,"510,519","40,845","39,502","22,165,424","$72,692",70K-80K,38%,15%,12%,35%,74%,LT 80,"$101,231",53%,40-60%,6%,5-10%,12%,10-20%,25%,GT 8%,0.08%,49.12%,,,,LT8MM,,,,,,,, ,,,,,,,,,"$6,466,180",,,,,,, ,,,,,,"$536,893 ",NA
1660,"INDIANAPOLIS, IN (STH PLAZA)",Open,2025,5/16/2025,2025 Open - MAY '25,2025,5/15/2025,Non-Comp,Yes,,4,6,1,R06 D01,Indianapolis-Carmel-Anderson,"Indianapolis, IN",,"4200 S EAST ST, UNIT 32",INDIANAPOLIS,IN,46227,39.7,-86.2," 17,314 ",Light Suburban,"384,560","2,304","2,502","3,190,106","$70,065",70K-80K,38%,16%,14%,31%,83%,80 - 100,"$75,828",61%,GT 60%,13%,10-15%,13%,10-20%,8%,6-8%,0.46%,50.09%,,,,LT8MM,,,,,,,, ,,,,,,,,,"$5,219,338",,,,,,, ,,,,,,"$332,805 ",NA
1661,"HOUSTON, TX (LAKESIDE)",Open,2025,8/29/2025,2025 Open - AUG '25,2025,8/28/2025,Non-Comp,Yes,,4,17,5,R17 D05,Houston-The Woodlands-Sugar Land,"Houston, TX",Top 10 DMA,10960 WESTHEIMER RD,HOUSTON,TX,77042,29.7,-95.6," 17,982 ",Light Urban,"526,740","5,707","6,935","8,054,291","$62,633",60K-70K,42%,18%,11%,29%,74%,LT 80,"$82,684",24%,20-40%,20%,15-20%,39%,30-40%,14%,GT 8%,1.17%,52.51%,,,,LT8MM,,,,,,,, ,,,,,,,,,"$3,734,892",,,,,,, ,,,,,,"$371,555 ",NA
1662,"GREEN VALLEY, AZ",Open,2025,8/29/2025,2025 Open - AUG '25,2025,8/28/2025,Non-Comp,Yes,Yes,1,3,1,R03 D01,Tucson,"Tucson (Sierra Vista), AZ",,18705 S I 19 FRONTAGE RD,GREEN VALLEY,AZ,85614,31.9,-111.0," 20,602 ",Exurban,"151,993",358,794,"1,249,836","$72,357",70K-80K,36%,18%,15%,31%,103%,100 - 120,"$70,964",36%,20-40%,3%,LT 5%,53%,GT 40%,1%,LT 2%,0.33%,47.32%,,,,LT8MM,,,,,,,, ,,,,,,,,,"$3,520,082",,,,,,, ,,,,,,"$357,191 ",NA
1663,"FRESNO, CA (KINGS CANYON)",Open,2025,10/10/2025,2025 Open - OCT '25,2025,10/10/2025,Non-Comp,Yes,,1,21,5,R21 D05,Fresno,"Fresno-Visalia, CA",,4895 E CESAR CHAVEZ BLVD,FRESNO,CA,93727,36.7,-119.7," 18,968 ",Light Urban,"618,692","1,423","5,523","2,139,083","$67,074",60K-70K,42%,15%,12%,32%,78%,LT 80,"$72,136",18%,LT 20%,5%,5-10%,60%,GT 40%,13%,GT 8%,0.33%,47.34%,,,,LT8MM,,,,,,,, ,,,,,,,,,"$3,744,212",,,,,,, ,,,,,,"$505,322 ",NA
1664,"SPRING VALLEY, CA (SV CTR)",Future GO,2026,3/13/2026,2026 Open - MAR '26,,,,,,1,4,2,R04 D02,,,,633 SWEETWATER RD,SPRING VALLEY,CA,91977,,,,,,,,,,,,,,,,,,22%,20-40%,8%,5-10%,51%,GT 40%,14%,GT 8%,,,,,,,,,,,,,, ,,,,,,,,,,,,,,,, ,,,,,,$0 ,NA
1665,"PUYALLUP, WA (PUYALLUP)",Open,2025,9/19/2025,2025 Open - SEP '25,2025,9/18/2025,Non-Comp,Yes,,1,1,2,R01 D02,Seattle-Tacoma-Bellevue,"Seattle-Tacoma, WA",,120 31ST AVE SE,PUYALLUP,WA,98374,47.2,-122.3," 20,025 ",Light Suburban,"615,950","1,781","2,995","5,772,567","$103,389",GT80K,21%,15%,14%,50%,95%,80 - 100,"$108,737",56%,40-60%,7%,5-10%,15%,10-20%,8%,GT 8%,0.66%,52.46%,,,,LT8MM,,,,,,,, ,,,,,,,,,"$3,312,065",,,,,,, ,,,,,,"$345,024 ",NA
1666,"SALINA, KS",Open,2025,8/15/2025,2025 Open - AUG '25,2025,8/14/2025,Non-Comp,Yes,,4,6,4,R06 D04,Salina,"Wichita-Hutchinson, KS Plus",,2450 S 9TH ST,SALINA,KS,67401,38.8,-97.6," 19,723 ",Exurban,"53,346",74,"1,446","1,222,255","$66,326",60K-70K,39%,20%,12%,29%,100%,100 - 120,"$66,170",75%,GT 60%,3%,LT 5%,13%,10-20%,2%,2-4%,-0.08%,52.77%,,,,LT8MM,,,,,,,, ,,,,,,,,,"$2,404,466",,,,,,, ,,,,,,"$324,161 ",NA
1667,"NORTH HIGHLANDS, CA",Open,2025,9/19/2025,2025 Open - SEP '25,2025,9/19/2025,Non-Comp,Yes,,1,21,3,R21 D03,Sacramento--Roseville--Arden-Arcade,"Sacramento-Stockton-Modesto, CA",,3615 ELKHORN BLVD,NORTH HIGHLANDS,CA,95660,38.7,-121.4," 22,799 ",Light Urban,"338,068","3,020","5,329","4,601,910","$88,490",GT80K,28%,15%,15%,42%,84%,80 - 100,"$95,209",46%,40-60%,8%,5-10%,26%,20-30%,12%,GT 8%,0.42%,50.62%,,,,LT8MM,,,,,,,, ,,,,,,,,,"$3,143,713",,,,,,, ,,,,,,"$404,962 ",NA
1668,"GARDEN GROVE, CA",Open,2025,7/25/2025,2025 Open - JUL '25,2025,7/24/2025,Non-Comp,Yes,,1,3,5,R03 D05,Los Angeles-Long Beach-Anaheim,"Los Angeles, CA",Top 10 DMA,9661 CHAPMAN AVE,GARDEN GROVE,CA,92841,33.8,-118.0," 13,867 ",Urban,"658,646","9,056","10,101","18,082,820","$93,871",GT80K,27%,14%,12%,46%,89%,80 - 100,"$97,162",18%,LT 20%,2%,LT 5%,40%,GT 40%,36%,GT 8%,-0.04%,47.33%,,,,LT8MM,,,,,,,, ,,,,,,,,,"$3,933,855",,,,,,, ,,,,,,"$391,209 ",NA
1669,"WARRENSVILLE HEIGHTS, OH",Open,2025,10/3/2025,2025 Open - SEP '25,2025,10/2/2025,Non-Comp,Yes,,3,8,3,R08 D03,Cleveland-Elyria,"Cleveland-Akron (Canton), OH",,4063 RICHMOND ROAD,WARRENSVILLE HEIGHTS,OH,44122,41.4,-81.5," 13,206 ",Light Suburban,"399,148","1,578","1,914","3,823,814","$78,844",70K-80K,32%,17%,11%,40%,102%,100 - 120,"$69,527",52%,40-60%,36%,GT 30%,3%,LT 10%,5%,4-6%,-0.09%,47.83%,,,,LT8MM,,,,,,,, ,,,,,,,,,"$1,915,633",,,,,,, ,,,,,,"$307,862 ",NA
1670,"MCALLEN, TX (LAS TIENDAS)",Open,2025,8/15/2025,2025 Open - AUG '25,2025,8/13/2025,Non-Comp,Yes,Yes,4,28,1,R28 D01,McAllen-Edinburg-Mission,"Harlingen-Weslaco-Brownsville-McAllen, TX",,724 E EXPRESSWAY 83,MCALLEN,TX,78503,26.2,-98.2," 23,761 ",Suburban,"299,291","2,120","3,006","1,426,817","$56,671",LT60K,48%,17%,12%,23%,87%,80 - 100,"$55,116",6%,LT 20%,1%,LT 5%,92%,GT 40%,1%,LT 2%,0.55%,51.13%,,,,LT8MM,,,,,,,, ,,,,,,,,,"$7,412,105",,,,,,, ,,,,,,"$459,798 ",NA
1671,"AMARILLO, TX (WESTGATE)",Open,2025,8/15/2025,2025 Open - AUG '25,2025,8/11/2025,Non-Comp,Yes,,4,16,2,R16 D02,Amarillo,"Amarillo, TX",,2510 S SONCY ROAD,AMARILLO,TX,79124,35.2,-101.9," 23,962 ",Exurban,"262,639",79,"1,499","540,088","$69,131",60K-70K,36%,17%,14%,33%,122%,GT 120,"$64,297",54%,40-60%,7%,5-10%,32%,30-40%,3%,2-4%,0.04%,51.61%,,,,LT8MM,,,,,,,, ,,,,,,,,,"$5,434,040",,,,,,, ,,,,,,"$395,495 ",NA
1672,"EL PASO, TX (BASSETT PL)",Open,2025,8/29/2025,2025 Open - AUG '25,2025,8/28/2025,Non-Comp,Yes,Yes,4,28,4,R28 D04,El Paso,"El Paso, TX (Las Cruces, NM)",,6101 GATEWAY BLVD W,EL PASO,TX,79925,31.8,-106.4," 35,826 ",Suburban,"362,874","1,233","3,068","1,105,750","$51,884",LT60K,51%,18%,11%,21%,69%,LT 80,"$61,021",12%,LT 20%,3%,LT 5%,81%,GT 40%,2%,LT 2%,0.30%,48.20%,,,,08 - 10 MM,,,,,,,, ,,,,,,,,,"$8,109,893",,,,,,, ,,,,,,"$642,739 ",NA
1673,"N LAS VEGAS, NV (FIESTA PLZ)",Open,2025,8/22/2025,2025 Open - AUG '25,2025,8/21/2025,Non-Comp,Yes,,1,4,1,R04 D01,Las Vegas-Henderson-Paradise,"Las Vegas, NV",,2201 CIVIC CENTER DRIVE,NORTH LAS VEGAS,NV,89030,36.2,-115.1," 32,420 ",Light Urban,"627,262","6,208","6,872","2,478,119","$58,681",LT60K,46%,19%,13%,22%,61%,LT 80,"$79,597",18%,LT 20%,18%,15-20%,53%,GT 40%,5%,4-6%,0.87%,45.85%,,,,LT8MM,,,,,,,, ,,,,,,,,,"$6,138,697",,,,,,, ,,,,,,"$564,546 ",NA
1674,"SAN ANTONIO, TX (CROSSTOWNE)",Open,2025,7/25/2025,2025 Open - JUL '25,2025,7/23/2025,Non-Comp,Yes,,4,28,3,R28 D03,San Antonio-New Braunfels,"San Antonio, TX",,4807 W COMMERCE ST,SAN ANTONIO,TX,78237,29.4,-98.6," 27,983 ",Light Urban,"226,478","4,225","5,070","3,079,144","$45,228",LT60K,57%,19%,11%,14%,57%,LT 80,"$76,315",6%,LT 20%,3%,LT 5%,89%,GT 40%,1%,LT 2%,1.18%,50.03%,,,,LT8MM,,,,,,,, ,,,,,,,,,"$5,502,177",,,,,,, ,,,,,,"$487,602 ",NA
1675,"LAREDO, TX (CASA BLANCA)",Open,2025,9/26/2025,2025 Open - SEP '25,2025,9/25/2025,Non-Comp,Yes,Yes,4,28,5,R28 D05,Laredo,"Laredo, TX",,2420 BOB BULLOCK LOOP,LAREDO,TX,78043,27.5,-99.4," 23,031 ",Suburban,"247,116",383,"3,467","284,769","$61,397",60K-70K,43%,15%,14%,29%,93%,80 - 100,"$61,990",4%,LT 20%,0%,LT 5%,95%,GT 40%,1%,LT 2%,0.23%,49.33%,,,,LT8MM,,,,,,,, ,,,,,,,,,"$6,335,091",,,,,,, ,,,,,,"$521,890 ",NA
1676,"GARNER, NC (GARNER TOWNE SQ)",Open,2025,8/15/2025,2025 Open - AUG '25,2025,8/14/2025,Non-Comp,Yes,,5,18,2,R18 D02,Raleigh,"Raleigh-Durham (Fayetteville), NC",,2580 TIMBER DRIVE,GARNER,NC,27529,35.7,-78.6," 15,572 ",Light Suburban,"344,640","1,371","1,655","3,519,023","$90,756",GT80K,27%,18%,12%,43%,90%,80 - 100,"$82,758",49%,40-60%,27%,20-30%,15%,10-20%,4%,4-6%,1.03%,51.85%,,,,LT8MM,,,,,,,, ,,,,,,,,,"$3,081,168",,,,,,, ,,,,,,"$404,856 ",NA
1677,"SAN ANTONIO, TX",Open,2025,7/25/2025,2025 Open - JUL '25,2025,7/23/2025,Non-Comp,Yes,,4,28,5,R28 D05,San Antonio-New Braunfels,"San Antonio, TX",,3143 SE MILITARY DR,SAN ANTONIO,TX,78223,29.4,-98.4," 22,000 ",Light Suburban,"249,673","1,028","2,728","3,079,144","$60,937",60K-70K,44%,21%,14%,21%,69%,LT 80,"$76,315",13%,LT 20%,6%,5-10%,79%,GT 40%,1%,LT 2%,1.18%,50.03%,,,,LT8MM,,,,,,,, ,,,,,,,,,"$5,734,972",,,,,,, ,,,,,,"$350,457 ",NA
1678,"TEXAS CITY,TX (GALVESTON PL)",Open,2025,8/8/2025,2025 Open - AUG '25,2025,8/7/2025,Non-Comp,Yes,,4,17,3,R17 D03,Houston-The Woodlands-Sugar Land,"Houston, TX",Top 10 DMA,3405 PALMER HWY,TEXAS CITY,TX,77590,29.4,-94.9," 23,513 ",Light Suburban,"262,431",934,"1,768","8,054,291","$90,519",GT80K,29%,16%,15%,40%,75%,LT 80,"$82,684",50%,40-60%,14%,10-15%,29%,20-30%,3%,2-4%,1.17%,52.51%,,,,LT8MM,,,,,,,, ,,,,,,,,,"$2,644,010",,,,,,, ,,,,,,"$354,658 ",NA
1679,"SAN ANTONIO, TX (BANDERA)",Open,2025,8/8/2025,2025 Open - AUG '25,2025,8/6/2025,Non-Comp,Yes,,4,28,3,R28 D03,San Antonio-New Braunfels,"San Antonio, TX",,11650 BANDERA RD,SAN ANTONIO,TX,78250,29.6,-98.7," 22,884 ",Suburban,"318,477","3,527","3,516","3,079,144","$80,599",GT80K,29%,18%,16%,38%,133%,GT 120,"$76,315",27%,20-40%,7%,5-10%,56%,GT 40%,7%,6-8%,1.18%,50.03%,,,,LT8MM,,,,,,,, ,,,,,,,,,"$3,477,460",,,,,,, ,,,,,,"$341,372 ",NA
1680,"DALLAS, TX",Open,2025,8/29/2025,2025 Open - AUG '25,2025,8/28/2025,Non-Comp,Yes,,4,16,4,R16 D04,Dallas-Fort Worth-Arlington,"Dallas-Ft. Worth, TX",Top 10 DMA,4351 DALLAS FORT WORTH TPK,DALLAS,TX,75211,32.8,-96.9," 21,616 ",Light Suburban,"568,870","3,468","2,540","9,039,276","$73,664",70K-80K,37%,17%,12%,34%,69%,LT 80,"$89,635",20%,20-40%,16%,15-20%,57%,GT 40%,5%,4-6%,1.36%,52.96%,,,,LT8MM,,,,,,,, ,,,,,,,,,"$3,918,870",,,,,,, ,,,,,,"$380,917 ",NA
1681,"CARSON CITY, NV (VALLEY PLZ)",Open,2025,7/25/2025,2025 Open - JUL '25,2025,7/25/2025,Non-Comp,Yes,,1,21,3,R21 D03,Gardnerville Ranchos,"Reno, NV",,911 TOPSY LANE,CARSON CITY,NV,89705,39.1,-119.8," 15,153 ",Exurban,"210,647",205,714,"832,043","$96,516",GT80K,25%,16%,13%,47%,97%,80 - 100,"$84,979",68%,GT 60%,1%,LT 5%,19%,10-20%,5%,4-6%,0.68%,48.97%,,,,LT8MM,,,,,,,, ,,,,,,,,,"$3,946,692",,,,,,, ,,,,,,"$373,658 ",NA
1682,"TORRANCE, CA",Future GO,2026,3/13/2026,2026 Open - MAR '26,,,,,,1,3,3,R03 D03,,,,955 SEPULVEDA BOULEVARD,TORRANCE,CA,90502,,,,,,,,,,,,,,,,,,23%,20-40%,8%,5-10%,41%,GT 40%,23%,GT 8%,,,,,,,,,,,,,, ,,,,,,,,,,,,,,,, ,,,,,,$0 ,NA
1683,"AUSTIN, TX (CAPITAL PLZ)",Open,2025,8/29/2025,2025 Open - AUG '25,2025,8/27/2025,Non-Comp,Yes,,4,28,2,R28 D02,Austin-Round Rock,"Austin, TX",,5431 N. INTERSTATE 35,AUSTIN,TX,78723,30.3,-97.7," 19,303 ",Light Urban,"450,813","2,658","6,031","2,777,592","$81,347",GT80K,32%,17%,13%,38%,78%,LT 80,"$102,471",38%,20-40%,10%,5-10%,42%,GT 40%,7%,6-8%,1.97%,51.72%,,,,LT8MM,,,,,,,, ,,,,,,,,,"$4,670,216",,,,,,, ,,,,,,"$545,960 ",NA
1684,"SOUTHFIELD, MI (CORNERSTONE)",Open,2025,8/29/2025,2025 Open - AUG '25,2025,8/27/2025,Non-Comp,Yes,,3,8,4,R08 D04,Detroit-Warren-Dearborn,"Detroit, MI",,23691 GREENFIELD ROAD,SOUTHFIELD,MI,48075,42.5,-83.2," 16,876 ",Suburban,"679,308","4,337","4,686","4,913,743","$59,138",LT60K,44%,17%,12%,27%,89%,80 - 100,"$77,383",30%,20-40%,60%,GT 30%,3%,LT 10%,2%,2-4%,-0.10%,48.12%,,,,LT8MM,,,,,,,, ,,,,,,,,,"$3,437,301",,,,,,, ,,,,,,"$270,471 ",NA
1685,"ALLENTOWN, PA (SOUTH MALL)",Open,2025,10/31/2025,2025 Open - OCT '25,2025,10/30/2025,Non-Comp,Yes,,3,25,5,R25 D05,Allentown-Bethlehem-Easton,"Philadelphia, PA",Top 10 DMA,3300 LEHIGH STREET,ALLENTOWN,PA,18103,40.6,-75.5," 14,680 ",Light Suburban,"423,908","1,500","2,259","8,441,533","$77,919",70K-80K,33%,18%,12%,38%,88%,80 - 100,"$88,536",56%,40-60%,7%,5-10%,30%,30-40%,4%,2-4%,0.23%,48.33%,,,,LT8MM,,,,,,,, ,,,,,,,,,"$2,560,911",,,,,,, ,,,,,,"$371,568 ",NA
1686,"DYERSBURG,TN",Future GO,2027,2/26/2027,2027 Open - FEB '27,,,,,,4,6,2,R06 D02,,,,2700 LAKE RD,DYERSBURG,TN,38024,,,,,,,,,,,,,,,,,,72%,GT 60%,18%,15-20%,5%,LT 10%,0%,LT 2%,,,,,,,,,,,,,, ,,,,,,,,,,,,,,,, ,,,,,,NA,NA
1687,"PHOENIX, AZ",Open,2025,10/17/2025,2025 Open - OCT '25,2025,10/13/2025,Non-Comp,Yes,,1,3,4,R03 D04,Phoenix-Mesa-Scottsdale,"Phoenix (Prescott), AZ",,4255 W THUNDERBIRD RD.,PHOENIX,AZ,85053,33.6,-112.1," 13,273 ",Light Urban,"349,123","5,127","5,454","6,067,817","$79,337",70K-80K,31%,18%,15%,36%,88%,80 - 100,"$86,887",54%,40-60%,6%,5-10%,29%,20-30%,5%,4-6%,0.98%,49.87%,,,,LT8MM,,,,,,,, ,,,,,,,,,"$1,718,293",,,,,,, ,,,,,,"$287,951 ",NA
1688,"ORLANDO, FL (ORLANDO)",Open,2025,10/17/2025,2025 Open - OCT '25,2025,10/15/2025,Non-Comp,Yes,,5,30,6,R30 D06,Orlando-Kissimmee-Sanford,"Orlando-Daytona Beach-Melbourne, FL",,7873 S ORANGE BLOSSOM TRL,ORLANDO,FL,32809,28.5,-81.4," 14,564 ",Light Suburban,"277,777","3,081","2,816","4,872,913","$64,666",60K-70K,37%,25%,14%,25%,74%,LT 80,"$78,250",25%,20-40%,28%,20-30%,36%,30-40%,4%,4-6%,1.47%,51.85%,,,,LT8MM,,,,,,,, ,,,,,,,,,"$2,791,726",,,,,,, ,,,,,,"$334,317 ",NA
1689,"STOCKBRIDGE, GA",Open,2025,9/5/2025,2025 Open - SEP '25,2025,9/3/2025,Non-Comp,Yes,,5,19,3,R19 D03,Atlanta-Sandy Springs-Roswell,"Atlanta, GA",Top 10 DMA,31 HWY138 STE 150,STOCKBRIDGE,GA,30281,33.6,-84.3," 18,683 ",Light Suburban,"291,999","1,519","2,085","7,692,390","$74,374",70K-80K,30%,19%,16%,34%,76%,LT 80,"$87,109",15%,LT 20%,63%,GT 30%,13%,10-20%,6%,4-6%,0.88%,50.12%,,,,LT8MM,,,,,,,, ,,,,,,,,,"$4,029,697",,,,,,, ,,,,,,"$363,914 ",NA
1690,"HOUSTON, TX (THREE CORNERS)",Open,2025,10/24/2025,2025 Open - OCT '25,2025,10/20/2025,Non-Comp,Yes,,4,17,5,R17 D05,Houston-The Woodlands-Sugar Land,"Houston, TX",Top 10 DMA,8210 KIRBY DR,HOUSTON,TX,77054,29.7,-95.4," 15,520 ",Suburban,"962,034","4,942","4,948","8,054,291","$78,795",70K-80K,33%,17%,11%,40%,98%,80 - 100,"$82,684",28%,20-40%,22%,20-30%,38%,30-40%,9%,GT 8%,1.17%,52.51%,,,,LT8MM,,,,,,,, ,,,,,,,,,"$2,219,154",,,,,,, ,,,,,,"$446,581 ",NA
1691,"LAS VEGAS, NV (BLUE DIAMOND)",Open,2025,9/5/2025,2025 Open - SEP '25,2025,9/4/2025,Non-Comp,Yes,,1,4,1,R04 D01,Las Vegas-Henderson-Paradise,"Las Vegas, NV",,3940 BLUE DIAMOND RD,LAS VEGAS,NV,89139,36.0,-115.2," 19,364 ",Suburban,"420,584","4,690","3,903","2,478,119","$95,659",GT80K,23%,17%,15%,46%,124%,GT 120,"$79,597",37%,20-40%,10%,10-15%,22%,20-30%,22%,GT 8%,0.87%,45.85%,,,,LT8MM,,,,,,,, ,,,,,,,,,"$3,739,152",,,,,,, ,,,,,,"$409,544 ",NA
1692,"MOLINE, IL (RIVER PLACE)",Open,2026,3/6/2026,2026 Open - MAR '26,2026,3/2/2026,Non-Comp,,,1,5,3,R05 D03,Davenport-Moline-Rock Island,"Davenport, IA-Rock Island-Moline, IL",,770 42ND AVENUE DRIVE,MOLINE,IL,61265,41.5,-90.5, -   ,Light Suburban,"190,833",612,"2,209","749,033","$65,254",60K-70K,41%,17%,14%,28%,93%,80 - 100,"$70,641",66%,GT 60%,12%,10-15%,14%,10-20%,3%,2-4%,-0.29%,51.90%,,,,,,,,,,,, ,,,,,,,,,,,,,,,, ,,,,,,$0 ,NA
1693,"PARIS, TN (PARIS CROSSING)",Future GO,2026,7/10/2026,2026 Open - JUL '26,,,,,,5,18,1,R18 D01,,,,1933 MINERAL WELLS AVE,PARIS,TN,38242,,,,,,,,,,,,,,,,,,84%,GT 60%,8%,5-10%,3%,LT 10%,1%,LT 2%,,,,,,,,,,,,,, ,,,,,,,,,,,,,,,, ,,,,,,NA,NA
1694,"COLTON, CA (CENTREPOINTE)",Open,2025,10/24/2025,2025 Open - OCT '25,2025,10/20/2025,Non-Comp,Yes,,1,4,5,R04 D05,Riverside-San Bernardino-Ontario,"Los Angeles, CA",Top 10 DMA,1080 S. MOUNT VERNON AVE,COLTON,CA,92324,34.1,-117.3," 15,435 ",Light Suburban,"261,303","4,166","2,867","18,082,820","$71,203",70K-80K,38%,18%,14%,30%,79%,LT 80,"$97,162",10%,LT 20%,8%,5-10%,72%,GT 40%,6%,6-8%,-0.04%,47.33%,,,,LT8MM,,,,,,,, ,,,,,,,,,"$2,616,325",,,,,,, ,,,,,,"$353,536 ",NA
1695,"FORT OGLETHORPE, GA",Open,2025,10/10/2025,2025 Open - OCT '25,2025,10/6/2025,Non-Comp,Yes,,5,18,6,R18 D06,Chattanooga,"Chattanooga, TN",,2625 BATTLEFIELD PKWY,FORT OGLETHORPE,GA,30742,34.9,-85.2," 15,799 ",Exurban,"284,476",735,"1,001","1,076,166","$66,505",60K-70K,37%,20%,15%,29%,84%,80 - 100,"$67,468",65%,GT 60%,18%,15-20%,9%,LT 10%,2%,2-4%,0.45%,53.67%,,,,LT8MM,,,,,,,, ,,,,,,,,,"$2,117,829",,,,,,, ,,,,,,"$343,059 ",NA
1696,"HOUSTON, TX (PARK PLAZA)",Open,2025,10/3/2025,2025 Open - SEP '25,2025,9/29/2025,Non-Comp,Yes,,4,17,4,R17 D04,Houston-The Woodlands-Sugar Land,"Houston, TX",Top 10 DMA,4743 HWY 6 N,HOUSTON,TX,77084,29.8,-95.6," 19,201 ",Suburban,"804,174","3,783","3,708","8,054,291","$83,060",GT80K,29%,18%,13%,40%,102%,100 - 120,"$82,684",27%,20-40%,17%,15-20%,42%,GT 40%,10%,GT 8%,1.17%,52.51%,,,,LT8MM,,,,,,,, ,,,,,,,,,"$2,905,448",,,,,,, ,,,,,,"$361,753 ",NA
1697,"BRUNSWICK, GA (GOLDEN ISLES)",Open,2025,7/25/2025,2025 Open - JUL '25,2025,7/23/2025,Non-Comp,Yes,,5,19,4,R19 D04,Brunswick,"Jacksonville, FL",,197 GOLDEN ISLES PLAZA,BRUNSWICK,GA,31520,31.2,-81.5," 17,967 ",Exurban,"90,999",111,"1,088","2,186,986","$74,221",70K-80K,36%,21%,12%,31%,78%,LT 80,"$78,343",62%,GT 60%,24%,20-30%,8%,LT 10%,2%,LT 2%,1.23%,51.32%,,,,LT8MM,,,,,,,, ,,,,,,,,,"$2,900,312",,,,,,, ,,,,,,"$253,644 ",NA
1698,"SAINT PAUL, MN (SUN RAY)",Open,2025,10/31/2025,2025 Open - OCT '25,2025,10/30/2025,Non-Comp,Yes,,1,5,4,R05 D04,Minneapolis-St. Paul-Bloomington,"Minneapolis-St. Paul, MN",,2089 OLD HUDSON RD,SAINT PAUL,MN,55119,45.0,-93.0," 12,444 ",Suburban,"446,055","3,555","4,238","5,035,066","$82,328",GT80K,32%,16%,13%,39%,81%,80 - 100,"$91,896",50%,40-60%,15%,10-15%,10%,LT 10%,20%,GT 8%,0.42%,52.29%,,,,LT8MM,,,,,,,, ,,,,,,,,,"$2,136,778",,,,,,, ,,,,,,"$341,904 ",NA
1699,"EAST HAVEN, CT",Open,2025,10/17/2025,2025 Open - OCT '25,2025,10/13/2025,Non-Comp,Yes,,3,25,1,R25 D01,New Haven-Milford,"Hartford & New Haven, CT",,78 FRONTAGE RD,EAST HAVEN,CT,6512,41.3,-72.9," 21,049 ",Suburban,"212,916","1,925","4,384","2,641,771","$70,732",70K-80K,34%,14%,12%,40%,71%,LT 80,"$89,240",50%,40-60%,15%,10-15%,25%,20-30%,6%,6-8%,-0.04%,48.18%,,,,LT8MM,,,,,,,, ,,,,,,,,,"$3,218,279",,,,,,, ,,,,,,"$330,828 ",NA
1700,"BAYSHORE, NY",Open,2025,10/10/2025,2025 Open - OCT '25,2025,10/6/2025,Non-Comp,Yes,,3,14,1,R14 D01,New York-Newark-Jersey City,"New York, NY",Top 10 DMA,1851 SUNRISE HWY,BAY SHORE,NY,11706,40.7,-73.2," 31,295 ",Suburban,"266,920","3,694","4,657","22,165,424","$127,970",GT80K,17%,11%,11%,61%,122%,GT 120,"$101,231",39%,20-40%,11%,10-15%,43%,GT 40%,4%,2-4%,0.08%,49.12%,,,,LT8MM,,,,,,,, ,,,,,,,,,"$5,562,157",,,,,,, ,,,,,,"$431,086 ",NA
1701,"GRANDVILLE, MI (MP)",Open,2025,10/3/2025,2025 Open - SEP '25,2025,10/1/2025,Non-Comp,Yes,,3,8,5,R08 D05,Grand Rapids-Wyoming,"Grand Rapids-Kalamazoo-Battle Creek, MI",,4655 CANAL AVE SW,GRANDVILLE,MI,49418,42.9,-85.8," 20,576 ",Light Suburban,"470,619","1,543","1,897","2,126,807","$77,945",70K-80K,31%,18%,15%,36%,112%,100 - 120,"$75,179",66%,GT 60%,11%,10-15%,15%,10-20%,4%,2-4%,0.16%,52.70%,,,,LT8MM,,,,,,,, ,,,,,,,,,"$2,263,322",,,,,,, ,,,,,,"$326,689 ",NA
1702,"LAS VEGAS, NV (SAHARA D PLZ)",Open,2025,10/17/2025,2025 Open - OCT '25,2025,10/13/2025,Non-Comp,Yes,,1,4,1,R04 D01,Las Vegas-Henderson-Paradise,"Las Vegas, NV",,5055 W SAHARA AVE,LAS VEGAS,NV,89146,36.1,-115.2," 23,304 ",Light Urban,"670,988","6,703","5,454","2,478,119","$56,349",LT60K,47%,19%,13%,20%,76%,LT 80,"$79,597",20%,20-40%,18%,15-20%,50%,GT 40%,7%,6-8%,0.87%,45.85%,,,,LT8MM,,,,,,,, ,,,,,,,,,"$3,025,191",,,,,,, ,,,,,,"$530,405 ",NA
1703,"MCALLEN, TX (PALMS CROSSING)",Open,2025,10/24/2025,2025 Open - OCT '25,2025,10/22/2025,Non-Comp,Yes,Yes,4,28,1,R28 D01,McAllen-Edinburg-Mission,"Harlingen-Weslaco-Brownsville-McAllen, TX",,3300 W EXPRESSWAY 83 UNT 200,MCALLEN,TX,78501,26.2,-98.3," 24,189 ",Suburban,"136,724","1,767","3,104","1,426,817","$57,642",LT60K,48%,15%,11%,26%,97%,80 - 100,"$55,116",8%,LT 20%,1%,LT 5%,89%,GT 40%,2%,LT 2%,0.55%,51.13%,,,,LT8MM,,,,,,,, ,,,,,,,,,"$3,564,166",,,,,,, ,,,,,,"$483,771 ",NA
1704,"WENTZVILLE, MO",Open,2025,10/17/2025,2025 Open - OCT '25,2025,10/16/2025,Non-Comp,Yes,,4,6,3,R06 D03,St. Louis,"St. Louis, MO",,1927 WENTZVILLE PKWY,WENTZVILLE,MO,63385,38.8,-90.9," 13,899 ",Light Suburban,"396,452",407,"1,572","3,181,819","$103,164",GT80K,21%,14%,14%,51%,134%,GT 120,"$80,162",83%,GT 60%,5%,LT 5%,4%,LT 10%,3%,2-4%,0.01%,50.74%,,,,LT8MM,,,,,,,, ,,,,,,,,,"$1,782,971",,,,,,, ,,,,,,"$276,153 ",NA
1705,"ARECIBO, PR (PLZ ATLANTICO)",Open,2026,3/6/2026,2026 Open - MAR '26,2026,3/2/2026,Non-Comp,,,5,31,6,R31 D06,,Puerto Rico,Top 10 DMA,1400 AV. MIRAMAR,ARECIBO,PR,612,18.5,-66.8, -   ,Exurban,"86,398","1,671",553,"3,245,457","$24,650",LT60K,79%,12%,5%,4%,104%,100 - 120,"$25,105",1%,LT 20%,0%,LT 5%,99%,GT 40%,0%,LT 2%,0.00%,0.00%,,,,,,,,,,,, ,,,,,,,,,,,,,,,, ,,,,,,$139 ,NA
1706,"JUNCOS, PUERTO RICO",Open,2025,10/31/2025,2025 Open - OCT '25,2025,10/30/2025,Non-Comp,Yes,,5,31,4,R31 D04,,Puerto Rico,Top 10 DMA,1 State Road 31,JUNCOS,PR,777,18.2,-65.9," 19,834 ",Exurban,"161,836","1,618",528,"3,245,457","$27,263",LT60K,76%,12%,6%,6%,124%,GT 120,"$25,105",1%,LT 20%,0%,LT 5%,99%,GT 40%,0%,LT 2%,0.00%,0.00%,,,,LT8MM,,,,,,,, ,,,,,,,,,"$3,274,486",,,,,,, ,,,,,,"$450,439 ",NA
1707,"PARKVILLE, MD (PERRING PLZ)",Open,2025,11/7/2025,2025 Open - NOV '25,2025,11/3/2025,Non-Comp,Yes,,5,11,2,R11 D02,Baltimore-Columbia-Towson,"Baltimore, MD",,1959 E JOPPA ROAD,PARKVILLE,MD,21234,39.4,-76.5," 15,110 ",Suburban,"235,892","4,924","4,323","3,060,911","$81,971",GT80K,30%,17%,14%,40%,82%,80 - 100,"$99,245",39%,20-40%,44%,GT 30%,5%,LT 10%,7%,6-8%,0.19%,48.69%,,,,LT8MM,,,,,,,, ,,,,,,,,,"$1,857,726",,,,,,, ,,,,,,"$312,089 ",NA
1708,"BURTON, MI (THE COURTYARD)",Open,2025,7/25/2025,2025 Open - JUL '25,2025,7/24/2025,Non-Comp,Yes,,3,8,4,R08 D04,Flint,"Flint-Saginaw-Bay City, MI",,4153 E COURT STREET,BURTON,MI,48509,43.0,-83.6," 12,034 ",Light Suburban,"455,811",409,"1,611","1,108,869","$63,604",60K-70K,40%,18%,13%,29%,79%,LT 80,"$62,356",72%,GT 60%,17%,15-20%,4%,LT 10%,1%,LT 2%,-0.22%,48.92%,,,,LT8MM,,,,,,,, ,,,,,,,,,"$2,424,851",,,,,,, ,,,,,,"$277,565 ",NA
1709,"LANCASTER,CA (LANCASTER CTR)",Open,2025,11/1/2025,2025 Open - OCT '25,2025,10/27/2025,Non-Comp,Yes,,1,21,2,R21 D02,Los Angeles-Long Beach-Anaheim,"Los Angeles, CA",Top 10 DMA,1070 W AVENUE K,LANCASTER,CA,93534,34.7,-118.2," 23,797 ",Suburban,"224,410","1,596","3,701","18,082,820","$83,644",GT80K,33%,15%,13%,39%,77%,LT 80,"$97,162",26%,20-40%,17%,15-20%,45%,GT 40%,5%,4-6%,-0.04%,47.33%,,,,LT8MM,,,,,,,, ,,,,,,,,,"$3,107,117",,,,,,, ,,,,,,"$340,987 ",NA
1711," BRANDYWINE, MD",Future GO,2026,6/19/2026,2026 Open - JUN '26,,,,,,5,11,4,R11 D04,,,,15920 ROBERT S CRAIN HWY,BRANDYWINE,MD,20613,,,,,,,,,,,,,,,,,,13%,LT 20%,68%,GT 30%,11%,10-20%,3%,2-4%,,,,,,,,,,,,,, ,,,,,,,,,,,,,,,, ,,,,,,NA,NA
1712,"WOODBRIDGE, NJ (ST GEORGES)",Open,2025,9/12/2025,2025 Open - SEP '25,2025,9/11/2025,Non-Comp,Yes,,3,13,4,R13 D04,New York-Newark-Jersey City,"New York, NY",Top 10 DMA,885 ST GEORGES AVENUE,WOODBRIDGE,NJ,7095,40.6,-74.3," 27,544 ",Light Urban,"1,038,762","3,742","5,192","22,165,424","$102,616",GT80K,24%,14%,13%,50%,109%,100 - 120,"$101,231",29%,20-40%,16%,15-20%,33%,30-40%,19%,GT 8%,0.08%,49.12%,,,,LT8MM,,,,,,,, ,,,,,,,,,"$4,302,526",,,,,,, ,,,,,,"$457,340 ",NA
1713,"ATLANTA, GA (NE PLAZA)",Open,2025,10/17/2025,2025 Open - OCT '25,2025,10/16/2025,Non-Comp,Yes,,5,19,2,R19 D02,Atlanta-Sandy Springs-Roswell,"Atlanta, GA",Top 10 DMA,3303 BUFORD HWY NE,ATLANTA,GA,30329,33.8,-84.3," 16,253 ",Light Urban,"549,843","4,513","5,263","7,692,390","$104,647",GT80K,23%,14%,11%,51%,125%,GT 120,"$87,109",48%,40-60%,16%,15-20%,21%,20-30%,10%,GT 8%,0.88%,50.12%,,,,LT8MM,,,,,,,, ,,,,,,,,,"$2,630,122",,,,,,, ,,,,,,"$343,491 ",NA
1715,"MAYAGUEZ, PR",Open,2025,11/1/2025,2025 Open - OCT '25,2025,10/27/2025,Non-Comp,Yes,,5,31,6,R31 D06,,Puerto Rico,Top 10 DMA,975 EUGENIO MARIA DE HOSTOS,MAYAGUEZ,PR,682,18.2,-67.1," 32,772 ",Exurban,"116,595","1,529",655,"3,245,457","$19,988",LT60K,83%,9%,3%,5%,87%,80 - 100,"$25,105",1%,LT 20%,0%,LT 5%,99%,GT 40%,0%,LT 2%,0.00%,0.00%,,,,LT8MM,,,,,,,, ,,,,,,,,,"$7,866,642",,,,,,, ,,,,,,"$727,466 ",NA
1716,"ANTIOCH, CA",Open,2025,9/5/2025,2025 Open - SEP '25,2025,9/4/2025,Non-Comp,Yes,,1,21,4,R21 D04,San Francisco-Oakland-Hayward,"San Francisco-Oakland-San Jose, CA",,5709 LONE TREE WAY,ANTIOCH,CA,94531,38.0,-121.7," 15,938 ",Suburban,"279,945","1,163","4,399","7,691,388","$123,863",GT80K,20%,10%,11%,59%,98%,80 - 100,"$137,673",32%,20-40%,13%,10-15%,34%,30-40%,13%,GT 8%,0.02%,50.97%,,,,LT8MM,,,,,,,, ,,,,,,,,,"$3,243,645",,,,,,, ,,,,,,"$388,640 ",NA
1718,"LAWRENCEVILLE, GA",Open,2025,10/17/2025,2025 Open - OCT '25,2025,10/16/2025,Non-Comp,Yes,,5,19,2,R19 D02,Atlanta-Sandy Springs-Roswell,"Atlanta, GA",Top 10 DMA,860 DULUTH HWY SUITE 110,LAWRENCEVILLE,GA,30043,34.0,-84.0," 14,261 ",Light Suburban,"501,519","2,307","2,891","7,692,390","$93,397",GT80K,23%,17%,14%,46%,92%,80 - 100,"$87,109",29%,20-40%,30%,20-30%,23%,20-30%,15%,GT 8%,0.88%,50.12%,,,,LT8MM,,,,,,,, ,,,,,,,,,"$2,776,374",,,,,,, ,,,,,,"$370,966 ",NA
1719,"ALGONQUIN, IL (RIVER POINT)",Open,2025,10/3/2025,2025 Open - SEP '25,2025,9/29/2025,Non-Comp,Yes,,4,7,4,R07 D04,Chicago-Naperville-Elgin,"Chicago, IL",Top 10 DMA,175 RANDALL RD,ALGONQUIN,IL,60102,42.2,-88.3," 12,923 ",Light Suburban,"349,269","1,005","2,270","9,518,952","$110,367",GT80K,18%,14%,14%,54%,129%,GT 120,"$91,619",62%,GT 60%,3%,LT 5%,24%,20-30%,7%,6-8%,-0.18%,48.49%,,,,LT8MM,,,,,,,, ,,,,,,,,,"$1,761,739",,,,,,, ,,,,,,"$267,030 ",NA
1720,"GLENOLDEN, PA",Open,2025,10/24/2025,2025 Open - OCT '25,2025,10/20/2025,Non-Comp,Yes,,3,25,5,R25 D05,Philadelphia-Camden-Wilmington,"Philadelphia, PA",Top 10 DMA,20 N MCDADE BLVD,GLENOLDEN,PA,19036,39.9,-75.3," 13,118 ",Light Urban,"230,090","5,861","7,030","8,441,533","$63,386",60K-70K,40%,19%,12%,29%,83%,80 - 100,"$88,536",39%,20-40%,48%,GT 30%,5%,LT 10%,5%,4-6%,0.23%,48.33%,,,,LT8MM,,,,,,,, ,,,,,,,,,"$2,278,762",,,,,,, ,,,,,,"$374,585 ",NA
1721,"CASPER, WY (BLACKMORE MKTPLC)",Future GO,2026,4/10/2026,2026 Open - APR '26,,,,,,1,1,5,R01 D05,,,,540 NEWPORT RD,CASPER,WY,82609,,,,,,,,,,,,,,,,,,83%,GT 60%,1%,LT 5%,9%,LT 10%,1%,LT 2%,,,,,,,,,,,,,, ,,,,,,,,,,,,,,,, ,,,,,,$0 ,NA
1722,"HOUSTON, TX (STONE PARK)",Open,2025,8/29/2025,2025 Open - AUG '25,2025,8/27/2025,Non-Comp,Yes,,4,17,3,R17 D03,Houston-The Woodlands-Sugar Land,"Houston, TX",Top 10 DMA,6022 E SAM HOUSTON PKWY N,HOUSTON,TX,77049,29.8,-95.2," 13,613 ",Suburban,"610,687","1,523","3,826","8,054,291","$69,875",60K-70K,37%,19%,13%,32%,82%,80 - 100,"$82,684",19%,LT 20%,21%,20-30%,56%,GT 40%,2%,LT 2%,1.17%,52.51%,,,,LT8MM,,,,,,,, ,,,,,,,,,"$3,936,009",,,,,,, ,,,,,,"$328,914 ",NA
1723,"NASHVILLE, TN (SOUTH PLAZA)",Open,2025,11/14/2025,2025 Open - NOV '25,2025,11/10/2025,Non-Comp,Yes,,5,18,1,R18 D01,Nashville-Davidson--Murfreesboro--Franklin,"Nashville, TN",,5702 NOLENSVILLE PK,NASHVILLE,TN,37211,36.0,-86.7," 24,490 ",Suburban,"403,143","1,925","3,832","3,298,024","$90,517",GT80K,27%,18%,15%,40%,104%,100 - 120,"$79,662",50%,40-60%,19%,15-20%,19%,10-20%,7%,6-8%,1.33%,52.68%,,,,LT8MM,,,,,,,, ,,,,,,,,,"$2,857,297",,,,,,, ,,,,,,"$275,198 ",NA
1724,"CHICAGO, IL (BISHOP PLAZA)",Open,2025,7/25/2025,2025 Open - JUL '25,2025,7/24/2025,Non-Comp,Yes,,4,7,1,R07 D01,Chicago-Naperville-Elgin,"Chicago, IL",Top 10 DMA,1424 W 47TH ST,CHICAGO,IL,60609,41.8,-87.7," 12,862 ",Urban,"410,978","11,143","11,232","9,518,952","$51,796",LT60K,52%,15%,11%,22%,57%,LT 80,"$91,619",6%,LT 20%,38%,GT 30%,50%,GT 40%,4%,4-6%,-0.18%,48.49%,,,,LT8MM,,,,,,,, ,,,,,,,,,"$4,217,891",,,,,,, ,,,,,,"$294,989 ",NA
1725,"VISALIA, CA (ORCHARD WALK W)",Open,2025,10/10/2025,2025 Open - OCT '25,2025,10/8/2025,Non-Comp,Yes,,1,21,5,R21 D05,Visalia-Porterville,"Fresno-Visalia, CA",,720 W. RIGGIN AVE,VISALIA,CA,93291,36.4,-119.3," 13,645 ",Light Suburban,"203,237",705,"2,744","2,139,083","$82,427",GT80K,31%,17%,15%,37%,110%,100 - 120,"$72,136",31%,20-40%,1%,LT 5%,60%,GT 40%,5%,4-6%,0.33%,47.34%,,,,LT8MM,,,,,,,, ,,,,,,,,,"$2,791,018",,,,,,, ,,,,,,"$333,210 ",NA
1726,"RENO, NV (NORTH RENO PLZ)",Open,2025,10/31/2025,2025 Open - OCT '25,2025,10/31/2025,Non-Comp,Yes,,1,21,3,R21 D03,Reno,"Reno, NV",,1901 SILVERADA BLVD.,RENO,NV,89512,39.5,-119.8," 16,665 ",Suburban,"259,182","3,124","4,546","832,043","$73,052",70K-80K,36%,18%,14%,32%,73%,LT 80,"$84,979",49%,40-60%,3%,LT 5%,34%,30-40%,6%,6-8%,0.68%,48.97%,,,,LT8MM,,,,,,,, ,,,,,,,,,"$2,724,158",,,,,,, ,,,,,,"$316,467 ",NA
1727,"MILFORD, MA (GRANITE PARK)",Open,2025,7/25/2025,2025 Open - JUL '25,2025,7/24/2025,Non-Comp,Yes,,3,10,2,R10 D02,Worcester,"Boston, MA (Manchester, NH)",Top 10 DMA,230 FORTUNE BOULEVARD,MILFORD,MA,1757,42.2,-71.5," 20,994 ",Exurban,"232,173",906,"1,488","6,834,716","$151,812",GT80K,17%,10%,10%,63%,103%,100 - 120,"$112,082",76%,GT 60%,2%,LT 5%,6%,LT 10%,9%,GT 8%,0.28%,49.68%,,,,LT8MM,,,,,,,, ,,,,,,,,,"$3,456,246",,,,,,, ,,,,,,"$339,298 ",NA
1728,"NEW ORLEANS, LA (RIVERWALK)",Open,2025,10/24/2025,2025 Open - OCT '25,2025,10/20/2025,Non-Comp,Yes,,4,17,2,R17 D02,New Orleans-Metairie,"New Orleans, LA",,500 PORT OF NEW ORLEANS PLC,NEW ORLEANS,LA,70130,29.9,-90.1," 15,677 ",Light Urban,"423,415","4,975","6,525","1,749,451","$60,885",60K-70K,45%,14%,9%,31%,85%,80 - 100,"$64,913",41%,40-60%,40%,GT 30%,12%,10-20%,2%,2-4%,-0.21%,46.83%,,,,LT8MM,,,,,,,, ,,,,,,,,,"$1,777,476",,,,,,, ,,,,,,"$458,858 ",NA
1729,"WARRINGTON, PA (VALLEY SQ)",Open,2025,9/19/2025,2025 Open - SEP '25,2025,9/17/2025,Non-Comp,Yes,,3,25,5,R25 D05,Philadelphia-Camden-Wilmington,"Philadelphia, PA",Top 10 DMA,1015 N MAIN STREET 1015,WARRINGTON,PA,18976,40.2,-75.1," 15,629 ",Light Suburban,"333,404","2,149","2,110","8,441,533","$117,336",GT80K,20%,12%,11%,58%,141%,GT 120,"$88,536",77%,GT 60%,6%,5-10%,6%,LT 10%,8%,6-8%,0.23%,48.33%,,,,LT8MM,,,,,,,, ,,,,,,,,,"$1,816,171",,,,,,, ,,,,,,"$281,973 ",NA
1730,"CARROLLWOOD, FL (PALMS)",Open,2025,9/19/2025,2025 Open - SEP '25,2025,9/17/2025,Non-Comp,Yes,,5,30,5,R30 D05,Tampa-St. Petersburg-Clearwater,"Tampa-St. Petersburg (Sarasota), FL",,13123 N DALE MABRY HWY,TAMPA,FL,33618,28.1,-82.5," 13,996 ",Suburban,"575,828","2,696","3,690","5,413,557","$75,378",70K-80K,34%,19%,13%,35%,106%,100 - 120,"$76,582",39%,20-40%,15%,10-15%,37%,30-40%,5%,4-6%,1.37%,51.59%,,,,LT8MM,,,,,,,, ,,,,,,,,,"$3,091,545",,,,,,, ,,,,,,"$280,805 ",NA
1731,"BROKEN ARROW, OK (ADAMS CRK)",Future GO,2026,6/26/2026,2026 Open - JUN '26,,,,,,4,16,5,R16 D05,,,,2200 EAST HILLSIDE DRIVE,BROKEN ARROW,OK,74012,,,,,,,,,,,,,,,,,,56%,40-60%,6%,5-10%,16%,10-20%,4%,2-4%,,,,,,,,,,,,,, ,,,,,,,,,,,,,,,, ,,,,,,NA,NA
1732,"COLUMBIA, SC (COLUMBIANA )",Open,2026,3/6/2026,2026 Open - MAR '26,2026,3/2/2026,Non-Comp,,,5,18,3,R18 D03,Columbia,"Columbia, SC",,136 HARBISON BLVD,COLUMBIA,SC,29212,34.1,-81.2, -   ,Light Suburban,"213,654",775,"1,684","1,130,272","$71,807",70K-80K,36%,18%,14%,32%,109%,100 - 120,"$66,112",51%,40-60%,35%,GT 30%,6%,LT 10%,3%,2-4%,0.50%,49.07%,,,,,,,,,,,, ,,,,,,,,,,,,,,,, ,,,,,,$0 ,NA
1733,"KENT, WA",Future GO,2026,5/8/2026,2026 Open - MAY '26,,,,,,1,1,2,R01 D02,,,,26015 104TH AVE SE SUITE 101,KENT,WA,98031,,,,,,,,,,,,,,,,,,42%,40-60%,11%,10-15%,17%,10-20%,19%,GT 8%,,,,,,,,,,,,,, ,,,,,,,,,,,,,,,, ,,,,,,$0 ,NA
1734,"NATIONAL CITY, CA (BAY PLZ)",Future GO,2026,5/15/2026,2026 Open - MAY '26,,,,,,1,4,2,R04 D02,,,,1410 EAST PLAZA BLVD,NATIONAL CITY,CA,91950,,,,,,,,,,,,,,,,,,21%,20-40%,9%,5-10%,52%,GT 40%,14%,GT 8%,,,,,,,,,,,,,, ,,,,,,,,,,,,,,,, ,,,,,,NA,NA
1735,"BRIGHTON, MI (BRIGHTON MALL)",Open,2025,7/25/2025,2025 Open - JUL '25,2025,7/24/2025,Non-Comp,Yes,,3,8,4,R08 D04,Detroit-Warren-Dearborn,"Detroit, MI",,8467 W GRAND RIVER AVE,BRIGHTON,MI,48116,42.5,-83.8," 14,738 ",Exurban,"404,333",387,"1,044","4,913,743","$111,261",GT80K,21%,13%,12%,54%,141%,GT 120,"$77,383",84%,GT 60%,2%,LT 5%,3%,LT 10%,6%,4-6%,-0.10%,48.12%,,,,LT8MM,,,,,,,, ,,,,,,,,,"$1,890,685",,,,,,, ,,,,,,"$289,067 ",NA
1736,"ANTIOCH, TN",Open,2025,10/17/2025,2025 Open - OCT '25,2025,10/13/2025,Non-Comp,Yes,,5,18,1,R18 D01,Nashville-Davidson--Murfreesboro--Franklin,"Nashville, TN",,5305 HICKORY HOLLOW PKWY,ANTIOCH,TN,37013,36.0,-86.7," 21,150 ",Suburban,"385,586","1,712","3,498","3,298,024","$91,073",GT80K,26%,19%,15%,40%,95%,80 - 100,"$79,662",49%,40-60%,20%,15-20%,20%,10-20%,6%,6-8%,1.33%,52.68%,,,,LT8MM,,,,,,,, ,,,,,,,,,"$4,663,442",,,,,,, ,,,,,,"$390,901 ",NA
1737,"PHILADELPHIA, PA (SO PHILA)",Future GO,2026,4/3/2026,2026 Open - MAR '26,,,,,,3,25,6,R25 D06,,,,2465 S 24TH ST,PHILADELPHIA,PA,19145,,,,,,,,,,,,,,,,,,46%,40-60%,25%,20-30%,11%,10-20%,14%,GT 8%,,,,,,,,,,,,,, ,,,,,,,,,,,,,,,, ,,,,,,$0 ,NA
1738,"BRIDGETON, MO (HILLTOP PLZ)",Future GO,2026,3/13/2026,2026 Open - MAR '26,,,,,,4,6,3,R06 D03,,,,11978 B ST. CHARLES ROCK RD.,BRIDGETON,MO,63044,,,,,,,,,,,,,,,,,,44%,40-60%,40%,GT 30%,5%,LT 10%,6%,4-6%,,,,,,,,,,,,,, ,,,,,,,,,,,,,,,, ,,,,,,$0 ,NA
1739,"CAROLINA, PR (LOS COLOBOS)",Open,2025,10/31/2025,2025 Open - OCT '25,2025,10/27/2025,Non-Comp,Yes,,5,31,4,R31 D04,,Puerto Rico,Top 10 DMA,LOS COLOBOS II CARR 3KM 14.1,CAROLINA,PR,983,18.4,-65.9," 21,348 ",Exurban,"260,061","3,864",990,"3,245,457","$31,344",LT60K,72%,14%,7%,7%,111%,100 - 120,"$25,105",1%,LT 20%,0%,LT 5%,99%,GT 40%,0%,LT 2%,0.00%,0.00%,,,,LT8MM,,,,,,,, ,,,,,,,,,"$4,286,239",,,,,,, ,,,,,,"$615,211 ",NA
1741,"NORTH AUGUSTA, SC (EDGEWOOD)",Future GO,2026,7/31/2026,2026 Open - JUL '26,,,,,,5,19,2,R19 D02,,,,101 EDGEWOOD DRIVE #400,NORTH AUGUSTA,SC,29841,,,,,,,,,,,,,,,,,,50%,40-60%,36%,GT 30%,7%,LT 10%,3%,2-4%,,,,,,,,,,,,,, ,,,,,,,,,,,,,,,, ,,,,,,NA,NA
1742,"LIVONIA, MI (COMMONS)",Open,2025,10/24/2025,2025 Open - OCT '25,2025,10/23/2025,Non-Comp,Yes,,3,8,2,R08 D02,Detroit-Warren-Dearborn,"Detroit, MI",,13477 MIDDLEBELT ROAD,LIVONIA,MI,48150,42.4,-83.3," 17,068 ",Suburban,"488,144","3,527","3,195","4,913,743","$69,068",60K-70K,36%,18%,13%,34%,111%,100 - 120,"$77,383",57%,40-60%,31%,GT 30%,4%,LT 10%,4%,2-4%,-0.10%,48.12%,,,,LT8MM,,,,,,,, ,,,,,,,,,"$2,373,940",,,,,,, ,,,,,,"$315,636 ",NA
1743,"CHICAGO, IL (BRICKYARD)",Open,2025,10/31/2025,2025 Open - OCT '25,2025,10/29/2025,Non-Comp,Yes,,4,7,3,R07 D03,Chicago-Naperville-Elgin,"Chicago, IL",Top 10 DMA,2554 N NARRAGANSETT AVE,CHICAGO,IL,60639,41.9,-87.8," 13,924 ",Urban,"642,970","11,192","12,322","9,518,952","$76,423",70K-80K,34%,16%,12%,39%,87%,80 - 100,"$91,619",30%,20-40%,20%,15-20%,44%,GT 40%,4%,2-4%,-0.18%,48.49%,,,,LT8MM,,,,,,,, ,,,,,,,,,"$2,406,213",,,,,,, ,,,,,,"$334,917 ",NA
1744,"COCONUT CREEK, FL",Open,2025,10/31/2025,2025 Open - OCT '25,2025,10/29/2025,Non-Comp,Yes,,5,30,3,R30 D03,Miami-Fort Lauderdale-West Palm Beach,"Miami-Ft. Lauderdale, FL",Top 10 DMA,4847 COCONUT CREEK PKWY,COCONUT CREEK,FL,33063,26.2,-80.2," 17,364 ",Suburban,"753,037","5,704","4,568","4,800,721","$71,488",70K-80K,36%,19%,14%,31%,90%,80 - 100,"$78,384",34%,20-40%,32%,GT 30%,25%,20-30%,3%,2-4%,0.33%,48.16%,,,,LT8MM,,,,,,,, ,,,,,,,,,"$2,163,093",,,,,,, ,,,,,,"$442,300 ",NA
1745,"JERSEY CITY,NJ (HUDSON MALL)",Future GO,2026,5/22/2026,2026 Open - MAY '26,,,,,,3,13,5,R13 D05,,,,701 NJ-440 SPACE 16,JERSEY CITY,NJ,7304,,,,,,,,,,,,,,,,,,30%,20-40%,15%,15-20%,27%,20-30%,24%,GT 8%,,,,,,,,,,,,,, ,,,,,,,,,,,,,,,, ,,,,,,NA,NA
1746,"NORTH BERGEN, NJ (COLUMBIA PC)",Open,2025,10/10/2025,2025 Open - OCT '25,2025,10/9/2025,Non-Comp,Yes,Yes,3,13,5,R13 D05,New York-Newark-Jersey City,"New York, NY",Top 10 DMA,3129 JFK BLVD SPACE,NORTH BERGEN,NJ,7047,40.8,-74.0," 24,090 ",Super Urban,"199,802","21,682","25,244","22,165,424","$73,062",70K-80K,36%,17%,13%,34%,108%,100 - 120,"$101,231",15%,LT 20%,3%,LT 5%,72%,GT 40%,7%,6-8%,0.08%,49.12%,,,,LT8MM,,,,,,,, ,,,,,,,,,"$6,497,645",,,,,,, ,,,,,,"$496,491 ",NA
1747,"DALTON, GA",Open,2025,10/24/2025,2025 Open - OCT '25,2025,10/20/2025,Non-Comp,Yes,,5,18,6,R18 D06,Dalton,"Chattanooga, TN",,1335 W WALNUT AVE,DALTON,GA,30720,34.8,-85.0," 16,789 ",Exurban,"167,060",298,"1,251","1,076,166","$66,474",60K-70K,37%,19%,17%,27%,90%,80 - 100,"$67,468",63%,GT 60%,3%,LT 5%,28%,20-30%,2%,LT 2%,0.45%,53.67%,,,,LT8MM,,,,,,,, ,,,,,,,,,"$2,572,512",,,,,,, ,,,,,,"$305,341 ",NA
1748,"COLUMBIA, SC (LANDMARK SQ)",Open,2025,10/31/2025,2025 Open - OCT '25,2025,10/31/2025,Non-Comp,Yes,,5,18,3,R18 D03,Columbia,"Columbia, SC",,6880 GARNERS FERRY RD,COLUMBIA,SC,29209,34.0,-81.0," 25,082 ",Light Suburban,"360,311",415,"1,976","1,130,272","$60,444",60K-70K,43%,18%,13%,26%,103%,100 - 120,"$66,112",44%,40-60%,41%,GT 30%,8%,LT 10%,3%,2-4%,0.50%,49.07%,,,,LT8MM,,,,,,,, ,,,,,,,,,"$2,772,850",,,,,,, ,,,,,,"$324,731 ",NA
1749,"Lake Jackson, TX",Open,2025,10/31/2025,2025 Open - OCT '25,2025,10/27/2025,Non-Comp,Yes,,4,17,3,R17 D03,Houston-The Woodlands-Sugar Land,"Houston, TX",Top 10 DMA,125 HIGHWAY 332 W,LAKE JACKSON,TX,77566,29.0,-95.5," 21,196 ",Exurban,"189,174",115,"1,136","8,054,291","$84,481",GT80K,28%,18%,15%,39%,121%,GT 120,"$82,684",46%,40-60%,13%,10-15%,36%,30-40%,2%,2-4%,1.17%,52.51%,,,,LT8MM,,,,,,,, ,,,,,,,,,"$2,113,083",,,,,,, ,,,,,,"$372,559 ",NA
1750,"ARLINGTON, TX (OVERLAND STG)",Open,2025,10/31/2025,2025 Open - OCT '25,2025,10/27/2025,Non-Comp,Yes,,4,16,3,R16 D03,Dallas-Fort Worth-Arlington,"Dallas-Ft. Worth, TX",Top 10 DMA,5781 SW GREEN OAKS BLVD,ARLINGTON,TX,76017,32.7,-97.2," 22,490 ",Suburban,"553,516","1,715","3,457","9,039,276","$79,459",70K-80K,32%,17%,13%,38%,108%,100 - 120,"$89,635",31%,20-40%,27%,20-30%,34%,30-40%,5%,4-6%,1.36%,52.96%,,,,LT8MM,,,,,,,, ,,,,,,,,,"$2,788,913",,,,,,, ,,,,,,"$369,437 ",NA
1751,"BROWNSVILLE, TX(RESACA VILL)",Open,2025,10/31/2025,2025 Open - OCT '25,2025,10/30/2025,Non-Comp,Yes,Yes,4,28,1,R28 D01,Brownsville-Harlingen,"Harlingen-Weslaco-Brownsville-McAllen, TX",,1601 E PRICE RD.,BROWNSVILLE,TX,78521,25.9,-97.5," 21,609 ",Suburban,"194,125","2,117","4,180","1,426,817","$51,900",LT60K,49%,19%,13%,19%,95%,80 - 100,"$55,116",5%,LT 20%,0%,LT 5%,94%,GT 40%,1%,LT 2%,0.55%,51.13%,,,,LT8MM,,,,,,,, ,,,,,,,,,"$4,067,388",,,,,,, ,,,,,,"$573,023 ",NA
1752,"ALBUQUERQUE, NM (SIERRA V)",Open,2025,11/1/2025,2025 Open - OCT '25,2025,10/31/2025,Non-Comp,Yes,,1,3,4,R03 D04,Albuquerque,"Albuquerque-Santa Fe, NM",,"9500 MONTGOMERY BLVD NE, S A",ALBUQUERQUE,NM,87111,35.1,-106.5," 22,862 ",Suburban,"369,518","1,439","4,777","1,971,885","$67,661",60K-70K,40%,15%,12%,33%,113%,100 - 120,"$66,276",44%,40-60%,3%,LT 5%,40%,30-40%,4%,4-6%,0.32%,45.65%,,,,LT8MM,,,,,,,, ,,,,,,,,,"$2,153,236",,,,,,, ,,,,,,"$401,485 ",NA
1753,"MONTGOMERY VILLAGE, MD",Future GO,2026,6/19/2026,2026 Open - JUN '26,,,,,,5,11,6,R11 D06,,,,19142 MONTGOMERY VILLAGE AVE,MONTGOMERY VILLAGE,MD,20886,,,,,,,,,,,,,,,,,,33%,20-40%,19%,15-20%,25%,20-30%,18%,GT 8%,,,,,,,,,,,,,, ,,,,,,,,,,,,,,,, ,,,,,,NA,NA
1754,"NORTH HAVEN, CT (NH COMMONS)",Open,2025,10/24/2025,2025 Open - OCT '25,2025,10/23/2025,Non-Comp,Yes,,3,25,1,R25 D01,New Haven-Milford,"Hartford & New Haven, CT",,380 UNIVERSAL DR N,NORTH HAVEN,CT,6473,41.4,-72.9," 22,228 ",Light Suburban,"294,784","3,107","2,363","2,641,771","$69,631",60K-70K,35%,14%,12%,39%,90%,80 - 100,"$89,240",45%,40-60%,20%,20-30%,24%,20-30%,6%,6-8%,-0.04%,48.18%,,,,LT8MM,,,,,,,, ,,,,,,,,,"$2,648,134",,,,,,, ,,,,,,"$350,807 ",NA
1755,"ARDEN, NC (SOUTHRIDGE)",Open,2025,10/31/2025,2025 Open - OCT '25,2025,10/27/2025,Non-Comp,Yes,,5,18,5,R18 D05,Asheville,"Greenville-Spartanburg, SC-Asheville, NC-Anderson, SC",,11 MCKENNA RD,ARDEN,NC,28704,35.4,-82.5," 17,910 ",Exurban,"580,359",204,"1,198","2,489,022","$70,505",70K-80K,36%,18%,13%,32%,116%,100 - 120,"$67,472",81%,GT 60%,4%,LT 5%,9%,LT 10%,1%,LT 2%,0.88%,53.22%,,,,LT8MM,,,,,,,, ,,,,,,,,,"$2,383,686",,,,,,, ,,,,,,"$342,572 ",NA
1757,"CHICAGO, IL (GATEWAY)",Open,2025,10/24/2025,2025 Open - OCT '25,2025,10/24/2025,Non-Comp,Yes,,4,7,2,R07 D02,Chicago-Naperville-Elgin,"Chicago, IL",Top 10 DMA,7507 N CLARK ST,CHICAGO,IL,60626,42.0,-87.7," 20,822 ",Urban,"410,558","11,343","15,880","9,518,952","$83,296",GT80K,32%,15%,12%,41%,82%,80 - 100,"$91,619",48%,40-60%,12%,10-15%,17%,10-20%,18%,GT 8%,-0.18%,48.49%,,,,LT8MM,,,,,,,, ,,,,,,,,,"$2,340,006",,,,,,, ,,,,,,"$454,885 ",NA
1758,"MELVILLE, NY (MELVILLE MALL)",Open,2026,3/6/2026,2026 Open - MAR '26,2026,3/2/2026,Non-Comp,,,3,14,1,R14 D01,New York-Newark-Jersey City,"New York, NY",Top 10 DMA,834 WALT WHITMAN RD UNIT 2A,MELVILLE,NY,11747,40.8,-73.4, -   ,Light Suburban,"576,399","3,715","1,982","22,165,424","$143,299",GT80K,17%,9%,10%,65%,159%,GT 120,"$101,231",58%,40-60%,9%,5-10%,19%,10-20%,11%,GT 8%,0.08%,49.12%,,,,,,,,,,,, ,,,,,,,,,,,,,,,, ,,,,,,$0 ,NA
1759,"REVERE, MA (WONDERLAND MRKT)",Open,2025,11/1/2025,2025 Open - OCT '25,2025,10/27/2025,Non-Comp,Yes,,3,10,4,R10 D04,Boston-Cambridge-Newton,"Boston, MA (Manchester, NH)",Top 10 DMA,151 VFW PARKWAY SUITE 50,REVERE,MA,2151,42.4,-71.0," 21,595 ",Urban,"207,698","9,693","11,840","6,834,716","$79,959",70K-80K,36%,14%,13%,37%,78%,LT 80,"$112,082",37%,20-40%,8%,5-10%,44%,GT 40%,6%,4-6%,0.28%,49.68%,,,,LT8MM,,,,,,,, ,,,,,,,,,"$3,895,508",,,,,,, ,,,,,,"$510,297 ",NA
1761,"YPSILANTI, MI (CARPENTER PL)",Open,2025,10/10/2025,2025 Open - OCT '25,2025,10/9/2025,Non-Comp,Yes,,3,8,4,R08 D04,Ann Arbor,"Detroit, MI",,3150 CARPENTER RD,YPSILANTI,MI,48197,42.2,-83.7," 20,112 ",Light Suburban,"217,587","1,159","2,503","4,913,743","$81,314",GT80K,33%,16%,12%,40%,95%,80 - 100,"$77,383",60%,40-60%,18%,15-20%,7%,LT 10%,8%,GT 8%,-0.10%,48.12%,,,,LT8MM,,,,,,,, ,,,,,,,,,"$2,024,514",,,,,,, ,,,,,,"$322,580 ",NA
1762,"OXNARD, CA (MKT AT OXNARD)",Future GO,2026,6/19/2026,2026 Open - JUN '26,,,,,,1,3,2,R03 D02,,,,1855 E. VENTURA BLVD,OXNARD,CA,93036,,,,,,,,,,,,,,,,,,32%,20-40%,2%,LT 5%,53%,GT 40%,8%,GT 8%,,,,,,,,,,,,,, ,,,,,,,,,,,,,,,, ,,,,,,NA,NA
1765,"IDAHO FALLS, ID",Open,2025,10/24/2025,2025 Open - OCT '25,2025,10/23/2025,Non-Comp,Yes,,1,1,3,R01 D03,Idaho Falls,"Idaho Falls-Pocatello, ID (Jackson, WY)",,3011 S 25TH STREET EAST,IDAHO FALLS,ID,83406,43.5,-112.0," 14,711 ",Light Suburban,"286,651",51,"2,512","451,292","$75,356",70K-80K,31%,19%,14%,36%,94%,80 - 100,"$76,510",79%,GT 60%,1%,LT 5%,14%,10-20%,1%,LT 2%,1.02%,54.95%,,,,LT8MM,,,,,,,, ,,,,,,,,,"$2,857,940",,,,,,, ,,,,,,"$315,190 ",NA
1766,"CITY OF INDUSTRY, CA",Open,2025,10/3/2025,2025 Open - SEP '25,2025,10/2/2025,Non-Comp,Yes,,1,4,4,R04 D04,Los Angeles-Long Beach-Anaheim,"Los Angeles, CA",Top 10 DMA,21640 Valley Boulevard,CITY OF INDUSTRY,CA,91789,34.0,-117.8," 19,985 ",Suburban,"897,776","3,873","3,019","18,082,820","$102,050",GT80K,24%,14%,13%,49%,119%,100 - 120,"$97,162",18%,LT 20%,4%,LT 5%,52%,GT 40%,23%,GT 8%,-0.04%,47.33%,,,,LT8MM,,,,,,,, ,,,,,,,,,"$2,352,975",,,,,,, ,,,,,,"$362,552 ",NA
1767,"MIDDLE VILLAGE, NY (RENTAR)",Future GO,2026,9/4/2026,2026 Open - SEP '26,,,,,,3,14,5,R14 D05,,,,66-26 METROPOLITAN AVENUE,MIDDLE VILLAGE,NY,11379,,,,,,,,,,,,,,,,,,40%,40-60%,3%,LT 5%,33%,30-40%,20%,GT 8%,,,,,,,,,,,,,, ,,,,,,,,,,,,,,,, ,,,,,,NA,NA
1768,"MONTCLAIR, CA(MONTCLAIR PLZ)",Open,2025,10/24/2025,2025 Open - OCT '25,2025,10/24/2025,Non-Comp,Yes,,1,4,4,R04 D04,Riverside-San Bernardino-Ontario,"Los Angeles, CA",Top 10 DMA,5200 MORENO ST,MONTCLAIR,CA,91763,34.1,-117.7," 13,921 ",Light Urban,"509,841","5,575","6,790","18,082,820","$91,344",GT80K,26%,16%,15%,43%,92%,80 - 100,"$97,162",17%,LT 20%,5%,LT 5%,65%,GT 40%,10%,GT 8%,-0.04%,47.33%,,,,LT8MM,,,,,,,, ,,,,,,,,,"$2,143,551",,,,,,, ,,,,,,"$289,031 ",NA
1769,"BAKERSFIELD, CA",Future GO,2026,5/15/2026,2026 Open - MAY '26,,,,,,1,21,2,R21 D02,,,,3010 MING AVENUE,BAKERSFIELD,CA,93304,,,,,,,,,,,,,,,,,,17%,LT 20%,8%,5-10%,66%,GT 40%,5%,4-6%,,,,,,,,,,,,,, ,,,,,,,,,,,,,,,, ,,,,,,NA,NA
1770,"POMPANO BEACH, FL",Future GO,2026,8/14/2026,2026 Open - AUG '26,,,,,,5,30,3,R30 D03,,,,1131 S FEDERAL HWY,POMPANO BEACH,FL,33062,,,,,,,,,,,,,,,,,,34%,20-40%,33%,GT 30%,25%,20-30%,3%,2-4%,,,,,,,,,,,,,, ,,,,,,,,,,,,,,,, ,,,,,,NA,NA
1771,"LADY LAKE, FL (VLG CROSSRDS)",Future GO,2026,4/24/2026,2026 Open - APR '26,,,,,,5,30,5,R30 D05,,,,540 N US HWY 441,LADY LAKE,FL,32159,,,,,,,,,,,,,,,,,,75%,GT 60%,8%,5-10%,11%,10-20%,1%,LT 2%,,,,,,,,,,,,,, ,,,,,,,,,,,,,,,, ,,,,,,NA,NA
1772,"LONGVIEW, WA",Future GO,2026,5/8/2026,2026 Open - MAY '26,,,,,,1,1,4,R01 D04,,,,700 OCEAN BEACH HWY STE 100,LONGVIEW,WA,98632,,,,,,,,,,,,,,,,,,77%,GT 60%,1%,LT 5%,11%,10-20%,2%,LT 2%,,,,,,,,,,,,,, ,,,,,,,,,,,,,,,, ,,,,,,NA,NA
1773,"MANTECA, CA",Future GO,2026,5/22/2026,2026 Open - MAY '26,,,,,,1,21,4,R21 D04,,,,2210 DANIELS STREET,MANTECA,CA,95337,,,,,,,,,,,,,,,,,,20%,20-40%,7%,5-10%,48%,GT 40%,19%,GT 8%,,,,,,,,,,,,,, ,,,,,,,,,,,,,,,, ,,,,,,NA,NA
1774,"AURORA, CO (SADDLE ROCK)",Future GO,2026,4/3/2026,2026 Open - MAR '26,,,,,,1,1,1,R01 D01,,,,7360 S GARTRELL RD,AURORA,CO,80016,,,,,,,,,,,,,,,,,,58%,40-60%,9%,5-10%,18%,10-20%,9%,GT 8%,,,,,,,,,,,,,, ,,,,,,,,,,,,,,,, ,,,,,,$0 ,NA
1775,"BUENA PARK, CA",Future GO,2026,7/31/2026,2026 Open - JUL '26,,,,,,1,3,5,R03 D05,,,,5885 LINCOLN AVE,BUENA PARK,CA,90620,,,,,,,,,,,,,,,,,,25%,20-40%,4%,LT 5%,36%,30-40%,31%,GT 8%,,,,,,,,,,,,,, ,,,,,,,,,,,,,,,, ,,,,,,NA,NA
1776,"AUSTIN, TX",Future GO,2026,7/10/2026,2026 Open - JUL '26,,,,,,4,28,2,R28 D02,,,,10515 N MOPAC EXPY BLDG 1,AUSTIN,TX,78759,,,,,,,,,,,,,,,,,,46%,40-60%,8%,5-10%,28%,20-30%,13%,GT 8%,,,,,,,,,,,,,, ,,,,,,,,,,,,,,,, ,,,,,,NA,NA
1777,"ROUND ROCK, TX",Future GO,2026,5/29/2026,2026 Open - MAY '26,,,,,,4,28,2,R28 D02,,,,201 UNIVERSITY OAKS BLVD,ROUND ROCK,TX,78665,,,,,,,,,,,,,,,,,,48%,40-60%,8%,5-10%,25%,20-30%,14%,GT 8%,,,,,,,,,,,,,, ,,,,,,,,,,,,,,,, ,,,,,,NA,NA
1778,"DARIEN, IL (CHESTNUT COURT)",Future GO,2026,4/17/2026,2026 Open - APR '26,,,,,,4,7,4,R07 D04,,,,7511 LEMONT RD STE 101,DARIEN,IL,60561,,,,,,,,,,,,,,,,,,65%,GT 60%,7%,5-10%,13%,10-20%,11%,GT 8%,,,,,,,,,,,,,, ,,,,,,,,,,,,,,,, ,,,,,,$0 ,NA
1779," WHITE LAKE, MI",Future GO,2026,4/3/2026,2026 Open - MAR '26,,,,,,3,8,4,R08 D04,,,,9052 HIGHLAND ROAD,WHITE LAKE,MI,48386,,,,,,,,,,,,,,,,,,78%,GT 60%,7%,5-10%,7%,LT 10%,2%,2-4%,,,,,,,,,,,,,, ,,,,,,,,,,,,,,,, ,,,,,,$0 ,NA
1780,"MCKINNEY, TX",Future GO,2026,5/15/2026,2026 Open - MAY '26,,,,,,4,16,1,R16 D01,,,,2050 W UNIVERSITY DR STE 250,MCKINNEY,TX,75070,,,,,,,,,,,,,,,,,,51%,40-60%,10%,10-15%,17%,10-20%,17%,GT 8%,,,,,,,,,,,,,, ,,,,,,,,,,,,,,,, ,,,,,,NA,NA
1781,"NEWNAN, GA (NEWNAN PVLN)",Future GO,2026,5/1/2026,2026 Open - APR '26,,,,,,5,19,3,R19 D03,,,,1074 BULLSBORO DR UNIT #6,NEWNAN,GA,30265,,,,,,,,,,,,,,,,,,53%,40-60%,30%,20-30%,9%,LT 10%,4%,2-4%,,,,,,,,,,,,,, ,,,,,,,,,,,,,,,, ,,,,,,NA,NA
1782,"EAST WALPOLE, MA",Future GO,2026,5/1/2026,2026 Open - APR '26,,,,,,3,10,4,R10 D04,,,,96 PROVIDENCE HIGHWAY,EAST WALPOLE,MA,2032,,,,,,,,,,,,,,,,,,65%,GT 60%,13%,10-15%,8%,LT 10%,8%,6-8%,,,,,,,,,,,,,, ,,,,,,,,,,,,,,,, ,,,,,,NA,NA
1783,"EL PASO, TX (YARBROUGH PLZ)",Future GO,2026,5/1/2026,2026 Open - APR '26,,,,,,4,28,4,R28 D04,,,,10501 GATEWAY BLVD W BLD 9,EL PASO,TX,79925,,,,,,,,,,,,,,,,,,11%,LT 20%,3%,LT 5%,83%,GT 40%,1%,LT 2%,,,,,,,,,,,,,, ,,,,,,,,,,,,,,,, ,,,,,,NA,NA
1784,"SANTA CLARITA, CA (CTR PT)",Future GO,2026,5/8/2026,2026 Open - MAY '26,,,,,,1,3,2,R03 D02,,,,26583 CARL BOYER DRIVE,SANTA CLARITA,CA,91350,,,,,,,,,,,,,,,,,,40%,20-40%,4%,LT 5%,39%,30-40%,12%,GT 8%,,,,,,,,,,,,,, ,,,,,,,,,,,,,,,, ,,,,,,NA,NA
1785,"AUSTIN, TX (S PARK MEADOWS)",Future GO,2026,6/19/2026,2026 Open - JUN '26,,,,,,4,28,2,R28 D02,,,,9500 S I-35 FRONTAGE RD,AUSTIN,TX,78748,,,,,,,,,,,,,,,,,,42%,40-60%,5%,LT 5%,45%,GT 40%,4%,4-6%,,,,,,,,,,,,,, ,,,,,,,,,,,,,,,, ,,,,,,NA,NA
1786,"FARMINGTON, NM (FARMINGTON)",Future GO,2026,4/3/2026,2026 Open - MAR '26,,,,,,1,3,4,R03 D04,,,,3558 E. MAIN ST,FARMINGTON,NM,87402,,,,,,,,,,,,,,,,,,35%,20-40%,1%,LT 5%,21%,20-30%,1%,LT 2%,,,,,,,,,,,,,, ,,,,,,,,,,,,,,,, ,,,,,,$0 ,NA
1787,"BOURBONNAIS, IL",Future GO,2026,5/15/2026,2026 Open - MAY '26,,,,,,4,7,1,R07 D01,,,,2056 IL-50,BOURBONNAIS,IL,60914,,,,,,,,,,,,,,,,,,70%,GT 60%,13%,10-15%,12%,10-20%,1%,LT 2%,,,,,,,,,,,,,, ,,,,,,,,,,,,,,,, ,,,,,,NA,NA
1788,"CINCINNATI, OH (HYDE PARK )",Future GO,2026,4/10/2026,2026 Open - APR '26,,,,,,3,8,6,R08 D06,,,,3872 C PAXTON AVE STE C,CINCINNATI,OH,45209,,,,,,,,,,,,,,,,,,58%,40-60%,28%,20-30%,5%,LT 10%,4%,2-4%,,,,,,,,,,,,,, ,,,,,,,,,,,,,,,, ,,,,,,$0 ,NA
1790,"EAU CLAIRE, WI (OAK POINTE)",Future GO,2026,5/15/2026,2026 Open - MAY '26,,,,,,1,5,4,R05 D04,,,,4045 COMMONWEALTH AVE,EAU CLAIRE,WI,54701,,,,,,,,,,,,,,,,,,87%,GT 60%,1%,LT 5%,3%,LT 10%,4%,2-4%,,,,,,,,,,,,,, ,,,,,,,,,,,,,,,, ,,,,,,NA,NA
1791,"JACKSONVILLE, FL (ST JOHN)",Future GO,2026,5/15/2026,2026 Open - MAY '26,,,,,,5,19,4,R19 D04,,,,10261 RIVER MARSH DR STE 149,JACKSONVILLE,FL,32246,,,,,,,,,,,,,,,,,,50%,40-60%,25%,20-30%,13%,10-20%,6%,4-6%,,,,,,,,,,,,,, ,,,,,,,,,,,,,,,, ,,,,,,NA,NA
1792,"COLUMBUS, OH (LINCOLN VILL)",Future GO,2026,5/8/2026,2026 Open - MAY '26,,,,,,3,8,1,R08 D01,,,,4600 W BROAD ST,COLUMBUS,OH,43228,,,,,,,,,,,,,,,,,,67%,GT 60%,13%,10-15%,11%,10-20%,4%,2-4%,,,,,,,,,,,,,, ,,,,,,,,,,,,,,,, ,,,,,,NA,NA
1793,"LOUISVILLE, KY (SHELBYVILLE)",Future GO,2026,5/15/2026,2026 Open - MAY '26,,,,,,5,18,1,R18 D01,,,,4600 SHELBYVILLE RD STE 280,LOUISVILLE,KY,40207,,,,,,,,,,,,,,,,,,68%,GT 60%,14%,10-15%,7%,LT 10%,5%,4-6%,,,,,,,,,,,,,, ,,,,,,,,,,,,,,,, ,,,,,,NA,NA
1794,"TUPELO, MS (BIG OAKS CROSS)",Future GO,2026,5/1/2026,2026 Open - APR '26,,,,,,4,6,2,R06 D02,,,,3875 NORTH GLOSTER STREET,TUPELO,MS,38804,,,,,,,,,,,,,,,,,,66%,GT 60%,26%,20-30%,4%,LT 10%,1%,LT 2%,,,,,,,,,,,,,, ,,,,,,,,,,,,,,,, ,,,,,,NA,NA
1795,"SUMMERVILLE, SC (N MAIN)",Future GO,2026,5/1/2026,2026 Open - APR '26,,,,,,5,18,3,R18 D03,,,,1215 N MAIN ST STE B,SUMMERVILLE,SC,29483,,,,,,,,,,,,,,,,,,58%,40-60%,24%,20-30%,9%,LT 10%,2%,2-4%,,,,,,,,,,,,,, ,,,,,,,,,,,,,,,, ,,,,,,NA,NA
1797,"AVONDALE, AZ (SHOPS ALAMEDA)",Future GO,2026,5/15/2026,2026 Open - MAY '26,,,,,,1,3,4,R03 D04,,,,1717 N DYSART RD,AVONDALE,AZ,85392,,,,,,,,,,,,,,,,,,30%,20-40%,9%,5-10%,52%,GT 40%,4%,2-4%,,,,,,,,,,,,,, ,,,,,,,,,,,,,,,, ,,,,,,NA,NA
1798,"KATY, TX (PRICE PLAZA)",Future GO,2026,5/22/2026,2026 Open - MAY '26,,,,,,4,17,4,R17 D04,,,,1219 N FRY RD STE B,KATY,TX,77449,,,,,,,,,,,,,,,,,,27%,20-40%,17%,15-20%,40%,30-40%,13%,GT 8%,,,,,,,,,,,,,, ,,,,,,,,,,,,,,,, ,,,,,,NA,NA
1801,"DECATUR, GA (SUBURBAN PLAZA)",Future GO,2026,4/24/2026,2026 Open - APR '26,,,,,,5,19,2,R19 D02,,,,2655 N DECATUR RD,DECATUR,GA,30030,,,,,,,,,,,,,,,,,,41%,40-60%,34%,GT 30%,11%,10-20%,9%,GT 8%,,,,,,,,,,,,,, ,,,,,,,,,,,,,,,, ,,,,,,NA,NA
1802,"DUBOIS, PA (THE COMMONS)",Future GO,2026,8/14/2026,2026 Open - AUG '26,,,,,,3,25,2,R25 D02,,,,200 COMMONS DR,DUBOIS,PA,15801,,,,,,,,,,,,,,,,,,94%,GT 60%,1%,LT 5%,1%,LT 10%,1%,LT 2%,,,,,,,,,,,,,, ,,,,,,,,,,,,,,,, ,,,,,,NA,NA
1803,"QUAKERTOWN, PA (RICHLAND MK)",Future GO,2026,7/10/2026,2026 Open - JUL '26,,,,,,3,25,5,R25 D05,,,,654 N WEST END BLVD,QUAKERTOWN,PA,18951,,,,,,,,,,,,,,,,,,74%,GT 60%,4%,LT 5%,14%,10-20%,4%,4-6%,,,,,,,,,,,,,, ,,,,,,,,,,,,,,,, ,,,,,,NA,NA
1805,"BROOKSVILLE, FL",Future GO,2026,6/26/2026,2026 Open - JUN '26,,,,,,5,30,1,R30 D01,,,,13173 CORTEZ BOULEVARD,BROOKSVILLE,FL,34613,,,,,,,,,,,,,,,,,,73%,GT 60%,4%,LT 5%,16%,10-20%,1%,LT 2%,,,,,,,,,,,,,, ,,,,,,,,,,,,,,,, ,,,,,,NA,NA
1807,"EMERYVILLE, CA (EAST BAY )",Open,2026,2/27/2026,2026 Open - FEB '26,2026,2/23/2026,Non-Comp,Yes,,1,21,1,R21 D01,San Francisco-Oakland-Hayward,"San Francisco-Oakland-San Jose, CA",,3839 EMERY STREET #300,EMERYVILLE,CA,94608,37.8,-122.3," 32,107 ",Urban,"789,314","9,523","11,915","7,691,388","$103,338",GT80K,27%,12%,11%,50%,80%,80 - 100,"$137,673",29%,20-40%,15%,10-15%,28%,20-30%,20%,GT 8%,0.02%,50.97%,,,,,,,,,,,, ,,,,,,,,,,,,,,,, ,,,,,,$0 ,NA
1808,"BATON ROUGE, LA(SIEGEN LANE)",Open,2025,10/24/2025,2025 Open - OCT '25,2025,10/23/2025,Non-Comp,Yes,,4,17,2,R17 D02,Baton Rouge,"Baton Rouge, LA",,10505 S MALL DRIVE,BATON ROUGE,LA,70809,30.4,-91.1," 17,329 ",Light Suburban,"435,472",872,"1,945","947,313","$76,073",70K-80K,34%,17%,13%,36%,125%,GT 120,"$66,734",54%,40-60%,30%,20-30%,9%,LT 10%,4%,2-4%,0.09%,46.49%,,,,LT8MM,,,,,,,, ,,,,,,,,,"$2,484,926",,,,,,, ,,,,,,"$347,842 ",NA
1809,"ASHEVILLE, NC (OVERLOOK)",Future GO,2026,5/15/2026,2026 Open - MAY '26,,,,,,5,18,5,R18 D05,,,,"80 S TUNNEL RD, STE 30",ASHEVILLE,NC,28805,,,,,,,,,,,,,,,,,,80%,GT 60%,5%,LT 5%,9%,LT 10%,1%,LT 2%,,,,,,,,,,,,,, ,,,,,,,,,,,,,,,, ,,,,,,NA,NA
1810,"OSHKOSH, WI",Future GO,2026,5/15/2026,2026 Open - MAY '26,,,,,,1,5,2,R05 D02,,,,1226 S KOELLER ST,OSHKOSH,WI,54902,,,,,,,,,,,,,,,,,,85%,GT 60%,3%,LT 5%,5%,LT 10%,3%,2-4%,,,,,,,,,,,,,, ,,,,,,,,,,,,,,,, ,,,,,,NA,NA
1813,"FORT GRATIOT TWP, MI",Future GO,2026,5/15/2026,2026 Open - MAY '26,,,,,,3,8,4,R08 D04,,,,4715 24TH AVE,FORT GRATIOT,MI,48059,,,,,,,,,,,,,,,,,,86%,GT 60%,4%,LT 5%,4%,LT 10%,1%,LT 2%,,,,,,,,,,,,,, ,,,,,,,,,,,,,,,, ,,,,,,NA,NA
1814,"GROVE CITY, OH",Future GO,2026,4/3/2026,2026 Open - MAR '26,,,,,,3,8,1,R08 D01,,,,1739 STRINGTOWN ROAD,GROVE CITY,OH,43123,,,,,,,,,,,,,,,,,,57%,40-60%,25%,20-30%,9%,LT 10%,2%,2-4%,,,,,,,,,,,,,, ,,,,,,,,,,,,,,,, ,,,,,,$0 ,NA
1815,"HILLSBORO, OR",Future GO,2026,7/3/2026,2026 Open - JUN '26,,,,,,1,1,4,R01 D04,,,,2021 NW 185TH AVE.,HILLSBORO,OR,97124,,,,,,,,,,,,,,,,,,55%,40-60%,3%,LT 5%,18%,10-20%,16%,GT 8%,,,,,,,,,,,,,, ,,,,,,,,,,,,,,,, ,,,,,,NA,NA
1816,"MOSCOW, ID (PALOUSE PLACE)",Future GO,2026,10/2/2026,2026 Open - SEP '26,,,,,,1,1,2,R01 D02,,,,1810 W PULLMAN RD,MOSCOW,ID,83843,,,,,,,,,,,,,,,,,,77%,GT 60%,2%,LT 5%,7%,LT 10%,6%,4-6%,,,,,,,,,,,,,, ,,,,,,,,,,,,,,,, ,,,,,,NA,NA
1817,"WHITTIER, CA (QUAD)",Future GO,2026,7/10/2026,2026 Open - JUL '26,,,,,,1,4,4,R04 D04,,,,8508 PAINTER AVENUE,WHITTIER,CA,90602,,,,,,,,,,,,,,,,,,14%,LT 20%,2%,LT 5%,69%,GT 40%,12%,GT 8%,,,,,,,,,,,,,, ,,,,,,,,,,,,,,,, ,,,,,,NA,NA
1818,"HESPERIA, CA (HIGH DESERT)",Future GO,2026,6/19/2026,2026 Open - JUN '26,,,,,,1,21,2,R21 D02,,,,12779 MAIN STREET,HESPERIA,CA,92344,,,,,,,,,,,,,,,,,,27%,20-40%,9%,5-10%,56%,GT 40%,4%,2-4%,,,,,,,,,,,,,, ,,,,,,,,,,,,,,,, ,,,,,,NA,NA
1819,"CAYEY, PUERTO RICO (PEREZ)",Future GO,2026,7/17/2026,2026 Open - JUL '26,,,,,,5,31,4,R31 D04,,,,CARR 1 KM 56.2 BO MONTELLANO,CAYEY,PR,736,,,,,,,,,,,,,,,,,,1%,LT 20%,0%,LT 5%,99%,GT 40%,0%,LT 2%,,,,,,,,,,,,,, ,,,,,,,,,,,,,,,, ,,,,,,NA,NA
1821,"DEKALB, IL (NORTHLAND PLAZA)",Future GO,2026,5/1/2026,2026 Open - APR '26,,,,,,4,7,4,R07 D04,,,,2550 SYCAMORE RD,DEKALB,IL,60115,,,,,,,,,,,,,,,,,,68%,GT 60%,8%,5-10%,17%,10-20%,2%,2-4%,,,,,,,,,,,,,, ,,,,,,,,,,,,,,,, ,,,,,,NA,NA
1822,"ROCHESTER, MN",Future GO,2026,6/19/2026,2026 Open - JUN '26,,,,,,1,5,4,R05 D04,,,,3839 MARKETPLACE DRIVE NW,ROCHESTER,MN,55901,,,,,,,,,,,,,,,,,,72%,GT 60%,9%,5-10%,7%,LT 10%,8%,6-8%,,,,,,,,,,,,,, ,,,,,,,,,,,,,,,, ,,,,,,NA,NA
1824,"EAGAN, MN (EAGAN PROMENADE)",Future GO,2026,5/1/2026,2026 Open - APR '26,,,,,,1,5,4,R05 D04,,,,1271 PROMENADE PL,EAGAN,MN,55121,,,,,,,,,,,,,,,,,,64%,GT 60%,12%,10-15%,12%,10-20%,6%,4-6%,,,,,,,,,,,,,, ,,,,,,,,,,,,,,,, ,,,,,,NA,NA
1825,"Canandigua, NY",Future GO,2026,6/19/2026,2026 Open - JUN '26,,,,,,3,10,1,R10 D01,,,,3225 NY-364 STE 25,CANANDAIGUA,NY,14424,,,,,,,,,,,,,,,,,,87%,GT 60%,2%,LT 5%,5%,LT 10%,1%,LT 2%,,,,,,,,,,,,,, ,,,,,,,,,,,,,,,, ,,,,,,NA,NA
1827,"WASHINGTON, UT",Future GO,2026,6/19/2026,2026 Open - JUN '26,,,,,,1,1,3,R01 D03,,,,720 W TELEGRAPH ST,WASHINGTON,UT,84780,,,,,,,,,,,,,,,,,,80%,GT 60%,1%,LT 5%,12%,10-20%,1%,LT 2%,,,,,,,,,,,,,, ,,,,,,,,,,,,,,,, ,,,,,,NA,NA
1828,"MYRTLE BEACH, SC",Future GO,2026,5/15/2026,2026 Open - MAY '26,,,,,,5,18,3,R18 D03,,,,1120 SEABOARD STREET,MYRTLE BEACH,SC,29577,,,,,,,,,,,,,,,,,,75%,GT 60%,11%,10-15%,7%,LT 10%,1%,LT 2%,,,,,,,,,,,,,, ,,,,,,,,,,,,,,,, ,,,,,,NA,NA
1829,"FAYETTEVILLE, AR",Future GO,2026,5/1/2026,2026 Open - APR '26,,,,,,4,16,5,R16 D05,,,,3835 NORTH MALL AVE STE 2,FAYETTEVILLE,AR,72703,,,,,,,,,,,,,,,,,,64%,GT 60%,3%,LT 5%,20%,20-30%,2%,2-4%,,,,,,,,,,,,,, ,,,,,,,,,,,,,,,, ,,,,,,NA,NA
1830,"BELLEVUE, NE (WOLF CREEK)",Future GO,2026,6/19/2026,2026 Open - JUN '26,,,,,,1,5,3,R05 D03,,,,10521 S 15TH ST,BELLEVUE,NE,68123,,,,,,,,,,,,,,,,,,64%,GT 60%,5%,5-10%,23%,20-30%,3%,2-4%,,,,,,,,,,,,,, ,,,,,,,,,,,,,,,, ,,,,,,NA,NA
1831,"FLAGSTAFF, AZ",Future GO,2026,6/26/2026,2026 Open - JUN '26,,,,,,1,3,4,R03 D04,,,,1514 S RIORDAN RANCH ST,FLAGSTAFF,AZ,86001,,,,,,,,,,,,,,,,,,61%,GT 60%,2%,LT 5%,20%,10-20%,2%,2-4%,,,,,,,,,,,,,, ,,,,,,,,,,,,,,,, ,,,,,,NA,NA
1832,"DENTON, TX (RAYZOR RNCH MKT)",Future GO,2026,7/31/2026,2026 Open - JUL '26,,,,,,4,16,1,R16 D01,,,,2640 W UNIVERSITY DR #1276,DENTON,TX,76201,,,,,,,,,,,,,,,,,,60%,40-60%,8%,5-10%,24%,20-30%,4%,2-4%,,,,,,,,,,,,,, ,,,,,,,,,,,,,,,, ,,,,,,NA,NA
1836,"HANFORD, CA (TOWNE CTR)",Future GO,2026,4/3/2026,2026 Open - MAR '26,,,,,,1,21,5,R21 D05,,,,550 N 11TH AVE,HANFORD,CA,93230,,,,,,,,,,,,,,,,,,28%,20-40%,2%,LT 5%,62%,GT 40%,4%,4-6%,,,,,,,,,,,,,, ,,,,,,,,,,,,,,,, ,,,,,,$0 ,NA
1840,"BAKERSFIELD, CA (OLIVE DR)",Future GO,2026,4/3/2026,2026 Open - MAR '26,,,,,,1,21,2,R21 D02,,,,1211 OLIVE DRIVE,BAKERSFIELD,CA,93308,,,,,,,,,,,,,,,,,,33%,20-40%,5%,5-10%,54%,GT 40%,4%,2-4%,,,,,,,,,,,,,, ,,,,,,,,,,,,,,,, ,,,,,,$0 ,NA
1870,"SWANSEA, MA (SWANSEA MALL)",Future GO,2026,7/31/2026,2026 Open - JUL '26,,,,,,0,0,,,,,,,,,,,,,,,,,,,,,,,,,,,80%,GT 60%,4%,LT 5%,8%,LT 10%,2%,2-4%,,,,,,,,,,,,,, ,,,,,,,,,,,,,,,, ,,,,,,NA,NA
1877,"KEIZER, OR (KEIZER STATION)",Future GO,2026,7/17/2026,2026 Open - JUL '26,,,,,,1,1,4,R01 D04,,,,6180 ULALI DR,KEIZER,OR,97303,,,,,,,,,,,,,,,,,,52%,40-60%,1%,LT 5%,37%,30-40%,2%,2-4%,,,,,,,,,,,,,, ,,,,,,,,,,,,,,,, ,,,,,,NA,NA
,,,,,,,,,,,,,,,,,,,,,,,,,,,,,,,,,,,,,,,,,,,,,,,,,,,,,,,,,,,, ,,,,,,,,,,,,,,,, ,,,,,,NA,NA
,,,,,,,,,,,,,,,,,,,,,,,,,,,,,,,,,,,,,,,,,,,,,,,,,,,,,,,,,,,, ,,,,,,,,,,,,,,,, ,,,,,,NA,NA
,,,,,,,,,,,,,,,,,,,,,,,,,,,,,,,,,,,,,,,,,,,,,,,,,,,,,,,,,,,, ,,,,,,,,,,,,,,,, ,,,,,,NA,NA
,,,,,,,,,,,,,,,,,,,,,,,,,,,,,,,,,,,,,,,,,,,,,,,,,,,,,,,,,,,, ,,,,,,,,,,,,,,,, ,,,,,,NA,NA
,,,,,,,,,,,,,,,,,,,,,,,,,,,,,,,,,,,,,,,,,,,,,,,,,,,,,,,,,,,, ,,,,,,,,,,,,,,,, ,,,,,,NA,NA
,,,,,,,,,,,,,,,,,,,,,,,,,,,,,,,,,,,,,,,,,,,,,,,,,,,,,,,,,,,, ,,,,,,,,,,,,,,,, ,,,,,,NA,NA
,,,,,,,,,,,,,,,,,,,,,,,,,,,,,,,,,,,,,,,,,,,,,,,,,,,,,,,,,,,, ,,,,,,,,,,,,,,,, ,,,,,,NA,NA
,,,,,,,,,,,,,,,,,,,,,,,,,,,,,,,,,,,,,,,,,,,,,,,,,,,,,,,,,,,, ,,,,,,,,,,,,,,,, ,,,,,,NA,NA
,,,,,,,,,,,,,,,,,,,,,,,,,,,,,,,,,,,,,,,,,,,,,,,,,,,,,,,,,,,, ,,,,,,,,,,,,,,,, ,,,,,,NA,NA
,,,,,,,,,,,,,,,,,,,,,,,,,,,,,,,,,,,,,,,,,,,,,,,,,,,,,,,,,,,, ,,,,,,,,,,,,,,,, ,,,,,,NA,NA
,,,,,,,,,,,,,,,,,,,,,,,,,,,,,,,,,,,,,,,,,,,,,,,,,,,,,,,,,,,, ,,,,,,,,,,,,,,,, ,,,,,,NA,NA
,,,,,,,,,,,,,,,,,,,,,,,,,,,,,,,,,,,,,,,,,,,,,,,,,,,,,,,,,,,, ,,,,,,,,,,,,,,,, ,,,,,,NA,NA
,,,,,,,,,,,,,,,,,,,,,,,,,,,,,,,,,,,,,,,,,,,,,,,,,,,,,,,,,,,, ,,,,,,,,,,,,,,,, ,,,,,,NA,NA
,,,,,,,,,,,,,,,,,,,,,,,,,,,,,,,,,,,,,,,,,,,,,,,,,,,,,,,,,,,, ,,,,,,,,,,,,,,,, ,,,,,,NA,NA
,,,,,,,,,,,,,,,,,,,,,,,,,,,,,,,,,,,,,,,,,,,,,,,,,,,,,,,,,,,, ,,,,,,,,,,,,,,,, ,,,,,,NA,NA
,,,,,,,,,,,,,,,,,,,,,,,,,,,,,,,,,,,,,,,,,,,,,,,,,,,,,,,,,,,, ,,,,,,,,,,,,,,,, ,,,,,,NA,NA
,,,,,,,,,,,,,,,,,,,,,,,,,,,,,,,,,,,,,,,,,,,,,,,,,,,,,,,,,,,, ,,,,,,,,,,,,,,,, ,,,,,,NA,NA
,,,,,,,,,,,,,,,,,,,,,,,,,,,,,,,,,,,,,,,,,,,,,,,,,,,,,,,,,,,, ,,,,,,,,,,,,,,,, ,,,,,,NA,NA
,,,,,,,,,,,,,,,,,,,,,,,,,,,,,,,,,,,,,,,,,,,,,,,,,,,,,,,,,,,, ,,,,,,,,,,,,,,,, ,,,,,,NA,NA
,,,,,,,,,,,,,,,,,,,,,,,,,,,,,,,,,,,,,,,,,,,,,,,,,,,,,,,,,,,, ,,,,,,,,,,,,,,,, ,,,,,,NA,NA
,,,,,,,,,,,,,,,,,,,,,,,,,,,,,,,,,,,,,,,,,,,,,,,,,,,,,,,,,,,, ,,,,,,,,,,,,,,,, ,,,,,,NA,NA
,,,,,,,,,,,,,,,,,,,,,,,,,,,,,,,,,,,,,,,,,,,,,,,,,,,,,,,,,,,, ,,,,,,,,,,,,,,,, ,,,,,,NA,NA
,,,,,,,,,,,,,,,,,,,,,,,,,,,,,,,,,,,,,,,,,,,,,,,,,,,,,,,,,,,, ,,,,,,,,,,,,,,,, ,,,,,,NA,NA
,,,,,,,,,,,,,,,,,,,,,,,,,,,,,,,,,,,,,,,,,,,,,,,,,,,,,,,,,,,, ,,,,,,,,,,,,,,,, ,,,,,,NA,NA
,,,,,,,,,,,,,,,,,,,,,,,,,,,,,,,,,,,,,,,,,,,,,,,,,,,,,,,,,,,, ,,,,,,,,,,,,,,,, ,,,,,,NA,NA
,,,,,,,,,,,,,,,,,,,,,,,,,,,,,,,,,,,,,,,,,,,,,,,,,,,,,,,,,,,, ,,,,,,,,,,,,,,,, ,,,,,,NA,NA
,,,,,,,,,,,,,,,,,,,,,,,,,,,,,,,,,,,,,,,,,,,,,,,,,,,,,,,,,,,, ,,,,,,,,,,,,,,,, ,,,,,,NA,NA
,,,,,,,,,,,,,,,,,,,,,,,,,,,,,,,,,,,,,,,,,,,,,,,,,,,,,,,,,,,, ,,,,,,,,,,,,,,,, ,,,,,,NA,NA
,,,,,,,,,,,,,,,,,,,,,,,,,,,,,,,,,,,,,,,,,,,,,,,,,,,,,,,,,,,,,,,,,,,,,,,,,,,,,,,,,,,
