DMA,Traffic_Month,Exits,Exits_LY,Stores,Store_Month_Rows,Mean_Store_Comp,Median_Store_Comp,Mean_Weeks_Observed,Comp_Traffic,Traffic_Year,Traffic_Month_Number,Spend,Spend_Flag
Atlanta,2024-02-01,321544,324430,17,17,-0.7650294492921427,-1.7565872020075282,3.0,-0.8895601516505872,2024,2,0.0,False
Atlanta,2024-03-01,615947,600681,19,19,2.6188098279442302,2.275453091684435,4.947368421052632,2.541448788957866,2024,3,0.0,False
Atlanta,2024-04-01,388492,399738,20,20,-3.4883318476388423,-3.141251247570521,3.8,-2.813342739494369,2024,4,0.0,False
Atlanta,2024-05-01,527563,515851,19,19,1.8783020003678859,1.429177868968445,4.0,2.2704230485159473,2024,5,0.0,False
Atlanta,2024-06-01,617822,603157,19,19,1.4734582637542242,1.156804554539398,4.947368421052632,2.4313735892976456,2024,6,0.0,False
Atlanta,2024-07-01,508280,515078,19,19,-1.7919878991975733,-1.399362512633134,4.0,-1.319800107944816,2024,7,0.0,False
Atlanta,2024-08-01,655908,639259,19,19,2.7931411736769696,1.9132849868847401,4.894736842105263,2.604421681978666,2024,8,0.0,False
Atlanta,2024-09-01,430477,435981,19,19,-0.90940838930806,-1.163200563976031,3.9473684210526314,-1.2624403357027028,2024,9,0.0,False
Atlanta,2024-10-01,444272,457285,20,20,-2.3990147927472223,-2.228935252802653,3.9,-2.845708912385055,2024,10,0.0,False
Atlanta,2024-11-01,674636,676347,22,22,1.891335350688135,3.9443120358676214,4.636363636363637,-0.2529766525171251,2024,11,0.0,False
Atlanta,2024-12-01,743225,721985,22,22,2.789389333411614,3.063844000980983,3.6818181818181817,2.9418893744329866,2024,12,0.0,False
Atlanta,2025-01-01,393868,383564,23,23,2.8830165806856685,2.9053945894029134,3.652173913043478,2.686383497929941,2025,1,0.0,False
Atlanta,2025-02-01,472473,503246,24,24,-4.055188507758026,-2.4848082928000963,3.9166666666666665,-6.114902055853399,2025,2,0.0,False
Atlanta,2025-03-01,720150,737321,24,24,-0.3212407775754005,0.8346002510393569,4.916666666666667,-2.3288364226707228,2025,3,80000.0,True
Atlanta,2025-04-01,501015,495816,27,27,3.8485112312089846,6.87561118238804,3.6296296296296298,1.0485744711747906,2025,4,90000.0,True
Atlanta,2025-05-01,671946,681225,24,24,-1.2589243011050284,-0.9945656944924439,4.958333333333333,-1.3621050313772982,2025,5,41000.0,True
Atlanta,2025-06-01,604762,619655,26,26,-1.19207772943767,-1.2918561603929062,3.9615384615384617,-2.4034341690134027,2025,6,48000.0,True
Atlanta,2025-07-01,683399,643573,26,26,6.556861966229007,7.214276054609761,3.9615384615384617,6.188264579154191,2025,7,124000.0,True
Atlanta,2025-08-01,761772,724897,26,26,5.0233962923718485,4.122361365503167,4.846153846153846,5.08692959137643,2025,8,128000.0,True
Atlanta,2025-09-01,574892,588308,26,26,-0.6047282382439582,0.5899153415025966,3.923076923076923,-2.2804381378461622,2025,9,8000.0,True
Atlanta,2025-10-01,601843,624951,26,26,-1.5292291995242986,0.4302366951555757,3.8076923076923075,-3.697569889479335,2025,10,36000.0,True
Atlanta,2025-11-01,782394,757260,26,26,18.429374187654666,5.418973928036452,4.6923076923076925,3.319071388954917,2025,11,150000.0,True
Atlanta,2025-12-01,803261,800373,28,28,-2.863565632759811,1.3495119145154164,3.4642857142857144,0.36083176219087854,2025,12,340000.0,True
Atlanta,2026-01-01,567888,553165,26,26,1.8119767308732553,1.612794130972532,4.6923076923076925,2.6615928339645496,2026,1,135000.0,True
Atlanta,2026-02-01,490720,462245,28,28,5.859615378362052,6.699872443048875,3.607142857142857,6.160153165529103,2026,2,87000.0,True
Atlanta,2026-03-01,610098,579497,29,29,4.800045615064532,6.046195652173913,3.793103448275862,5.280614049770749,2026,3,235000.0,True
Atlanta,2026-04-01,628150,603885,29,29,3.9452573751170097,5.1016097995963765,3.793103448275862,4.018149150914495,2026,4,149000.0,True
Atlanta,2026-05-01,816938,797104,29,29,2.8426526212916152,3.4968039963474244,4.689655172413793,2.4882574921214795,2026,5,141000.0,True
Atlanta,2026-06-01,610240,584439,28,28,4.053096143644509,4.905158103210743,3.9285714285714284,4.414660897031171,2026,6,145000.0,True
Atlanta,2026-07-01,591929,620293,28,28,-6.235741768588686,-3.0983626805743816,3.7857142857142856,-4.57267775067589,2026,7,266000.0,True
Atlanta,2026-08-01,482052,483058,28,28,0.006715084588354411,-0.16031724262061797,2.7857142857142856,-0.20825656546418855,2026,8,0.0,False
Baltimore,2024-02-01,164533,169586,6,6,-5.93004690185944,-5.450706414506664,2.8333333333333335,-2.9796091658509547,2024,2,0.0,False
Baltimore,2024-03-01,326079,303779,6,6,6.632800081789372,8.575257135004836,5.0,7.340862929958951,2024,3,0.0,False
Baltimore,2024-04-01,186694,193796,7,7,-5.547069425069833,-6.474773906918953,3.4285714285714284,-3.6646783215339838,2024,4,0.0,False
Baltimore,2024-05-01,246498,236789,6,6,2.307253543322147,6.635914333201609,4.0,4.100274928311704,2024,5,0.0,False
Baltimore,2024-06-01,293880,290161,6,6,-0.13836070165969913,1.1512865209547094,5.0,1.2817022273841074,2024,6,0.0,False
Baltimore,2024-07-01,255531,245658,6,6,3.399782413057981,5.669279444758195,3.8333333333333335,4.0190020272085585,2024,7,0.0,False
Baltimore,2024-08-01,446527,435707,6,6,-0.45654526677623447,1.4418629497005675,5.0,2.483320212895363,2024,8,0.0,False
Baltimore,2024-09-01,184638,179002,6,6,2.78482302841064,4.268755238736965,3.8333333333333335,3.148568172422655,2024,9,0.0,False
Baltimore,2024-10-01,187031,180993,6,6,1.6337155336180995,1.5704824438771525,3.6666666666666665,3.3360406203554835,2024,10,0.0,False
Baltimore,2024-11-01,315213,313580,7,7,4.90741059019909,5.778792039575006,4.428571428571429,0.520760252567128,2024,11,0.0,False
Baltimore,2024-12-01,387482,376734,8,8,9.108229065815271,5.044718668629005,3.375,2.8529413326113384,2024,12,0.0,False
Baltimore,2025-01-01,213408,192803,7,7,11.034095027365497,11.287551655290894,3.5714285714285716,10.687074371249409,2025,1,0.0,False
Baltimore,2025-02-01,204980,220392,8,8,-5.107919829913426,-6.826417949966348,3.5,-6.992994301063559,2025,2,0.0,False
Baltimore,2025-03-01,347799,364507,8,8,-3.255205450897376,-3.024217649319639,5.0,-4.583725415424121,2025,3,14000.0,True
Baltimore,2025-04-01,274050,257795,8,8,6.360882935507831,6.080540551411376,4.0,6.305397699722648,2025,4,30000.0,True
Baltimore,2025-05-01,337446,337282,8,8,2.16204947442231,-0.28368212518808766,5.0,0.048624000094876094,2025,5,15000.0,True
Baltimore,2025-06-01,309119,311818,8,8,0.5991425386255602,-0.7327040553712564,4.0,-0.8655690178245002,2025,6,22000.0,True
Baltimore,2025-07-01,284809,286786,8,8,-1.0548877507895178,-0.08989534518008135,3.625,-0.6893641949049117,2025,7,48000.0,True
Baltimore,2025-08-01,415153,403903,7,7,2.220520122319002,6.520510082291602,5.0,2.7853222184534405,2025,8,46000.0,True
Baltimore,2025-09-01,250071,264752,8,8,-4.937524345392227,-3.127766476196597,3.625,-5.545189460325135,2025,9,2000.0,True
Baltimore,2025-10-01,304894,301836,8,8,0.10732813074875386,2.1110248410653445,4.0,1.0131329596204561,2025,10,35000.0,True
Baltimore,2025-11-01,413336,405225,8,8,2.179564674977304,3.2275598683527615,5.0,2.001604047134308,2025,11,48000.0,True
Baltimore,2025-12-01,431004,429394,9,9,0.4377064913530494,0.6257725587144624,3.888888888888889,0.37494701835610184,2025,12,85000.0,True
Baltimore,2026-01-01,297907,294916,9,9,-4.111828166356172,-0.7465302116921351,4.555555555555555,1.0141870905613801,2026,1,29000.0,True
Baltimore,2026-02-01,241274,218594,8,8,7.955498584023314,8.959568426530957,4.0,10.375399141787971,2026,2,0.0,False
Baltimore,2026-03-01,287622,276942,8,8,4.592954013188221,4.517835508472769,4.0,3.856403145785038,2026,3,0.0,False
Baltimore,2026-04-01,296075,298990,8,8,0.8625656779821357,1.560989797311431,4.0,-0.9749489949496639,2026,4,0.0,False
Baltimore,2026-05-01,371138,372245,8,8,-0.7868749094869458,0.17862098030990392,5.0,-0.2973847869011001,2026,5,0.0,False
Baltimore,2026-06-01,349616,331007,9,9,6.155859736282955,5.462212777261256,4.0,5.621935487769141,2026,6,0.0,False
Baltimore,2026-07-01,310062,308974,9,9,-0.22823365749456237,0.363079366880354,4.0,0.3521331892003858,2026,7,0.0,False
Baltimore,2026-08-01,273320,269999,9,9,-1.4158661713002951,-0.2102058567700783,3.0,1.230004555572428,2026,8,0.0,False
Boston,2024-02-01,287859,291641,12,12,-0.9532394557557904,-1.8897403403615436,3.0,-1.2967998326709893,2024,2,0.0,False
Boston,2024-03-01,500967,493801,12,12,2.6607867986094553,2.030516539839758,5.0,1.451191876889678,2024,3,0.0,False
Boston,2024-04-01,361276,391544,12,12,-7.369580209707871,-6.243438418090701,3.9166666666666665,-7.730421102098359,2024,4,0.0,False
Boston,2024-05-01,427429,425917,12,12,0.8787907618297166,-0.49985572881212764,4.0,0.3549987438867197,2024,5,0.0,False
Boston,2024-06-01,537720,523916,12,12,2.8626043669691703,2.7174207182389933,4.916666666666667,2.634773513311294,2024,6,0.0,False
Boston,2024-07-01,375605,367495,12,12,-0.07864784252744077,2.2914378099654886,3.6666666666666665,2.2068327460237556,2024,7,0.0,False
Boston,2024-08-01,569365,564533,11,11,0.29795554258413515,0.46159890001964254,4.7272727272727275,0.855928705673539,2024,8,0.0,False
Boston,2024-09-01,413413,404255,11,11,1.5172969887852532,2.214750180625799,4.0,2.265401788475096,2024,9,0.0,False
Boston,2024-10-01,384195,375637,12,12,0.8854892162175867,0.4114885254645362,3.75,2.278263323368039,2024,10,0.0,False
Boston,2024-11-01,531851,542686,12,12,-2.142088584757087,-1.96196430617299,5.0,-1.996550491444408,2024,11,0.0,False
Boston,2024-12-01,665894,650014,12,12,3.078988141108788,1.635444891066467,4.0,2.443024304091912,2024,12,0.0,False
Boston,2025-01-01,378406,362825,13,13,4.57583792776873,3.895534962089301,3.923076923076923,4.294356783573348,2025,1,0.0,False
Boston,2025-02-01,374008,422496,15,15,-12.26595104653419,-11.5178682604906,3.8666666666666667,-11.476558357948951,2025,2,0.0,False
Boston,2025-03-01,567423,583791,15,15,-3.2736044403015847,-3.611107662897079,5.0,-2.8037431203975394,2025,3,75000.0,True
Boston,2025-04-01,464335,452322,20,20,1.3910536476314899,1.582514003682087,3.25,2.6558513625249267,2025,4,101000.0,True
Boston,2025-05-01,538603,554611,15,15,-3.400774914889999,-3.405492730210016,5.0,-2.8863473677947247,2025,5,47000.0,True
Boston,2025-06-01,469729,486334,15,15,-2.9537648945493937,-3.855507746730386,3.8666666666666667,-3.4143201996981496,2025,6,60000.0,True
Boston,2025-07-01,454601,444881,16,16,5.991021090889005,1.226238086424769,3.5,2.1848539272299785,2025,7,90000.0,True
Boston,2025-08-01,595756,604466,13,13,-0.4162498067038355,-1.4528460034035204,4.769230769230769,-1.4409412605506349,2025,8,127000.0,True
Boston,2025-09-01,441233,483834,14,14,-7.2249629272420535,-8.461908147543461,3.9285714285714284,-8.804879359449728,2025,9,5000.0,True
Boston,2025-10-01,462888,504622,16,16,-7.006298805291269,-7.526596772030867,3.625,-8.270348894816317,2025,10,14000.0,True
Boston,2025-11-01,686404,720222,17,17,-2.7551586574017564,-3.111567484955583,4.9411764705882355,-4.695496666305667,2025,11,163000.0,True
Boston,2025-12-01,680538,729177,20,20,-5.715513144611924,-6.7604758522727275,3.5,-6.670396899518225,2025,12,367000.0,True
Boston,2026-01-01,518224,545676,19,19,-4.216202485270301,-5.9492694098026035,4.684210526315789,-5.03082415206093,2026,1,129000.0,True
Boston,2026-02-01,402126,400628,19,19,1.7972855837496242,-0.30700530281886684,3.8947368421052633,0.37391295665804686,2026,2,55000.0,True
Boston,2026-03-01,520514,522743,20,20,1.2845376213592261,-0.13855012805679945,3.85,-0.4264045620888276,2026,3,180000.0,True
Boston,2026-04-01,558010,557184,21,21,-0.6750264070818337,-0.05701106532949805,3.761904761904762,0.14824546289915003,2026,4,141000.0,True
Boston,2026-05-01,646319,659702,19,19,-0.269894435863604,-0.32869975410247404,4.842105263157895,-2.0286432358852937,2026,5,120000.0,True
Boston,2026-06-01,520420,512666,19,19,4.416461808718332,1.7775597237423106,3.6842105263157894,1.512485711945009,2026,6,124000.0,True
Boston,2026-07-01,513765,546809,20,20,-2.180062666887305,-3.9814788763047315,3.75,-6.043060739673268,2026,7,184000.0,True
Boston,2026-08-01,367014,381347,18,18,-2.5720277680322328,-4.654532524226538,2.7777777777777777,-3.7585191439817276,2026,8,0.0,False
Buffalo,2024-02-01,43018,41643,4,4,3.672031142370241,1.8460700099410954,3.0,3.30187546526427,2024,2,0.0,False
Buffalo,2024-03-01,73579,67212,4,4,11.812810210368273,11.089854661380132,4.25,9.473010771885972,2024,3,0.0,False
Buffalo,2024-04-01,56752,63934,4,4,-11.181044047970842,-10.598438775400691,4.0,-11.23345950511465,2024,4,0.0,False
Buffalo,2024-05-01,82220,81121,4,4,1.4357142971052872,0.5998010236650901,4.0,1.3547663367068945,2024,5,0.0,False
Buffalo,2024-06-01,102225,104770,4,4,-1.910328527190051,-2.266358607168866,5.0,-2.4291304762813786,2024,6,0.0,False
Buffalo,2024-07-01,78137,78218,4,4,-0.08696241800312113,-0.31309441568508406,4.0,-0.10355672607328237,2024,7,0.0,False
Buffalo,2024-08-01,119824,121257,4,4,-0.9092322105950039,-1.3585538562255095,4.75,-1.1817874431991555,2024,8,0.0,False
Buffalo,2024-09-01,81482,83570,4,4,-1.9219453256786352,-0.5812729492138061,4.0,-2.498504247935862,2024,9,0.0,False
Buffalo,2024-10-01,62860,61790,4,4,1.0372058312976769,-1.0047232786214126,4.0,1.7316717915520312,2024,10,0.0,False
Buffalo,2024-11-01,98157,96064,4,4,1.3595140838117532,1.4087431923383764,5.0,2.1787558294470353,2024,11,0.0,False
Buffalo,2024-12-01,106499,102872,4,4,3.4665477446302293,2.6711734846646884,4.0,3.525740726339529,2024,12,0.0,False
Buffalo,2025-01-01,59304,51748,4,4,14.500928530809684,16.49441048069532,4.0,14.601530493932133,2025,1,0.0,False
Buffalo,2025-02-01,50110,61284,4,4,-18.374635148004064,-17.147038244457224,4.0,-18.233144050649436,2025,2,0.0,False
Buffalo,2025-03-01,70854,78836,4,4,-8.106522550787277,-2.573121757181145,4.5,-10.124816073874879,2025,3,13000.0,True
Buffalo,2025-04-01,63242,66819,4,4,-6.532761050371936,-2.2480387147736005,4.0,-5.353267783115581,2025,4,16000.0,True
Buffalo,2025-05-01,76946,88954,4,4,-13.542763050876715,-7.553468391530521,4.75,-13.49911190053286,2025,5,6000.0,True
Buffalo,2025-06-01,70245,77020,4,4,-8.65630608344349,-4.617819931822594,4.0,-8.79641651519086,2025,6,7000.0,True
Buffalo,2025-07-01,56174,61992,4,4,-7.370849957204897,-3.7821998370735694,4.0,-9.385081946057555,2025,7,17000.0,True
Buffalo,2025-08-01,77257,84746,4,4,-10.031410820423616,-6.641365983141552,4.5,-8.836995256413282,2025,8,15000.0,True
Buffalo,2025-09-01,44809,49908,3,3,-12.791753208070519,-13.287978577115148,4.0,-10.21679890999439,2025,9,1000.0,True
Buffalo,2025-10-01,48269,55107,3,3,-13.31019657047551,-11.216772744290529,4.0,-12.408586930879926,2025,10,22000.0,True
Buffalo,2025-11-01,47888,50359,3,3,-10.249317662340184,-12.637081070001024,3.3333333333333335,-4.906769395738597,2025,11,24000.0,True
Buffalo,2025-12-01,53722,61306,4,4,-34.83886410868466,-16.08900351849934,2.75,-12.370730434215247,2025,12,48000.0,True
Buffalo,2026-01-01,41259,46434,3,3,-12.805850411165274,-15.206354405502784,4.666666666666667,-11.144850755911616,2026,1,8000.0,True
Buffalo,2026-02-01,43040,42160,3,3,1.0153233672654267,0.8551184949914489,4.0,2.0872865275142316,2026,2,0.0,False
Buffalo,2026-03-01,52394,50774,3,3,2.1375165317618965,5.720352615661798,4.0,3.1906093669988573,2026,3,0.0,False
Buffalo,2026-04-01,47942,46916,4,4,-14.643508556101871,1.5181914796290492,3.25,2.186887202660073,2026,4,0.0,False
Buffalo,2026-05-01,63108,60039,3,3,4.953996378063432,5.48243228543457,5.0,5.111677409683706,2026,5,0.0,False
Buffalo,2026-06-01,54386,51543,3,3,4.944571128159121,5.508201994210357,4.0,5.515782938517354,2026,6,0.0,False
Buffalo,2026-07-01,50003,48055,3,3,4.113069597430191,2.5192291072508857,4.0,4.053688481947768,2026,7,0.0,False
Buffalo,2026-08-01,38036,36047,3,3,5.503622295179052,5.363784286378428,3.0,5.517796210502954,2026,8,0.0,False
Charlotte,2024-02-01,107235,104104,6,6,3.37341985038087,2.556263339586277,2.8333333333333335,3.0075693537232,2024,2,0.0,False
Charlotte,2024-03-01,211729,196685,6,6,8.76417177822553,9.211897542956809,5.0,7.648778503698808,2024,3,0.0,False
Charlotte,2024-04-01,133747,131082,9,9,1.3761693051659165,1.8805728176177225,3.0,2.033078530995865,2024,4,0.0,False
Charlotte,2024-05-01,151962,141317,6,6,7.403621215798371,8.115901699267186,4.0,7.532710148106739,2024,5,0.0,False
Charlotte,2024-06-01,225202,207059,6,6,9.623629847522723,9.417689340368536,5.0,8.76223685036632,2024,6,0.0,False
Charlotte,2024-07-01,179924,167132,6,6,8.24709046767889,8.39445473467347,4.0,7.653830505229399,2024,7,0.0,False
Charlotte,2024-08-01,247050,235668,6,6,3.978956774828982,3.707001979161916,5.0,4.82967564539946,2024,8,0.0,False
Charlotte,2024-09-01,130292,127205,6,6,1.572428572856495,-0.2681917297682107,3.8333333333333335,2.4267913997091313,2024,9,0.0,False
Charlotte,2024-10-01,111035,110083,6,6,-0.3107127024187895,0.5557297466136066,3.5,0.8648020130265345,2024,10,0.0,False
Charlotte,2024-11-01,220997,205083,9,9,6.375091369773393,6.5978386775729065,3.6666666666666665,7.759785062633178,2024,11,0.0,False
Charlotte,2024-12-01,304787,295259,9,9,3.3468597582473003,5.4993119348651565,3.0,3.226997314222428,2024,12,0.0,False
Charlotte,2025-01-01,146418,137627,6,6,6.7163168619028335,7.348936578017913,4.0,6.387554767596475,2025,1,0.0,False
Charlotte,2025-02-01,198513,211237,9,9,-6.518160202290139,-6.248387596099272,4.0,-6.023565947253559,2025,2,0.0,False
Charlotte,2025-03-01,289386,293968,9,9,-1.8011759359106736,-0.8785193408233966,5.0,-1.5586730528492898,2025,3,17000.0,True
Charlotte,2025-04-01,243780,226119,12,12,7.024030863824607,7.654803806544128,3.25,7.8104891672084165,2025,4,31000.0,True
Charlotte,2025-05-01,268273,262848,9,9,1.8826343059686939,0.2104820037886761,5.0,2.0639304845385924,2025,5,18000.0,True
Charlotte,2025-06-01,217942,220972,9,9,-2.0252995047836504,-3.323860126034845,3.888888888888889,-1.3712144525098202,2025,6,23000.0,True
Charlotte,2025-07-01,232219,225771,8,8,2.7993807929533467,2.654864831656467,4.0,2.855991247768757,2025,7,25000.0,True
Charlotte,2025-08-01,280734,269991,8,8,4.331275648593629,3.9387347529536916,5.0,3.9790215229396533,2025,8,31000.0,True
Charlotte,2025-09-01,189473,187910,8,8,0.42498454732515395,1.3202648787583655,4.0,0.8317811718375818,2025,9,2000.0,True
Charlotte,2025-10-01,235742,237688,10,10,-1.682100601691094,-0.5816984417212582,3.7,-0.8187203392682845,2025,10,4000.0,True
Charlotte,2025-11-01,359006,380223,11,11,-5.972250596573013,-7.104621507244752,4.909090909090909,-5.580146387777699,2025,11,51000.0,True
Charlotte,2025-12-01,473791,460758,14,14,0.8299307588875561,-1.0440275835463182,3.357142857142857,2.8285998289774676,2025,12,86000.0,True
Charlotte,2026-01-01,269006,250948,12,12,6.4983688102994295,6.090689701276134,4.5,7.19591309753415,2026,1,31000.0,True
Charlotte,2026-02-01,276570,252731,13,13,10.1581796997909,10.367513611615244,3.923076923076923,9.432558728450408,2026,2,0.0,False
Charlotte,2026-03-01,314656,290336,14,14,7.849897058183729,7.293499624771485,3.642857142857143,8.376501708365481,2026,3,0.0,False
Charlotte,2026-04-01,348657,336797,14,14,2.8541909747775023,2.3102537200935642,3.7857142857142856,3.521409038679085,2026,4,0.0,False
Charlotte,2026-05-01,434854,417724,14,14,3.5558271027798596,3.5749604507227017,4.928571428571429,4.1007938255881875,2026,5,0.0,False
Charlotte,2026-06-01,331972,307065,13,13,7.794875894611446,8.102711738484398,3.8461538461538463,8.111311937211992,2026,6,0.0,False
Charlotte,2026-07-01,303861,302427,12,12,1.3031641096647955,1.3941157014055314,4.0,0.474164013133748,2026,7,0.0,False
Charlotte,2026-08-01,246083,245153,12,12,0.5986066366666102,1.129289164580594,3.0,0.3793549334497232,2026,8,0.0,False
Chicago,2024-02-01,553555,522818,29,29,5.8518898000511745,6.283957678009723,2.8620689655172415,5.879101331629745,2024,2,0.0,False
Chicago,2024-03-01,986396,907632,29,29,8.169176214520727,9.455616154180747,4.862068965517241,8.67796640047949,2024,3,0.0,False
Chicago,2024-04-01,691973,707673,29,29,-2.018936346687289,-2.490444338270425,3.9655172413793105,-2.2185387883952052,2024,4,0.0,False
Chicago,2024-05-01,882844,846131,29,29,4.383602182557132,3.2181076295326814,3.9655172413793105,4.338926241917623,2024,5,0.0,False
Chicago,2024-06-01,1132669,1098188,30,30,3.1339941474327895,2.8286144655210412,4.966666666666667,3.1398084845217755,2024,6,0.0,False
Chicago,2024-07-01,892441,870362,30,30,2.8323668815502234,3.0304592845144014,4.0,2.5367605662931054,2024,7,0.0,False
Chicago,2024-08-01,1388559,1353832,30,30,2.875288695682577,2.4126736993138103,5.0,2.5650893168428577,2024,8,0.0,False
Chicago,2024-09-01,837145,843908,29,29,-0.5665913418954471,-1.0930865541643984,4.0,-0.801390672916953,2024,9,0.0,False
Chicago,2024-10-01,785650,810453,29,29,-2.6283729794094146,-3.2292405961674944,3.793103448275862,-3.060387215544887,2024,10,0.0,False
Chicago,2024-11-01,1193217,1160390,31,31,0.16574960568775066,2.8481298018051295,4.741935483870968,2.828962676341575,2024,11,0.0,False
Chicago,2024-12-01,1347842,1308992,32,32,3.4907431431653806,3.511838381337302,3.8125,2.9679325771280496,2024,12,0.0,False
Chicago,2025-01-01,707377,689778,30,30,3.6526096602374847,3.8140343610717267,3.933333333333333,2.5514005955539316,2025,1,0.0,False
Chicago,2025-02-01,680729,781754,30,30,-12.14696939031178,-13.10056687294459,3.966666666666667,-12.92286320249081,2025,2,0.0,False
Chicago,2025-03-01,992476,1025563,30,30,-3.129042484588342,-3.221082997652533,4.733333333333333,-3.2262279352901775,2025,3,77000.0,True
Chicago,2025-04-01,775608,764228,32,32,-1.774373420017471,0.9025283732488915,3.625,1.4890844093647446,2025,4,139000.0,True
Chicago,2025-05-01,1038248,1092036,31,31,-4.10178362776774,-3.493875278396436,4.870967741935484,-4.925478647224084,2025,5,57000.0,True
Chicago,2025-06-01,895826,951611,31,31,-5.70188422766406,-7.022618757188165,3.870967741935484,-5.862164266701415,2025,6,85000.0,True
Chicago,2025-07-01,923622,933603,31,31,-0.6859167216823715,-1.011696405703065,3.935483870967742,-1.0690839682391766,2025,7,106000.0,True
Chicago,2025-08-01,1346778,1365863,32,32,-0.8948180672275196,-1.472793207502578,4.96875,-1.3972850864252124,2025,8,161000.0,True
Chicago,2025-09-01,836821,928593,32,32,-8.764847102560292,-8.90419778563506,3.84375,-9.882908873963082,2025,9,253000.0,True
Chicago,2025-10-01,817837,951671,31,31,-13.475293187714803,-13.198107353397456,3.870967741935484,-14.063053303084786,2025,10,476000.0,True
Chicago,2025-11-01,1283629,1394554,34,34,-6.919552679492569,-7.480853300109905,4.617647058823529,-7.954155952369001,2025,11,240000.0,True
Chicago,2025-12-01,1489002,1519565,38,38,4.04457058243419,-2.7998957639632858,3.710526315789474,-2.0112992863089105,2025,12,569000.0,True
Chicago,2026-01-01,1060892,1067166,38,38,-0.22731216949759203,-1.9510358746640506,4.868421052631579,-0.5879122835622574,2026,1,182000.0,True
Chicago,2026-02-01,847514,798591,38,38,7.56060930386338,6.223160685995289,3.8421052631578947,6.126164707591245,2026,2,93000.0,True
Chicago,2026-03-01,967696,987571,39,39,-1.201616157348346,-1.946274708565636,3.769230769230769,-2.0125135306727313,2026,3,292000.0,True
Chicago,2026-04-01,993669,1010019,39,39,3120.001316795998,-0.23436628101633125,3.871794871794872,-1.6187814288642095,2026,4,198000.0,True
Chicago,2026-05-01,1294013,1307493,40,40,-0.4312177189316831,-1.41058921743551,4.7,-1.0309806629939893,2026,5,213000.0,True
Chicago,2026-06-01,1097977,1085812,41,41,1.1211013721070238,0.7954196126652321,3.8048780487804876,1.1203596939433345,2026,6,279000.0,True
Chicago,2026-07-01,986795,1007960,39,39,-2.2609397717665316,-0.6176879653112983,3.923076923076923,-2.0997857057819753,2026,7,385000.0,True
Chicago,2026-08-01,794501,811475,39,39,-2.631539300713955,-2.4498480243161094,2.8205128205128207,-2.091746510983086,2026,8,0.0,False
Cincinnati,2024-02-01,79582,81280,7,7,-1.0911589942408033,0.9017590652187718,2.7142857142857144,-2.0890748031496065,2024,2,0.0,False
Cincinnati,2024-03-01,162403,153131,7,7,5.5056406260798,4.919037199124726,5.0,6.054946418426053,2024,3,0.0,False
Cincinnati,2024-04-01,113161,113612,7,7,-1.25266525929079,0.9270067980498524,4.0,-0.3969651093194381,2024,4,0.0,False
Cincinnati,2024-05-01,138750,131685,7,7,4.726226488583053,3.5905493482309128,4.0,5.365075748946349,2024,5,0.0,False
Cincinnati,2024-06-01,165081,158797,7,7,3.4718556268128387,5.205420520542052,5.0,3.9572536005088255,2024,6,0.0,False
Cincinnati,2024-07-01,133875,130666,7,7,2.1731132661906005,0.8028231142479048,4.0,2.4558798769381474,2024,7,0.0,False
Cincinnati,2024-08-01,198016,193062,7,7,2.529713465845204,2.0626735422451405,5.0,2.566015062518776,2024,8,0.0,False
Cincinnati,2024-09-01,115775,119965,7,7,-3.9736005188174417,-5.006337135614702,4.0,-3.4926853665652486,2024,9,0.0,False
Cincinnati,2024-10-01,99929,104238,7,7,-3.5806957957961822,-5.0347577182580245,4.0,-4.1338091674821085,2024,10,0.0,False
Cincinnati,2024-11-01,175100,171455,7,7,1.8955376213481685,-0.7958820035636508,5.0,2.125922253652562,2024,11,0.0,False
Cincinnati,2024-12-01,193795,192244,7,7,0.8934686813823715,-1.8292095889092135,4.0,0.8067872079232642,2024,12,0.0,False
Cincinnati,2025-01-01,103744,103854,7,7,-0.24739194682652935,0.5935645110902843,4.0,-0.10591792323839237,2025,1,0.0,False
Cincinnati,2025-02-01,105031,116503,7,7,-9.87450522491417,-10.727056019070321,4.0,-9.846956730727964,2025,2,0.0,False
Cincinnati,2025-03-01,166249,165884,7,7,0.08207239058146602,-1.7487626679236388,5.0,0.22003327626534205,2025,3,24000.0,True
Cincinnati,2025-04-01,132585,128426,7,7,3.3735651836149936,3.511852502194908,4.0,3.2384408141653562,2025,4,38000.0,True
Cincinnati,2025-05-01,158907,160542,7,7,-1.3453069174344556,-2.3342204479929034,5.0,-1.0184250850244796,2025,5,9000.0,True
Cincinnati,2025-06-01,131324,134386,7,7,-2.5543000299364627,-2.5321667524446734,4.0,-2.27851115443573,2025,6,16000.0,True
Cincinnati,2025-07-01,158743,156113,8,8,1.1918595871319575,1.7219629756114072,3.875,1.684677124903115,2025,7,45000.0,True
Cincinnati,2025-08-01,236042,223867,8,8,5.061377927083017,5.518108654969037,5.0,5.438496964715657,2025,8,45000.0,True
Cincinnati,2025-09-01,150199,144218,8,8,3.967466383951294,3.40534537739281,4.0,4.147193831560554,2025,9,2000.0,True
Cincinnati,2025-10-01,151893,146943,8,8,3.609449416632508,3.4804177433533976,3.75,3.3686531512219022,2025,10,60000.0,True
Cincinnati,2025-11-01,213673,198553,7,7,7.433865583180415,8.363165251781393,5.0,7.615095213872366,2025,11,54000.0,True
Cincinnati,2025-12-01,208661,198617,8,8,4.498473115839229,4.1145953916203215,3.625,5.0569689402216325,2025,12,115000.0,True
Cincinnati,2026-01-01,135215,124606,7,7,7.893497224851485,8.507592730893702,5.0,8.514036242235527,2026,1,26000.0,True
Cincinnati,2026-02-01,125206,108315,7,7,15.068527398229117,14.0758547008547,4.0,15.594331348382035,2026,2,0.0,False
Cincinnati,2026-03-01,152506,139868,7,7,8.656074088491645,8.982921233749682,4.0,9.035662195784596,2026,3,0.0,False
Cincinnati,2026-04-01,150475,139447,8,8,5.887239473860269,7.294615934967238,3.625,7.908380961942531,2026,4,0.0,False
Cincinnati,2026-05-01,185990,181820,7,7,2.0471047775497375,2.098780196125329,5.0,2.2934770652293475,2026,5,0.0,False
Cincinnati,2026-06-01,152468,138712,8,8,9.213136675383115,7.993767028385232,3.625,9.91695022781014,2026,6,0.0,False
Cincinnati,2026-07-01,145792,141569,8,8,1.777982424126751,1.8240714729179124,4.0,2.9829976901722834,2026,7,0.0,False
Cincinnati,2026-08-01,133249,137634,8,8,-2.5496366577994194,-1.2280433910881805,3.0,-3.1859860208959994,2026,8,0.0,False
Cleveland,2024-02-01,74044,77345,6,6,-3.478466380243671,-5.772211028743154,3.0,-4.2678906199495765,2024,2,0.0,False
Cleveland,2024-03-01,131213,128433,6,6,3.115714423897374,0.6266199105836905,5.0,2.164552723988383,2024,3,0.0,False
Cleveland,2024-04-01,86535,93027,8,8,-7.322619809623053,-11.514016503356697,3.125,-6.978619110580799,2024,4,0.0,False
Cleveland,2024-05-01,109824,104998,6,6,7.05534055473201,3.7344290340009696,4.0,4.596278024343321,2024,5,0.0,False
Cleveland,2024-06-01,130149,131845,6,6,1.3453491937933935,-1.231296441048185,5.0,-1.2863589821381167,2024,6,0.0,False
Cleveland,2024-07-01,103369,102273,6,6,2.0783791923306194,0.4891560847940572,4.0,1.0716415867335465,2024,7,0.0,False
Cleveland,2024-08-01,152822,156049,6,6,-0.1062821912358644,-2.1517052248662076,4.5,-2.0679401982710557,2024,8,0.0,False
Cleveland,2024-09-01,94979,101447,6,6,-5.302562956670992,-5.5962434448087715,4.0,-6.375742998807259,2024,9,0.0,False
Cleveland,2024-10-01,106790,113886,6,6,-6.080104225276521,-5.7183706021402525,4.0,-6.230792195704477,2024,10,0.0,False
Cleveland,2024-11-01,161143,160283,9,9,-1.223881898413191,-2.051861090451066,3.5555555555555554,0.5365509754621512,2024,11,0.0,False
Cleveland,2024-12-01,171880,167941,9,9,-1.219485255788787,-0.3693076870610958,3.0,2.345466562661887,2024,12,0.0,False
Cleveland,2025-01-01,89291,90534,7,7,-2.253156973540947,-1.5689606343811953,3.7142857142857144,-1.3729648529834095,2025,1,0.0,False
Cleveland,2025-02-01,117024,139144,8,8,-15.657691563175835,-15.80232155956503,4.0,-15.897200022997756,2025,2,0.0,False
Cleveland,2025-03-01,186335,192864,8,8,-3.426248064112474,-3.123202671760379,5.0,-3.385287041645927,2025,3,21000.0,True
Cleveland,2025-04-01,146650,145332,10,10,0.12354319954891213,0.5359543804236377,3.4,0.9068890540280187,2025,4,30000.0,True
Cleveland,2025-05-01,201047,216804,9,9,-7.477169461383166,-7.556,4.888888888888889,-7.267854836626631,2025,5,10000.0,True
Cleveland,2025-06-01,169943,180481,9,9,-5.733543279090839,-6.108386616177293,4.0,-5.838841761736693,2025,6,13000.0,True
Cleveland,2025-07-01,174421,176685,9,9,-1.4326586430394483,-1.0449621321062217,4.0,-1.2813764609332994,2025,7,35000.0,True
Cleveland,2025-08-01,257561,251749,9,9,2.12764171660017,2.053829116048057,5.0,2.3086486937386046,2025,8,33000.0,True
Cleveland,2025-09-01,165142,174150,9,9,-4.816251825216866,-4.137371552190373,4.0,-5.172552397358599,2025,9,3000.0,True
Cleveland,2025-10-01,179556,192356,9,9,-6.220491396873509,-3.9240447125952946,4.0,-6.654328432697707,2025,10,3000.0,True
Cleveland,2025-11-01,262091,265570,9,9,-1.0374380883760073,-1.5411406181976492,5.0,-1.310012426102346,2025,11,45000.0,True
Cleveland,2025-12-01,247363,257387,11,11,-4.670889469147595,-4.909271290043844,3.4545454545454546,-3.894524587488878,2025,12,92000.0,True
Cleveland,2026-01-01,160020,169683,10,10,-6.765115092467236,-5.501439113996344,4.7,-5.6947366559997175,2026,1,22000.0,True
Cleveland,2026-02-01,168240,155533,11,11,8.381047757728949,9.389930172730613,4.0,8.169970359987913,2026,2,0.0,False
Cleveland,2026-03-01,189297,190964,11,11,-1.116681674406017,-0.9410288582183186,3.909090909090909,-0.8729394021909889,2026,3,0.0,False
Cleveland,2026-04-01,183897,188019,11,11,-2.479114972156518,-1.4897287125607652,3.909090909090909,-2.192331626059069,2026,4,0.0,False
Cleveland,2026-05-01,244762,250947,11,11,-2.519700758199623,-0.8487523340689187,5.0,-2.4646638533236103,2026,5,0.0,False
Cleveland,2026-06-01,197852,197438,11,11,0.5281986731030961,1.3011592145729831,4.0,0.2096860786677337,2026,6,0.0,False
Cleveland,2026-07-01,174246,182678,11,11,-4.823783528053962,-2.990010799136069,3.727272727272727,-4.615772014145108,2026,7,0.0,False
Cleveland,2026-08-01,153441,166625,11,11,-7.563937669197163,-5.98380851812742,2.727272727272727,-7.912378094523631,2026,8,0.0,False
Columbus,2024-02-01,55093,59140,3,3,-7.292004936668715,-7.154150197628459,3.0,-6.84308420696652,2024,2,0.0,False
Columbus,2024-03-01,109669,107540,4,4,0.8869834739990048,-0.028464334489545134,4.0,1.9797284731262785,2024,3,0.0,False
Columbus,2024-04-01,72235,76367,4,4,28.638751815076844,-6.414666579528994,3.5,-5.4107140518810475,2024,4,0.0,False
Columbus,2024-05-01,49454,50348,3,3,-1.8636265599663118,-2.0017157563625965,3.6666666666666665,-1.7756415349169778,2024,5,0.0,False
Columbus,2024-06-01,109170,109610,4,4,1.9690245397216817,-0.5665788062278219,4.75,-0.4014232278076818,2024,6,0.0,False
Columbus,2024-07-01,72122,71070,4,4,3.609551948126672,3.9387781004195745,3.5,1.480230758407204,2024,7,0.0,False
Columbus,2024-08-01,130858,131010,4,4,0.7681926598738937,0.767390857773827,4.25,-0.11602167773452408,2024,8,0.0,False
Columbus,2024-09-01,80881,81860,4,4,1.7124343918278293,-0.7076554863812163,3.25,-1.1959442951380406,2024,9,0.0,False
Columbus,2024-10-01,72421,73981,4,4,-1.6661969876893947,-1.0592575016984156,3.75,-2.108649518119517,2024,10,0.0,False
Columbus,2024-11-01,121387,115768,4,4,27.980418477381303,5.114557147775374,4.25,4.853672862967314,2024,11,0.0,False
Columbus,2024-12-01,137756,126887,4,4,12.221899223442586,7.305920587917543,3.5,8.565889334604806,2024,12,0.0,False
Columbus,2025-01-01,93314,92103,5,5,3.643948898035853,3.314884597268017,3.4,1.3148323073081225,2025,1,0.0,False
Columbus,2025-02-01,77936,86232,5,5,-14.374055447955504,-13.534085226957055,3.4,-9.620558493366731,2025,2,0.0,False
Columbus,2025-03-01,146482,143618,5,5,1.359669847033933,3.574126346757842,4.8,1.9941790026319821,2025,3,17000.0,True
Columbus,2025-04-01,108677,112164,5,5,-2.7412032781773297,-4.049955396966993,3.4,-3.1088406262258834,2025,4,35000.0,True
Columbus,2025-05-01,133309,131393,5,5,1.406664097737416,-3.385305425032038,4.6,1.4582207575746045,2025,5,8000.0,True
Columbus,2025-06-01,134650,137197,5,5,-1.8475213208804409,-3.1357626930341076,4.0,-1.8564545871994285,2025,6,18000.0,True
Columbus,2025-07-01,139296,138477,5,5,0.6643261920570607,-0.747429361444742,4.0,0.5914339565415195,2025,7,33000.0,True
Columbus,2025-08-01,214165,211252,5,5,2.0712346094861767,4.472151937322806,5.0,1.3789218563611232,2025,8,40000.0,True
Columbus,2025-09-01,106372,111673,5,5,-5.640835479052663,-5.6660780851481265,3.8,-4.74689495222659,2025,9,2000.0,True
Columbus,2025-10-01,113109,120046,5,5,-6.332267762772361,-7.449545710380316,3.8,-5.778618196358062,2025,10,54000.0,True
Columbus,2025-11-01,163568,157428,5,5,3.3077506110499058,4.755208162998332,4.8,3.9001956449932664,2025,11,46000.0,True
Columbus,2025-12-01,122040,134094,5,5,-9.688796604148257,-7.876655491751585,4.0,-8.989216519754798,2025,12,97000.0,True
Columbus,2026-01-01,94858,99693,5,5,-5.323921023696559,-5.165376072993578,4.4,-4.849889159720341,2026,1,24000.0,True
Columbus,2026-02-01,75248,67573,5,5,9.745191554266324,10.711909514304724,3.4,11.35808680982049,2026,2,0.0,False
Columbus,2026-03-01,111468,101680,5,5,8.768108395920475,7.405405405405406,3.4,9.626278520849725,2026,3,0.0,False
Columbus,2026-04-01,125441,120046,5,5,4.240961582328149,2.3614977103349197,4.0,4.4941105909401395,2026,4,0.0,False
Columbus,2026-05-01,141114,138298,5,5,1.2281956800233738,-0.5453984152574349,4.8,2.036182735831321,2026,5,0.0,False
Columbus,2026-06-01,112966,109193,5,5,2.6651231112543945,2.1713486827733846,3.8,3.4553497019039683,2026,6,0.0,False
Columbus,2026-07-01,112386,112309,5,5,-1.1860044661799027,-2.390941853585068,3.6,0.06856084552440142,2026,7,0.0,False
Columbus,2026-08-01,96961,101524,5,5,-5.416748363093393,-4.344779257182902,3.0,-4.494503762657106,2026,8,0.0,False
Dallas,2024-02-01,462366,452719,21,21,2.2929350149922847,3.7422348626599806,2.9047619047619047,2.1309023919915,2024,2,0.0,False
Dallas,2024-03-01,879221,833194,21,21,6.172556917032862,7.516310662257575,5.0,5.524163640160635,2024,3,0.0,False
Dallas,2024-04-01,508740,524503,21,21,-2.410752533713787,-2.851741484828094,4.0,-3.005321227905274,2024,4,0.0,False
Dallas,2024-05-01,738008,703994,22,22,5.315474542658141,5.299835317706656,3.9545454545454546,4.8315752691074065,2024,5,0.0,False
Dallas,2024-06-01,929448,892918,22,22,4.590805404271544,4.058342390310927,4.954545454545454,4.0910811519086865,2024,6,0.0,False
Dallas,2024-07-01,741589,701184,22,22,6.557788699265807,7.09413373314278,4.0,5.762396175611538,2024,7,0.0,False
Dallas,2024-08-01,1115589,1054836,22,22,6.797553689187538,6.128441129774888,4.954545454545454,5.759473510574155,2024,8,0.0,False
Dallas,2024-09-01,685590,663087,22,22,4.556190915538994,5.696625401877491,4.0,3.3936723235412547,2024,9,0.0,False
Dallas,2024-10-01,645559,657429,22,22,-1.6605738003393113,-0.5481235303826637,3.8636363636363638,-1.8055181624175385,2024,10,0.0,False
Dallas,2024-11-01,928086,914395,23,23,0.5308969203803863,2.3165634928147893,4.739130434782608,1.497274153948786,2024,11,0.0,False
Dallas,2024-12-01,1064370,1039408,24,24,2.746302111277757,4.078508144467033,3.75,2.401559349167988,2024,12,0.0,False
Dallas,2025-01-01,678816,639076,24,24,6.872174762593855,7.736196187290193,3.9166666666666665,6.2183527467781605,2025,1,0.0,False
Dallas,2025-02-01,625075,673498,25,25,-5.656568469303652,-5.573852503439363,3.92,-7.189776361622455,2025,2,0.0,False
Dallas,2025-03-01,980877,1010858,25,25,-0.7596758572342415,0.8367367267656141,5.0,-2.9658962979963555,2025,3,75000.0,True
Dallas,2025-04-01,702298,682868,26,26,5.64855407049364,5.6321914225941425,3.769230769230769,2.845352249629504,2025,4,105000.0,True
Dallas,2025-05-01,921441,932894,26,26,0.26135863189724545,1.1557105238362175,4.884615384615385,-1.2276850317399404,2025,5,52000.0,True
Dallas,2025-06-01,779426,818947,26,26,-2.5933850377888845,-0.46890650079940344,3.9615384615384617,-4.8258312198469495,2025,6,63000.0,True
Dallas,2025-07-01,860990,894520,27,27,-1.1648571667395469,0.21248565721813778,3.925925925925926,-3.7483790189151724,2025,7,124000.0,True
Dallas,2025-08-01,1122844,1118997,26,26,2.159038095972041,3.259089864840716,5.0,0.3437900190974596,2025,8,122000.0,True
Dallas,2025-09-01,721394,748789,26,26,-2.671916015104152,-2.631922406379215,3.8846153846153846,-3.658574044223406,2025,9,327000.0,True
Dallas,2025-10-01,766037,808807,27,27,-4.398481348890492,-3.839048802606388,3.888888888888889,-5.288035340940422,2025,10,627000.0,True
Dallas,2025-11-01,1091602,1107497,28,28,-3.350835347386664,-1.5148389890817806,4.678571428571429,-1.4352183346772045,2025,11,174000.0,True
Dallas,2025-12-01,1156784,1122706,30,30,6.203584803669329,2.9756752077562325,3.533333333333333,3.0353449611919774,2025,12,401000.0,True
Dallas,2026-01-01,775498,844214,27,27,-8.133746504987755,-7.771563143950544,4.851851851851852,-8.139642318179988,2026,1,136000.0,True
Dallas,2026-02-01,677849,635160,27,27,7.042270718130798,7.274864494220597,3.925925925925926,6.7209836891491905,2026,2,74000.0,True
Dallas,2026-03-01,842809,817037,27,27,3.3007493415246536,2.3989953665612953,4.0,3.1543247123447284,2026,3,280000.0,True
Dallas,2026-04-01,792256,797512,29,29,2683.059084983723,-0.5676140224647239,3.7241379310344827,-0.6590496443940655,2026,4,224000.0,True
Dallas,2026-05-01,1016690,1036214,27,27,-1.5325265540879873,-1.6231842847325892,4.888888888888889,-1.8841667840812804,2026,5,157000.0,True
Dallas,2026-06-01,913760,875048,30,30,4.786082455864167,4.670568077448747,3.8,4.423985884202923,2026,6,243000.0,True
Dallas,2026-07-01,931413,954896,30,30,-1.7892825400222208,-1.3794634443065086,4.0,-2.459220690001843,2026,7,308000.0,True
Dallas,2026-08-01,799313,825548,30,30,-3.4713839476158466,-2.990279510946009,2.8333333333333335,-3.177889111232781,2026,8,0.0,False
Detroit,2024-02-01,200164,191133,11,11,5.0007973259392,5.291104741318547,3.0,4.724982080540776,2024,2,0.0,False
Detroit,2024-03-01,352352,319804,11,11,10.84551693630671,9.169128033902659,5.0,10.177483708771623,2024,3,0.0,False
Detroit,2024-04-01,233690,240521,12,12,-3.393133389145494,-1.5414444983034414,3.75,-2.840084649573218,2024,4,0.0,False
Detroit,2024-05-01,293366,275281,11,11,6.055945991441999,7.7647358208480455,4.0,6.569650647883435,2024,5,0.0,False
Detroit,2024-06-01,371257,359158,12,12,1.9997745425645732,2.637221923343589,4.833333333333333,3.3687123772824212,2024,6,0.0,False
Detroit,2024-07-01,293306,282102,12,12,3.4940732488753956,3.5427870181666776,4.0,3.9716131044799403,2024,7,0.0,False
Detroit,2024-08-01,458120,436035,12,12,3.3811854086569753,3.442294004652327,4.583333333333333,5.064960381620741,2024,8,0.0,False
Detroit,2024-09-01,273082,267703,11,11,1.4860565977017095,1.3712047012732616,3.909090909090909,2.009316294550304,2024,9,0.0,False
Detroit,2024-10-01,269669,260825,13,13,2.171930985925546,2.324188983235358,3.769230769230769,3.390779258123263,2024,10,0.0,False
Detroit,2024-11-01,415201,397777,14,14,3.5668051790612987,2.9703989703989704,4.714285714285714,4.380343760448693,2024,11,0.0,False
Detroit,2024-12-01,433720,414873,14,14,3.9739734505138262,3.2753119825532084,3.7857142857142856,4.542836000414584,2024,12,0.0,False
Detroit,2025-01-01,258077,241437,14,14,5.844089985754481,5.84617690738601,3.7857142857142856,6.892067081681764,2025,1,0.0,False
Detroit,2025-02-01,262387,304465,14,14,-14.25650534667615,-15.481566530035948,4.0,-13.82030775294369,2025,2,0.0,False
Detroit,2025-03-01,384928,403996,14,14,-5.361003570575563,-8.118322686562092,4.857142857142857,-4.71984871137338,2025,3,41000.0,True
Detroit,2025-04-01,300978,300625,14,14,0.3576636791842584,-0.072080407203237,3.7857142857142856,0.11742203742203743,2025,4,68000.0,True
Detroit,2025-05-01,351117,358731,14,14,-2.4131405271520303,-4.567343556846239,4.857142857142857,-2.122481748162272,2025,5,23000.0,True
Detroit,2025-06-01,331581,340765,14,14,-2.959849247140575,-3.8246485081434685,4.0,-2.6951124675362785,2025,6,37000.0,True
Detroit,2025-07-01,335908,326790,14,14,1.771123231897482,0.6565413510682079,3.9285714285714284,2.790171057865908,2025,7,50000.0,True
Detroit,2025-08-01,439530,429821,13,13,1.9507942991075677,1.0540374688661878,5.0,2.2588472875918115,2025,8,89000.0,True
Detroit,2025-09-01,281841,287014,13,13,-2.608064221891463,-3.811366131646364,4.0,-1.802351104824155,2025,9,4000.0,True
Detroit,2025-10-01,295621,316900,12,12,-7.283274921115027,-7.614616450508457,4.0,-6.714736509940044,2025,10,65000.0,True
Detroit,2025-11-01,417564,425355,13,13,-3.1941768246385824,-3.343267726991059,4.6923076923076925,-1.8316465070352999,2025,11,114000.0,True
Detroit,2025-12-01,373625,397337,15,15,-3.165170389729127,-5.7228395856804894,3.4,-5.967730163563926,2025,12,264000.0,True
Detroit,2026-01-01,275640,294918,14,14,-7.155912751119561,-6.422556420262135,4.714285714285714,-6.536732244217037,2026,1,86000.0,True
Detroit,2026-02-01,258768,242750,14,14,6.301314574534282,8.566267838094166,4.0,6.598558187435634,2026,2,0.0,False
Detroit,2026-03-01,317299,323047,14,14,-1.9797923485411884,0.8254992302413179,4.0,-1.7793076549232776,2026,3,0.0,False
Detroit,2026-04-01,315176,321379,15,15,-3.230602823480385,0.5003237388898699,3.933333333333333,-1.9301198896007516,2026,4,0.0,False
Detroit,2026-05-01,414996,424385,16,16,-1.8530720015357922,-2.8354146091733208,4.6875,-2.212377911566149,2026,5,0.0,False
Detroit,2026-06-01,380027,392078,16,16,-2.555023839481568,-2.2294098048045496,4.0,-3.0736231056065373,2026,6,0.0,False
Detroit,2026-07-01,339421,360697,16,16,-5.4366862052586455,-5.673933711882039,3.9375,-5.898579694314064,2026,7,0.0,False
Detroit,2026-08-01,249380,260490,16,16,-5.4046624528338985,-3.1248359464028876,2.625,-4.265038965027449,2026,8,0.0,False
El Paso,2024-02-01,97948,92704,5,5,2.158783366768993,2.3322141593559333,2.6,5.65671384190542,2024,2,0.0,False
El Paso,2024-03-01,185669,171732,4,4,9.106238985191265,8.087788121408936,5.0,8.115552139379965,2024,3,0.0,False
El Paso,2024-04-01,122244,117512,6,6,1259.129607818009,6.449070729625009,3.0,4.0268227925658655,2024,4,0.0,False
El Paso,2024-05-01,152453,145832,4,4,5.115184455908084,6.198325438564192,4.0,4.540155795710133,2024,5,0.0,False
El Paso,2024-06-01,222027,221481,5,5,0.4305085823838688,0.4305659170840882,4.8,0.24652227504842403,2024,6,0.0,False
El Paso,2024-07-01,211348,216040,5,5,0.369178625214737,3.2818177636723243,4.0,-2.1718200333271613,2024,7,0.0,False
El Paso,2024-08-01,275955,278008,5,5,3.576854783069907,9.568140677527799,4.6,-0.7384679577566113,2024,8,0.0,False
El Paso,2024-09-01,200325,195526,5,5,5.2103638010405415,8.460468058191019,4.0,2.4544050407618423,2024,9,0.0,False
El Paso,2024-10-01,201994,208568,5,5,0.07108932947116813,3.2565947242206232,4.0,-3.1519696214184343,2024,10,0.0,False
El Paso,2024-11-01,316657,315929,6,6,2.661599479281132,5.705603748281189,4.333333333333333,0.23043152100630204,2024,11,0.0,False
El Paso,2024-12-01,342970,339438,6,6,1.3811728870606292,3.4765917815687253,3.5,1.040543486586652,2024,12,0.0,False
El Paso,2025-01-01,214913,203943,7,7,6.414788218027155,10.005482456140351,3.5714285714285716,5.378953923400165,2025,1,0.0,False
El Paso,2025-02-01,240398,247944,7,7,-1.6637226732002237,-0.7382600007401102,4.0,-3.0434291614235476,2025,2,0.0,False
El Paso,2025-03-01,333629,354389,7,7,-5.06345787082591,-3.168792669780812,5.0,-5.857969632240279,2025,3,20000.0,True
El Paso,2025-04-01,275700,261407,7,7,5.695009868589141,8.074523603107417,4.0,5.4677189210694435,2025,4,29000.0,True
El Paso,2025-05-01,331030,334284,7,7,-0.10255060178038912,-1.2960012435394241,5.0,-0.9734237953357026,2025,5,18000.0,True
El Paso,2025-06-01,263657,259086,7,7,3.300828379148436,6.303787926377286,4.0,1.764279042480103,2025,6,19000.0,True
El Paso,2025-07-01,283173,279994,7,7,1.2620329565955828,0.42306269650453115,3.857142857142857,1.135381472460124,2025,7,31000.0,True
El Paso,2025-08-01,362987,341300,7,7,6.749742633668894,7.1362586605080836,5.0,6.354233811895693,2025,8,32000.0,True
El Paso,2025-09-01,281516,304582,8,8,-6.504384696944927,-6.211461105977095,4.0,-7.573001687558686,2025,9,0.0,False
El Paso,2025-10-01,296988,313591,8,8,-4.079082369212043,-3.107037319859728,4.0,-5.294475925648377,2025,10,9000.0,True
El Paso,2025-11-01,458259,473022,8,8,-2.2848907737432125,-2.579012206563047,5.0,-3.12099648642135,2025,11,47000.0,True
El Paso,2025-12-01,444046,459778,8,8,-2.942040709556051,-1.4391252501618457,4.0,-3.4216513186798845,2025,12,86000.0,True
El Paso,2026-01-01,309182,323439,8,8,-3.029810213805864,-2.27710617912347,5.0,-4.407940910032495,2026,1,26000.0,True
El Paso,2026-02-01,253829,253241,8,8,0.9510408298654993,0.6854921628673375,4.0,0.2321898902626352,2026,2,0.0,False
El Paso,2026-03-01,303090,301452,8,8,1.6543450687708074,0.8553623079139493,4.0,0.5433700887703515,2026,3,0.0,False
El Paso,2026-04-01,294298,311559,8,8,-4.183382884230954,-3.785926379734309,4.0,-5.540202658244506,2026,4,0.0,False
El Paso,2026-05-01,369247,390686,8,8,-3.901913617328429,-1.675929943451099,5.0,-5.4875270677730965,2026,5,0.0,False
El Paso,2026-06-01,272993,301762,8,8,-6.82670052121582,-5.080225918329173,4.0,-9.533672231758803,2026,6,0.0,False
El Paso,2026-07-01,257518,281046,7,7,-5.773819717887008,-4.138313199601019,4.0,-8.371583299531038,2026,7,0.0,False
El Paso,2026-08-01,200772,224100,7,7,-7.580501906258628,-6.793788202263622,3.0,-10.409638554216867,2026,8,0.0,False
Fort Myers,2024-02-01,96348,96980,5,5,0.0051065045658939216,1.1303129378794956,3.0,-0.6516807589193648,2024,2,0.0,False
Fort Myers,2024-03-01,166877,160155,5,5,4.820320360001717,6.091941103742834,5.0,4.197183978021292,2024,3,0.0,False
Fort Myers,2024-04-01,117524,117568,6,6,-0.5321232330255811,-0.19739976856578859,3.5,-0.037425149700598806,2024,4,0.0,False
Fort Myers,2024-05-01,125096,121175,5,5,3.8517638377789702,2.724469602834921,4.0,3.235815968640396,2024,5,0.0,False
Fort Myers,2024-06-01,155659,153372,5,5,1.7926990404890908,2.1178312781366215,5.0,1.4911457110815534,2024,6,0.0,False
Fort Myers,2024-07-01,117093,116725,5,5,0.5698825725445691,0.800725185073274,4.0,0.31527093596059114,2024,7,0.0,False
Fort Myers,2024-08-01,179330,170252,5,5,5.08976579132506,2.868991419107483,5.0,5.332095951883091,2024,8,0.0,False
Fort Myers,2024-09-01,103283,100491,5,5,1.82912667562187,2.1408406524466748,3.8,2.7783582609387905,2024,9,0.0,False
Fort Myers,2024-10-01,90989,96772,5,5,-5.736386398556768,-4.959218908138358,4.0,-5.975902120448064,2024,10,0.0,False
Fort Myers,2024-11-01,175972,158445,6,6,10.710445054020495,12.237769730216213,4.0,11.061882672220644,2024,11,0.0,False
Fort Myers,2024-12-01,212945,197906,6,6,5.6896556449293225,5.563888888888889,3.5,7.599062181035442,2024,12,0.0,False
Fort Myers,2025-01-01,168170,148666,7,7,12.487987051932887,10.255346313437599,3.5714285714285716,13.11934134233786,2025,1,0.0,False
Fort Myers,2025-02-01,162586,166840,7,7,-3.14582701497098,-2.787136294027565,4.0,-2.54974826180772,2025,2,0.0,False
Fort Myers,2025-03-01,227019,227539,7,7,-0.6670339503248816,-1.002831524303917,5.0,-0.228532251614009,2025,3,12000.0,True
Fort Myers,2025-04-01,180992,174968,7,7,3.2920428101428043,4.519111356423347,4.0,3.442915275936171,2025,4,19000.0,True
Fort Myers,2025-05-01,200314,199087,7,7,0.7083880373949965,1.5083835048876804,4.714285714285714,0.6163134709950926,2025,5,13000.0,True
Fort Myers,2025-06-01,160446,163399,7,7,-2.0236908531789886,-1.2957648491173146,4.0,-1.8072326024027074,2025,6,14000.0,True
Fort Myers,2025-07-01,180380,175843,7,7,2.6838685699631006,1.5677032634868588,4.0,2.580142513492149,2025,7,18000.0,True
Fort Myers,2025-08-01,192735,190342,8,8,-0.5204877455245921,1.8988275189939547,4.375,1.2572107049416315,2025,8,20000.0,True
Fort Myers,2025-09-01,167996,171064,8,8,-3.4169628150834646,-2.1312319409138265,4.0,-1.7934808025066644,2025,9,1000.0,True
Fort Myers,2025-10-01,172132,165602,8,8,2.2168926955241623,6.828580394738658,4.0,3.9431890919191797,2025,10,0.0,False
Fort Myers,2025-11-01,285024,295987,8,8,-5.284889125648715,-5.240478991722317,5.0,-3.703878886572721,2025,11,31000.0,True
Fort Myers,2025-12-01,325104,336098,10,10,-5.766661199469729,-10.076263484411427,3.7,-3.271069747514118,2025,12,52000.0,True
Fort Myers,2026-01-01,272745,271753,9,9,-0.6905573366980219,-0.03681342953909586,5.0,0.3650373684927121,2026,1,20000.0,True
Fort Myers,2026-02-01,199578,185224,9,9,6.330097932735829,7.867647058823529,4.0,7.749535697317842,2026,2,0.0,False
Fort Myers,2026-03-01,234215,230938,10,10,0.011144218576432597,-0.33309568843585313,3.8,1.418995574569798,2026,3,0.0,False
Fort Myers,2026-04-01,245244,247467,10,10,-1.1471509497862182,-1.4083831108736047,4.0,-0.8983015917273818,2026,4,0.0,False
Fort Myers,2026-05-01,294052,295102,10,10,-0.7163039676658821,-1.4305512373107505,4.8,-0.35580917784359306,2026,5,0.0,False
Fort Myers,2026-06-01,235570,224682,10,10,4.997316075117283,4.964531148940718,4.0,4.845960068007228,2026,6,0.0,False
Fort Myers,2026-07-01,229024,230071,10,10,-1.4713937665069163,-3.110275957830927,4.0,-0.45507691104050485,2026,7,0.0,False
Fort Myers,2026-08-01,163675,169961,9,9,-3.9003371895091874,-4.00293793609989,3.0,-3.698495537211478,2026,8,0.0,False
Harlingen/McAllen,2024-02-01,222100,216535,6,6,3.26837576786057,1.4941117991592416,3.0,2.5700233218648254,2024,2,0.0,False
Harlingen/McAllen,2024-03-01,416356,386951,6,6,8.335720162393502,8.084547669523761,5.0,7.599153381177462,2024,3,0.0,False
Harlingen/McAllen,2024-04-01,203529,200891,6,6,1.1591963770820337,-1.0057140687502553,3.8333333333333335,1.3131499171192338,2024,4,0.0,False
Harlingen/McAllen,2024-05-01,226354,204282,6,6,10.545651618053816,6.877512569076601,3.5,10.804671973056852,2024,5,0.0,False
Harlingen/McAllen,2024-06-01,263519,246075,6,6,5.057993227763784,4.632349056985831,4.333333333333333,7.088895661891699,2024,6,0.0,False
Harlingen/McAllen,2024-07-01,250418,232182,6,6,6.8660571397688095,5.057850109455943,3.5,7.854183356160253,2024,7,0.0,False
Harlingen/McAllen,2024-08-01,457201,410882,6,6,10.645685093109515,9.552336406265422,4.5,11.27306623312776,2024,8,0.0,False
Harlingen/McAllen,2024-09-01,236970,214679,6,6,13.374611413371392,10.179972848771005,3.5,10.383409648824523,2024,9,0.0,False
Harlingen/McAllen,2024-10-01,238326,226220,5,5,5.8889698807124145,4.044644019263308,4.0,5.351427813632747,2024,10,0.0,False
Harlingen/McAllen,2024-11-01,431520,427954,6,6,0.634275457321103,1.8648056081739441,5.0,0.8332671268407352,2024,11,0.0,False
Harlingen/McAllen,2024-12-01,528138,538230,6,6,-1.8846728169650575,-1.8262609700834624,4.0,-1.8750348364082272,2024,12,0.0,False
Harlingen/McAllen,2025-01-01,363521,334943,7,7,8.994190049351173,7.994923857868021,3.857142857142857,8.532198015781791,2025,1,0.0,False
Harlingen/McAllen,2025-02-01,311106,337266,7,7,-7.260625643150353,-7.865493101338952,4.0,-7.756488943445233,2025,2,0.0,False
Harlingen/McAllen,2025-03-01,438017,510829,7,7,-12.992593025501359,-10.522853916129913,5.0,-14.253693506046055,2025,3,28000.0,True
Harlingen/McAllen,2025-04-01,355042,363784,8,8,-2.354987168852586,-0.6911277181547452,3.625,-2.4030743518131636,2025,4,45000.0,True
Harlingen/McAllen,2025-05-01,452025,464607,7,7,-1.8917996708769889,-0.9756443939501527,5.0,-2.708095228870852,2025,5,26000.0,True
Harlingen/McAllen,2025-06-01,320362,337579,7,7,-3.7863087802924,-2.4702232008807927,4.0,-5.100139522896862,2025,6,31000.0,True
Harlingen/McAllen,2025-07-01,349005,379485,7,7,-6.52951092467255,-6.2845036881253185,4.0,-8.031938021265663,2025,7,43000.0,True
Harlingen/McAllen,2025-08-01,487890,527683,7,7,-6.543269223700384,-5.9387477262066835,4.857142857142857,-7.541080535093986,2025,8,47000.0,True
Harlingen/McAllen,2025-09-01,332545,375655,7,7,-10.704790027185567,-7.896137065020752,4.0,-11.475955331354568,2025,9,1000.0,True
Harlingen/McAllen,2025-10-01,307867,346863,7,7,-10.823883723906349,-7.948558526129782,3.7142857142857144,-11.242479019093993,2025,10,11000.0,True
Harlingen/McAllen,2025-11-01,507382,536438,7,7,-4.467480944178678,-2.8189936024037405,5.0,-5.41646937763544,2025,11,74000.0,True
Harlingen/McAllen,2025-12-01,546923,578692,8,8,-5.618435046997047,-5.015565025538731,3.625,-5.489794225598418,2025,12,163000.0,True
Harlingen/McAllen,2026-01-01,445443,472016,8,8,-5.326248105971981,-4.8215199905516535,4.875,-5.629682044676452,2026,1,50000.0,True
Harlingen/McAllen,2026-02-01,348019,333068,8,8,4.771244200210471,5.5521744149959265,4.0,4.488873143021845,2026,2,0.0,False
Harlingen/McAllen,2026-03-01,431108,414365,9,9,4.154860190851132,3.8357306649989575,3.888888888888889,4.040640498111568,2026,3,0.0,False
Harlingen/McAllen,2026-04-01,429955,455010,9,9,-4.677337025899488,-3.2007156503017256,4.0,-5.506472385222303,2026,4,0.0,False
Harlingen/McAllen,2026-05-01,573572,570179,9,9,0.8309699749115368,-0.16380016380016382,5.0,0.5950762830619858,2026,5,0.0,False
Harlingen/McAllen,2026-06-01,409790,400361,9,9,2.262618972701665,2.1677033556688645,4.0,2.3551245001386247,2026,6,0.0,False
Harlingen/McAllen,2026-07-01,385671,387017,9,9,0.04603341589515006,-1.6864599875716357,3.888888888888889,-0.34778834004707804,2026,7,0.0,False
Harlingen/McAllen,2026-08-01,330646,337893,9,9,-2.480777259661788,-2.819112627986348,2.888888888888889,-2.1447618032927585,2026,8,0.0,False
Hartford,2024-02-01,167540,162138,9,9,3.000200015220493,5.3283651606893345,3.0,3.3317297610677326,2024,2,0.0,False
Hartford,2024-03-01,291614,265736,9,9,10.109370389641908,10.371714208515073,5.0,9.738236445193726,2024,3,0.0,False
Hartford,2024-04-01,209572,210198,9,9,-0.4568092642450375,1.091424521615875,4.0,-0.29781444162170906,2024,4,0.0,False
Hartford,2024-05-01,233818,215805,9,9,8.893102683658462,6.525831416021753,3.888888888888889,8.346887236162276,2024,5,0.0,False
Hartford,2024-06-01,305220,280898,9,9,9.147458938464387,7.710775314221155,5.0,8.658659015016127,2024,6,0.0,False
Hartford,2024-07-01,237035,222381,9,9,6.754886106193104,8.632807009323901,4.0,6.589591736704124,2024,7,0.0,False
Hartford,2024-08-01,382732,377537,9,9,1.3633156073733512,2.586748457189313,5.0,1.376024071812829,2024,8,0.0,False
Hartford,2024-09-01,201825,194728,9,9,4.077253245611893,2.497713081175675,4.0,3.6445708886241324,2024,9,0.0,False
Hartford,2024-10-01,196919,180420,9,9,9.29344442273569,11.153833621167193,3.888888888888889,9.144773306728744,2024,10,0.0,False
Hartford,2024-11-01,323392,312802,9,9,3.6950369697615457,3.2291244584359315,5.0,3.3855282255228545,2024,11,0.0,False
Hartford,2024-12-01,376907,355736,9,9,6.8950084261147575,7.8718301129167,4.0,5.951323453347427,2024,12,0.0,False
Hartford,2025-01-01,200339,184022,9,9,9.206269340576625,8.778107239930813,4.0,8.866874612818032,2025,1,0.0,False
Hartford,2025-02-01,193142,215501,9,9,-9.492457648136998,-8.249696702327121,4.0,-10.375357886970363,2025,2,0.0,False
Hartford,2025-03-01,297425,306402,9,9,-2.218943502528878,-0.5319483789738747,5.0,-2.9298111631125123,2025,3,6000.0,True
Hartford,2025-04-01,230033,223551,11,11,2.86246276314166,4.022535211267606,3.4545454545454546,2.899562068610742,2025,4,13000.0,True
Hartford,2025-05-01,292438,305777,9,9,-2.916754814825227,-1.8434937384781642,5.0,-4.3623294099948655,2025,5,0.0,False
Hartford,2025-06-01,214514,216053,8,8,-0.17625886289666054,-0.4370627564677999,4.0,-0.7123252164978038,2025,6,4000.0,True
Hartford,2025-07-01,205537,199295,8,8,3.716122392611442,4.097210057137165,4.0,3.1320404425600237,2025,7,14000.0,True
Hartford,2025-08-01,288394,275786,8,8,4.97562453457074,4.293203950944449,5.0,4.571660635420217,2025,8,12000.0,True
Hartford,2025-09-01,195442,195939,8,8,0.08482758889990319,0.32092318754859545,4.0,-0.2536503707786607,2025,9,1000.0,True
Hartford,2025-10-01,208156,213927,8,8,-2.2820621589524737,-2.6442448325335817,4.0,-2.6976491980909376,2025,10,13000.0,True
Hartford,2025-11-01,333484,348175,10,10,-4.7953887017250825,-0.7621293164209542,4.6,-4.219429884397214,2025,11,16000.0,True
Hartford,2025-12-01,358279,391778,12,12,-9.001688783145651,-5.364008823102157,3.5,-8.550505643502188,2025,12,40000.0,True
Hartford,2026-01-01,247578,265323,10,10,-4.685988924790533,-0.9695528341338362,5.0,-6.688074535566084,2026,1,13000.0,True
Hartford,2026-02-01,197140,201792,11,11,-2.5230220777896384,1.5573353674040173,3.727272727272727,-2.3053441167142403,2026,2,0.0,False
Hartford,2026-03-01,287632,296746,12,12,-2.3342817943202365,-0.9975719148930675,4.0,-3.071313513914257,2026,3,0.0,False
Hartford,2026-04-01,277908,287312,12,12,-3.49232668629123,0.7609600590440129,3.9166666666666665,-3.273096842456981,2026,4,0.0,False
Hartford,2026-05-01,330714,345513,12,12,-4.558671632166319,-3.1678379202558804,4.833333333333333,-4.28319629073291,2026,5,0.0,False
Hartford,2026-06-01,272562,273404,11,11,-0.7383823863515526,1.21973757161338,3.727272727272727,-0.3079691591929891,2026,6,0.0,False
Hartford,2026-07-01,248279,258140,11,11,-3.660912012419982,-1.423353067136919,3.909090909090909,-3.8200201441078483,2026,7,0.0,False
Hartford,2026-08-01,190512,197233,10,10,-3.122882719794744,-1.0606782900762062,2.9,-3.4076447653283175,2026,8,0.0,False
Houston,2024-02-01,593092,594658,23,23,0.5353340323817742,-2.598700649675162,2.9130434782608696,-0.2633446451573846,2024,2,0.0,False
Houston,2024-03-01,1082617,1018717,23,23,7.428198674562357,7.550739594083248,5.0,6.272595823962887,2024,3,0.0,False
Houston,2024-04-01,625057,624084,24,24,0.643785074494467,0.577018736527939,3.75,0.1559084994968626,2024,4,0.0,False
Houston,2024-05-01,808113,763548,23,23,6.756747171349805,6.449566504546415,3.9565217391304346,5.836568231466784,2024,5,0.0,False
Houston,2024-06-01,1003155,929843,24,24,8.554097212624733,8.426392133330369,4.916666666666667,7.8843417652227314,2024,6,0.0,False
Houston,2024-07-01,684158,667686,24,24,3.0384590460587457,1.0491189573138633,3.7083333333333335,2.4670279143190066,2024,7,0.0,False
Houston,2024-08-01,1386127,1242397,24,24,12.223847237327545,11.163562910439023,4.958333333333333,11.56876586147584,2024,8,0.0,False
Houston,2024-09-01,798813,743098,24,24,8.485745741506749,8.094507841544157,4.0,7.497665180097377,2024,9,0.0,False
Houston,2024-10-01,713269,703225,24,24,2.1809556030253714,1.7788655333553263,3.8333333333333335,1.4282768672899853,2024,10,0.0,False
Houston,2024-11-01,1284960,1248915,26,26,4.084844808910845,4.5593653145162865,4.8076923076923075,2.8861051392608785,2024,11,0.0,False
Houston,2024-12-01,1446892,1436412,26,26,3.9544876538699048,2.4506642589965177,3.8076923076923075,0.7295956870312975,2024,12,0.0,False
Houston,2025-01-01,897691,818069,26,26,12.092776730158906,12.83611205513154,3.8461538461538463,9.73291983928006,2025,1,0.0,False
Houston,2025-02-01,801111,857593,27,27,-4.893383859485455,-4.591305382807153,3.888888888888889,-6.586107862354288,2025,2,0.0,False
Houston,2025-03-01,1186513,1208245,27,27,-0.4308729481758687,-0.6892665978026106,4.925925925925926,-1.7986418317477,2025,3,66000.0,True
Houston,2025-04-01,861842,826137,29,29,4.212151550647093,6.100544309216562,3.6206896551724137,4.321922393017139,2025,4,148000.0,True
Houston,2025-05-01,994680,955164,26,26,4.945284684917713,4.941099237402493,4.846153846153846,4.137090593866604,2025,5,63000.0,True
Houston,2025-06-01,899569,927269,27,27,-0.8826476003468146,-0.4479254652025903,3.925925925925926,-2.9872669096022837,2025,6,94000.0,True
Houston,2025-07-01,889406,846340,26,26,6.739690080648742,4.772368328025204,3.8461538461538463,5.0884987121015195,2025,7,118000.0,True
Houston,2025-08-01,1246838,1310250,26,26,-3.533659525263182,-3.7726621849858786,4.961538461538462,-4.839687082617821,2025,8,164000.0,True
Houston,2025-09-01,846484,928421,27,27,-7.422276994453221,-7.594004505285046,4.0,-8.825414332506481,2025,9,67000.0,True
Houston,2025-10-01,765224,833074,25,25,-6.856164482262639,-6.566878338877129,3.8,-8.144534579161036,2025,10,78000.0,True
Houston,2025-11-01,1233841,1318454,26,26,-5.025733631816883,-4.7580909586462115,4.961538461538462,-6.417592119254824,2025,11,241000.0,True
Houston,2025-12-01,1362734,1424333,30,30,0.8847891822476683,-2.5412103756374114,3.6333333333333333,-4.324761133807894,2025,12,575000.0,True
Houston,2026-01-01,1005386,1090882,32,32,-6.613797658507098,-6.420975407851344,4.46875,-7.837327960311015,2026,1,187000.0,True
Houston,2026-02-01,758353,752607,30,30,0.4428937140178963,3.00018824235345,3.7333333333333334,0.7634794786654922,2026,2,71000.0,True
Houston,2026-03-01,967608,982392,29,29,-0.5117297229075879,-0.04483048472961614,4.0,-1.5048982483570714,2026,3,307000.0,True
Houston,2026-04-01,903931,980316,31,31,-10.596372635180922,-6.760497485282077,3.7096774193548385,-7.791875272871196,2026,4,203000.0,True
Houston,2026-05-01,1134452,1206137,28,28,-5.330690064255909,-4.330484872680738,4.964285714285714,-5.94335469353813,2026,5,141000.0,True
Houston,2026-06-01,977590,994487,32,32,-0.9601965994057763,-1.459585009284734,3.96875,-1.6990669561291398,2026,6,224000.0,True
Houston,2026-07-01,922039,969910,32,32,-3.91669301735237,-2.8693326739872607,3.90625,-4.935612582610758,2026,7,259000.0,True
Houston,2026-08-01,857075,886108,32,32,-2.9036908957710708,-2.517007610386218,2.9375,-3.2764629142271593,2026,8,0.0,False
Las Vegas,2024-02-01,162077,163583,7,7,-1.4464358155992534,-0.7967466179765955,3.0,-0.9206335621672178,2024,2,0.0,False
Las Vegas,2024-03-01,297626,298906,8,8,-2.742855988706848,-0.8022716178611207,4.625,-0.42822827243347406,2024,3,0.0,False
Las Vegas,2024-04-01,211898,230194,9,9,-8.414070770485978,-8.415281989478451,3.5555555555555554,-7.9480785772001,2024,4,0.0,False
Las Vegas,2024-05-01,266916,271595,8,8,-1.6476678992654061,-0.6369855863881284,3.875,-1.7227857655700582,2024,5,0.0,False
Las Vegas,2024-06-01,319626,329583,8,8,-2.666938914356372,-2.724480558152975,5.0,-3.0210902868169778,2024,6,0.0,False
Las Vegas,2024-07-01,267810,271584,8,8,-0.41246234988006336,-1.4504258327761224,4.0,-1.3896253092965711,2024,7,0.0,False
Las Vegas,2024-08-01,425278,413150,9,9,3.8903337813966314,5.067612927975448,4.777777777777778,2.9354955827181413,2024,8,0.0,False
Las Vegas,2024-09-01,221859,218691,8,8,1.772206777934662,2.079356078143904,3.75,1.448619284744228,2024,9,0.0,False
Las Vegas,2024-10-01,223805,220666,8,8,2.924924774677949,-0.35116099996530803,3.75,1.4225118504889742,2024,10,0.0,False
Las Vegas,2024-11-01,301666,274567,9,9,10.869444023118005,4.026395938934448,4.222222222222222,9.869722144321786,2024,11,0.0,False
Las Vegas,2024-12-01,304338,286752,10,10,2.5603860586078238,7.6912778633107965,3.2,6.132825577502511,2024,12,0.0,False
Las Vegas,2025-01-01,218073,212341,10,10,5.136365950720551,1.7210149538031252,3.4,2.699431574684117,2025,1,0.0,False
Las Vegas,2025-02-01,223298,225817,9,9,1.4869389092314047,-3.2029043969342474,4.0,-1.1155050328363232,2025,2,0.0,False
Las Vegas,2025-03-01,345834,347009,10,10,0.033910857665857906,-1.422219471297214,4.7,-0.3386079323591031,2025,3,26000.0,True
Las Vegas,2025-04-01,270928,271868,10,10,1.0949458567814132,-0.01206501844914637,3.9,-0.34575602866096783,2025,4,37000.0,True
Las Vegas,2025-05-01,329738,345325,10,10,-2.9690910802420794,-3.5202708057215797,4.8,-4.513718960399624,2025,5,18000.0,True
Las Vegas,2025-06-01,240731,250210,10,10,-2.637828616133446,-4.228778104182316,3.7,-3.7884177291075494,2025,6,21000.0,True
Las Vegas,2025-07-01,291910,299755,10,10,-1.251710887934237,-3.12624065456238,4.0,-2.617137328818535,2025,7,53000.0,True
Las Vegas,2025-08-01,287306,295930,10,10,-3.7269840933814655,-6.419518906631306,4.0,-2.9142026830669416,2025,8,43000.0,True
Las Vegas,2025-09-01,215574,238551,9,9,-9.936308244011094,-11.698271471795332,3.7777777777777777,-9.63190261202007,2025,9,1000.0,True
Las Vegas,2025-10-01,222555,241807,9,9,-8.151489338882236,-4.673027369593983,3.6666666666666665,-7.96172153825158,2025,10,10000.0,True
Las Vegas,2025-11-01,281614,331737,9,9,-14.706663604015242,-11.971027434638092,4.555555555555555,-15.109258237700345,2025,11,59000.0,True
Las Vegas,2025-12-01,261103,269790,10,10,-11.963080552087273,-1.06287650303768,3.2,-3.219911783238815,2025,12,114000.0,True
Las Vegas,2026-01-01,232199,249096,9,9,-5.945583396872921,-5.792822136312441,4.555555555555555,-6.783328515913543,2026,1,33000.0,True
Las Vegas,2026-02-01,220994,237400,10,10,-5.413283393608127,-6.281935109606366,3.9,-6.910699241786015,2026,2,0.0,False
Las Vegas,2026-03-01,259325,278686,9,9,-5.290201573093435,-2.6423505572441743,4.0,-6.9472452868102454,2026,3,0.0,False
Las Vegas,2026-04-01,258407,281549,10,10,6.132185825384979,-5.84392482466779,3.8,-8.219528394702165,2026,4,0.0,False
Las Vegas,2026-05-01,312401,344386,9,9,-8.729866138825141,-5.802400445115651,4.888888888888889,-9.287543628370491,2026,5,0.0,False
Las Vegas,2026-06-01,231217,247589,9,9,-5.68820244839449,-4.892327847375747,4.0,-6.6125716409048865,2026,6,0.0,False
Las Vegas,2026-07-01,227685,250486,9,9,-7.565490000845396,-7.738589901273145,4.0,-9.10270434275768,2026,7,0.0,False
Las Vegas,2026-08-01,159536,175127,9,9,-6.391474070827631,-9.02347167801575,2.5555555555555554,-8.902682053595392,2026,8,0.0,False
Los Angeles,2024-02-01,850732,873782,36,36,-1.1815131632451246,-0.4712871893767921,2.9722222222222223,-2.6379577514757684,2024,2,0.0,False
Los Angeles,2024-03-01,1513912,1552225,36,36,-1.5553009273708434,-0.7190241161962593,4.916666666666667,-2.4682632994572304,2024,3,0.0,False
Los Angeles,2024-04-01,982439,1038279,40,40,-5.6587463972909156,-5.38962559821211,3.65,-5.378130541020284,2024,4,0.0,False
Los Angeles,2024-05-01,1129434,1149679,36,36,-1.755128769607109,-1.1836342369747634,3.9166666666666665,-1.7609263107354314,2024,5,0.0,False
Los Angeles,2024-06-01,1394283,1378359,36,36,0.3997060254599659,1.5284252045294064,4.75,1.1552868302089658,2024,6,0.0,False
Los Angeles,2024-07-01,1089206,1092484,35,35,0.9096520429435957,1.5951359084406296,3.8285714285714287,-0.30005016091768855,2024,7,0.0,False
Los Angeles,2024-08-01,1566286,1525842,34,34,2.870856119059047,1.9268332256808902,4.647058823529412,2.6506020937947703,2024,8,0.0,False
Los Angeles,2024-09-01,1025230,1012385,36,36,1.2541694221596809,0.9809301622404092,3.7777777777777777,1.2687860843453824,2024,9,0.0,False
Los Angeles,2024-10-01,1008673,994222,34,34,1.9281747319983868,1.3634439367225415,3.8529411764705883,1.4534983132539816,2024,10,0.0,False
Los Angeles,2024-11-01,1572874,1491271,41,41,-2.061063108995018,5.702781159284577,4.2682926829268295,5.472043645990568,2024,11,0.0,False
Los Angeles,2024-12-01,1727790,1708345,41,41,-5.092153554685728,0.5227410120550479,3.5121951219512195,1.1382361291191183,2024,12,0.0,False
Los Angeles,2025-01-01,1123598,1158919,40,40,-2.7781209681939822,-2.6616841863371916,3.75,-3.0477539845321373,2025,1,0.0,False
Los Angeles,2025-02-01,1100942,1094217,43,43,0.5865336139092929,1.8008834522595991,3.7674418604651163,0.6145947284679364,2025,2,0.0,False
Los Angeles,2025-03-01,1575700,1610980,43,43,-1.4789292622306758,-1.8210571716106774,4.767441860465116,-2.1899713218041192,2025,3,138000.0,True
Los Angeles,2025-04-01,1302004,1265953,50,50,-0.2557858869538778,1.4728318575688175,3.46,2.8477360533921874,2025,4,215000.0,True
Los Angeles,2025-05-01,1495507,1504965,43,43,-0.3677538497312488,-1.463792310856258,4.813953488372093,-0.6284531533955939,2025,5,85000.0,True
Los Angeles,2025-06-01,1147030,1277546,42,42,-10.12174317071023,-11.18834660147246,3.8095238095238093,-10.216148772725209,2025,6,130000.0,True
Los Angeles,2025-07-01,1178756,1260223,41,41,-6.449903695545491,-6.4084743325504485,3.707317073170732,-6.464490808372804,2025,7,172000.0,True
Los Angeles,2025-08-01,1562669,1571204,41,41,-0.13781522059647483,-0.5499693150167587,4.536585365853658,-0.5432139938543945,2025,8,255000.0,True
Los Angeles,2025-09-01,1078670,1143946,41,41,-5.072168335650376,-5.270790618592789,3.7560975609756095,-5.706213405178216,2025,9,14000.0,True
Los Angeles,2025-10-01,1216801,1267432,39,39,-3.1489644351363584,-1.6752905250657393,3.9743589743589745,-3.994770528123008,2025,10,52000.0,True
Los Angeles,2025-11-01,1652457,1762356,44,44,26.17585274356138,-4.470713798593081,4.5,-6.235913742739832,2025,11,353000.0,True
Los Angeles,2025-12-01,1797541,1798584,48,48,1.7106829476496024,-0.2920926350928437,3.4791666666666665,-0.05799006329423591,2025,12,844000.0,True
Los Angeles,2026-01-01,1532738,1482819,51,51,3.5589841834847737,2.745254214788265,4.490196078431373,3.3664931458256198,2026,1,290000.0,True
Los Angeles,2026-02-01,1145789,1182648,50,50,-3.9701207708628625,-2.7269956128019204,3.72,-3.116650093688063,2026,2,135000.0,True
Los Angeles,2026-03-01,1428634,1447341,50,50,-1.451459604780311,-1.4702682335815243,3.82,-1.2925081235175402,2026,3,558000.0,True
Los Angeles,2026-04-01,1510002,1553119,54,54,1.7324285646636686,-1.5708344551650208,3.7962962962962963,-2.77615559400149,2026,4,368000.0,True
Los Angeles,2026-05-01,1896971,1951255,53,53,-2.6614678300324104,-1.8910549294344603,4.849056603773585,-2.782004402294933,2026,5,241000.0,True
Los Angeles,2026-06-01,1588287,1445121,53,53,10.841272373548575,10.36345223359964,3.8867924528301887,9.906852090586186,2026,6,645000.0,True
Los Angeles,2026-07-01,1460651,1440932,52,52,1.8967628141860853,1.4816161526122154,3.8461538461538463,1.3684892833249591,2026,7,676000.0,True
Los Angeles,2026-08-01,1301721,1331069,54,54,-2.3799267818599077,-1.9721901978062917,2.925925925925926,-2.2048443769631776,2026,8,0.0,False
Miami,2024-02-01,606113,603234,22,22,0.7127832777996357,0.48387185273361716,2.772727272727273,0.47726089709797526,2024,2,0.0,False
Miami,2024-03-01,1142798,1115612,25,25,5.413972822035979,4.199151391008089,4.76,2.436868732139848,2024,3,0.0,False
Miami,2024-04-01,669817,662622,25,25,3.099735769072959,3.2956420264778075,3.72,1.0858377777978998,2024,4,0.0,False
Miami,2024-05-01,793685,761986,25,25,4.245594768909049,3.129245923913043,3.96,4.160050184649062,2024,5,0.0,False
Miami,2024-06-01,1019879,1004178,25,25,2.0253890116163706,2.1563034797490017,4.8,1.563567415338715,2024,6,0.0,False
Miami,2024-07-01,878970,853499,24,24,3.6088871060950716,3.4836438227760604,3.875,2.9843034379653637,2024,7,0.0,False
Miami,2024-08-01,1347514,1302498,25,25,3.2705721722579906,3.0519040129291066,4.88,3.4561281476056007,2024,8,0.0,False
Miami,2024-09-01,881615,870490,25,25,0.9564206995214087,0.7529446846578202,4.0,1.2780158301646198,2024,9,0.0,False
Miami,2024-10-01,787928,829249,25,25,-4.404452767740546,-3.786374529270798,3.8,-4.982942397277537,2024,10,0.0,False
Miami,2024-11-01,1280459,1265135,25,25,3.0002911813372477,3.7430112315075945,4.92,1.2112541349342165,2024,11,0.0,False
Miami,2024-12-01,1500677,1519060,25,25,0.11421440434063797,0.47582717635721167,3.96,-1.210156280857899,2024,12,0.0,False
Miami,2025-01-01,1013040,940774,25,25,7.384875205717219,7.530846688412991,3.96,7.68154732167343,2025,1,0.0,False
Miami,2025-02-01,921274,979119,26,26,-4.739970678753146,-5.9693571150842875,3.8076923076923075,-5.907862067838536,2025,2,0.0,False
Miami,2025-03-01,1211447,1274591,25,25,-3.9706183299373907,-4.410972482599608,4.96,-4.954059772899699,2025,3,104000.0,True
Miami,2025-04-01,932102,965821,27,27,-2.343883942777549,-1.8085454722200573,3.7037037037037037,-3.4912266351632444,2025,4,180000.0,True
Miami,2025-05-01,1179708,1204141,26,26,-1.1920962349927668,-0.3674603539032274,4.923076923076923,-2.0290813119061637,2025,5,79000.0,True
Miami,2025-06-01,1046841,1075366,26,26,-1.767633756344797,-1.9571359325190767,3.9615384615384617,-2.6525852593442605,2025,6,115000.0,True
Miami,2025-07-01,984205,1019370,26,26,-3.014664648721019,-3.4026836707113617,3.8461538461538463,-3.4496797041309826,2025,7,135000.0,True
Miami,2025-08-01,1387567,1443916,29,29,-4.456736482405447,-4.501987012838279,4.689655172413793,-3.902512334512534,2025,8,197000.0,True
Miami,2025-09-01,948016,1016831,29,29,-7.313453563002847,-7.506001371742113,3.896551724137931,-6.7675946150343576,2025,9,5000.0,True
Miami,2025-10-01,958960,982397,29,29,-2.718360442884446,-2.252609327520148,3.9310344827586206,-2.3856953960567875,2025,10,94000.0,True
Miami,2025-11-01,1430165,1499384,31,31,-7.774837549650242,-3.1275788083842215,4.741935483870968,-4.616495840958687,2025,11,381000.0,True
Miami,2025-12-01,1454858,1599167,31,31,-8.82458994261055,-8.385237019877056,3.806451612903226,-9.024010625531917,2025,12,635000.0,True
Miami,2026-01-01,1361596,1424927,33,33,-3.2316742861999317,-3.5873420023642812,4.696969696969697,-4.4445083853418454,2026,1,226000.0,True
Miami,2026-02-01,1007895,994947,33,33,2.356256460727007,2.9268675455116133,3.9393939393939394,1.301375852181071,2026,2,72000.0,True
Miami,2026-03-01,1056586,1107720,33,33,-3.573259325801879,-3.91661076422932,3.9696969696969697,-4.61614848517676,2026,3,292000.0,True
Miami,2026-04-01,1025864,1077706,35,35,-4.990697047739869,-4.219609330551868,3.914285714285714,-4.810402837137401,2026,4,174000.0,True
Miami,2026-05-01,1564788,1673482,36,36,-5.8655214485475335,-5.762024599574399,4.888888888888889,-6.495080317565412,2026,5,124000.0,True
Miami,2026-06-01,1200643,1270488,36,36,-4.3050801551381435,-3.1253637173746416,3.9722222222222223,-5.4974938763687655,2026,6,202000.0,True
Miami,2026-07-01,1122291,1198991,36,36,-6.2106814143117965,-5.564889357576039,3.9166666666666665,-6.397045515771177,2026,7,224000.0,True
Miami,2026-08-01,839345,906390,35,35,-6.547130751409493,-5.5692279646340355,2.942857142857143,-7.396926267942056,2026,8,0.0,False
Minneapolis,2024-02-01,158742,132983,9,9,19.49976808043053,23.862129916040654,3.0,19.370145056134994,2024,2,0.0,False
Minneapolis,2024-03-01,261700,221380,8,8,20.269885320124622,22.22363026450462,5.0,18.2130273737465,2024,3,0.0,False
Minneapolis,2024-04-01,154828,140759,8,8,7.7279399629876835,10.21935412705647,3.75,9.995098004390483,2024,4,0.0,False
Minneapolis,2024-05-01,188399,162713,8,8,16.22766911117797,16.053165237404464,4.0,15.786077326335327,2024,5,0.0,False
Minneapolis,2024-06-01,259429,227897,9,9,14.055977184473377,11.429997504367357,4.666666666666667,13.83607506900047,2024,6,0.0,False
Minneapolis,2024-07-01,199834,169877,9,9,18.813899209134934,18.031097789434245,3.7777777777777777,17.63452380251594,2024,7,0.0,False
Minneapolis,2024-08-01,305722,270189,9,9,14.379261986114297,15.929731341665084,4.666666666666667,13.151164555181744,2024,8,0.0,False
Minneapolis,2024-09-01,172204,157976,9,9,9.633126303937892,6.490233144297417,3.7777777777777777,9.006431356661771,2024,9,0.0,False
Minneapolis,2024-10-01,166749,152804,8,8,9.190963969024038,8.020954815278694,4.0,9.126069998167587,2024,10,0.0,False
Minneapolis,2024-11-01,293779,275155,9,9,9.534139557631601,6.524662704437985,4.666666666666667,6.768548636223219,2024,11,0.0,False
Minneapolis,2024-12-01,298960,289001,9,9,6.436140165560023,6.814098134070491,4.0,3.4460088373396633,2024,12,0.0,False
Minneapolis,2025-01-01,194616,190986,9,9,3.8370377769796016,0.8294693456980938,4.0,1.900662875812887,2025,1,0.0,False
Minneapolis,2025-02-01,183868,204633,9,9,-8.114636355562096,-9.01510177281681,3.888888888888889,-10.147434675736562,2025,2,0.0,False
Minneapolis,2025-03-01,274695,263695,8,8,5.811347371779171,4.669149752973379,5.0,4.1714859970799605,2025,3,135000.0,True
Minneapolis,2025-04-01,210290,214372,9,9,-0.4143267100310015,-3.0172904119022927,3.6666666666666665,-1.9041665889201949,2025,4,72000.0,True
Minneapolis,2025-05-01,256063,254414,8,8,1.484282157239201,0.5894147865316754,5.0,0.648156154928581,2025,5,19000.0,True
Minneapolis,2025-06-01,239353,253930,9,9,-4.534476745174579,-4.148641153632834,4.0,-5.740558421612255,2025,6,26000.0,True
Minneapolis,2025-07-01,254440,254652,9,9,0.5804404984134197,0.04349987571464081,4.0,-0.08325086785102806,2025,7,120000.0,True
Minneapolis,2025-08-01,365190,358640,9,9,2.550660411311743,0.8454950624836144,5.0,1.8263439660941332,2025,8,82000.0,True
Minneapolis,2025-09-01,262397,263217,9,9,-0.46894205513980114,-2.723595965801464,4.0,-0.31153003035518223,2025,9,7000.0,True
Minneapolis,2025-10-01,259021,266058,9,9,-2.2179923283651615,-2.174438270113554,4.0,-2.644912011666629,2025,10,150000.0,True
Minneapolis,2025-11-01,351143,351731,9,9,0.051564377914600494,0.6368940925212616,5.0,-0.16717320907170535,2025,11,109000.0,True
Minneapolis,2025-12-01,269402,306839,10,10,-11.49649713291686,-14.49453484751651,3.7,-12.200861037873283,2025,12,230000.0,True
Minneapolis,2026-01-01,185562,241141,10,10,-22.094886941842912,-24.69092422677975,4.7,-23.04834101210495,2026,1,39000.0,True
Minneapolis,2026-02-01,219066,229291,11,11,-4.0465559503618636,-7.0215080759896225,3.909090909090909,-4.459398755293491,2026,2,0.0,False
Minneapolis,2026-03-01,303396,296059,11,11,1.7905276975266469,1.1197902441688972,4.0,2.4782222462414585,2026,3,0.0,False
Minneapolis,2026-04-01,301033,283333,11,11,5.728227862629837,7.677438540840603,4.0,6.247066173019027,2026,4,0.0,False
Minneapolis,2026-05-01,378225,363225,11,11,3.731540699480749,4.584708595198264,5.0,4.129671691100557,2026,5,0.0,False
Minneapolis,2026-06-01,316537,295818,11,11,5.385552578069586,6.6369274290066365,4.0,7.003968656403599,2026,6,0.0,False
Minneapolis,2026-07-01,296846,291509,11,11,0.7432837766524885,1.303736233574639,4.0,1.8308182594705482,2026,7,0.0,False
Minneapolis,2026-08-01,227390,228276,11,11,-1.4999787549398163,-0.25088547815820544,2.8181818181818183,-0.3881266536999072,2026,8,0.0,False
New York,2024-02-01,1647777,1742846,56,56,-4.058646569752471,-3.7136896855025956,3.0,-5.454813563562127,2024,2,0.0,False
New York,2024-03-01,2805152,2877713,57,57,-0.485257978104934,0.39207841568313667,4.807017543859649,-2.521481468096367,2024,3,0.0,False
New York,2024-04-01,1835410,1999770,64,64,-8.707058167550521,-8.465521761929732,3.5,-8.21894517869555,2024,4,0.0,False
New York,2024-05-01,2256150,2326137,56,56,-1.055586071983793,-0.5057040236587245,3.8392857142857144,-3.008722186182499,2024,5,0.0,False
New York,2024-06-01,2897169,2889502,57,57,1.7556409817463714,2.22934576715722,4.7894736842105265,0.26533984056768256,2024,6,0.0,False
New York,2024-07-01,2123797,2142152,58,58,0.1661711707180834,0.8394629262124633,3.689655172413793,-0.8568486269881875,2024,7,0.0,False
New York,2024-08-01,3757019,3819115,57,57,-0.7009570078005428,-1.0404369316191637,4.842105263157895,-1.625926425362944,2024,8,0.0,False
New York,2024-09-01,1959089,1989213,56,56,-1.2377803730904253,-1.287217267107946,3.8035714285714284,-1.5143677424187354,2024,9,0.0,False
New York,2024-10-01,2079890,2079845,58,58,0.693490199957436,-0.09986070433204505,3.7586206896551726,0.002163622769966031,2024,10,0.0,False
New York,2024-11-01,3102483,3224272,64,64,-5.899811299881905,-2.4812520922059886,4.421875,-3.777255765022306,2024,11,0.0,False
New York,2024-12-01,3353670,3423017,66,66,-5.187633991948082,-0.6350099696326832,3.5303030303030303,-2.025902880412221,2024,12,0.0,False
New York,2025-01-01,2121777,2061198,68,68,1.5551062313061066,2.7772872554236736,3.573529411764706,2.939018958877313,2025,1,0.0,False
New York,2025-02-01,2103418,2407502,70,70,-12.264013683787718,-11.906639781098786,3.857142857142857,-12.630685249690343,2025,2,0.0,False
New York,2025-03-01,3247183,3407423,73,73,-4.316609414931207,-3.5746683992448576,4.780821917808219,-4.702674132328156,2025,3,300000.0,True
New York,2025-04-01,2547946,2608420,76,76,2.531556964449892,-0.7437559583559159,3.776315789473684,-2.3184149791828004,2025,4,473000.0,True
New York,2025-05-01,3165076,3261245,71,71,-3.027963343813329,-2.6411041724672844,4.915492957746479,-2.9488431565245787,2025,5,247000.0,True
New York,2025-06-01,2880350,2997320,72,72,-4.073119818013492,-3.597014904514189,3.8194444444444446,-3.902486221024115,2025,6,307000.0,True
New York,2025-07-01,2936444,2928470,73,73,0.47031111528065667,-0.5863720845004058,3.835616438356164,0.2722923574426236,2025,7,428000.0,True
New York,2025-08-01,3759759,3809048,74,74,-1.5922941901365988,-1.4428066554595973,4.743243243243243,-1.2939978703340047,2025,8,526000.0,True
New York,2025-09-01,2778201,2914559,71,71,-4.295213354626412,-5.031476309935154,3.971830985915493,-4.6785122551988145,2025,9,45000.0,True
New York,2025-10-01,2687790,2826873,73,73,-5.238152429236229,-5.931372549019607,3.643835616438356,-4.920030011960211,2025,10,58000.0,True
New York,2025-11-01,3436538,3550730,71,71,-3.6505991426764206,-3.4395253308991327,4.647887323943662,-3.216014734998155,2025,11,766000.0,True
New York,2025-12-01,3323095,3462330,84,84,623.5224928650977,-5.12396694214876,3.4404761904761907,-4.0214248786221996,2025,12,1825000.0,True
New York,2026-01-01,2927380,2981654,80,80,-2.7686196782509698,-2.320188904513449,4.7125,-1.820264859705385,2026,1,468000.0,True
New York,2026-02-01,2055620,2060760,81,81,-1.6808689262075034,-0.3297314476402352,3.8395061728395063,-0.2494225431394243,2026,2,194000.0,True
New York,2026-03-01,2710011,2608680,79,79,2.68849248712446,2.4115542599708495,3.9746835443037973,3.8843783062698374,2026,3,817000.0,True
New York,2026-04-01,3002302,2951685,84,84,320.5166438926404,0.894519172110114,3.869047619047619,1.7148510088305493,2026,4,1251000.0,True
New York,2026-05-01,3641071,3650452,82,82,-0.5926569795926759,-0.7644256474238704,4.926829268292683,-0.25698187512121784,2026,5,352000.0,True
New York,2026-06-01,3154801,3115427,85,85,1.7073005421790763,0.4641732913621085,3.788235294117647,1.2638395956637727,2026,6,551000.0,True
New York,2026-07-01,2755612,2880749,80,80,-3.905222690086724,-3.8902030041131552,3.85,-4.343905005260785,2026,7,693000.0,True
New York,2026-08-01,2172957,2230285,82,82,-3.0172971573492244,-3.5867448569528606,2.817073170731707,-2.570433823479959,2026,8,0.0,False
Oklahoma City,2024-02-01,58442,56743,4,4,3.685701217707411,3.8953952984216924,3.0,2.9942019279911176,2024,2,0.0,False
Oklahoma City,2024-03-01,121914,112069,5,5,8.241602386290193,8.948770800864713,4.6,8.784766527764146,2024,3,0.0,False
Oklahoma City,2024-04-01,84732,89338,6,6,-6.088504859716851,-7.9320660040528805,3.5,-5.155700821598871,2024,4,0.0,False
Oklahoma City,2024-05-01,114537,111898,5,5,2.4925776469547913,3.874083218357418,4.0,2.358397826592075,2024,5,0.0,False
Oklahoma City,2024-06-01,131752,132051,5,5,-0.19552886568779768,-0.552434456928839,5.0,-0.22642766809793186,2024,6,0.0,False
Oklahoma City,2024-07-01,105740,109850,5,5,-3.5093453406327115,-1.9718467210367556,4.0,-3.7414656349567594,2024,7,0.0,False
Oklahoma City,2024-08-01,168677,171013,5,5,-1.4388373279505386,-0.30266007663686345,4.6,-1.365978025062422,2024,8,0.0,False
Oklahoma City,2024-09-01,86989,88733,5,5,-1.9530281129178675,-1.8580609108689579,3.8,-1.9654469025052685,2024,9,0.0,False
Oklahoma City,2024-10-01,98253,108382,5,5,-9.05426476536035,-8.292032024399543,4.0,-9.345647801295417,2024,10,0.0,False
Oklahoma City,2024-11-01,155356,156159,6,6,-0.5197276796149685,1.1152894288561053,4.333333333333333,-0.5142194814259825,2024,11,0.0,False
Oklahoma City,2024-12-01,181751,182250,6,6,-1.4054501825657464,0.13252876156101964,3.5,-0.2737997256515775,2024,12,0.0,False
Oklahoma City,2025-01-01,91480,88206,6,6,2.837590439271894,3.4229188700538264,3.6666666666666665,3.7117656395256557,2025,1,0.0,False
Oklahoma City,2025-02-01,97935,109560,7,7,-9.907283467100886,-11.284125379170879,3.857142857142857,-10.610624315443593,2025,2,0.0,False
Oklahoma City,2025-03-01,139140,146138,6,6,-5.127035062000843,-6.458095952946687,5.0,-4.788624450861515,2025,3,14000.0,True
Oklahoma City,2025-04-01,98932,96451,7,7,1.042685845672368,-0.5849189570119803,3.5714285714285716,2.5722905931509263,2025,4,18000.0,True
Oklahoma City,2025-05-01,119230,123228,7,7,-4.491438918367705,-2.4808416677490586,4.285714285714286,-3.2443925081961895,2025,5,8000.0,True
Oklahoma City,2025-06-01,120856,132996,8,8,-9.150257436450103,-10.281400055526346,3.625,-9.128094078017384,2025,6,9000.0,True
Oklahoma City,2025-07-01,132278,137714,8,8,-3.1647026690722635,-3.731899386747103,3.875,-3.947311094006419,2025,7,28000.0,True
Oklahoma City,2025-08-01,208038,205745,9,9,0.32099280796394,1.46569553097743,4.444444444444445,1.1144863787698365,2025,8,22000.0,True
Oklahoma City,2025-09-01,114553,121394,8,8,-5.672334779364861,-2.7585680349450987,4.0,-5.635369128622502,2025,9,1000.0,True
Oklahoma City,2025-10-01,150819,156814,10,10,-3.2136723267444225,-1.8333887635521786,3.8,-3.823000497404568,2025,10,22000.0,True
Oklahoma City,2025-11-01,259022,262785,10,10,-0.7551636998013886,-1.646171527138801,5.0,-1.4319691002150046,2025,11,30000.0,True
Oklahoma City,2025-12-01,284990,286051,10,10,0.5970681869374004,-0.20301933635341451,4.0,-0.3709128791718959,2025,12,57000.0,True
Oklahoma City,2026-01-01,174950,182231,10,10,-2.2524619613563144,-4.962962253077814,5.0,-3.9954782665956943,2026,1,19000.0,True
Oklahoma City,2026-02-01,149023,138020,10,10,9.385487913720056,6.531445853169624,4.0,7.972033038690045,2026,2,0.0,False
Oklahoma City,2026-03-01,163390,161672,10,10,2.1609910866318236,0.4795710035970971,4.0,1.0626453560294917,2026,3,0.0,False
Oklahoma City,2026-04-01,134863,134296,10,10,0.3299215848322719,-1.988323008720592,3.7,0.4222017036992911,2026,4,0.0,False
Oklahoma City,2026-05-01,166429,170623,10,10,-2.3817083684782276,-4.854195532663576,4.4,-2.4580507903389344,2026,5,0.0,False
Oklahoma City,2026-06-01,154617,150346,10,10,4.136420319016422,1.9483449355427518,4.0,2.840780599417344,2026,6,0.0,False
Oklahoma City,2026-07-01,138790,143273,10,10,-2.9190575950456017,-2.7937800716880665,3.9,-3.128991505726829,2026,7,0.0,False
Oklahoma City,2026-08-01,148348,154438,9,9,-2.764212686451427,-3.348634935974873,3.0,-3.943330009453632,2026,8,0.0,False
Orlando,2024-02-01,321146,312208,15,15,2.353247997787916,0.5270381553664563,3.0,2.862835033054887,2024,2,0.0,False
Orlando,2024-03-01,512503,484386,15,15,5.949174780881211,6.184980073495161,4.733333333333333,5.804668177858154,2024,3,0.0,False
Orlando,2024-04-01,391569,394315,18,18,-3.3300942934622357,-1.063402660608801,3.5555555555555554,-0.696397550181961,2024,4,0.0,False
Orlando,2024-05-01,476691,462170,16,16,3.5881573465790146,3.706888826488889,4.0,3.141917476253327,2024,5,0.0,False
Orlando,2024-06-01,497392,489185,15,15,2.1798150221597377,1.1812710774906374,4.866666666666666,1.677688400094034,2024,6,0.0,False
Orlando,2024-07-01,468400,469423,16,16,0.3359740607253926,0.9019721242504086,3.875,-0.21792711477707738,2024,7,0.0,False
Orlando,2024-08-01,710553,680825,16,16,4.663767891748652,3.2924432011015403,4.75,4.366467153820732,2024,8,0.0,False
Orlando,2024-09-01,435644,439264,17,17,-1.2783549130438436,-0.7396119824574445,3.823529411764706,-0.8241057769359655,2024,9,0.0,False
Orlando,2024-10-01,412321,464908,17,17,-10.685049963890767,-10.944442179920923,4.0,-11.311270186789644,2024,10,0.0,False
Orlando,2024-11-01,753402,714080,20,20,5.074306126472711,2.1107143273972544,4.4,5.506665919784898,2024,11,0.0,False
Orlando,2024-12-01,859212,828478,20,20,4.3816611984770155,3.1361026498443074,3.6,3.70969416206586,2024,12,0.0,False
Orlando,2025-01-01,655003,576313,20,20,13.557557237433326,14.936177042448122,3.8,13.65403869078088,2025,1,0.0,False
Orlando,2025-02-01,560646,579406,20,20,-3.3829596238215793,-2.4756228043530375,4.0,-3.2377987110937756,2025,2,0.0,False
Orlando,2025-03-01,676377,694830,19,19,-3.306198936383948,-1.7483687468629747,4.7368421052631575,-2.6557575234229955,2025,3,40000.0,True
Orlando,2025-04-01,539136,531610,20,20,8.669451991260491,3.155217472574998,3.75,1.4156994789413293,2025,4,69000.0,True
Orlando,2025-05-01,667323,690975,20,20,-2.998159426787769,-2.7535574839119397,4.75,-3.4229892543145555,2025,5,36000.0,True
Orlando,2025-06-01,502880,505566,20,20,0.41899201491414717,-0.8061112391679938,3.75,-0.5312857272838759,2025,6,44000.0,True
Orlando,2025-07-01,601789,593700,20,20,0.6749239618018178,-0.03608310707672288,3.9,1.3624726292740441,2025,7,86000.0,True
Orlando,2025-08-01,829522,820596,21,21,0.973700797261137,-0.28084918177797435,4.809523809523809,1.0877459797513027,2025,8,91000.0,True
Orlando,2025-09-01,551679,556495,22,22,-0.8246410691434151,-0.47104942008956435,3.8181818181818183,-0.8654165805622692,2025,9,4000.0,True
Orlando,2025-10-01,572557,569017,22,22,0.5702207742788525,0.3456150697208588,4.0,0.6221255252479275,2025,10,24000.0,True
Orlando,2025-11-01,903278,919748,21,21,-2.0431920280101954,-0.25299517009220734,5.0,-1.7907078895523558,2025,11,117000.0,True
Orlando,2025-12-01,969444,1038839,22,22,-10.760531054119447,-7.074894881156185,3.8636363636363638,-6.680053405773176,2025,12,280000.0,True
Orlando,2026-01-01,850612,857608,22,22,-1.736783969565984,-2.5688805772150896,4.954545454545454,-0.815757315696682,2026,1,104000.0,True
Orlando,2026-02-01,592349,568878,22,22,3.4130278434897168,2.6349138518012074,3.909090909090909,4.125840689919456,2026,2,0.0,False
Orlando,2026-03-01,606532,609730,22,22,-0.7888953991883867,-0.47463536569651515,3.8636363636363638,-0.5244944483623899,2026,3,0.0,False
Orlando,2026-04-01,599480,607476,22,22,-2.045275387388837,-2.313090993305717,3.8181818181818183,-1.316265992401346,2026,4,0.0,False
Orlando,2026-05-01,801147,815644,23,23,-1.9933849648153816,-0.7632330331649462,4.869565217391305,-1.7773685578512195,2026,5,0.0,False
Orlando,2026-06-01,583462,606958,23,23,-3.4391311671149634,-1.3791729940999278,3.9565217391304346,-3.8711080503099065,2026,6,0.0,False
Orlando,2026-07-01,592896,625434,23,23,-4.817829268853629,-3.8863976083707024,3.9565217391304346,-5.202467406632834,2026,7,0.0,False
Orlando,2026-08-01,518320,541784,22,22,-4.971931652880383,-3.466037541243811,2.9545454545454546,-4.33087724997416,2026,8,0.0,False
Philadelphia,2024-02-01,391103,398593,25,25,-2.0537388266717094,-1.9414027818881325,2.92,-1.8791097686110894,2024,2,0.0,False
Philadelphia,2024-03-01,686908,658929,26,26,4.376924817323571,3.6295975442909167,4.8076923076923075,4.246132739642663,2024,3,0.0,False
Philadelphia,2024-04-01,467631,496396,30,30,-13.67180103626354,-5.946040934463511,3.4,-5.79476869273725,2024,4,0.0,False
Philadelphia,2024-05-01,535775,529928,25,25,0.2469999164932583,2.6234923561496504,3.88,1.1033574372367567,2024,5,0.0,False
Philadelphia,2024-06-01,666808,645141,25,25,4.0664611605157175,3.6823679185232336,4.6,3.3584906245301416,2024,6,0.0,False
Philadelphia,2024-07-01,563026,554054,26,26,1.8233105952103539,1.55231822286582,3.8076923076923075,1.6193367433499262,2024,7,0.0,False
Philadelphia,2024-08-01,864601,862195,27,27,-0.7693607074016792,-1.0682980277574872,4.703703703703703,0.2790552021294487,2024,8,0.0,False
Philadelphia,2024-09-01,543514,552138,25,25,-1.4444899389981147,-1.0461710140884364,3.92,-1.5619283584900876,2024,9,0.0,False
Philadelphia,2024-10-01,525882,529354,27,27,-1.2555107536345522,-1.3447315339544712,3.7037037037037037,-0.6558937875221497,2024,10,0.0,False
Philadelphia,2024-11-01,807537,801481,31,31,0.014737490079709233,1.0012269938650307,4.225806451612903,0.7556011932909201,2024,11,0.0,False
Philadelphia,2024-12-01,886651,862821,31,31,-2.2643874722903803,1.6902255454364192,3.3870967741935485,2.7618706545158265,2024,12,0.0,False
Philadelphia,2025-01-01,531234,496679,28,28,5.8416472690413626,7.885648400328326,3.7857142857142856,6.957209787407964,2025,1,0.0,False
Philadelphia,2025-02-01,527695,583622,30,30,-9.667350341575183,-10.50832793665622,3.8666666666666667,-9.582743625154638,2025,2,0.0,False
Philadelphia,2025-03-01,733416,748260,30,30,-1.5224327295561948,-1.614896373183947,4.7,-1.983802421618154,2025,3,78000.0,True
Philadelphia,2025-04-01,620943,586670,34,34,1952.195494505275,5.195812330360605,3.5,5.841955443434981,2025,4,139000.0,True
Philadelphia,2025-05-01,707093,720970,28,28,-1.363761378428847,-0.7002238063450018,4.964285714285714,-1.924768020860785,2025,5,50000.0,True
Philadelphia,2025-06-01,639860,662294,30,30,-2.9931039934481234,-3.109159646596516,3.7333333333333334,-3.38731741492449,2025,6,82000.0,True
Philadelphia,2025-07-01,635195,634962,32,32,0.3395465338874569,0.2179976626227337,3.5625,0.03669510931362822,2025,7,118000.0,True
Philadelphia,2025-08-01,945981,945097,31,31,-0.16009936396444333,0.9211607490377546,4.967741935483871,0.09353537255964203,2025,8,154000.0,True
Philadelphia,2025-09-01,649407,675770,31,31,-4.046365332094462,-3.0021305442572146,3.903225806451613,-3.9011793953564085,2025,9,7000.0,True
Philadelphia,2025-10-01,695882,714726,31,31,-2.5524938855216055,-1.7521209885651052,3.903225806451613,-2.6365348399246704,2025,10,74000.0,True
Philadelphia,2025-11-01,917788,906756,30,30,0.4079676940384951,1.0398190156911078,4.7,1.216644830582869,2025,11,414000.0,True
Philadelphia,2025-12-01,977097,1002780,35,35,-4.095465431685172,-2.710546876361062,3.6,-2.5611799198228926,2025,12,698000.0,True
Philadelphia,2026-01-01,691951,723257,33,33,-3.9717875913603202,-3.571864448151011,4.7272727272727275,-4.328475216969902,2026,1,248000.0,True
Philadelphia,2026-02-01,518415,519806,33,33,-0.35418070071364954,1.075487012987013,3.8181818181818183,-0.26759983532317827,2026,2,62000.0,True
Philadelphia,2026-03-01,666756,661247,32,32,1.0285162922848232,0.15259370148911375,3.90625,0.8331228723911035,2026,3,269000.0,True
Philadelphia,2026-04-01,743798,739015,34,34,-0.3223846977618415,0.9822190416584591,3.823529411764706,0.6472128441235969,2026,4,176000.0,True
Philadelphia,2026-05-01,899504,914646,33,33,-1.4312054157369811,-0.050371066859196074,4.878787878787879,-1.6555038780030742,2026,5,124000.0,True
Philadelphia,2026-06-01,767769,747890,33,33,2.706075994265982,2.8941761363636362,3.909090909090909,2.6580112048563294,2026,6,174000.0,True
Philadelphia,2026-07-01,656014,671397,32,32,-2.4554449655355404,-2.7712082609160555,3.875,-2.291192841195299,2026,7,234000.0,True
Philadelphia,2026-08-01,513305,530643,32,32,-3.2131366898829885,-2.540238164119159,2.84375,-3.2673567728208988,2026,8,0.0,False
Phoenix,2024-02-01,200550,205760,10,10,-1.621972126986582,-0.2603058041817756,2.6,-2.5320762052877135,2024,2,0.0,False
Phoenix,2024-03-01,391126,374825,10,10,5.3560649940901,6.378461834759172,4.6,4.348962849329687,2024,3,0.0,False
Phoenix,2024-04-01,247181,248663,13,13,-3.1585613998434234,-5.56394196033046,3.3076923076923075,-0.5959873402959025,2024,4,0.0,False
Phoenix,2024-05-01,284754,276138,10,10,3.0686666257400175,1.5665304639341342,4.0,3.1201790409143255,2024,5,0.0,False
Phoenix,2024-06-01,331708,318392,10,10,4.128543148840959,4.303071055763638,5.0,4.1822658860775395,2024,6,0.0,False
Phoenix,2024-07-01,323014,314675,10,10,2.553844793471803,2.28466355439286,3.7,2.650035751171844,2024,7,0.0,False
Phoenix,2024-08-01,379553,368598,10,10,0.8267082242042056,0.1275642222402288,4.3,2.972072556009528,2024,8,0.0,False
Phoenix,2024-09-01,239553,245216,9,9,-2.561229185836086,0.7617389411828718,3.6666666666666665,-2.3093925355604856,2024,9,0.0,False
Phoenix,2024-10-01,223049,223331,10,10,0.14467503290901954,0.9533569634018457,3.3,-0.12626997595497266,2024,10,0.0,False
Phoenix,2024-11-01,401126,407185,13,13,-11.273416397764619,-1.627656655894428,3.769230769230769,-1.4880214153271853,2024,11,0.0,False
Phoenix,2024-12-01,443005,466558,12,12,-5.3017921004702195,-5.334385595697416,3.25,-5.048246948932395,2024,12,0.0,False
Phoenix,2025-01-01,266573,279855,12,12,-4.067146819546931,-5.900300196000177,3.4166666666666665,-4.74602919368959,2025,1,0.0,False
Phoenix,2025-02-01,298847,317268,13,13,-4.10373607505247,-5.4387680273771695,3.6923076923076925,-5.806132354980647,2025,2,0.0,False
Phoenix,2025-03-01,434655,454904,12,12,-4.192054410180243,-5.445936598975698,4.916666666666667,-4.451268839139686,2025,3,23000.0,True
Phoenix,2025-04-01,336678,328338,14,14,2.9552273712557793,1.8389443077922434,3.5714285714285716,2.540065420389964,2025,4,66000.0,True
Phoenix,2025-05-01,445624,444126,13,13,1.1315522676916137,-1.935726367224206,4.923076923076923,0.3372916694811833,2025,5,25000.0,True
Phoenix,2025-06-01,311012,332955,13,13,-5.010902992805693,-6.507691427917882,4.0,-6.5903800813923805,2025,6,48000.0,True
Phoenix,2025-07-01,389663,397555,14,14,-0.7091254670940655,-2.519754321744485,3.7857142857142856,-1.9851341323841982,2025,7,92000.0,True
Phoenix,2025-08-01,373546,369547,15,15,-0.8182896896780777,-2.5273649550591797,4.333333333333333,1.0821356958654784,2025,8,94000.0,True
Phoenix,2025-09-01,347801,352952,15,15,-3.8338640639488704,-6.285436578648955,3.933333333333333,-1.459405244905823,2025,9,3000.0,True
Phoenix,2025-10-01,281363,287112,13,13,-2.875809945078013,-2.5123558484349258,3.923076923076923,-2.0023544818746695,2025,10,28000.0,True
Phoenix,2025-11-01,458354,486166,14,14,-6.190345816148127,-7.902460616654254,4.928571428571429,-5.720679767815931,2025,11,107000.0,True
Phoenix,2025-12-01,655833,632871,17,17,2.714634491130175,2.854834844857061,3.764705882352941,3.6282275534824633,2025,12,194000.0,True
Phoenix,2026-01-01,441011,435711,17,17,-0.29970704630852796,1.906915024327911,4.882352941176471,1.2164026154951333,2026,1,73000.0,True
Phoenix,2026-02-01,373450,379184,17,17,-1.8477567031941087,-3.4330268823460957,4.0,-1.5121946073673995,2026,2,0.0,False
Phoenix,2026-03-01,474619,481286,18,18,-1.5825490554001005,-1.3115854230712776,3.9444444444444446,-1.3852470256770402,2026,3,0.0,False
Phoenix,2026-04-01,448220,465776,17,17,-3.4577053844473773,-2.401795735129068,4.0,-3.7691937755487617,2026,4,0.0,False
Phoenix,2026-05-01,586377,606742,18,18,-4.443358953438377,-3.0883086733926772,4.888888888888889,-3.3564513417564634,2026,5,0.0,False
Phoenix,2026-06-01,429044,420254,19,19,1.4558500274499497,2.5830499607637982,3.789473684210526,2.09159222755762,2026,6,0.0,False
Phoenix,2026-07-01,463221,476072,19,19,-3.4589274677071655,-3.133150538353507,3.736842105263158,-2.6993816061436084,2026,7,0.0,False
Phoenix,2026-08-01,298045,305213,18,18,-2.0796888438726793,-1.1603139469100054,2.888888888888889,-2.3485238177928203,2026,8,0.0,False
Providence,2024-02-01,119944,119370,6,6,-0.9197115413471586,1.9823015900789942,2.8333333333333335,0.48085783697746504,2024,2,0.0,False
Providence,2024-03-01,210075,203085,6,6,2.799814059192528,3.3622119513124558,5.0,3.441908560454982,2024,3,0.0,False
Providence,2024-04-01,153051,160212,6,6,-3.8118903931877717,-5.7254801767310495,4.0,-4.469702643996705,2024,4,0.0,False
Providence,2024-05-01,181050,178437,6,6,1.0217657226461039,1.1983493455484862,4.0,1.4643823870609796,2024,5,0.0,False
Providence,2024-06-01,240836,229221,6,6,4.659122924863138,1.4912899198485916,5.0,5.067162258257315,2024,6,0.0,False
Providence,2024-07-01,160563,153083,6,6,6.129721033635836,4.6946045458113765,3.6666666666666665,4.8862381845142835,2024,7,0.0,False
Providence,2024-08-01,274664,264602,6,6,3.1703762966763462,1.266720401455785,4.666666666666667,3.802692345484917,2024,8,0.0,False
Providence,2024-09-01,160626,154708,6,6,5.53172129616841,5.7816066027044535,4.0,3.825270832794684,2024,9,0.0,False
Providence,2024-10-01,150501,147906,6,6,2.5362240301081465,0.9896454176663224,3.6666666666666665,1.7544927183481402,2024,10,0.0,False
Providence,2024-11-01,223933,225640,6,6,-1.2612918705698943,-1.1332827217783863,4.666666666666667,-0.7565148023400107,2024,11,0.0,False
Providence,2024-12-01,276911,267478,6,6,7.670173206221327,9.590075259564646,4.0,3.526645182033663,2024,12,0.0,False
Providence,2025-01-01,157594,143801,6,6,11.454230113064098,11.509568131393834,4.0,9.591727456693626,2025,1,0.0,False
Providence,2025-02-01,160702,172634,7,7,-6.020726065244469,-7.232087838216346,3.857142857142857,-6.911732335461148,2025,2,0.0,False
Providence,2025-03-01,203061,200742,7,7,2.8128737363878082,4.096104112788854,4.428571428571429,1.1552141554831574,2025,3,8000.0,True
Providence,2025-04-01,178435,167725,10,10,3.6999350595981033,3.3251485875576567,3.0,6.385452377403487,2025,4,11000.0,True
Providence,2025-05-01,245795,243630,7,7,1.828449323012308,2.3919412449331783,5.0,0.8886426137996142,2025,5,0.0,False
Providence,2025-06-01,189346,190792,7,7,-0.06076749838898036,0.4796163069544364,3.5714285714285716,-0.7578934127217074,2025,6,0.0,False
Providence,2025-07-01,187486,183130,7,7,4.137630586461014,3.82907332478042,3.7142857142857144,2.378638125921477,2025,7,19000.0,True
Providence,2025-08-01,298586,290534,7,7,4.348295053439495,2.986158384388473,5.0,2.77144843632759,2025,8,13000.0,True
Providence,2025-09-01,188062,193426,7,7,-2.309267294241547,-2.498805542283803,4.0,-2.7731535574328166,2025,9,0.0,False
Providence,2025-10-01,195408,199806,7,7,-2.6192969691305605,-3.4840915067052327,3.7142857142857144,-2.201135101048017,2025,10,20000.0,True
Providence,2025-11-01,271236,269042,7,7,1.1869124293228406,1.7382325101110059,4.857142857142857,0.8154860579389092,2025,11,10000.0,True
Providence,2025-12-01,295885,291653,12,12,-0.8887103180922897,-0.11104968148514305,2.9166666666666665,1.451039420132829,2025,12,27000.0,True
Providence,2026-01-01,240935,243920,10,10,-1.788680696751865,-2.2509732798918614,4.2,-1.2237618891439817,2026,1,7000.0,True
Providence,2026-02-01,199649,198904,10,10,0.2739959053216576,2.2824367445515215,3.8,0.3745525479628363,2026,2,0.0,False
Providence,2026-03-01,225329,215554,10,10,4.2350250263072,4.767062073216319,3.4,4.53482653998534,2026,3,0.0,False
Providence,2026-04-01,275801,259906,12,12,4.539459336728512,6.359337147930742,3.5,6.115672589320755,2026,4,0.0,False
Providence,2026-05-01,337054,330796,10,10,1.2809376123698306,1.7052755921105447,4.6,1.8918003845270197,2026,5,0.0,False
Providence,2026-06-01,307782,301625,10,10,1.9034017707438302,2.9369908642543514,3.7,2.041276419394944,2026,6,0.0,False
Providence,2026-07-01,268366,272179,11,11,-2.1241155538437253,0.04110011302531082,3.727272727272727,-1.4009163087526957,2026,7,0.0,False
Providence,2026-08-01,225924,230764,11,11,-3.3728762635291405,-1.6408334752739455,2.8181818181818183,-2.0973808739664768,2026,8,0.0,False
Puerto Rico,2024-02-01,427687,477243,11,11,-8.203057698629035,-5.799794924378364,2.909090909090909,-10.383808667701778,2024,2,0.0,False
Puerto Rico,2024-03-01,985428,997069,12,12,-0.07146199279302505,2.968259498998689,5.0,-1.1675220070025245,2024,3,0.0,False
Puerto Rico,2024-04-01,503185,524729,12,12,-2.0087915890121635,-2.393703376539426,3.6666666666666665,-4.105738390674043,2024,4,0.0,False
Puerto Rico,2024-05-01,643640,643083,12,12,0.7810452589936276,2.249972146632199,3.6666666666666665,0.0866140140541734,2024,5,0.0,False
Puerto Rico,2024-06-01,773868,749655,12,12,4.353119329087772,5.67413086151856,4.75,3.229885747443824,2024,6,0.0,False
Puerto Rico,2024-07-01,573676,552582,13,13,3.1426826850512506,7.153067301965456,3.5384615384615383,3.8173519948170584,2024,7,0.0,False
Puerto Rico,2024-08-01,830957,835885,14,14,-3.9793085022673194,1.6763420575127164,4.428571428571429,-0.5895547832536773,2024,8,0.0,False
Puerto Rico,2024-09-01,653479,621803,12,12,6.492724557096299,8.402576134952836,3.9166666666666665,5.094217943625232,2024,9,0.0,False
Puerto Rico,2024-10-01,695957,673673,14,14,4.3181930495889445,7.743279127637516,3.7142857142857144,3.3078362944633377,2024,10,0.0,False
Puerto Rico,2024-11-01,1178828,1139376,15,15,-2.6843927234014258,7.064378168177152,4.733333333333333,3.462597070677283,2024,11,0.0,False
Puerto Rico,2024-12-01,1322795,1236269,15,15,4.830095676685682,7.822676139727649,3.7333333333333334,6.998962199974278,2024,12,0.0,False
Puerto Rico,2025-01-01,886875,784142,15,15,14.661377913719695,12.132122413479237,3.6666666666666665,13.101326035335436,2025,1,0.0,False
Puerto Rico,2025-02-01,961872,861954,15,15,12.282549448830451,11.282693377851976,4.0,11.592033913642723,2025,2,0.0,False
Puerto Rico,2025-03-01,1262355,1132813,15,15,12.087533913107261,11.167534412666715,4.8,11.43542667677719,2025,3,0.0,False
Puerto Rico,2025-04-01,1010521,871105,19,19,9.275611773155873,12.513078860685914,3.526315789473684,16.004500031569098,2025,4,128000.0,True
Puerto Rico,2025-05-01,1390533,1201894,17,17,15.87839371440738,13.071106127260704,4.588235294117647,15.69514449693567,2025,5,0.0,False
Puerto Rico,2025-06-01,1103164,938986,16,16,16.851306839676255,15.22896265884668,3.875,17.484605734270797,2025,6,101000.0,True
Puerto Rico,2025-07-01,1170517,1023512,16,16,15.156926640207349,12.699696325058241,3.8125,14.362801803984713,2025,7,9000.0,True
Puerto Rico,2025-08-01,1428611,1316284,16,16,8.74890424348137,7.652704867026217,4.9375,8.533644714970325,2025,8,139000.0,True
Puerto Rico,2025-09-01,1160378,1075177,17,17,7.2566642427081085,3.776862514359362,4.0,7.924369661925431,2025,9,2000.0,True
Puerto Rico,2025-10-01,1273719,1162938,17,17,9.341408299606952,7.813670618306817,4.0,9.525959251482021,2025,10,117000.0,True
Puerto Rico,2025-11-01,1615025,1585424,17,17,3.3893853645321066,5.644984612174639,4.9411764705882355,1.8670715215614246,2025,11,228000.0,True
Puerto Rico,2025-12-01,1784096,1735120,20,20,2.5347123917315137,1.538165367215324,3.45,2.822628982433492,2025,12,474000.0,True
Puerto Rico,2026-01-01,1533828,1531376,19,19,1.1617648017239877,1.8004866180048662,4.7368421052631575,0.16011743686723573,2026,1,201000.0,True
Puerto Rico,2026-02-01,1250061,1197559,19,19,4.358386008405841,4.117378079087059,4.0,4.384084625475655,2026,2,44000.0,True
Puerto Rico,2026-03-01,1383962,1354518,19,19,1.9916049376092253,1.1210159094577872,3.8947368421052633,2.173762179609278,2026,3,172000.0,True
Puerto Rico,2026-04-01,1332220,1284332,20,20,4.060162188345079,5.091940310996776,4.0,3.7286309147479,2026,4,69000.0,True
Puerto Rico,2026-05-01,1788995,1849219,20,20,-2.4763670492840966,-2.991835214017173,4.65,-3.256726217933084,2026,5,40000.0,True
Puerto Rico,2026-06-01,1341938,1435761,19,19,-6.02606325336829,-6.86452361947609,3.9473684210526314,-6.534722701062363,2026,6,61000.0,True
Puerto Rico,2026-07-01,1282805,1381655,22,22,-6.710709920570059,-6.097733856217923,3.8181818181818183,-7.154463306686547,2026,7,150000.0,True
Puerto Rico,2026-08-01,1046845,1106637,22,22,-5.363113599498836,-4.0217633897816185,2.8636363636363638,-5.403036406698854,2026,8,0.0,False
Sacramento,2024-02-01,218560,218650,11,11,0.47091438010931924,-0.3038394254672682,3.0,-0.041161673908072266,2024,2,0.0,False
Sacramento,2024-03-01,392142,377743,11,11,4.30697158036121,3.275141278544568,5.0,3.8118509145106594,2024,3,0.0,False
Sacramento,2024-04-01,255205,256877,11,11,-8.874330726839172,-0.041239729721155985,3.727272727272727,-0.6508951755120155,2024,4,0.0,False
Sacramento,2024-05-01,270538,265662,10,10,1.7601424391401335,1.8141946547074945,3.7,1.835414925732698,2024,5,0.0,False
Sacramento,2024-06-01,355199,339246,10,10,3.9515512105429798,3.407733565825641,4.8,4.702487280616426,2024,6,0.0,False
Sacramento,2024-07-01,293019,281403,11,11,5.188070347002568,1.8060071467662493,3.909090909090909,4.127887762390593,2024,7,0.0,False
Sacramento,2024-08-01,418315,390440,11,11,8.75655015013194,6.6571473901316836,4.454545454545454,7.139381210941502,2024,8,0.0,False
Sacramento,2024-09-01,247514,244609,10,10,1.550598318859615,0.650946200924245,4.0,1.1876096137100434,2024,9,0.0,False
Sacramento,2024-10-01,264717,260080,11,11,3.2344039146659482,0.7262850225856928,3.909090909090909,1.782912949861581,2024,10,0.0,False
Sacramento,2024-11-01,399328,362735,11,11,9.080671830548914,6.547379322248433,5.0,10.088080830358251,2024,11,0.0,False
Sacramento,2024-12-01,420630,394614,11,11,4.615123324677385,2.821493138911117,3.909090909090909,6.592771670543874,2024,12,0.0,False
Sacramento,2025-01-01,276487,267687,12,12,2.091533303408298,0.3092037554371305,3.8333333333333335,3.287421503472339,2025,1,0.0,False
Sacramento,2025-02-01,290692,287347,13,13,0.005911973753932478,-2.4379497723601116,3.8461538461538463,1.1640977633314424,2025,2,0.0,False
Sacramento,2025-03-01,422143,418953,13,13,1.10358051570141,-1.8883902108561266,4.846153846153846,0.7614219256097939,2025,3,25000.0,True
Sacramento,2025-04-01,319813,315280,15,15,-0.17360752461987627,-2.965962882056648,3.2666666666666666,1.4377696016239532,2025,4,39000.0,True
Sacramento,2025-05-01,390865,392067,12,12,-1.14081158604678,-2.977242656747957,4.916666666666667,-0.306580252864944,2025,5,21000.0,True
Sacramento,2025-06-01,310034,318110,12,12,-3.1908007855351155,-3.013572631987051,4.0,-2.5387444594637074,2025,6,28000.0,True
Sacramento,2025-07-01,349332,346651,13,13,-0.7432243676630671,-1.6769959897921984,3.769230769230769,0.7734003363613547,2025,7,59000.0,True
Sacramento,2025-08-01,473540,473705,13,13,-1.233335198794138,-2.7518530117966384,4.923076923076923,-0.03483180460413127,2025,8,52000.0,True
Sacramento,2025-09-01,318803,330937,13,13,-5.272862875123474,-6.727709591531918,3.8461538461538463,-3.66655889187368,2025,9,2000.0,True
Sacramento,2025-10-01,334610,332230,12,12,-0.26410666722896736,-0.040481650866735386,3.8333333333333335,0.7163711886343799,2025,10,32000.0,True
Sacramento,2025-11-01,452239,489460,13,13,-3.9597667335967652,-7.800205268559698,4.538461538461538,-7.604502921587056,2025,11,77000.0,True
Sacramento,2025-12-01,469044,456882,15,15,-13.59970902943479,0.9334058850613203,3.2,2.6619564789157812,2025,12,150000.0,True
Sacramento,2026-01-01,344234,337411,13,13,1.4251165123125717,-1.0142215568862276,4.615384615384615,2.022162881470966,2026,1,47000.0,True
Sacramento,2026-02-01,266517,275019,14,14,-7.346517312073664,-5.799980997707433,3.5714285714285716,-3.091422774426494,2026,2,0.0,False
Sacramento,2026-03-01,352789,351524,14,14,-2.1890365889626278,-0.3750568765345901,3.642857142857143,0.35986163106928687,2026,3,0.0,False
Sacramento,2026-04-01,355619,376910,15,15,-11.817082839029208,-6.304329942139468,3.6666666666666665,-5.648828632830118,2026,4,0.0,False
Sacramento,2026-05-01,457484,463792,14,14,-0.9080954482380909,-1.4867422010363853,4.928571428571429,-1.3600924552385552,2026,5,0.0,False
Sacramento,2026-06-01,379726,376175,14,14,1.262197184344776,0.8642821466475621,4.0,0.9439755432976673,2026,6,0.0,False
Sacramento,2026-07-01,383307,395988,15,15,-2.7327424177866955,-2.8731913892483236,3.8,-3.2023697687808723,2026,7,0.0,False
Sacramento,2026-08-01,363781,382468,15,15,-3.9635067693581476,-2.6683733753446237,3.0,-4.8858989510233535,2026,8,0.0,False
San Antonio,2024-02-01,202923,187183,8,8,7.365897884541846,8.958310359023308,2.875,8.408883285341084,2024,2,0.0,False
San Antonio,2024-03-01,380964,332040,8,8,16.014454775109144,17.49821316118678,4.625,14.73436935308999,2024,3,0.0,False
San Antonio,2024-04-01,204029,211010,8,8,-1.9873271842648084,-0.5382904791747499,3.875,-3.308374010710393,2024,4,0.0,False
San Antonio,2024-05-01,297328,279878,9,9,6.428171420476972,5.446302402260952,3.888888888888889,6.234859474485312,2024,5,0.0,False
San Antonio,2024-06-01,414470,386355,9,9,7.027607175061689,6.901567045134653,5.0,7.276986191456045,2024,6,0.0,False
San Antonio,2024-07-01,320354,303976,9,9,4.611681420055722,3.579300934187047,3.888888888888889,5.3879253625286205,2024,7,0.0,False
San Antonio,2024-08-01,539868,490279,9,9,9.229830277874012,9.534907285439253,4.333333333333333,10.114445040476953,2024,8,0.0,False
San Antonio,2024-09-01,287839,260833,8,8,9.356723282623708,8.088958383498717,4.0,10.35375125080032,2024,9,0.0,False
San Antonio,2024-10-01,319678,317418,9,9,0.2662721084647786,-0.2570694087403599,3.888888888888889,0.7119949089213592,2024,10,0.0,False
San Antonio,2024-11-01,496362,481254,9,9,2.995855465227994,0.4659854864937019,5.0,3.1392985824533404,2024,11,0.0,False
San Antonio,2024-12-01,558355,520256,9,9,5.6948511312768755,6.8382073124323055,4.0,7.32312553819658,2024,12,0.0,False
San Antonio,2025-01-01,355102,331811,10,10,9.593158376419638,10.661015181147002,3.9,7.019357405269868,2025,1,0.0,False
San Antonio,2025-02-01,318753,341286,10,10,-4.097085645403761,-4.772464969579846,4.0,-6.602380408220672,2025,2,0.0,False
San Antonio,2025-03-01,460890,486173,10,10,-4.234853680342464,-4.36288855608106,5.0,-5.200412198949757,2025,3,34000.0,True
San Antonio,2025-04-01,345257,319019,12,12,9.195064571239717,8.505378795470488,3.4166666666666665,8.224588504132983,2025,4,58000.0,True
San Antonio,2025-05-01,423550,420314,10,10,1.1979521744999342,0.3044081896884937,4.9,0.7699005981242595,2025,5,23000.0,True
San Antonio,2025-06-01,393846,406050,11,11,-1.7806453926288468,-2.309053702781926,4.0,-3.005541189508681,2025,6,34000.0,True
San Antonio,2025-07-01,443976,451841,11,11,-0.752707742571398,-1.1048563266677869,4.0,-1.7406565583911155,2025,7,49000.0,True
San Antonio,2025-08-01,563347,580351,11,11,-3.013919735236033,-1.8907991995752846,4.818181818181818,-2.9299510124045622,2025,8,59000.0,True
San Antonio,2025-09-01,369943,408410,11,11,-8.753013119135005,-7.4522220965735615,4.0,-9.418721382924023,2025,9,2000.0,True
San Antonio,2025-10-01,375101,426152,10,10,-10.780091698650399,-7.671853945352103,4.0,-11.979528431170099,2025,10,42000.0,True
San Antonio,2025-11-01,524979,571755,11,11,-13.681529589157476,-6.037892761565609,4.636363636363637,-8.181126531468898,2025,11,93000.0,True
San Antonio,2025-12-01,512793,545984,13,13,-8.996250517888114,-8.786738533509611,3.230769230769231,-6.079115871527371,2025,12,180000.0,True
San Antonio,2026-01-01,407721,447592,12,12,-9.863870877845148,-8.338953070257844,4.416666666666667,-8.907889327780657,2026,1,50000.0,True
San Antonio,2026-02-01,288664,288988,12,12,-1.9609768562083687,-1.7227912316605076,3.5833333333333335,-0.11211538195357593,2026,2,0.0,False
San Antonio,2026-03-01,355985,374872,12,12,-6.091191926070901,-5.971637297649396,3.8333333333333335,-5.0382530570434705,2026,3,0.0,False
San Antonio,2026-04-01,341709,374762,13,13,-7.728200835966892,-9.113082972370579,3.769230769230769,-8.81973092255885,2026,4,0.0,False
San Antonio,2026-05-01,437850,478931,12,12,-8.72744702877555,-7.719550599362622,5.0,-8.577644796432054,2026,5,0.0,False
San Antonio,2026-06-01,394012,412710,14,14,-4.868902973959325,-5.779159645336737,3.857142857142857,-4.530542027089239,2026,6,0.0,False
San Antonio,2026-07-01,417905,448011,14,14,-6.808321178212578,-6.557952028917766,3.9285714285714284,-6.7199242875732965,2026,7,0.0,False
San Antonio,2026-08-01,329238,338161,14,14,-3.9904072677121563,-5.224293922786371,2.642857142857143,-2.638683940489885,2026,8,0.0,False
San Diego,2024-02-01,181504,174226,9,9,3.608725711095015,3.4623130650897713,3.0,4.177332889465407,2024,2,0.0,False
San Diego,2024-03-01,319898,304576,9,9,4.2505152304601275,5.038677169824711,5.0,5.030599915948729,2024,3,0.0,False
San Diego,2024-04-01,206637,210789,9,9,-2.7276844000453675,-3.4170792835747905,4.0,-1.9697422541024436,2024,4,0.0,False
San Diego,2024-05-01,276727,263021,9,9,4.220636372566917,5.265471167369902,4.0,5.210990757391995,2024,5,0.0,False
San Diego,2024-06-01,352419,338881,9,9,3.1025790802630278,2.5195913103858745,5.0,3.9949126684588396,2024,6,0.0,False
San Diego,2024-07-01,279756,270417,9,9,2.5643639206967066,2.047473080248369,4.0,3.453555064955236,2024,7,0.0,False
San Diego,2024-08-01,398787,383186,9,9,3.4279947058115345,0.9253800210197123,4.888888888888889,4.0713909172047,2024,8,0.0,False
San Diego,2024-09-01,243057,236851,9,9,1.18369980809448,0.3487290762554247,4.0,2.620212707567205,2024,9,0.0,False
San Diego,2024-10-01,229410,228105,9,9,-1.2189800761486744,-3.6790278650743766,3.7777777777777777,0.5721049516669955,2024,10,0.0,False
San Diego,2024-11-01,348543,339836,9,9,-1.572207210197087,-0.22989219919848394,4.777777777777778,2.562118198189715,2024,11,0.0,False
San Diego,2024-12-01,379620,375243,9,9,-1.0493796168280982,-1.7055883432637733,4.0,1.166444144194562,2024,12,0.0,False
San Diego,2025-01-01,221113,219945,9,9,0.3382085482053739,-3.745005927031655,3.7777777777777777,0.5310418513719338,2025,1,0.0,False
San Diego,2025-02-01,208638,208110,9,9,-1.5664739497684508,-1.7711056759719999,4.0,0.25371197924174715,2025,2,0.0,False
San Diego,2025-03-01,281861,291288,9,9,-3.6867489340377833,-1.915280301971201,5.0,-3.2363159484771087,2025,3,17000.0,True
San Diego,2025-04-01,248923,248581,9,9,-0.644751506195631,-1.222057928155171,4.0,0.13758090924085106,2025,4,32000.0,True
San Diego,2025-05-01,285111,295270,9,9,-3.616291191287434,-3.840898179266536,5.0,-3.4405798083110373,2025,5,18000.0,True
San Diego,2025-06-01,247673,264093,9,9,-7.128390218817547,-8.147119471447208,4.0,-6.21750671165082,2025,6,24000.0,True
San Diego,2025-07-01,261307,270441,9,9,-3.768056346916892,-2.3438069548735148,4.0,-3.377446467066754,2025,7,78000.0,True
San Diego,2025-08-01,303642,310781,9,9,-1.6695115253441735,-2.7338432390709424,4.888888888888889,-2.2971159755583512,2025,8,60000.0,True
San Diego,2025-09-01,226049,239530,9,9,-5.4382823989018165,-6.833569516611557,4.0,-5.628105039034777,2025,9,2000.0,True
San Diego,2025-10-01,250502,260902,9,9,-3.5645106477398705,-4.523312456506611,3.7777777777777777,-3.9861710527324434,2025,10,6000.0,True
San Diego,2025-11-01,335891,351466,10,10,26.72620661143025,-1.4320538582156466,4.4,-4.431438602880506,2025,11,53000.0,True
San Diego,2025-12-01,299168,305518,9,9,0.8003775051730355,-2.8666236519494888,3.888888888888889,-2.078437277018048,2025,12,91000.0,True
San Diego,2026-01-01,210451,212989,9,9,-0.865734271631807,-2.540115636977847,4.333333333333333,-1.191610834362338,2026,1,32000.0,True
San Diego,2026-02-01,162826,169062,9,9,-4.268003108458985,-3.5653850694581086,4.0,-3.6885876187434197,2026,2,0.0,False
San Diego,2026-03-01,204079,207389,9,9,-1.3804115372162737,-0.9775929489168891,3.7777777777777777,-1.596034505205194,2026,3,0.0,False
San Diego,2026-04-01,226637,234642,9,9,-2.968987290735388,-4.239492538675671,4.0,-3.411580194509082,2026,4,0.0,False
San Diego,2026-05-01,289005,296819,9,9,-2.7948328318603703,-1.964365588191442,4.888888888888889,-2.632580798399024,2026,5,0.0,False
San Diego,2026-06-01,251336,252405,9,9,0.12000427278803194,-0.6475285991797971,4.0,-0.42352568293021137,2026,6,0.0,False
San Diego,2026-07-01,214529,232330,9,9,-6.835202494718727,-3.2078440866723157,4.0,-7.66194636938837,2026,7,0.0,False
San Diego,2026-08-01,171381,185313,9,9,-7.107007327733432,-3.9645447219983887,2.6666666666666665,-7.518091013582426,2026,8,0.0,False
Seattle,2024-02-01,122736,124717,7,7,-1.774532287145371,0.7397133610725843,2.7142857142857144,-1.588396128835684,2024,2,0.0,False
Seattle,2024-03-01,320454,316420,7,7,4.287479977725039,7.161772355416844,5.0,1.2748878073446686,2024,3,0.0,False
Seattle,2024-04-01,222130,228797,8,8,-0.08746026831272584,1.490595696243699,3.625,-2.913936808612001,2024,4,0.0,False
Seattle,2024-05-01,212470,218327,7,7,0.11367731262473083,2.410204241333438,3.7142857142857144,-2.682673237849648,2024,5,0.0,False
Seattle,2024-06-01,259956,272944,7,7,-1.8395525280077583,-0.6723863691136067,5.0,-4.758485257049065,2024,6,0.0,False
Seattle,2024-07-01,220641,227123,7,7,0.46317256153166897,2.8025722238218638,3.857142857142857,-2.8539601889724953,2024,7,0.0,False
Seattle,2024-08-01,413340,419472,7,7,1.5438545821488598,3.979747140639834,5.0,-1.4618377388717245,2024,8,0.0,False
Seattle,2024-09-01,249536,258934,7,7,-0.19182260611602323,0.5480913808992579,4.0,-3.629496319525439,2024,9,0.0,False
Seattle,2024-10-01,218440,216928,7,7,4.151173689986463,5.812556323220186,4.0,0.6970054580321582,2024,10,0.0,False
Seattle,2024-11-01,254480,255119,9,9,3.6770018963442817,7.586528635535611,4.111111111111111,-0.25047134866474074,2024,11,0.0,False
Seattle,2024-12-01,314772,299115,9,9,6.165202002119232,7.255795522092331,3.3333333333333335,5.234441602728047,2024,12,0.0,False
Seattle,2025-01-01,197925,193672,8,8,4.6629573050906785,7.069258919018001,4.0,2.1959808335742905,2025,1,0.0,False
Seattle,2025-02-01,197676,220219,10,10,-7.66980374436063,-7.977172804119908,3.6,-10.236628083861973,2025,2,0.0,False
Seattle,2025-03-01,363373,382225,10,10,-3.8747482201647694,-2.539160179887623,5.0,-4.93217345804173,2025,3,16000.0,True
Seattle,2025-04-01,309908,323197,12,12,-1.912482384327547,-2.43860267448101,3.5,-4.11173371039954,2025,4,28000.0,True
Seattle,2025-05-01,366754,364065,10,10,1.267974569691948,2.078051970046608,5.0,0.7386043700987461,2025,5,17000.0,True
Seattle,2025-06-01,298073,299369,10,10,-1.0360795802307063,-0.14303310809059022,3.9,-0.43291055520110633,2025,6,21000.0,True
Seattle,2025-07-01,300952,302784,10,10,-2.4380039403503755,1.2261254046416536,3.8,-0.6050517860917354,2025,7,23000.0,True
Seattle,2025-08-01,431889,427383,10,10,-1.6261619452140146,5.907067202067058,4.8,1.054323639452201,2025,8,28000.0,True
Seattle,2025-09-01,315958,322200,10,10,-3.230350261232868,0.8275049969210904,3.9,-1.9373060211049036,2025,9,3000.0,True
Seattle,2025-10-01,331561,335810,10,10,-2.4534252172643773,0.982882863686539,4.0,-1.2652988296953633,2025,10,3000.0,True
Seattle,2025-11-01,399346,399852,10,10,-2.702243783466625,-0.4743856691558204,4.7,-0.12654682232425998,2025,11,46000.0,True
Seattle,2025-12-01,372590,367603,12,12,2.9395433431717883,4.144815226663774,3.3333333333333335,1.3566265781291231,2025,12,78000.0,True
Seattle,2026-01-01,312268,298756,11,11,3.379696407215089,6.514097137527799,4.7272727272727275,4.522754354724256,2026,1,29000.0,True
Seattle,2026-02-01,206642,193661,11,11,4.352636874911268,7.034544638851504,3.727272727272727,6.702950000258183,2026,2,0.0,False
Seattle,2026-03-01,307847,297223,11,11,2.348200036867628,7.034082668600434,3.8181818181818183,3.574420552918179,2026,3,0.0,False
Seattle,2026-04-01,325650,319291,12,12,-5.476893537851911,4.097826095884476,3.6666666666666665,1.9916001390581008,2026,4,0.0,False
Seattle,2026-05-01,393501,386649,11,11,1.7960442650001227,5.0907221038712995,4.818181818181818,1.7721499344366596,2026,5,0.0,False
Seattle,2026-06-01,311217,303212,11,11,4.900267341917627,7.189564289050511,3.8181818181818183,2.640067015817316,2026,6,0.0,False
Seattle,2026-07-01,293621,294170,11,11,0.6323256528886546,2.1461391908550937,3.909090909090909,-0.18662678043308292,2026,7,0.0,False
Seattle,2026-08-01,267416,269971,11,11,1.2697725020887287,2.297714638665843,2.909090909090909,-0.9463979464460999,2026,8,0.0,False
Tampa,2024-02-01,249742,251569,12,12,-0.8110020927944621,-0.16909161540415815,3.0,-0.7262421045518327,2024,2,0.0,False
Tampa,2024-03-01,456649,445828,13,13,2.3809699637488055,4.181271216846521,4.923076923076923,2.427169222211256,2024,3,0.0,False
Tampa,2024-04-01,301983,301764,18,18,-2.7571280699728535,-0.10859844129296027,3.111111111111111,0.07257326917723785,2024,4,0.0,False
Tampa,2024-05-01,373344,358626,13,13,3.5575361407180335,4.187262551574819,4.0,4.103996921584046,2024,5,0.0,False
Tampa,2024-06-01,401122,388500,13,13,2.575751274909792,3.0441978457280845,4.769230769230769,3.248906048906049,2024,6,0.0,False
Tampa,2024-07-01,311710,310348,12,12,-0.21705460857322678,0.19074209856287505,4.0,0.4388621805199324,2024,7,0.0,False
Tampa,2024-08-01,473682,443083,12,12,5.571367035511898,2.8017095041479245,4.833333333333333,6.905929588812931,2024,8,0.0,False
Tampa,2024-09-01,292909,288268,12,12,-0.09716218136384008,-0.13569523854278218,4.0,1.6099601759473823,2024,9,0.0,False
Tampa,2024-10-01,226437,257270,12,12,-16.347511231430797,-10.36689817107466,3.3333333333333335,-11.984685350021378,2024,10,0.0,False
Tampa,2024-11-01,474377,432588,18,18,5.211673212830943,6.941941790840934,3.2777777777777777,9.66023098190426,2024,11,0.0,False
Tampa,2024-12-01,607816,575162,18,18,1.111953323564094,3.220106484387715,3.1666666666666665,5.67735698811813,2024,12,0.0,False
Tampa,2025-01-01,434527,391379,18,18,13.840076228031755,12.049378346647291,3.4444444444444446,11.024607860922533,2025,1,0.0,False
Tampa,2025-02-01,480001,488028,19,19,-2.008876141685824,-3.384681368168984,3.9473684210526314,-1.644782676403813,2025,2,0.0,False
Tampa,2025-03-01,674434,683709,19,19,-2.210089692066269,-2.363736754923356,5.0,-1.3565712898323703,2025,3,70000.0,True
Tampa,2025-04-01,499211,473980,20,20,191.80696282951686,2.3472714179572103,3.85,5.323220389045951,2025,4,80000.0,True
Tampa,2025-05-01,605905,601486,19,19,0.5329384757309701,0.23914704221609592,5.0,0.7346804414400335,2025,5,34000.0,True
Tampa,2025-06-01,435528,428570,19,19,1.5828459061939821,-1.5689204333208817,3.736842105263158,1.6235387451291505,2025,6,40000.0,True
Tampa,2025-07-01,457173,439466,17,17,3.151358660367387,2.7087769103383015,4.0,4.029208175376479,2025,7,96000.0,True
Tampa,2025-08-01,628394,599923,17,17,4.077413584387474,3.1891276230188605,4.9411764705882355,4.745775707882512,2025,8,114000.0,True
Tampa,2025-09-01,398840,400994,17,17,-0.7073844510210359,-2.0653826659908767,4.0,-0.5371651446156301,2025,9,4000.0,True
Tampa,2025-10-01,409267,383685,18,18,8.190630432922642,6.146936206461967,3.7222222222222223,6.667448558061952,2025,10,5000.0,True
Tampa,2025-11-01,686085,732034,20,20,-11.527139442645836,-6.275266325078036,4.6,-6.276894242617146,2025,11,138000.0,True
Tampa,2025-12-01,712019,773184,20,20,-13.438298288592067,-9.42389561563554,3.6,-7.910794843142124,2025,12,309000.0,True
Tampa,2026-01-01,626616,656137,20,20,-5.162221443630349,-5.3926516936342885,4.7,-4.4992128168355086,2026,1,101000.0,True
Tampa,2026-02-01,499071,481794,20,20,3.204861204513582,3.966867660412955,3.85,3.5859724280501624,2026,2,0.0,False
Tampa,2026-03-01,580379,577806,20,20,0.20584199897609898,0.7483037354237618,4.0,0.44530517163200106,2026,3,0.0,False
Tampa,2026-04-01,555858,566037,21,21,4.188104759431216,-2.4233588979738436,3.9047619047619047,-1.798292337780039,2026,4,0.0,False
Tampa,2026-05-01,671204,690221,20,20,-2.864131651185114,-2.2192949411650966,5.0,-2.7552044924741494,2026,5,0.0,False
Tampa,2026-06-01,509869,512084,20,20,-0.30544920952991994,0.009138057454202264,4.0,-0.43254622288530786,2026,6,0.0,False
Tampa,2026-07-01,486486,509416,20,20,-4.4279758157178915,-4.815028291552284,3.85,-4.501232784207799,2026,7,0.0,False
Tampa,2026-08-01,415337,441790,19,19,-6.496303247780798,-6.261110013825795,2.8947368421052633,-5.987686457366622,2026,8,0.0,False
Washington DC,2024-02-01,245188,249518,11,11,-0.6615773624770558,1.7640807651434645,2.8181818181818183,-1.7353457465994437,2024,2,0.0,False
Washington DC,2024-03-01,446378,432460,11,11,4.8630563549191805,4.967282800783302,5.0,3.2183323313138787,2024,3,0.0,False
Washington DC,2024-04-01,298854,311862,14,14,35.78136323182888,-4.91686195737083,3.4285714285714284,-4.17107566808396,2024,4,0.0,False
Washington DC,2024-05-01,329364,328193,11,11,1.5350449742140284,0.8052927793078674,3.727272727272727,0.3568022474580506,2024,5,0.0,False
Washington DC,2024-06-01,430570,435934,11,11,-0.12915035593882276,0.5270593349271897,4.909090909090909,-1.2304614918772108,2024,6,0.0,False
Washington DC,2024-07-01,306723,317039,11,11,-1.1407619799177697,2.6634922996800836,3.909090909090909,-3.253858358119979,2024,7,0.0,False
Washington DC,2024-08-01,590773,620405,12,12,-3.39841109468095,-4.129312540527284,4.916666666666667,-4.776234878829152,2024,8,0.0,False
Washington DC,2024-09-01,351993,370592,12,12,-3.489681145152051,-2.7485551441955947,4.0,-5.018726793886538,2024,9,0.0,False
Washington DC,2024-10-01,342410,356243,12,12,-2.626674089474186,-2.6538831849772677,4.0,-3.883023666429937,2024,10,0.0,False
Washington DC,2024-11-01,509665,539049,13,13,-2.615595358670365,-1.3127283702226324,4.6923076923076925,-5.451081441575812,2024,11,0.0,False
Washington DC,2024-12-01,562161,583165,13,13,-2.6505368423758786,-2.647498899999824,3.769230769230769,-3.601725069234265,2024,12,0.0,False
Washington DC,2025-01-01,310611,294772,12,12,6.5344203915967265,7.4949682928709676,3.75,5.373305469990365,2025,1,0.0,False
Washington DC,2025-02-01,325828,376003,14,14,-11.395777704720818,-11.937562540389687,3.642857142857143,-13.34430842307109,2025,2,0.0,False
Washington DC,2025-03-01,567155,617553,15,15,-6.469664335570212,-6.891606916912695,4.933333333333334,-8.16091898185257,2025,3,79000.0,True
Washington DC,2025-04-01,458196,453374,20,20,1.0519695074027662,-1.421294081224846,3.25,1.0635810611106946,2025,4,92000.0,True
Washington DC,2025-05-01,522035,538221,15,15,-3.173781590470517,-3.822486653897877,4.866666666666666,-3.0073148390716824,2025,5,44000.0,True
Washington DC,2025-06-01,482457,499422,15,15,-3.616134544526922,-5.143336010335556,4.0,-3.3969268474356356,2025,6,42000.0,True
Washington DC,2025-07-01,480622,472953,15,15,0.3360367623334038,-0.8892256160778371,3.8666666666666667,1.6215141885134465,2025,7,147000.0,True
Washington DC,2025-08-01,706980,688420,15,15,2.295054600616754,3.95334471857854,5.0,2.6960285871996748,2025,8,131000.0,True
Washington DC,2025-09-01,497454,517577,17,17,-4.621331874988282,-4.30625853619346,4.0,-3.8879239224308653,2025,9,10000.0,True
Washington DC,2025-10-01,544461,545992,16,16,-0.5453456125472069,-0.10268418359022154,4.0,-0.28040703893097335,2025,10,-6000.0,False
Washington DC,2025-11-01,730400,719408,18,18,1.9706549737662047,1.8862705291331303,4.722222222222222,1.5279229588772991,2025,11,138000.0,True
Washington DC,2025-12-01,747956,738184,22,22,-0.5545183518318467,0.7907532620618524,3.3181818181818183,1.3237891907708648,2025,12,315000.0,True
Washington DC,2026-01-01,529457,544472,20,20,-3.3731543763874767,-3.504109649022938,4.4,-2.7577175685802024,2026,1,122000.0,True
Washington DC,2026-02-01,433802,414335,21,21,3.776414666424526,4.144074360960496,3.7142857142857144,4.6983720902168535,2026,2,73000.0,True
Washington DC,2026-03-01,624089,602150,21,21,3.1702868784883664,3.3085793636418526,4.0,3.6434443245038612,2026,3,246000.0,True
Washington DC,2026-04-01,674316,658470,23,23,3.001842784367316,2.6697738037944223,3.782608695652174,2.4064877670964506,2026,4,206000.0,True
Washington DC,2026-05-01,884105,871290,22,22,1.4721462760478743,0.7458841500330035,4.863636363636363,1.4708076530202345,2026,5,144000.0,True
Washington DC,2026-06-01,767918,730674,23,23,5.0314089531384925,5.0766373965316465,3.9130434782608696,5.0972116155768505,2026,6,145000.0,True
Washington DC,2026-07-01,717282,730842,23,23,-1.6221882372025835,-1.4921396216360245,4.0,-1.85539418916811,2026,7,214000.0,True
Washington DC,2026-08-01,517694,533394,23,23,-3.1445007284351036,-2.594931584487086,2.6956521739130435,-2.9434151865225333,2026,8,0.0,False
West Palm,2024-02-01,130770,131641,7,7,-1.3702811697041721,-2.505346776657501,3.0,-0.6616479668188483,2024,2,0.0,False
West Palm,2024-03-01,230055,217739,7,7,4.783952007564148,5.838340763713898,5.0,5.656313292519943,2024,3,0.0,False
West Palm,2024-04-01,159161,153615,7,7,3.851042911352377,3.0105168718536612,4.0,3.6103245125801515,2024,4,0.0,False
West Palm,2024-05-01,180680,169861,7,7,5.582428887438198,6.595711622125544,4.0,6.369325507326579,2024,5,0.0,False
West Palm,2024-06-01,228436,218224,7,7,4.095950562430888,2.9406157658945764,5.0,4.679595278246206,2024,6,0.0,False
West Palm,2024-07-01,172752,173009,7,7,-0.31255932951096693,0.709263599358579,4.0,-0.14854718540653955,2024,7,0.0,False
West Palm,2024-08-01,277642,262378,7,7,5.489355158131931,6.815886906765399,5.0,5.817560923553041,2024,8,0.0,False
West Palm,2024-09-01,180469,174611,7,7,4.058616711365599,5.115089514066496,4.0,3.3548860037454684,2024,9,0.0,False
West Palm,2024-10-01,166076,173875,7,7,-4.243950806146903,-5.814273904656931,4.0,-4.4854061826024445,2024,10,0.0,False
West Palm,2024-11-01,260166,254651,7,7,2.454009551512587,3.0505771830692967,4.857142857142857,2.1657091470286787,2024,11,0.0,False
West Palm,2024-12-01,310274,314033,8,8,-12.926132866723764,-1.5446503785756498,3.625,-1.1970079577624007,2024,12,0.0,False
West Palm,2025-01-01,226620,209510,8,8,8.362355829555776,7.561943528580639,4.0,8.166674621736432,2025,1,0.0,False
West Palm,2025-02-01,194459,205695,8,8,-5.070433494544796,-5.449162345114745,4.0,-5.462456549745983,2025,2,0.0,False
West Palm,2025-03-01,276898,294730,8,8,-5.509547449429535,-5.857416268816101,5.0,-6.050283310148271,2025,3,26000.0,True
West Palm,2025-04-01,221467,222538,9,9,0.19454134026964054,-0.9905472457914595,3.6666666666666665,-0.48126612084228315,2025,4,40000.0,True
West Palm,2025-05-01,266484,277349,8,8,-2.9520520283573757,-3.5974323092018405,5.0,-3.9174469711446585,2025,5,17000.0,True
West Palm,2025-06-01,207582,214241,8,8,-2.756749728281688,-2.9926107209574777,4.0,-3.1081819072913213,2025,6,21000.0,True
West Palm,2025-07-01,215176,217922,8,8,-0.9066440063961816,-1.1286051508950579,4.0,-1.260083883224273,2025,7,44000.0,True
West Palm,2025-08-01,285069,298407,8,8,-4.3324380406354255,-3.3747481610038346,5.0,-4.469734289074989,2025,8,43000.0,True
West Palm,2025-09-01,217468,232281,9,9,-6.240421313468547,-5.5732435792474,4.0,-6.37718969696187,2025,9,2000.0,True
West Palm,2025-10-01,208729,220516,9,9,-4.337117014161823,-5.2947910704064105,4.0,-5.345190371673711,2025,10,30000.0,True
West Palm,2025-11-01,336948,360607,9,9,-6.24370049093079,-6.726028191890481,4.888888888888889,-6.560882068290411,2025,11,57000.0,True
West Palm,2025-12-01,331588,360725,9,9,-1.5492439535489488,-7.6876014151570775,3.7777777777777777,-8.077344237299883,2025,12,117000.0,True
West Palm,2026-01-01,328916,337459,10,10,-2.7807263260154738,-2.8357708073942,4.9,-2.5315667977443184,2026,1,127000.0,True
West Palm,2026-02-01,250698,241197,10,10,3.9128365915733356,2.5494499629307645,4.0,3.939103720195525,2026,2,0.0,False
West Palm,2026-03-01,307439,313180,11,11,-1.8677301536815643,-3.3111209832666963,4.0,-1.8331311067117952,2026,3,0.0,False
West Palm,2026-04-01,291649,307176,11,11,-5.203311274148456,-6.465814917127072,4.0,-5.054756882048077,2026,4,0.0,False
West Palm,2026-05-01,375326,396343,11,11,-5.343947238397777,-4.5112306232204995,5.0,-5.302730210953643,2026,5,0.0,False
West Palm,2026-06-01,285010,293071,11,11,-2.9397406670282185,-4.423129375397764,4.0,-2.7505280290441565,2026,6,0.0,False
West Palm,2026-07-01,264475,281932,11,11,-6.036003244433103,-5.9010258295184945,3.909090909090909,-6.1919186186740065,2026,7,0.0,False
West Palm,2026-08-01,248521,264247,11,11,-5.829853985393333,-5.8163058871130895,3.0,-5.951250156103948,2026,8,0.0,False
