DMA,Traffic_Month,Exits,Exits_LY,Stores,Store_Month_Rows,Mean_Store_Comp,Median_Store_Comp,Mean_Weeks_Observed,Comp_Traffic,Traffic_Year,Traffic_Month_Number
"Abilene-Sweetwater, TX",2024-02-01,17523,16591,1,1,5.617503465734434,5.617503465734434,3.0,5.617503465734434,2024,2
"Abilene-Sweetwater, TX",2024-03-01,32190,29177,1,1,10.326627137814032,10.326627137814032,5.0,10.326627137814032,2024,3
"Abilene-Sweetwater, TX",2024-04-01,22731,22508,1,1,0.9907588413008708,0.9907588413008708,4.0,0.9907588413008708,2024,4
"Abilene-Sweetwater, TX",2024-05-01,24979,22997,1,1,8.61851545853807,8.61851545853807,4.0,8.61851545853807,2024,5
"Abilene-Sweetwater, TX",2024-06-01,32080,29505,1,1,8.727334350110151,8.727334350110151,5.0,8.727334350110151,2024,6
"Abilene-Sweetwater, TX",2024-07-01,27997,25631,1,1,9.231009324645937,9.231009324645937,4.0,9.231009324645937,2024,7
"Abilene-Sweetwater, TX",2024-08-01,48033,42494,1,1,13.034781380900833,13.034781380900833,5.0,13.034781380900833,2024,8
"Abilene-Sweetwater, TX",2024-09-01,23510,21712,1,1,8.281134856300664,8.281134856300664,4.0,8.281134856300664,2024,9
"Abilene-Sweetwater, TX",2024-10-01,22747,22805,1,1,-0.25433019074764307,-0.25433019074764307,4.0,-0.25433019074764307,2024,10
"Abilene-Sweetwater, TX",2024-11-01,37886,35246,1,1,7.490211655223288,7.490211655223288,5.0,7.490211655223288,2024,11
"Abilene-Sweetwater, TX",2024-12-01,44895,42457,1,1,5.742280424900487,5.742280424900487,4.0,5.742280424900487,2024,12
"Abilene-Sweetwater, TX",2025-01-01,23621,21160,1,1,11.630434782608695,11.630434782608695,4.0,11.630434782608695,2025,1
"Abilene-Sweetwater, TX",2025-02-01,22758,22765,1,1,-0.03074895673182517,-0.03074895673182517,4.0,-0.03074895673182517,2025,2
"Abilene-Sweetwater, TX",2025-03-01,33846,32190,1,1,5.144454799627214,5.144454799627214,5.0,5.144454799627214,2025,3
"Abilene-Sweetwater, TX",2025-04-01,24032,21742,1,1,10.532609695520192,10.532609695520192,4.0,10.532609695520192,2025,4
"Abilene-Sweetwater, TX",2025-05-01,28972,27055,1,1,7.085566438735909,7.085566438735909,5.0,7.085566438735909,2025,5
"Abilene-Sweetwater, TX",2025-06-01,27263,25653,1,1,6.276069075741629,6.276069075741629,4.0,6.276069075741629,2025,6
"Abilene-Sweetwater, TX",2025-07-01,29598,27997,1,1,5.718469836053862,5.718469836053862,4.0,5.718469836053862,2025,7
"Abilene-Sweetwater, TX",2025-08-01,43405,40677,1,1,6.706492612532881,6.706492612532881,5.0,6.706492612532881,2025,8
"Abilene-Sweetwater, TX",2025-09-01,25193,23510,1,1,7.1586558911101665,7.1586558911101665,4.0,7.1586558911101665,2025,9
"Abilene-Sweetwater, TX",2025-10-01,26398,24511,1,1,7.6985843090857164,7.6985843090857164,4.0,7.6985843090857164,2025,10
"Abilene-Sweetwater, TX",2025-11-01,43556,40200,1,1,8.348258706467663,8.348258706467663,5.0,8.348258706467663,2025,11
"Abilene-Sweetwater, TX",2025-12-01,48450,44895,1,1,7.918476445038423,7.918476445038423,4.0,7.918476445038423,2025,12
"Abilene-Sweetwater, TX",2026-01-01,27354,27495,1,1,-0.5128205128205128,-0.5128205128205128,5.0,-0.5128205128205128,2026,1
"Abilene-Sweetwater, TX",2026-02-01,28924,25008,1,1,15.658989123480485,15.658989123480485,4.0,15.658989123480485,2026,2
"Abilene-Sweetwater, TX",2026-03-01,29182,26532,1,1,9.987939092416704,9.987939092416704,4.0,9.987939092416704,2026,3
"Abilene-Sweetwater, TX",2026-04-01,27227,25596,1,1,6.372089388967026,6.372089388967026,4.0,6.372089388967026,2026,4
"Abilene-Sweetwater, TX",2026-05-01,33520,33175,1,1,1.039939713639789,1.039939713639789,5.0,1.039939713639789,2026,5
"Abilene-Sweetwater, TX",2026-06-01,28424,27263,1,1,4.258518871730917,4.258518871730917,4.0,4.258518871730917,2026,6
"Abilene-Sweetwater, TX",2026-07-01,28658,26855,1,1,6.713833550549246,6.713833550549246,4.0,6.713833550549246,2026,7
"Abilene-Sweetwater, TX",2026-08-01,26525,26330,1,1,0.7406000759589821,0.7406000759589821,3.0,0.7406000759589821,2026,8
"Albany, GA",2024-02-01,15850,14230,1,1,11.384399156711174,11.384399156711174,3.0,11.384399156711174,2024,2
"Albany, GA",2024-03-01,27810,24035,1,1,15.706261701685042,15.706261701685042,5.0,15.706261701685042,2024,3
"Albany, GA",2024-04-01,16076,15810,1,1,1.6824794433902595,1.6824794433902595,4.0,1.6824794433902595,2024,4
"Albany, GA",2024-05-01,19503,19440,1,1,0.32407407407407407,0.32407407407407407,4.0,0.32407407407407407,2024,5
"Albany, GA",2024-06-01,23998,23887,1,1,0.464687905555323,0.464687905555323,5.0,0.464687905555323,2024,6
"Albany, GA",2024-07-01,11430,12413,1,1,-7.919117054700717,-7.919117054700717,3.0,-7.919117054700717,2024,7
"Albany, GA",2024-08-01,26554,27450,1,1,-3.264116575591985,-3.264116575591985,5.0,-3.264116575591985,2024,8
"Albany, GA",2024-09-01,16792,17941,1,1,-6.4043252884454605,-6.4043252884454605,4.0,-6.4043252884454605,2024,9
"Albany, GA",2024-10-01,15529,15871,1,1,-2.1548736689559576,-2.1548736689559576,4.0,-2.1548736689559576,2024,10
"Albany, GA",2024-11-01,27910,27101,1,1,2.9851297000110697,2.9851297000110697,5.0,2.9851297000110697,2024,11
"Albany, GA",2024-12-01,34744,33611,1,1,3.3709202344470555,3.3709202344470555,4.0,3.3709202344470555,2024,12
"Albany, GA",2025-01-01,17226,17356,1,1,-0.7490205116386264,-0.7490205116386264,4.0,-0.7490205116386264,2025,1
"Albany, GA",2025-02-01,17890,19212,1,1,-6.8811159691859265,-6.8811159691859265,4.0,-6.8811159691859265,2025,2
"Albany, GA",2025-03-01,21388,21415,1,1,-0.12607985057202895,-0.12607985057202895,5.0,-0.12607985057202895,2025,3
"Albany, GA",2025-04-01,22044,18870,1,1,16.82034976152623,16.82034976152623,4.0,16.82034976152623,2025,4
"Albany, GA",2025-05-01,25618,23507,1,1,8.980303739311694,8.980303739311694,5.0,8.980303739311694,2025,5
"Albany, GA",2025-06-01,17496,15770,1,1,10.944831959416614,10.944831959416614,4.0,10.944831959416614,2025,6
"Albany, GA",2025-07-01,7829,7091,1,1,10.407558877450288,10.407558877450288,3.0,10.407558877450288,2025,7
"Albany, GA",2025-08-01,22334,18631,1,1,19.87547635660995,19.87547635660995,5.0,19.87547635660995,2025,8
"Albany, GA",2025-09-01,16980,14790,1,1,14.807302231237324,14.807302231237324,4.0,14.807302231237324,2025,9
"Albany, GA",2025-10-01,16105,15005,1,1,7.330889703432189,7.330889703432189,4.0,7.330889703432189,2025,10
"Albany, GA",2025-11-01,33892,29177,1,1,16.159989032457073,16.159989032457073,5.0,16.159989032457073,2025,11
"Albany, GA",2025-12-01,40006,36287,1,1,10.248849450216332,10.248849450216332,4.0,10.248849450216332,2025,12
"Albany, GA",2026-01-01,23998,19960,1,1,20.230460921843687,20.230460921843687,5.0,20.230460921843687,2026,1
"Albany, GA",2026-02-01,12277,9980,1,1,23.016032064128254,23.016032064128254,3.0,23.016032064128254,2026,2
"Albany, GA",2026-06-01,7454,6695,1,1,11.33681852128454,11.33681852128454,2.0,11.33681852128454,2026,6
"Albany, GA",2026-07-01,13583,13099,1,1,3.6949385449270933,3.6949385449270933,4.0,3.6949385449270933,2026,7
"Albany, GA",2026-08-01,16557,14218,1,1,16.45097763398509,16.45097763398509,3.0,16.45097763398509,2026,8
"Albany-Schenectady-Troy, NY",2024-02-01,79896,76510,3,3,4.999623730982633,3.942129759434756,3.0,4.425565285583584,2024,2
"Albany-Schenectady-Troy, NY",2024-03-01,116924,110673,3,3,5.25350368811253,5.218588991480896,5.0,5.648170737216846,2024,3
"Albany-Schenectady-Troy, NY",2024-04-01,46933,49806,3,3,-9.045958776423614,-3.236220472440945,3.0,-5.768381319519737,2024,4
"Albany-Schenectady-Troy, NY",2024-05-01,47587,44929,2,2,6.05672449857013,6.05672449857013,4.0,5.916000801264217,2024,5
"Albany-Schenectady-Troy, NY",2024-06-01,62567,61942,2,2,1.0723776012643016,1.0723776012643016,5.0,1.0090084272383844,2024,6
"Albany-Schenectady-Troy, NY",2024-07-01,45248,44529,2,2,1.5120589541572564,1.5120589541572564,4.0,1.6146780749623841,2024,7
"Albany-Schenectady-Troy, NY",2024-08-01,81167,78011,2,2,3.699344401621714,3.699344401621714,5.0,4.045583315173501,2024,8
"Albany-Schenectady-Troy, NY",2024-09-01,48020,48947,2,2,-1.924200331816236,-1.924200331816236,4.0,-1.8938852227919996,2024,9
"Albany-Schenectady-Troy, NY",2024-10-01,43382,41837,2,2,3.4804968607873623,3.4804968607873623,4.0,3.6929034108564194,2024,10
"Albany-Schenectady-Troy, NY",2024-11-01,84071,95633,3,3,-13.9178185874131,4.192225454800378,4.0,-12.089968943774638,2024,11
"Albany-Schenectady-Troy, NY",2024-12-01,81532,91695,3,3,-16.10301990352436,4.679562657695543,4.0,-11.083483286984023,2024,12
"Albany-Schenectady-Troy, NY",2025-01-01,46244,51538,3,3,-11.102712414722816,8.821731748726656,3.3333333333333335,-10.2720322868563,2025,1
"Albany-Schenectady-Troy, NY",2025-02-01,36807,42574,3,3,-32.84487514129506,-11.160067250275379,3.0,-13.54582609104148,2025,2
"Albany-Schenectady-Troy, NY",2025-03-01,61070,67066,3,3,-16.669936418991778,4.143500132380195,4.0,-8.940446724122506,2025,3
"Albany-Schenectady-Troy, NY",2025-04-01,49513,60124,3,3,-21.50470889736985,-2.259606193844389,3.0,-17.648526378817113,2025,4
"Albany-Schenectady-Troy, NY",2025-05-01,53151,55627,2,2,-4.349713352052234,-4.349713352052234,5.0,-4.451075916371546,2025,5
"Albany-Schenectady-Troy, NY",2025-06-01,50367,49786,2,2,1.322642630304581,1.322642630304581,4.0,1.1669947374763991,2025,6
"Albany-Schenectady-Troy, NY",2025-07-01,68337,66707,3,3,2.466298613605762,3.913716897737146,3.6666666666666665,2.443521669390019,2025,7
"Albany-Schenectady-Troy, NY",2025-08-01,109309,107720,3,3,1.9944718953230014,2.1063518490489885,5.0,1.4751206832528778,2025,8
"Albany-Schenectady-Troy, NY",2025-09-01,77005,78546,3,3,-1.6319782519976413,-0.5534930813364833,4.0,-1.9619076719374635,2025,9
"Albany-Schenectady-Troy, NY",2025-10-01,80860,80279,3,3,1.2216946202568828,0.92106160878761,4.0,0.7237260055556247,2025,10
"Albany-Schenectady-Troy, NY",2025-11-01,112951,111410,3,3,1.7749085780004485,0.5144273488285086,5.0,1.3831792478233553,2025,11
"Albany-Schenectady-Troy, NY",2025-12-01,104675,104967,3,3,-0.0955028429988564,-0.7705313340170182,4.0,-0.27818266693341714,2025,12
"Albany-Schenectady-Troy, NY",2026-01-01,70329,70651,3,3,-0.14568648984466273,1.0398063261499386,5.0,-0.45576141880511245,2026,1
"Albany-Schenectady-Troy, NY",2026-02-01,60440,55340,3,3,9.286274278166855,10.20809512920192,4.0,9.215757137694254,2026,2
"Albany-Schenectady-Troy, NY",2026-03-01,71203,67055,3,3,6.225849413794051,7.732587697000508,4.0,6.185966743717843,2026,3
"Albany-Schenectady-Troy, NY",2026-04-01,72846,67866,3,3,7.475815561402375,7.467717047023472,4.0,7.337989567677481,2026,4
"Albany-Schenectady-Troy, NY",2026-05-01,94018,89413,3,3,5.506727908017399,5.214647253639942,5.0,5.150257792491025,2026,5
"Albany-Schenectady-Troy, NY",2026-06-01,76799,71607,3,3,7.404351553576601,7.210140714036515,4.0,7.250687781920762,2026,6
"Albany-Schenectady-Troy, NY",2026-07-01,72686,70006,3,3,3.860701666857279,4.294267953167308,4.0,3.8282432934319917,2026,7
"Albany-Schenectady-Troy, NY",2026-08-01,59047,58552,3,3,1.0051128902909932,0.3894185578085135,3.0,0.8454023773739583,2026,8
"Albuquerque-Santa Fe, NM",2024-02-01,41385,38619,3,3,7.5796785866574545,4.88438910931728,3.0,7.162277635360832,2024,2
"Albuquerque-Santa Fe, NM",2024-03-01,76347,70437,3,3,8.795808725680976,9.721103310699352,5.0,8.39047659610716,2024,3
"Albuquerque-Santa Fe, NM",2024-04-01,50797,49053,4,4,0.5574043343541865,0.026432649608796786,3.25,3.555338103683771,2024,4
"Albuquerque-Santa Fe, NM",2024-05-01,63092,61007,3,3,3.4141286878924997,4.602213405721445,4.0,3.41764059861983,2024,5
"Albuquerque-Santa Fe, NM",2024-06-01,75217,73128,3,3,2.9744269328141493,3.8877755511022043,5.0,2.8566349414724868,2024,6
"Albuquerque-Santa Fe, NM",2024-07-01,57778,56908,3,3,2.7209359480536643,3.485218937541676,4.0,1.5287832993603712,2024,7
"Albuquerque-Santa Fe, NM",2024-08-01,80833,74982,3,3,8.358146148024272,6.596346171383409,5.0,7.803206102798005,2024,8
"Albuquerque-Santa Fe, NM",2024-09-01,47253,44731,3,3,9.656449555379794,6.5473887814313345,4.0,5.63814804050882,2024,9
"Albuquerque-Santa Fe, NM",2024-10-01,45050,44079,3,3,4.066688041008398,2.1151922252393884,4.0,2.2028630413575625,2024,10
"Albuquerque-Santa Fe, NM",2024-11-01,66127,63248,4,4,12.564122649582652,0.9932197177936595,3.75,4.551922590437642,2024,11
"Albuquerque-Santa Fe, NM",2024-12-01,74243,68498,4,4,13.971169915455475,5.726167626359565,2.5,8.387106192881543,2024,12
"Albuquerque-Santa Fe, NM",2025-01-01,45951,42864,4,4,6.274410828221783,5.19444312537012,2.75,7.2018477043673,2025,1
"Albuquerque-Santa Fe, NM",2025-02-01,86772,82294,4,4,5.57841337067634,6.1609790928996215,4.0,5.441465963496731,2025,2
"Albuquerque-Santa Fe, NM",2025-03-01,122141,120334,4,4,1.4439781869059307,0.6742807872274567,5.0,1.5016537304502469,2025,3
"Albuquerque-Santa Fe, NM",2025-04-01,90189,85309,4,4,6.3875318284197755,6.896913332740663,4.0,5.720381202452262,2025,4
"Albuquerque-Santa Fe, NM",2025-05-01,106877,101569,4,4,5.628819212770636,4.489648647282607,5.0,5.2260039972826355,2025,5
"Albuquerque-Santa Fe, NM",2025-06-01,89821,87938,4,4,2.341728929750531,4.263134862634237,4.0,2.14128135731993,2025,6
"Albuquerque-Santa Fe, NM",2025-07-01,105472,100411,4,4,4.553107093801695,6.584430420968141,4.0,5.0402844309886365,2025,7
"Albuquerque-Santa Fe, NM",2025-08-01,137062,127869,4,4,6.931493246438665,8.196446324808347,5.0,7.189389140448428,2025,8
"Albuquerque-Santa Fe, NM",2025-09-01,99527,96441,4,4,3.2587031933098873,2.305186011850938,4.0,3.199883866820128,2025,9
"Albuquerque-Santa Fe, NM",2025-10-01,94042,87990,4,4,6.926492770515301,7.78686319478046,3.75,6.87805432435504,2025,10
"Albuquerque-Santa Fe, NM",2025-11-01,110678,111545,4,4,-0.7981671239700485,-0.4851934024518125,4.5,-0.7772647810300776,2025,11
"Albuquerque-Santa Fe, NM",2025-12-01,148298,147203,4,4,1.2108151194692396,-0.007500031313466771,4.0,0.7438707091567427,2025,12
"Albuquerque-Santa Fe, NM",2026-01-01,86360,88148,4,4,0.4721378715739063,2.4652901441112944,4.25,-2.028406770431547,2026,1
"Albuquerque-Santa Fe, NM",2026-02-01,66332,69232,3,3,-3.6446995022178847,-5.590906618806766,4.0,-4.188814421076959,2026,2
"Albuquerque-Santa Fe, NM",2026-03-01,61590,59365,3,3,8.4210522502308,10.57757644394111,3.0,3.7479996631011536,2026,3
"Albuquerque-Santa Fe, NM",2026-04-01,76679,77471,4,4,-2.648069389367196,-4.044411701096741,3.25,-1.0223180286817002,2026,4
"Albuquerque-Santa Fe, NM",2026-05-01,98535,103459,3,3,-4.008868637393184,-5.8141947980077475,5.0,-4.759373278303483,2026,5
"Albuquerque-Santa Fe, NM",2026-06-01,76693,76241,4,4,2.1967943647690307,2.776266689434847,3.5,0.5928568617935231,2026,6
"Albuquerque-Santa Fe, NM",2026-07-01,81296,86182,4,4,-5.643430477058767,-7.844648688375857,3.75,-5.669397321946578,2026,7
"Albuquerque-Santa Fe, NM",2026-08-01,71910,75121,4,4,-4.474544655928642,-6.13038461624493,2.75,-4.274437241250782,2026,8
"Alexandria, LA",2024-12-01,1994,0,1,1,,,1.0,,2024,12
"Alexandria, LA",2025-12-01,5836,6749,1,1,-13.527930063713143,-13.527930063713143,4.0,-13.527930063713143,2025,12
"Alexandria, LA",2026-01-01,2225,2095,1,1,6.205250596658711,6.205250596658711,3.0,6.205250596658711,2026,1
"Alexandria, LA",2026-02-01,2818,2662,1,1,5.860255447032307,5.860255447032307,3.0,5.860255447032307,2026,2
"Alexandria, LA",2026-03-01,1493,1369,1,1,9.057706355003653,9.057706355003653,1.0,9.057706355003653,2026,3
"Alexandria, LA",2026-05-01,1345,1436,1,1,-6.337047353760446,-6.337047353760446,2.0,-6.337047353760446,2026,5
"Alexandria, LA",2026-06-01,4854,4909,1,1,-1.1203911183540436,-1.1203911183540436,4.0,-1.1203911183540436,2026,6
"Alexandria, LA",2026-07-01,2387,2627,1,1,-9.135896459840122,-9.135896459840122,4.0,-9.135896459840122,2026,7
"Alexandria, LA",2026-08-01,2043,2099,1,1,-2.6679371129109097,-2.6679371129109097,3.0,-2.6679371129109097,2026,8
"Amarillo, TX",2024-02-01,25650,25036,1,1,2.4524684454385683,2.4524684454385683,3.0,2.4524684454385683,2024,2
"Amarillo, TX",2024-03-01,40130,37105,1,1,8.152540088936801,8.152540088936801,5.0,8.152540088936801,2024,3
"Amarillo, TX",2024-04-01,29020,29390,1,1,-1.2589316093909493,-1.2589316093909493,4.0,-1.2589316093909493,2024,4
"Amarillo, TX",2024-05-01,45297,41266,1,1,9.768332283235594,9.768332283235594,4.0,9.768332283235594,2024,5
"Amarillo, TX",2024-06-01,54708,49209,1,1,11.174785100286533,11.174785100286533,5.0,11.174785100286533,2024,6
"Amarillo, TX",2024-07-01,42299,39107,1,1,8.162221597156519,8.162221597156519,4.0,8.162221597156519,2024,7
"Amarillo, TX",2024-08-01,70855,66822,1,1,6.035437430786268,6.035437430786268,5.0,6.035437430786268,2024,8
"Amarillo, TX",2024-09-01,40358,36701,1,1,9.964306149696194,9.964306149696194,4.0,9.964306149696194,2024,9
"Amarillo, TX",2024-10-01,40759,38900,1,1,4.778920308483291,4.778920308483291,4.0,4.778920308483291,2024,10
"Amarillo, TX",2024-11-01,62727,58649,1,1,6.953230234104588,6.953230234104588,5.0,6.953230234104588,2024,11
"Amarillo, TX",2024-12-01,54662,52272,1,1,4.572237526782982,4.572237526782982,4.0,4.572237526782982,2024,12
"Amarillo, TX",2025-01-01,20894,20261,1,1,3.1242288139775924,3.1242288139775924,3.0,3.1242288139775924,2025,1
"Amarillo, TX",2025-02-01,17517,18613,1,1,-5.888357599527212,-5.888357599527212,4.0,-5.888357599527212,2025,2
"Amarillo, TX",2025-03-01,30219,30507,1,1,-0.9440456288720622,-0.9440456288720622,5.0,-0.9440456288720622,2025,3
"Amarillo, TX",2025-04-01,38709,35894,1,1,7.842536357051317,7.842536357051317,4.0,7.842536357051317,2025,4
"Amarillo, TX",2025-05-01,35698,33771,1,1,5.706079180361849,5.706079180361849,5.0,5.706079180361849,2025,5
"Amarillo, TX",2025-06-01,44169,44596,1,1,-0.9574849762310522,-0.9574849762310522,4.0,-0.9574849762310522,2025,6
"Amarillo, TX",2025-07-01,48469,46372,1,1,4.522125420512378,4.522125420512378,4.0,4.522125420512378,2025,7
"Amarillo, TX",2025-08-01,58731,60984,1,1,-3.6944116489571037,-3.6944116489571037,5.0,-3.6944116489571037,2025,8
"Amarillo, TX",2025-09-01,34665,42941,1,1,-19.27295591625719,-19.27295591625719,4.0,-19.27295591625719,2025,9
"Amarillo, TX",2025-10-01,38560,44970,1,1,-14.25394707582833,-14.25394707582833,4.0,-14.25394707582833,2025,10
"Amarillo, TX",2025-11-01,53200,65540,1,1,-18.828196521208422,-18.828196521208422,5.0,-18.828196521208422,2025,11
"Amarillo, TX",2025-12-01,55838,67081,1,1,-16.76033452095228,-16.76033452095228,4.0,-16.76033452095228,2025,12
"Amarillo, TX",2026-01-01,24760,29448,1,1,-15.919587068731323,-15.919587068731323,5.0,-15.919587068731323,2026,1
"Amarillo, TX",2026-02-01,21242,23183,1,1,-8.372514342406074,-8.372514342406074,4.0,-8.372514342406074,2026,2
"Amarillo, TX",2026-03-01,22495,26787,1,1,-16.022697577182964,-16.022697577182964,4.0,-16.022697577182964,2026,3
"Amarillo, TX",2026-04-01,31783,38709,1,1,-17.892479785062907,-17.892479785062907,4.0,-17.892479785062907,2026,4
"Amarillo, TX",2026-05-01,30588,38334,1,1,-20.206605102519955,-20.206605102519955,5.0,-20.206605102519955,2026,5
"Amarillo, TX",2026-06-01,36503,44169,1,1,-17.356064207928636,-17.356064207928636,4.0,-17.356064207928636,2026,6
"Amarillo, TX",2026-07-01,37132,48469,1,1,-23.390208174296973,-23.390208174296973,4.0,-23.390208174296973,2026,7
"Amarillo, TX",2026-08-01,28102,38491,1,1,-26.9907251045699,-26.9907251045699,3.0,-26.9907251045699,2026,8
"Anchorage, AK",2024-02-01,19257,18128,1,1,6.227934686672551,6.227934686672551,3.0,6.227934686672551,2024,2
"Anchorage, AK",2024-03-01,33777,31938,1,1,5.758031185421754,5.758031185421754,5.0,5.758031185421754,2024,3
"Anchorage, AK",2024-04-01,25126,25253,1,1,-0.5029105452817487,-0.5029105452817487,4.0,-0.5029105452817487,2024,4
"Anchorage, AK",2024-05-01,30768,29748,1,1,3.4288019362646227,3.4288019362646227,4.0,3.4288019362646227,2024,5
"Anchorage, AK",2024-06-01,24119,22545,1,1,6.981592370813927,6.981592370813927,4.0,6.981592370813927,2024,6
"Anchorage, AK",2024-07-01,9448,8158,1,1,15.81269919097818,15.81269919097818,2.0,15.81269919097818,2024,7
"Anchorage, AK",2024-08-01,48865,52232,1,1,-6.446239852963701,-6.446239852963701,5.0,-6.446239852963701,2024,8
"Anchorage, AK",2024-09-01,27784,28050,1,1,-0.948306595365419,-0.948306595365419,4.0,-0.948306595365419,2024,9
"Anchorage, AK",2024-10-01,27016,24904,1,1,8.480565371024735,8.480565371024735,4.0,8.480565371024735,2024,10
"Anchorage, AK",2024-11-01,30299,26587,2,2,9.444465340203859,9.444465340203859,3.0,13.961710610448716,2024,11
"Anchorage, AK",2024-12-01,33627,29417,2,2,5.629397967161845,5.629397967161845,2.5,14.311452561444064,2024,12
"Anchorage, AK",2025-01-01,19201,18632,1,1,3.053885787891799,3.053885787891799,4.0,3.053885787891799,2025,1
"Anchorage, AK",2025-02-01,19946,18951,1,1,5.2503825655638225,5.2503825655638225,4.0,5.2503825655638225,2025,2
"Anchorage, AK",2025-03-01,33081,33777,1,1,-2.0605737632116528,-2.0605737632116528,5.0,-2.0605737632116528,2025,3
"Anchorage, AK",2025-04-01,30751,28848,2,2,1.3449805879090404,1.3449805879090404,2.5,6.5966444814198555,2025,4
"Anchorage, AK",2025-05-01,34522,33718,1,1,2.3844830654249956,2.3844830654249956,5.0,2.3844830654249956,2025,5
"Anchorage, AK",2025-06-01,15425,15926,1,1,-3.145799321863619,-3.145799321863619,4.0,-3.145799321863619,2025,6
"Anchorage, AK",2025-07-01,9973,9698,1,1,2.8356362136522995,2.8356362136522995,3.0,2.8356362136522995,2025,7
"Anchorage, AK",2025-08-01,42217,37369,1,1,12.973320131659932,12.973320131659932,5.0,12.973320131659932,2025,8
"Anchorage, AK",2025-09-01,32259,31899,1,1,1.1285620238878962,1.1285620238878962,4.0,1.1285620238878962,2025,9
"Anchorage, AK",2025-10-01,64944,68373,2,2,-4.97643075285961,-4.97643075285961,3.5,-5.015137554297749,2025,10
"Anchorage, AK",2025-11-01,75152,69547,2,2,8.078573172833382,8.078573172833382,5.0,8.059298028671257,2025,11
"Anchorage, AK",2025-12-01,65953,65565,2,2,0.8223272076445771,0.8223272076445771,4.0,0.5917791504613742,2025,12
"Anchorage, AK",2026-01-01,48664,49402,2,2,-1.4262865942295733,-1.4262865942295733,5.0,-1.4938666450750981,2026,1
"Anchorage, AK",2026-02-01,38299,38716,2,2,-0.7719743253060831,-0.7719743253060831,4.0,-1.0770740779006094,2026,2
"Anchorage, AK",2026-03-01,60156,60857,2,2,-0.8070383741683793,-0.8070383741683793,4.0,-1.1518806382174607,2026,3
"Anchorage, AK",2026-04-01,65956,65537,2,2,1.0833805187226762,1.0833805187226762,4.0,0.6393335062636374,2026,4
"Anchorage, AK",2026-05-01,82884,82695,2,2,0.40192801281191803,0.40192801281191803,5.0,0.22855069834935604,2026,5
"Anchorage, AK",2026-06-01,64972,63055,2,2,3.597000034209791,3.597000034209791,4.0,3.0402029973832367,2026,6
"Anchorage, AK",2026-07-01,63173,61586,2,2,2.6237679807773264,2.6237679807773264,4.0,2.5768843568343454,2026,7
"Anchorage, AK",2026-08-01,38113,37662,2,2,0.4406559556796711,0.4406559556796711,2.5,1.1974934947692635,2026,8
Atlanta,2024-02-01,321544,324430,17,17,-0.7650294492921427,-1.7565872020075282,3.0,-0.8895601516505872,2024,2
Atlanta,2024-03-01,615947,600681,19,19,2.6188098279442302,2.275453091684435,4.947368421052632,2.541448788957866,2024,3
Atlanta,2024-04-01,388492,399738,20,20,-3.4883318476388423,-3.141251247570521,3.8,-2.813342739494369,2024,4
Atlanta,2024-05-01,527563,515851,19,19,1.8783020003678859,1.429177868968445,4.0,2.2704230485159473,2024,5
Atlanta,2024-06-01,617822,603157,19,19,1.4734582637542242,1.156804554539398,4.947368421052632,2.4313735892976456,2024,6
Atlanta,2024-07-01,508280,515078,19,19,-1.7919878991975733,-1.399362512633134,4.0,-1.319800107944816,2024,7
Atlanta,2024-08-01,655908,639259,19,19,2.7931411736769696,1.9132849868847401,4.894736842105263,2.604421681978666,2024,8
Atlanta,2024-09-01,430477,435981,19,19,-0.90940838930806,-1.163200563976031,3.9473684210526314,-1.2624403357027028,2024,9
Atlanta,2024-10-01,444272,457285,20,20,-2.3990147927472223,-2.228935252802653,3.9,-2.845708912385055,2024,10
Atlanta,2024-11-01,674636,676347,22,22,1.891335350688135,3.9443120358676214,4.636363636363637,-0.2529766525171251,2024,11
Atlanta,2024-12-01,743225,721985,22,22,2.789389333411614,3.063844000980983,3.6818181818181817,2.9418893744329866,2024,12
Atlanta,2025-01-01,393868,383564,23,23,2.8830165806856685,2.9053945894029134,3.652173913043478,2.686383497929941,2025,1
Atlanta,2025-02-01,472473,503246,24,24,-4.055188507758026,-2.4848082928000963,3.9166666666666665,-6.114902055853399,2025,2
Atlanta,2025-03-01,720150,737321,24,24,-0.3212407775754005,0.8346002510393569,4.916666666666667,-2.3288364226707228,2025,3
Atlanta,2025-04-01,501015,495816,27,27,3.8485112312089846,6.87561118238804,3.6296296296296298,1.0485744711747906,2025,4
Atlanta,2025-05-01,671946,681225,24,24,-1.2589243011050284,-0.9945656944924439,4.958333333333333,-1.3621050313772982,2025,5
Atlanta,2025-06-01,604762,619655,26,26,-1.19207772943767,-1.2918561603929062,3.9615384615384617,-2.4034341690134027,2025,6
Atlanta,2025-07-01,683399,643573,26,26,6.556861966229007,7.214276054609761,3.9615384615384617,6.188264579154191,2025,7
Atlanta,2025-08-01,761772,724897,26,26,5.0233962923718485,4.122361365503167,4.846153846153846,5.08692959137643,2025,8
Atlanta,2025-09-01,574892,588308,26,26,-0.6047282382439582,0.5899153415025966,3.923076923076923,-2.2804381378461622,2025,9
Atlanta,2025-10-01,601843,624951,26,26,-1.5292291995242986,0.4302366951555757,3.8076923076923075,-3.697569889479335,2025,10
Atlanta,2025-11-01,782394,757260,26,26,18.429374187654666,5.418973928036452,4.6923076923076925,3.319071388954917,2025,11
Atlanta,2025-12-01,803261,800373,28,28,-2.863565632759811,1.3495119145154164,3.4642857142857144,0.36083176219087854,2025,12
Atlanta,2026-01-01,567888,553165,26,26,1.8119767308732553,1.612794130972532,4.6923076923076925,2.6615928339645496,2026,1
Atlanta,2026-02-01,490720,462245,28,28,5.859615378362052,6.699872443048875,3.607142857142857,6.160153165529103,2026,2
Atlanta,2026-03-01,610098,579497,29,29,4.800045615064532,6.046195652173913,3.793103448275862,5.280614049770749,2026,3
Atlanta,2026-04-01,628150,603885,29,29,3.9452573751170097,5.1016097995963765,3.793103448275862,4.018149150914495,2026,4
Atlanta,2026-05-01,816938,797104,29,29,2.8426526212916152,3.4968039963474244,4.689655172413793,2.4882574921214795,2026,5
Atlanta,2026-06-01,610240,584439,28,28,4.053096143644509,4.905158103210743,3.9285714285714284,4.414660897031171,2026,6
Atlanta,2026-07-01,591929,620293,28,28,-6.235741768588686,-3.0983626805743816,3.7857142857142856,-4.57267775067589,2026,7
Atlanta,2026-08-01,482052,483058,28,28,0.006715084588354411,-0.16031724262061797,2.7857142857142856,-0.20825656546418855,2026,8
"Augusta, GA-Aiken, SC",2024-02-01,16076,16757,1,1,-4.063973264904219,-4.063973264904219,3.0,-4.063973264904219,2024,2
"Augusta, GA-Aiken, SC",2024-03-01,41267,41432,1,1,-0.3982429040355281,-0.3982429040355281,5.0,-0.3982429040355281,2024,3
"Augusta, GA-Aiken, SC",2024-04-01,29126,30839,1,1,-5.554654820195207,-5.554654820195207,4.0,-5.554654820195207,2024,4
"Augusta, GA-Aiken, SC",2024-05-01,32520,33893,1,1,-4.050983978992712,-4.050983978992712,4.0,-4.050983978992712,2024,5
"Augusta, GA-Aiken, SC",2024-06-01,36237,36933,1,1,-1.8844935423604905,-1.8844935423604905,5.0,-1.8844935423604905,2024,6
"Augusta, GA-Aiken, SC",2024-07-01,25362,26328,1,1,-3.6690975387420237,-3.6690975387420237,4.0,-3.6690975387420237,2024,7
"Augusta, GA-Aiken, SC",2024-08-01,44174,42285,1,1,4.467305190966064,4.467305190966064,5.0,4.467305190966064,2024,8
"Augusta, GA-Aiken, SC",2024-09-01,24955,24694,1,1,1.0569369077508706,1.0569369077508706,4.0,1.0569369077508706,2024,9
"Augusta, GA-Aiken, SC",2024-10-01,14027,16049,1,1,-12.59891582030033,-12.59891582030033,4.0,-12.59891582030033,2024,10
"Augusta, GA-Aiken, SC",2024-11-01,43964,41100,1,1,6.968369829683699,6.968369829683699,5.0,6.968369829683699,2024,11
"Augusta, GA-Aiken, SC",2024-12-01,52580,47618,1,1,10.420429249443487,10.420429249443487,4.0,10.420429249443487,2024,12
"Augusta, GA-Aiken, SC",2025-01-01,27955,25258,1,1,10.677805051864755,10.677805051864755,4.0,10.677805051864755,2025,1
"Augusta, GA-Aiken, SC",2025-02-01,28593,28315,1,1,0.9818117605509448,0.9818117605509448,4.0,0.9818117605509448,2025,2
"Augusta, GA-Aiken, SC",2025-03-01,41969,41267,1,1,1.7011171153706353,1.7011171153706353,5.0,1.7011171153706353,2025,3
"Augusta, GA-Aiken, SC",2025-04-01,31541,29126,1,1,8.291560804779236,8.291560804779236,4.0,8.291560804779236,2025,4
"Augusta, GA-Aiken, SC",2025-05-01,36436,35207,1,1,3.4907830829096484,3.4907830829096484,5.0,3.4907830829096484,2025,5
"Augusta, GA-Aiken, SC",2025-06-01,8783,8462,1,1,3.7934294493027654,3.7934294493027654,2.0,3.7934294493027654,2025,6
"Augusta, GA-Aiken, SC",2025-07-01,7037,6639,1,1,5.994878746799217,5.994878746799217,1.0,5.994878746799217,2025,7
"Augusta, GA-Aiken, SC",2025-08-01,40323,38521,1,1,4.6779678616858344,4.6779678616858344,5.0,4.6779678616858344,2025,8
"Augusta, GA-Aiken, SC",2025-09-01,30270,27032,1,1,11.978395975140574,11.978395975140574,4.0,11.978395975140574,2025,9
"Augusta, GA-Aiken, SC",2025-10-01,21854,23449,1,1,-6.801995820717302,-6.801995820717302,4.0,-6.801995820717302,2025,10
"Augusta, GA-Aiken, SC",2025-11-01,46663,44948,1,1,3.815520156625434,3.815520156625434,5.0,3.815520156625434,2025,11
"Augusta, GA-Aiken, SC",2025-12-01,44329,40690,1,1,8.943229294666995,8.943229294666995,4.0,8.943229294666995,2025,12
"Augusta, GA-Aiken, SC",2026-01-01,34201,32257,1,1,6.026598877762966,6.026598877762966,5.0,6.026598877762966,2026,1
"Augusta, GA-Aiken, SC",2026-02-01,30053,26764,1,1,12.288895531310716,12.288895531310716,4.0,12.288895531310716,2026,2
"Augusta, GA-Aiken, SC",2026-03-01,37524,33186,1,1,13.071777255469176,13.071777255469176,4.0,13.071777255469176,2026,3
"Augusta, GA-Aiken, SC",2026-04-01,35974,31541,1,1,14.054722424780444,14.054722424780444,4.0,14.054722424780444,2026,4
"Augusta, GA-Aiken, SC",2026-05-01,39043,34936,1,1,11.755782001373941,11.755782001373941,5.0,11.755782001373941,2026,5
"Augusta, GA-Aiken, SC",2026-06-01,23905,20786,1,1,15.00529202347734,15.00529202347734,4.0,15.00529202347734,2026,6
"Augusta, GA-Aiken, SC",2026-07-01,15060,13304,1,1,13.199037883343356,13.199037883343356,4.0,13.199037883343356,2026,7
"Augusta, GA-Aiken, SC",2026-08-01,8893,8179,1,1,8.729673554224233,8.729673554224233,2.0,8.729673554224233,2026,8
"Austin, TX",2024-02-01,64018,62442,5,5,5.386027459813292,3.227351082168167,3.0,2.5239422183786555,2024,2
"Austin, TX",2024-03-01,107080,102042,5,5,6.874203284293773,5.518192071515101,5.0,4.937182728680347,2024,3
"Austin, TX",2024-04-01,72274,71995,5,5,1.9085882964910752,-0.18330179754020814,4.0,0.3875269115910827,2024,4
"Austin, TX",2024-05-01,97232,89525,5,5,9.393977145373842,10.892465643548475,4.0,8.608768500418877,2024,5
"Austin, TX",2024-06-01,136818,125929,5,5,8.753430135458226,9.459249837123444,5.0,8.646935971857157,2024,6
"Austin, TX",2024-07-01,118800,113561,5,5,4.479605418480851,5.829900654228253,4.0,4.613379593346307,2024,7
"Austin, TX",2024-08-01,206756,184257,5,5,12.018295548787282,15.08103575157023,5.0,12.21066228148727,2024,8
"Austin, TX",2024-09-01,98325,89201,5,5,9.346660737520601,10.457063711911358,3.8,10.22858488133541,2024,9
"Austin, TX",2024-10-01,94459,92246,5,5,2.7881313141611606,3.2010788558449854,3.8,2.3990200117078246,2024,10
"Austin, TX",2024-11-01,124009,124224,5,5,-2.721580695392402,1.0222429408630793,4.6,-0.17307444616177228,2024,11
"Austin, TX",2024-12-01,158065,155107,5,5,0.18042887136555663,-0.08332031453418737,4.0,1.907070602874145,2024,12
"Austin, TX",2025-01-01,75148,62940,4,4,10.45113214151248,9.12028189382602,3.75,19.396250397203683,2025,1
"Austin, TX",2025-02-01,62931,65392,5,5,-4.963324314468792,-3.354831998335587,3.4,-3.7634573036457057,2025,2
"Austin, TX",2025-03-01,111370,118586,5,5,-5.219576864603813,-1.8227072563660733,4.6,-6.085035333007268,2025,3
"Austin, TX",2025-04-01,87276,82888,6,6,2.775611263844053,3.3214423447743924,3.1666666666666665,5.293890551105106,2025,4
"Austin, TX",2025-05-01,129285,128030,5,5,-0.6626938366347346,0.49184261036468335,4.6,0.9802390064828556,2025,5
"Austin, TX",2025-06-01,115283,118486,5,5,-3.570313871730788,-3.2548343863679876,4.0,-2.7032729605185426,2025,6
"Austin, TX",2025-07-01,135683,136104,5,5,0.03087659375241929,-0.3787878787878788,4.0,-0.30932228296008935,2025,7
"Austin, TX",2025-08-01,175794,167296,5,5,3.802744118557979,4.311521477318346,5.0,5.07961935730681,2025,8
"Austin, TX",2025-09-01,109689,115034,5,5,-6.068534135939911,-4.675979821497866,4.0,-4.64645235321731,2025,9
"Austin, TX",2025-10-01,100242,106552,5,5,-9.658157285273553,-7.114980486340439,3.6,-5.9219911404760115,2025,10
"Austin, TX",2025-11-01,129874,131528,4,4,-1.3577352453895977,-1.151792221706739,5.0,-1.2575269144212637,2025,11
"Austin, TX",2025-12-01,154410,155123,6,6,-4.865373406238945,-5.481051308148237,3.0,-0.4596352571830096,2025,12
"Austin, TX",2026-01-01,88454,94370,5,5,-6.931151025249133,-8.780062169384305,4.4,-6.26894140086892,2026,1
"Austin, TX",2026-02-01,70048,68601,4,4,2.148154817151043,3.3064631836251013,3.75,2.1092986982697046,2026,2
"Austin, TX",2026-03-01,82184,84086,5,5,-5.883131342035229,-1.1266666666666667,3.0,-2.2619698879718384,2026,3
"Austin, TX",2026-04-01,95635,107922,5,5,-18.825379680037933,-8.990808566229646,3.4,-11.385074405589222,2026,4
"Austin, TX",2026-05-01,140054,153578,5,5,-8.753507583580015,-4.96921622431803,4.8,-8.80594876870385,2026,5
"Austin, TX",2026-06-01,124495,129726,5,5,-3.7609115919147427,-5.0469846031676004,4.0,-4.032345096588194,2026,6
"Austin, TX",2026-07-01,123022,140961,5,5,-13.911830023308578,-7.031857031857032,4.0,-12.726215052390376,2026,7
"Austin, TX",2026-08-01,111393,128109,5,5,-14.526157500413428,-11.379520615413481,3.0,-13.048263588038312,2026,8
"Bakersfield, CA",2024-02-01,36643,30115,1,1,21.676905196745807,21.676905196745807,3.0,21.676905196745807,2024,2
"Bakersfield, CA",2024-03-01,66958,53215,1,1,25.825425162078364,25.825425162078364,5.0,25.825425162078364,2024,3
"Bakersfield, CA",2024-04-01,37475,36234,1,1,3.4249599823370316,3.4249599823370316,4.0,3.4249599823370316,2024,4
"Bakersfield, CA",2024-05-01,40797,38930,1,1,4.795787310557411,4.795787310557411,4.0,4.795787310557411,2024,5
"Bakersfield, CA",2024-06-01,62916,55576,1,1,13.207139772563698,13.207139772563698,5.0,13.207139772563698,2024,6
"Bakersfield, CA",2024-07-01,36282,31915,1,1,13.683221055929815,13.683221055929815,4.0,13.683221055929815,2024,7
"Bakersfield, CA",2024-08-01,86668,77793,1,1,11.408481482909773,11.408481482909773,5.0,11.408481482909773,2024,8
"Bakersfield, CA",2024-09-01,21999,21959,1,1,0.18215765745252516,0.18215765745252516,4.0,0.18215765745252516,2024,9
"Bakersfield, CA",2024-10-01,20071,19787,1,1,1.4352857937029362,1.4352857937029362,4.0,1.4352857937029362,2024,10
"Bakersfield, CA",2024-11-01,51556,44291,1,1,16.40288094646768,16.40288094646768,5.0,16.40288094646768,2024,11
"Bakersfield, CA",2024-12-01,65669,61623,1,1,6.565730327961962,6.565730327961962,4.0,6.565730327961962,2024,12
"Bakersfield, CA",2025-01-01,38303,37781,1,1,1.3816468595325693,1.3816468595325693,4.0,1.3816468595325693,2025,1
"Bakersfield, CA",2025-02-01,36587,35898,1,1,1.9193269820045686,1.9193269820045686,4.0,1.9193269820045686,2025,2
"Bakersfield, CA",2025-03-01,67933,64608,1,1,5.146421495789995,5.146421495789995,5.0,5.146421495789995,2025,3
"Bakersfield, CA",2025-04-01,52348,48141,1,1,8.738912777050748,8.738912777050748,4.0,8.738912777050748,2025,4
"Bakersfield, CA",2025-05-01,61891,59376,1,1,4.235718135273511,4.235718135273511,5.0,4.235718135273511,2025,5
"Bakersfield, CA",2025-06-01,52187,55190,1,1,-5.441203116506613,-5.441203116506613,4.0,-5.441203116506613,2025,6
"Bakersfield, CA",2025-07-01,48590,50311,1,1,-3.420723102303671,-3.420723102303671,4.0,-3.420723102303671,2025,7
"Bakersfield, CA",2025-08-01,54587,56200,1,1,-2.870106761565836,-2.870106761565836,5.0,-2.870106761565836,2025,8
"Bakersfield, CA",2025-09-01,32041,34581,1,1,-7.3450738845030505,-7.3450738845030505,4.0,-7.3450738845030505,2025,9
"Bakersfield, CA",2025-10-01,31867,31626,1,1,0.7620312401188896,0.7620312401188896,4.0,0.7620312401188896,2025,10
"Bakersfield, CA",2025-11-01,47921,53966,1,1,-11.201497239002336,-11.201497239002336,5.0,-11.201497239002336,2025,11
"Bakersfield, CA",2025-12-01,62724,58897,1,1,6.497784267449955,6.497784267449955,4.0,6.497784267449955,2025,12
"Bakersfield, CA",2026-01-01,49543,48466,1,1,2.222176371064251,2.222176371064251,5.0,2.222176371064251,2026,1
"Bakersfield, CA",2026-02-01,25002,24700,1,1,1.222672064777328,1.222672064777328,3.0,1.222672064777328,2026,2
"Bakersfield, CA",2026-03-01,35901,36119,1,1,-0.6035604529472023,-0.6035604529472023,4.0,-0.6035604529472023,2026,3
"Bakersfield, CA",2026-04-01,30111,34389,1,1,-12.440024426415423,-12.440024426415423,4.0,-12.440024426415423,2026,4
"Bakersfield, CA",2026-05-01,34521,40425,1,1,-14.60482374768089,-14.60482374768089,5.0,-14.60482374768089,2026,5
"Bakersfield, CA",2026-06-01,40661,47056,1,1,-13.590190411424686,-13.590190411424686,4.0,-13.590190411424686,2026,6
"Bakersfield, CA",2026-07-01,20657,22694,1,1,-8.975940777297964,-8.975940777297964,4.0,-8.975940777297964,2026,7
"Bakersfield, CA",2026-08-01,21927,25268,1,1,-13.222257400664873,-13.222257400664873,3.0,-13.222257400664873,2026,8
Baltimore,2024-02-01,164533,169586,6,6,-5.93004690185944,-5.450706414506664,2.8333333333333335,-2.9796091658509547,2024,2
Baltimore,2024-03-01,326079,303779,6,6,6.632800081789372,8.575257135004836,5.0,7.340862929958951,2024,3
Baltimore,2024-04-01,186694,193796,7,7,-5.547069425069833,-6.474773906918953,3.4285714285714284,-3.6646783215339838,2024,4
Baltimore,2024-05-01,246498,236789,6,6,2.307253543322147,6.635914333201609,4.0,4.100274928311704,2024,5
Baltimore,2024-06-01,293880,290161,6,6,-0.13836070165969913,1.1512865209547094,5.0,1.2817022273841074,2024,6
Baltimore,2024-07-01,255531,245658,6,6,3.399782413057981,5.669279444758195,3.8333333333333335,4.0190020272085585,2024,7
Baltimore,2024-08-01,446527,435707,6,6,-0.45654526677623447,1.4418629497005675,5.0,2.483320212895363,2024,8
Baltimore,2024-09-01,184638,179002,6,6,2.78482302841064,4.268755238736965,3.8333333333333335,3.148568172422655,2024,9
Baltimore,2024-10-01,187031,180993,6,6,1.6337155336180995,1.5704824438771525,3.6666666666666665,3.3360406203554835,2024,10
Baltimore,2024-11-01,315213,313580,7,7,4.90741059019909,5.778792039575006,4.428571428571429,0.520760252567128,2024,11
Baltimore,2024-12-01,387482,376734,8,8,9.108229065815271,5.044718668629005,3.375,2.8529413326113384,2024,12
Baltimore,2025-01-01,213408,192803,7,7,11.034095027365497,11.287551655290894,3.5714285714285716,10.687074371249409,2025,1
Baltimore,2025-02-01,204980,220392,8,8,-5.107919829913426,-6.826417949966348,3.5,-6.992994301063559,2025,2
Baltimore,2025-03-01,347799,364507,8,8,-3.255205450897376,-3.024217649319639,5.0,-4.583725415424121,2025,3
Baltimore,2025-04-01,274050,257795,8,8,6.360882935507831,6.080540551411376,4.0,6.305397699722648,2025,4
Baltimore,2025-05-01,337446,337282,8,8,2.16204947442231,-0.28368212518808766,5.0,0.048624000094876094,2025,5
Baltimore,2025-06-01,309119,311818,8,8,0.5991425386255602,-0.7327040553712564,4.0,-0.8655690178245002,2025,6
Baltimore,2025-07-01,284809,286786,8,8,-1.0548877507895178,-0.08989534518008135,3.625,-0.6893641949049117,2025,7
Baltimore,2025-08-01,415153,403903,7,7,2.220520122319002,6.520510082291602,5.0,2.7853222184534405,2025,8
Baltimore,2025-09-01,250071,264752,8,8,-4.937524345392227,-3.127766476196597,3.625,-5.545189460325135,2025,9
Baltimore,2025-10-01,304894,301836,8,8,0.10732813074875386,2.1110248410653445,4.0,1.0131329596204561,2025,10
Baltimore,2025-11-01,413336,405225,8,8,2.179564674977304,3.2275598683527615,5.0,2.001604047134308,2025,11
Baltimore,2025-12-01,431004,429394,9,9,0.4377064913530494,0.6257725587144624,3.888888888888889,0.37494701835610184,2025,12
Baltimore,2026-01-01,297907,294916,9,9,-4.111828166356172,-0.7465302116921351,4.555555555555555,1.0141870905613801,2026,1
Baltimore,2026-02-01,241274,218594,8,8,7.955498584023314,8.959568426530957,4.0,10.375399141787971,2026,2
Baltimore,2026-03-01,287622,276942,8,8,4.592954013188221,4.517835508472769,4.0,3.856403145785038,2026,3
Baltimore,2026-04-01,296075,298990,8,8,0.8625656779821357,1.560989797311431,4.0,-0.9749489949496639,2026,4
Baltimore,2026-05-01,371138,372245,8,8,-0.7868749094869458,0.17862098030990392,5.0,-0.2973847869011001,2026,5
Baltimore,2026-06-01,349616,331007,9,9,6.155859736282955,5.462212777261256,4.0,5.621935487769141,2026,6
Baltimore,2026-07-01,310062,308974,9,9,-0.22823365749456237,0.363079366880354,4.0,0.3521331892003858,2026,7
Baltimore,2026-08-01,273320,269999,9,9,-1.4158661713002951,-0.2102058567700783,3.0,1.230004555572428,2026,8
"Bangor, ME",2025-12-01,595,0,1,1,,,1.0,,2025,12
"Baton Rouge, LA",2025-04-01,1675,0,1,1,,,1.0,,2025,4
"Baton Rouge, LA",2025-12-01,3568,0,1,1,,,1.0,,2025,12
"Baton Rouge, LA",2026-01-01,19236,18646,1,1,3.1642175265472487,3.1642175265472487,3.0,3.1642175265472487,2026,1
"Baton Rouge, LA",2026-02-01,32757,30408,1,1,7.724940805051301,7.724940805051301,4.0,7.724940805051301,2026,2
"Baton Rouge, LA",2026-03-01,40781,38718,1,1,5.328271088382664,5.328271088382664,4.0,5.328271088382664,2026,3
"Baton Rouge, LA",2026-04-01,35692,38297,1,1,-6.802099381152571,-6.802099381152571,4.0,-6.802099381152571,2026,4
"Baton Rouge, LA",2026-05-01,48969,53084,1,1,-7.751864968728807,-7.751864968728807,5.0,-7.751864968728807,2026,5
"Baton Rouge, LA",2026-06-01,34085,35312,1,1,-3.4747394653375627,-3.4747394653375627,4.0,-3.4747394653375627,2026,6
"Baton Rouge, LA",2026-07-01,37033,39780,1,1,-6.905480140774259,-6.905480140774259,4.0,-6.905480140774259,2026,7
"Baton Rouge, LA",2026-08-01,18555,19204,1,1,-3.3795042699437614,-3.3795042699437614,2.0,-3.3795042699437614,2026,8
"Beaumont-Port Arthur, TX",2024-02-01,16274,19235,1,1,-15.393813361060566,-15.393813361060566,3.0,-15.393813361060566,2024,2
"Beaumont-Port Arthur, TX",2024-03-01,30735,32603,1,1,-5.7295340919547275,-5.7295340919547275,5.0,-5.7295340919547275,2024,3
"Beaumont-Port Arthur, TX",2024-04-01,21197,24250,1,1,-12.589690721649486,-12.589690721649486,4.0,-12.589690721649486,2024,4
"Beaumont-Port Arthur, TX",2024-05-01,25025,26794,1,1,-6.602224378592222,-6.602224378592222,4.0,-6.602224378592222,2024,5
"Beaumont-Port Arthur, TX",2024-06-01,28266,29553,1,1,-4.354887828646838,-4.354887828646838,5.0,-4.354887828646838,2024,6
"Beaumont-Port Arthur, TX",2024-07-01,23827,24938,1,1,-4.455048520330419,-4.455048520330419,4.0,-4.455048520330419,2024,7
"Beaumont-Port Arthur, TX",2024-08-01,38322,35809,1,1,7.017788824038649,7.017788824038649,5.0,7.017788824038649,2024,8
"Beaumont-Port Arthur, TX",2024-09-01,21453,20159,1,1,6.418969194900541,6.418969194900541,4.0,6.418969194900541,2024,9
"Beaumont-Port Arthur, TX",2024-10-01,24343,23432,1,1,3.8878456811198365,3.8878456811198365,4.0,3.8878456811198365,2024,10
"Beaumont-Port Arthur, TX",2024-11-01,37659,35032,1,1,7.498858186800639,7.498858186800639,5.0,7.498858186800639,2024,11
"Beaumont-Port Arthur, TX",2024-12-01,42600,38635,1,1,10.262715154652517,10.262715154652517,4.0,10.262715154652517,2024,12
"Beaumont-Port Arthur, TX",2025-01-01,22973,19295,1,1,19.061933143301374,19.061933143301374,4.0,19.061933143301374,2025,1
"Beaumont-Port Arthur, TX",2025-02-01,21656,21009,1,1,3.0796325384359085,3.0796325384359085,4.0,3.0796325384359085,2025,2
"Beaumont-Port Arthur, TX",2025-03-01,33094,30735,1,1,7.675288758744103,7.675288758744103,5.0,7.675288758744103,2025,3
"Beaumont-Port Arthur, TX",2025-04-01,24358,21197,1,1,14.912487616172099,14.912487616172099,4.0,14.912487616172099,2025,4
"Beaumont-Port Arthur, TX",2025-05-01,33276,28756,1,1,15.71845875643344,15.71845875643344,5.0,15.71845875643344,2025,5
"Beaumont-Port Arthur, TX",2025-06-01,24403,21630,1,1,12.82015718908923,12.82015718908923,4.0,12.82015718908923,2025,6
"Beaumont-Port Arthur, TX",2025-07-01,27258,23827,1,1,14.39963067108742,14.39963067108742,4.0,14.39963067108742,2025,7
"Beaumont-Port Arthur, TX",2025-08-01,37464,32481,1,1,15.341276438533297,15.341276438533297,5.0,15.341276438533297,2025,8
"Beaumont-Port Arthur, TX",2025-09-01,23878,22702,1,1,5.180160338296185,5.180160338296185,4.0,5.180160338296185,2025,9
"Beaumont-Port Arthur, TX",2025-10-01,26210,24797,1,1,5.698269952010324,5.698269952010324,4.0,5.698269952010324,2025,10
"Beaumont-Port Arthur, TX",2025-11-01,42748,38562,1,1,10.85524609719413,10.85524609719413,5.0,10.85524609719413,2025,11
"Beaumont-Port Arthur, TX",2025-12-01,45568,42600,1,1,6.967136150234741,6.967136150234741,4.0,6.967136150234741,2025,12
"Beaumont-Port Arthur, TX",2026-01-01,28661,27153,1,1,5.553714138400913,5.553714138400913,5.0,5.553714138400913,2026,1
"Beaumont-Port Arthur, TX",2026-02-01,26333,22959,1,1,14.695762010540529,14.695762010540529,4.0,14.695762010540529,2026,2
"Beaumont-Port Arthur, TX",2026-03-01,29184,26362,1,1,10.704802367043472,10.704802367043472,4.0,10.704802367043472,2026,3
"Beaumont-Port Arthur, TX",2026-04-01,25659,25044,1,1,2.455678006708194,2.455678006708194,4.0,2.455678006708194,2026,4
"Beaumont-Port Arthur, TX",2026-05-01,35526,34108,1,1,4.157382432273953,4.157382432273953,5.0,4.157382432273953,2026,5
"Beaumont-Port Arthur, TX",2026-06-01,26772,25721,1,1,4.086155281676451,4.086155281676451,4.0,4.086155281676451,2026,6
"Beaumont-Port Arthur, TX",2026-07-01,27059,26511,1,1,2.0670665006978237,2.0670665006978237,4.0,2.0670665006978237,2026,7
"Beaumont-Port Arthur, TX",2026-08-01,25575,25775,1,1,-0.7759456838021339,-0.7759456838021339,3.0,-0.7759456838021339,2026,8
"Biloxi-Gulfport, MS",2025-06-01,19866,21319,1,1,-6.815516675266195,-6.815516675266195,4.0,-6.815516675266195,2025,6
"Biloxi-Gulfport, MS",2025-07-01,20571,19462,1,1,5.698283835165965,5.698283835165965,4.0,5.698283835165965,2025,7
"Biloxi-Gulfport, MS",2025-08-01,34896,33760,2,2,4.12033584898712,4.12033584898712,4.5,3.3649289099526065,2025,8
"Biloxi-Gulfport, MS",2025-09-01,33748,33188,2,2,1.9653995729920957,1.9653995729920957,4.0,1.6873568759792696,2025,9
"Biloxi-Gulfport, MS",2025-10-01,34195,34329,2,2,0.3039725457417002,0.3039725457417002,4.0,-0.39034052841620787,2025,10
"Biloxi-Gulfport, MS",2025-11-01,41073,39865,2,2,3.032322766196939,3.032322766196939,5.0,3.030227016179606,2025,11
"Biloxi-Gulfport, MS",2025-12-01,56172,53833,2,2,4.615420583641429,4.615420583641429,4.0,4.344918544387272,2025,12
"Biloxi-Gulfport, MS",2026-01-01,34345,32734,2,2,5.811858842350945,5.811858842350945,5.0,4.921488360725851,2026,1
"Biloxi-Gulfport, MS",2026-02-01,28988,25569,2,2,13.816462511757361,13.816462511757361,4.0,13.371660995737026,2026,2
"Biloxi-Gulfport, MS",2026-03-01,38152,34445,2,2,11.10423334705202,11.10423334705202,4.0,10.762084482508346,2026,3
"Biloxi-Gulfport, MS",2026-04-01,31865,31375,2,2,1.6641810161601251,1.6641810161601251,4.0,1.5617529880478087,2026,4
"Biloxi-Gulfport, MS",2026-05-01,38118,37059,2,2,2.9120667074989193,2.9120667074989193,5.0,2.8576054399740953,2026,5
"Biloxi-Gulfport, MS",2026-06-01,32700,32269,2,2,1.9373321571675104,1.9373321571675104,4.0,1.3356472155939136,2026,6
"Biloxi-Gulfport, MS",2026-07-01,32743,34369,2,2,-4.69351408556591,-4.69351408556591,4.0,-4.73100759405278,2026,7
"Biloxi-Gulfport, MS",2026-08-01,27434,26048,2,2,5.262400327131466,5.262400327131466,3.0,5.320945945945946,2026,8
"Binghamton, NY",2024-02-01,18247,20738,1,1,-12.011765840486065,-12.011765840486065,3.0,-12.011765840486065,2024,2
"Binghamton, NY",2024-03-01,30887,33098,1,1,-6.680161943319838,-6.680161943319838,5.0,-6.680161943319838,2024,3
"Binghamton, NY",2024-04-01,22962,26781,1,1,-14.260109779321162,-14.260109779321162,4.0,-14.260109779321162,2024,4
"Binghamton, NY",2024-05-01,25525,25856,1,1,-1.2801670792079207,-1.2801670792079207,4.0,-1.2801670792079207,2024,5
"Binghamton, NY",2024-06-01,33059,34548,1,1,-4.309945582957045,-4.309945582957045,5.0,-4.309945582957045,2024,6
"Binghamton, NY",2024-07-01,25352,26125,1,1,-2.9588516746411484,-2.9588516746411484,4.0,-2.9588516746411484,2024,7
"Binghamton, NY",2024-08-01,47471,44841,1,1,5.865168038179345,5.865168038179345,5.0,5.865168038179345,2024,8
"Binghamton, NY",2024-09-01,29216,29863,1,1,-2.166560626862673,-2.166560626862673,4.0,-2.166560626862673,2024,9
"Binghamton, NY",2024-10-01,21484,21289,1,1,0.915965991826765,0.915965991826765,4.0,0.915965991826765,2024,10
"Binghamton, NY",2024-11-01,34031,34487,1,1,-1.3222373648041292,-1.3222373648041292,5.0,-1.3222373648041292,2024,11
"Binghamton, NY",2024-12-01,37923,38932,1,1,-2.5916983458337617,-2.5916983458337617,4.0,-2.5916983458337617,2024,12
"Binghamton, NY",2025-01-01,19433,18870,1,1,2.983571807101219,2.983571807101219,4.0,2.983571807101219,2025,1
"Binghamton, NY",2025-02-01,19180,23448,1,1,-18.201978846809965,-18.201978846809965,4.0,-18.201978846809965,2025,2
"Binghamton, NY",2025-03-01,30183,30887,1,1,-2.279276070838864,-2.279276070838864,5.0,-2.279276070838864,2025,3
"Binghamton, NY",2025-04-01,23116,22962,1,1,0.6706732862991028,0.6706732862991028,4.0,0.6706732862991028,2025,4
"Binghamton, NY",2025-05-01,28344,30488,1,1,-7.032274993440042,-7.032274993440042,5.0,-7.032274993440042,2025,5
"Binghamton, NY",2025-06-01,24416,25623,1,1,-4.710611559926629,-4.710611559926629,4.0,-4.710611559926629,2025,6
"Binghamton, NY",2025-07-01,24134,25352,1,1,-4.804354686020827,-4.804354686020827,4.0,-4.804354686020827,2025,7
"Binghamton, NY",2025-08-01,39714,42432,1,1,-6.405542986425338,-6.405542986425338,5.0,-6.405542986425338,2025,8
"Binghamton, NY",2025-09-01,27289,29216,1,1,-6.595700985761227,-6.595700985761227,4.0,-6.595700985761227,2025,9
"Binghamton, NY",2025-10-01,26381,27254,1,1,-3.2031995303441696,-3.2031995303441696,4.0,-3.2031995303441696,2025,10
"Binghamton, NY",2025-11-01,37331,36703,1,1,1.7110317957660135,1.7110317957660135,5.0,1.7110317957660135,2025,11
"Binghamton, NY",2025-12-01,36480,37066,1,1,-1.5809636863972374,-1.5809636863972374,4.0,-1.5809636863972374,2025,12
"Binghamton, NY",2026-01-01,24528,24879,1,1,-1.4108284095019896,-1.4108284095019896,5.0,-1.4108284095019896,2026,1
"Binghamton, NY",2026-02-01,22648,20705,1,1,9.384206713354262,9.384206713354262,4.0,9.384206713354262,2026,2
"Binghamton, NY",2026-03-01,25097,24043,1,1,4.383812336230919,4.383812336230919,4.0,4.383812336230919,2026,3
"Binghamton, NY",2026-04-01,23115,23116,1,1,-0.004326007959854646,-0.004326007959854646,4.0,-0.004326007959854646,2026,4
"Binghamton, NY",2026-05-01,29471,28955,1,1,1.7820756346054223,1.7820756346054223,5.0,1.7820756346054223,2026,5
"Binghamton, NY",2026-06-01,24485,24725,1,1,-0.9706774519716885,-0.9706774519716885,4.0,-0.9706774519716885,2026,6
"Binghamton, NY",2026-07-01,21762,22562,1,1,-3.545784948142895,-3.545784948142895,4.0,-3.545784948142895,2026,7
"Binghamton, NY",2026-08-01,20566,20842,1,1,-1.3242491123692544,-1.3242491123692544,3.0,-1.3242491123692544,2026,8
"Birmingham (Anniston and Tuscaloosa), AL",2024-02-01,17288,21356,2,2,-18.3546539439878,-18.3546539439878,3.0,-19.04851095710807,2024,2
"Birmingham (Anniston and Tuscaloosa), AL",2024-03-01,34046,38596,2,2,-11.644488153701971,-11.644488153701971,5.0,-11.788786402736035,2024,3
"Birmingham (Anniston and Tuscaloosa), AL",2024-04-01,21395,24393,5,5,-21.98737784083376,-21.98737784083376,2.2,-12.29041118353626,2024,4
"Birmingham (Anniston and Tuscaloosa), AL",2024-05-01,27253,30393,2,2,-10.571617275576706,-10.571617275576706,4.0,-10.331326292238344,2024,5
"Birmingham (Anniston and Tuscaloosa), AL",2024-06-01,30748,34113,2,2,-10.031751807077804,-10.031751807077804,5.0,-9.864274616715035,2024,6
"Birmingham (Anniston and Tuscaloosa), AL",2024-07-01,25173,27985,2,2,-9.806042928907587,-9.806042928907587,4.0,-10.048240128640343,2024,7
"Birmingham (Anniston and Tuscaloosa), AL",2024-08-01,58900,55720,3,3,-1.6044377933853635,-1.5699382153347514,3.6666666666666665,5.70710696338837,2024,8
"Birmingham (Anniston and Tuscaloosa), AL",2024-09-01,27441,26681,2,2,2.153119090453254,2.153119090453254,4.0,2.8484689479404817,2024,9
"Birmingham (Anniston and Tuscaloosa), AL",2024-10-01,40958,41295,3,3,-1.3439084553081215,-0.6825556674499272,3.6666666666666665,-0.81607942850224,2024,10
"Birmingham (Anniston and Tuscaloosa), AL",2024-11-01,70495,68684,5,5,0.4559545592310272,0.8856088560885609,3.4,2.6367130627220314,2024,11
"Birmingham (Anniston and Tuscaloosa), AL",2024-12-01,83879,76990,5,5,3.8378737809700385,2.2103918228279387,2.8,8.9479153136771,2024,12
"Birmingham (Anniston and Tuscaloosa), AL",2025-01-01,44877,40666,4,4,10.995429891125578,11.359542316469096,3.5,10.355087788324399,2025,1
"Birmingham (Anniston and Tuscaloosa), AL",2025-02-01,74033,78869,6,6,-5.46973894114348,-6.385161322825829,3.6666666666666665,-6.131686721018398,2025,2
"Birmingham (Anniston and Tuscaloosa), AL",2025-03-01,120937,125252,6,6,-3.1930903789430527,-3.7235041537043805,5.0,-3.4450547695845177,2025,3
"Birmingham (Anniston and Tuscaloosa), AL",2025-04-01,92052,84408,6,6,10.110135929437416,9.667337361260042,4.0,9.056013647995451,2025,4
"Birmingham (Anniston and Tuscaloosa), AL",2025-05-01,119114,120645,6,6,-0.6141529252710504,-1.7470045675096006,5.0,-1.2690123917277965,2025,5
"Birmingham (Anniston and Tuscaloosa), AL",2025-06-01,87958,88463,6,6,-0.26520906377689774,0.41467784099406874,4.0,-0.5708601336151838,2025,6
"Birmingham (Anniston and Tuscaloosa), AL",2025-07-01,101047,97675,6,6,3.479219325568311,2.6623008719696473,4.0,3.4522651650883027,2025,7
"Birmingham (Anniston and Tuscaloosa), AL",2025-08-01,135933,130797,6,6,4.402420328868691,5.449127905732382,5.0,3.9266955664120737,2025,8
"Birmingham (Anniston and Tuscaloosa), AL",2025-09-01,84835,84826,6,6,0.5405377395829583,1.6277081178903825,4.0,0.010609954495084055,2025,9
"Birmingham (Anniston and Tuscaloosa), AL",2025-10-01,96632,98412,6,6,-1.0758454525943308,0.000420348434540474,4.0,-1.808722513514612,2025,10
"Birmingham (Anniston and Tuscaloosa), AL",2025-11-01,145361,135928,6,6,7.271908996513741,8.829091766640097,5.0,6.93970337237361,2025,11
"Birmingham (Anniston and Tuscaloosa), AL",2025-12-01,161708,156957,6,6,3.5009186181806933,3.423915197334589,4.0,3.0269436852131477,2025,12
"Birmingham (Anniston and Tuscaloosa), AL",2026-01-01,105265,98009,6,6,7.850815216126656,7.9119174713894775,5.0,7.403401728412697,2026,1
"Birmingham (Anniston and Tuscaloosa), AL",2026-02-01,83042,76358,6,6,8.713969962551873,7.703952183066125,4.0,8.753503234762567,2026,2
"Birmingham (Anniston and Tuscaloosa), AL",2026-03-01,102171,92023,6,6,11.81311169385598,12.378730074981108,4.0,11.027677863142909,2026,3
"Birmingham (Anniston and Tuscaloosa), AL",2026-04-01,97170,93374,6,6,4.3351260233735465,4.3206208046201375,4.0,4.065371516696296,2026,4
"Birmingham (Anniston and Tuscaloosa), AL",2026-05-01,121420,117763,6,6,3.4015730791045193,2.4454326011375205,5.0,3.105389638511247,2026,5
"Birmingham (Anniston and Tuscaloosa), AL",2026-06-01,88015,84331,6,6,4.617552639434885,4.406831996991026,4.0,4.368500314237943,2026,6
"Birmingham (Anniston and Tuscaloosa), AL",2026-07-01,98001,99368,6,6,-1.2128154734111172,-1.0150121101698906,4.0,-1.3756943885355446,2026,7
"Birmingham (Anniston and Tuscaloosa), AL",2026-08-01,74327,77839,6,6,-4.185283273549327,-3.344320360777178,2.8333333333333335,-4.511877079613048,2026,8
"Boise, ID",2024-02-01,34980,32309,2,2,8.186268776259219,8.186268776259219,3.0,8.267046333838868,2024,2
"Boise, ID",2024-03-01,63046,56483,2,2,11.47664687316579,11.47664687316579,5.0,11.619425313811234,2024,3
"Boise, ID",2024-04-01,41384,40880,2,2,1.3414833912376092,1.3414833912376092,4.0,1.2328767123287672,2024,4
"Boise, ID",2024-05-01,45688,43750,2,2,4.47577374005306,4.47577374005306,4.0,4.429714285714286,2024,5
"Boise, ID",2024-06-01,56092,53981,2,2,3.6649602739143408,3.6649602739143408,5.0,3.910635223504567,2024,6
"Boise, ID",2024-07-01,48397,45331,2,2,6.756315292408476,6.756315292408476,4.0,6.7635834197348395,2024,7
"Boise, ID",2024-08-01,90994,86997,2,2,4.954488184061729,4.954488184061729,5.0,4.594411301539133,2024,8
"Boise, ID",2024-09-01,44568,43373,2,2,3.0147782586941307,3.0147782586941307,4.0,2.7551702672169323,2024,9
"Boise, ID",2024-10-01,44396,45517,2,2,-2.1602882922359257,-2.1602882922359257,4.0,-2.46281609069139,2024,10
"Boise, ID",2024-11-01,69054,69508,2,2,-0.6774001988113623,-0.6774001988113623,5.0,-0.6531622259308282,2024,11
"Boise, ID",2024-12-01,72126,74938,2,2,-3.6106560225614306,-3.6106560225614306,4.0,-3.7524353465531504,2024,12
"Boise, ID",2025-01-01,42230,38043,2,2,11.039786840044414,11.039786840044414,4.0,11.005966932155719,2025,1
"Boise, ID",2025-02-01,39016,45007,2,2,-13.412782942897932,-13.412782942897932,4.0,-13.311262692470061,2025,2
"Boise, ID",2025-03-01,60821,63046,2,2,-3.2563459198207307,-3.2563459198207307,5.0,-3.5291691780604637,2025,3
"Boise, ID",2025-04-01,45891,45336,2,2,1.4559207679232289,1.4559207679232289,4.0,1.2241926945473796,2025,4
"Boise, ID",2025-05-01,56587,55372,2,2,2.5588124766742326,2.5588124766742326,5.0,2.194249801343639,2025,5
"Boise, ID",2025-06-01,47619,46431,2,2,3.4441958165284263,3.4441958165284263,4.0,2.55863539445629,2025,6
"Boise, ID",2025-07-01,49737,49698,2,2,0.4198395482821897,0.4198395482821897,4.0,0.07847398285645298,2025,7
"Boise, ID",2025-08-01,74753,74476,2,2,0.5796742267800983,0.5796742267800983,5.0,0.3719318975240346,2025,8
"Boise, ID",2025-09-01,47889,50281,2,2,-4.397512576659302,-4.397512576659302,4.0,-4.75726417533462,2025,9
"Boise, ID",2025-10-01,54717,52919,2,2,3.9847338792151525,3.9847338792151525,4.0,3.3976454581530264,2025,10
"Boise, ID",2025-11-01,76964,75954,2,2,1.436300546552883,1.436300546552883,5.0,1.329752218448008,2025,11
"Boise, ID",2025-12-01,79229,74122,2,2,6.865396990505516,6.865396990505516,4.0,6.889992175062734,2025,12
"Boise, ID",2026-01-01,55058,48583,2,2,13.16920646124329,13.16920646124329,5.0,13.327707222691066,2026,1
"Boise, ID",2026-02-01,45852,39527,2,2,17.50218582626678,17.50218582626678,4.0,16.001720343056643,2026,2
"Boise, ID",2026-03-01,54779,49498,2,2,11.00453623414757,11.00453623414757,4.0,10.66911794415936,2026,3
"Boise, ID",2026-04-01,50975,45891,2,2,11.177883785343003,11.177883785343003,4.0,11.078424963500469,2026,4
"Boise, ID",2026-05-01,65974,61338,2,2,8.010523847513078,8.010523847513078,5.0,7.558120577782125,2026,5
"Boise, ID",2026-06-01,53164,49327,2,2,7.951489997269388,7.951489997269388,4.0,7.778701319764024,2026,6
"Boise, ID",2026-07-01,47027,44068,2,2,6.613431608745848,6.613431608745848,4.0,6.71462285558682,2026,7
"Boise, ID",2026-08-01,51943,49707,2,2,4.720646565681639,4.720646565681639,3.0,4.498360391896513,2026,8
Boston,2024-02-01,287859,291641,12,12,-0.9532394557557904,-1.8897403403615436,3.0,-1.2967998326709893,2024,2
Boston,2024-03-01,500967,493801,12,12,2.6607867986094553,2.030516539839758,5.0,1.451191876889678,2024,3
Boston,2024-04-01,361276,391544,12,12,-7.369580209707871,-6.243438418090701,3.9166666666666665,-7.730421102098359,2024,4
Boston,2024-05-01,427429,425917,12,12,0.8787907618297166,-0.49985572881212764,4.0,0.3549987438867197,2024,5
Boston,2024-06-01,537720,523916,12,12,2.8626043669691703,2.7174207182389933,4.916666666666667,2.634773513311294,2024,6
Boston,2024-07-01,375605,367495,12,12,-0.07864784252744077,2.2914378099654886,3.6666666666666665,2.2068327460237556,2024,7
Boston,2024-08-01,569365,564533,11,11,0.29795554258413515,0.46159890001964254,4.7272727272727275,0.855928705673539,2024,8
Boston,2024-09-01,413413,404255,11,11,1.5172969887852532,2.214750180625799,4.0,2.265401788475096,2024,9
Boston,2024-10-01,384195,375637,12,12,0.8854892162175867,0.4114885254645362,3.75,2.278263323368039,2024,10
Boston,2024-11-01,531851,542686,12,12,-2.142088584757087,-1.96196430617299,5.0,-1.996550491444408,2024,11
Boston,2024-12-01,665894,650014,12,12,3.078988141108788,1.635444891066467,4.0,2.443024304091912,2024,12
Boston,2025-01-01,378406,362825,13,13,4.57583792776873,3.895534962089301,3.923076923076923,4.294356783573348,2025,1
Boston,2025-02-01,374008,422496,15,15,-12.26595104653419,-11.5178682604906,3.8666666666666667,-11.476558357948951,2025,2
Boston,2025-03-01,567423,583791,15,15,-3.2736044403015847,-3.611107662897079,5.0,-2.8037431203975394,2025,3
Boston,2025-04-01,464335,452322,20,20,1.3910536476314899,1.582514003682087,3.25,2.6558513625249267,2025,4
Boston,2025-05-01,538603,554611,15,15,-3.400774914889999,-3.405492730210016,5.0,-2.8863473677947247,2025,5
Boston,2025-06-01,469729,486334,15,15,-2.9537648945493937,-3.855507746730386,3.8666666666666667,-3.4143201996981496,2025,6
Boston,2025-07-01,454601,444881,16,16,5.991021090889005,1.226238086424769,3.5,2.1848539272299785,2025,7
Boston,2025-08-01,595756,604466,13,13,-0.4162498067038355,-1.4528460034035204,4.769230769230769,-1.4409412605506349,2025,8
Boston,2025-09-01,441233,483834,14,14,-7.2249629272420535,-8.461908147543461,3.9285714285714284,-8.804879359449728,2025,9
Boston,2025-10-01,462888,504622,16,16,-7.006298805291269,-7.526596772030867,3.625,-8.270348894816317,2025,10
Boston,2025-11-01,686404,720222,17,17,-2.7551586574017564,-3.111567484955583,4.9411764705882355,-4.695496666305667,2025,11
Boston,2025-12-01,680538,729177,20,20,-5.715513144611924,-6.7604758522727275,3.5,-6.670396899518225,2025,12
Boston,2026-01-01,518224,545676,19,19,-4.216202485270301,-5.9492694098026035,4.684210526315789,-5.03082415206093,2026,1
Boston,2026-02-01,402126,400628,19,19,1.7972855837496242,-0.30700530281886684,3.8947368421052633,0.37391295665804686,2026,2
Boston,2026-03-01,520514,522743,20,20,1.2845376213592261,-0.13855012805679945,3.85,-0.4264045620888276,2026,3
Boston,2026-04-01,558010,557184,21,21,-0.6750264070818337,-0.05701106532949805,3.761904761904762,0.14824546289915003,2026,4
Boston,2026-05-01,646319,659702,19,19,-0.269894435863604,-0.32869975410247404,4.842105263157895,-2.0286432358852937,2026,5
Boston,2026-06-01,520420,512666,19,19,4.416461808718332,1.7775597237423106,3.6842105263157894,1.512485711945009,2026,6
Boston,2026-07-01,513765,546809,20,20,-2.180062666887305,-3.9814788763047315,3.75,-6.043060739673268,2026,7
Boston,2026-08-01,367014,381347,18,18,-2.5720277680322328,-4.654532524226538,2.7777777777777777,-3.7585191439817276,2026,8
"Bowling Green, KY",2026-01-01,14555,15847,1,1,-8.152962705874929,-8.152962705874929,4.0,-8.152962705874929,2026,1
"Bowling Green, KY",2026-02-01,17959,15966,1,1,12.482775898784917,12.482775898784917,4.0,12.482775898784917,2026,2
"Bowling Green, KY",2026-03-01,22228,20872,1,1,6.496742046761211,6.496742046761211,4.0,6.496742046761211,2026,3
"Bowling Green, KY",2026-04-01,21547,19476,1,1,10.63360032860957,10.63360032860957,4.0,10.63360032860957,2026,4
"Bowling Green, KY",2026-05-01,27643,26272,1,1,5.218483556638246,5.218483556638246,5.0,5.218483556638246,2026,5
"Bowling Green, KY",2026-06-01,21794,21038,1,1,3.5934974807491207,3.5934974807491207,4.0,3.5934974807491207,2026,6
"Bowling Green, KY",2026-07-01,22049,21817,1,1,1.0633909336755742,1.0633909336755742,4.0,1.0633909336755742,2026,7
"Bowling Green, KY",2026-08-01,16714,17059,1,1,-2.022392871797878,-2.022392871797878,3.0,-2.022392871797878,2026,8
Buffalo,2024-02-01,43018,41643,4,4,3.672031142370241,1.8460700099410954,3.0,3.30187546526427,2024,2
Buffalo,2024-03-01,73579,67212,4,4,11.812810210368273,11.089854661380132,4.25,9.473010771885972,2024,3
Buffalo,2024-04-01,56752,63934,4,4,-11.181044047970842,-10.598438775400691,4.0,-11.23345950511465,2024,4
Buffalo,2024-05-01,82220,81121,4,4,1.4357142971052872,0.5998010236650901,4.0,1.3547663367068945,2024,5
Buffalo,2024-06-01,102225,104770,4,4,-1.910328527190051,-2.266358607168866,5.0,-2.4291304762813786,2024,6
Buffalo,2024-07-01,78137,78218,4,4,-0.08696241800312113,-0.31309441568508406,4.0,-0.10355672607328237,2024,7
Buffalo,2024-08-01,119824,121257,4,4,-0.9092322105950039,-1.3585538562255095,4.75,-1.1817874431991555,2024,8
Buffalo,2024-09-01,81482,83570,4,4,-1.9219453256786352,-0.5812729492138061,4.0,-2.498504247935862,2024,9
Buffalo,2024-10-01,62860,61790,4,4,1.0372058312976769,-1.0047232786214126,4.0,1.7316717915520312,2024,10
Buffalo,2024-11-01,98157,96064,4,4,1.3595140838117532,1.4087431923383764,5.0,2.1787558294470353,2024,11
Buffalo,2024-12-01,106499,102872,4,4,3.4665477446302293,2.6711734846646884,4.0,3.525740726339529,2024,12
Buffalo,2025-01-01,59304,51748,4,4,14.500928530809684,16.49441048069532,4.0,14.601530493932133,2025,1
Buffalo,2025-02-01,50110,61284,4,4,-18.374635148004064,-17.147038244457224,4.0,-18.233144050649436,2025,2
Buffalo,2025-03-01,70854,78836,4,4,-8.106522550787277,-2.573121757181145,4.5,-10.124816073874879,2025,3
Buffalo,2025-04-01,63242,66819,4,4,-6.532761050371936,-2.2480387147736005,4.0,-5.353267783115581,2025,4
Buffalo,2025-05-01,76946,88954,4,4,-13.542763050876715,-7.553468391530521,4.75,-13.49911190053286,2025,5
Buffalo,2025-06-01,70245,77020,4,4,-8.65630608344349,-4.617819931822594,4.0,-8.79641651519086,2025,6
Buffalo,2025-07-01,56174,61992,4,4,-7.370849957204897,-3.7821998370735694,4.0,-9.385081946057555,2025,7
Buffalo,2025-08-01,77257,84746,4,4,-10.031410820423616,-6.641365983141552,4.5,-8.836995256413282,2025,8
Buffalo,2025-09-01,44809,49908,3,3,-12.791753208070519,-13.287978577115148,4.0,-10.21679890999439,2025,9
Buffalo,2025-10-01,48269,55107,3,3,-13.31019657047551,-11.216772744290529,4.0,-12.408586930879926,2025,10
Buffalo,2025-11-01,47888,50359,3,3,-10.249317662340184,-12.637081070001024,3.3333333333333335,-4.906769395738597,2025,11
Buffalo,2025-12-01,53722,61306,4,4,-34.83886410868466,-16.08900351849934,2.75,-12.370730434215247,2025,12
Buffalo,2026-01-01,41259,46434,3,3,-12.805850411165274,-15.206354405502784,4.666666666666667,-11.144850755911616,2026,1
Buffalo,2026-02-01,43040,42160,3,3,1.0153233672654267,0.8551184949914489,4.0,2.0872865275142316,2026,2
Buffalo,2026-03-01,52394,50774,3,3,2.1375165317618965,5.720352615661798,4.0,3.1906093669988573,2026,3
Buffalo,2026-04-01,47942,46916,4,4,-14.643508556101871,1.5181914796290492,3.25,2.186887202660073,2026,4
Buffalo,2026-05-01,63108,60039,3,3,4.953996378063432,5.48243228543457,5.0,5.111677409683706,2026,5
Buffalo,2026-06-01,54386,51543,3,3,4.944571128159121,5.508201994210357,4.0,5.515782938517354,2026,6
Buffalo,2026-07-01,50003,48055,3,3,4.113069597430191,2.5192291072508857,4.0,4.053688481947768,2026,7
Buffalo,2026-08-01,38036,36047,3,3,5.503622295179052,5.363784286378428,3.0,5.517796210502954,2026,8
"Cedar Rapids-Waterloo-Iowa City & Dubuque, IA",2024-02-01,13173,12331,1,1,6.828318871137783,6.828318871137783,3.0,6.828318871137783,2024,2
"Cedar Rapids-Waterloo-Iowa City & Dubuque, IA",2024-03-01,23796,22640,1,1,5.106007067137809,5.106007067137809,5.0,5.106007067137809,2024,3
"Cedar Rapids-Waterloo-Iowa City & Dubuque, IA",2024-04-01,14673,15967,1,1,-8.1042149433206,-8.1042149433206,4.0,-8.1042149433206,2024,4
"Cedar Rapids-Waterloo-Iowa City & Dubuque, IA",2024-05-01,18546,18951,1,1,-2.1370903910083903,-2.1370903910083903,4.0,-2.1370903910083903,2024,5
"Cedar Rapids-Waterloo-Iowa City & Dubuque, IA",2024-06-01,23034,24316,1,1,-5.272248725119263,-5.272248725119263,5.0,-5.272248725119263,2024,6
"Cedar Rapids-Waterloo-Iowa City & Dubuque, IA",2024-07-01,17120,18143,1,1,-5.638538279226148,-5.638538279226148,4.0,-5.638538279226148,2024,7
"Cedar Rapids-Waterloo-Iowa City & Dubuque, IA",2024-08-01,30583,31032,1,1,-1.4468935292601186,-1.4468935292601186,5.0,-1.4468935292601186,2024,8
"Cedar Rapids-Waterloo-Iowa City & Dubuque, IA",2024-09-01,19012,18516,1,1,2.678764311946425,2.678764311946425,4.0,2.678764311946425,2024,9
"Cedar Rapids-Waterloo-Iowa City & Dubuque, IA",2024-10-01,16561,17274,1,1,-4.127590598587473,-4.127590598587473,4.0,-4.127590598587473,2024,10
"Cedar Rapids-Waterloo-Iowa City & Dubuque, IA",2024-11-01,26015,25262,1,1,2.980761618240836,2.980761618240836,5.0,2.980761618240836,2024,11
"Cedar Rapids-Waterloo-Iowa City & Dubuque, IA",2024-12-01,25309,24879,1,1,1.7283652879938902,1.7283652879938902,4.0,1.7283652879938902,2024,12
"Cedar Rapids-Waterloo-Iowa City & Dubuque, IA",2025-01-01,13813,12834,1,1,7.628175159731962,7.628175159731962,4.0,7.628175159731962,2025,1
"Cedar Rapids-Waterloo-Iowa City & Dubuque, IA",2025-02-01,14652,17072,1,1,-14.175257731958762,-14.175257731958762,4.0,-14.175257731958762,2025,2
"Cedar Rapids-Waterloo-Iowa City & Dubuque, IA",2025-03-01,24330,23796,1,1,2.244074634392335,2.244074634392335,5.0,2.244074634392335,2025,3
"Cedar Rapids-Waterloo-Iowa City & Dubuque, IA",2025-04-01,18223,17589,1,1,3.604525555745068,3.604525555745068,4.0,3.604525555745068,2025,4
"Cedar Rapids-Waterloo-Iowa City & Dubuque, IA",2025-05-01,20994,20724,1,1,1.3028372900984364,1.3028372900984364,5.0,1.3028372900984364,2025,5
"Cedar Rapids-Waterloo-Iowa City & Dubuque, IA",2025-06-01,18042,18516,1,1,-2.559948152948801,-2.559948152948801,4.0,-2.559948152948801,2025,6
"Cedar Rapids-Waterloo-Iowa City & Dubuque, IA",2025-07-01,19165,17991,1,1,6.525484964704574,6.525484964704574,4.0,6.525484964704574,2025,7
"Cedar Rapids-Waterloo-Iowa City & Dubuque, IA",2025-08-01,51152,51504,2,2,-0.8076539839377408,-0.8076539839377408,4.5,-0.6834420627524076,2025,8
"Cedar Rapids-Waterloo-Iowa City & Dubuque, IA",2025-09-01,34561,35962,2,2,-3.9778950353976095,-3.9778950353976095,4.0,-3.895778877704243,2025,9
"Cedar Rapids-Waterloo-Iowa City & Dubuque, IA",2025-10-01,37396,37782,2,2,-1.0826638229419896,-1.0826638229419896,4.0,-1.0216505214123128,2025,10
"Cedar Rapids-Waterloo-Iowa City & Dubuque, IA",2025-11-01,54463,53446,2,2,1.8765146182242023,1.8765146182242023,5.0,1.902855218351233,2025,11
"Cedar Rapids-Waterloo-Iowa City & Dubuque, IA",2025-12-01,49509,47127,2,2,4.9436843817598985,4.9436843817598985,4.0,5.054427398306703,2025,12
"Cedar Rapids-Waterloo-Iowa City & Dubuque, IA",2026-01-01,36475,35209,2,2,3.562834700220949,3.562834700220949,5.0,3.5956715612485444,2026,1
"Cedar Rapids-Waterloo-Iowa City & Dubuque, IA",2026-02-01,31185,25903,2,2,19.483934815605657,19.483934815605657,4.0,20.39146044859669,2026,2
"Cedar Rapids-Waterloo-Iowa City & Dubuque, IA",2026-03-01,39319,35623,2,2,10.365792184839156,10.365792184839156,4.0,10.375319316172137,2026,3
"Cedar Rapids-Waterloo-Iowa City & Dubuque, IA",2026-04-01,37335,33394,2,2,11.68482858673664,11.68482858673664,4.0,11.801521231358928,2026,4
"Cedar Rapids-Waterloo-Iowa City & Dubuque, IA",2026-05-01,47726,43048,2,2,10.768506148267896,10.768506148267896,5.0,10.866939230626278,2026,5
"Cedar Rapids-Waterloo-Iowa City & Dubuque, IA",2026-06-01,39992,34469,2,2,15.943725677921813,15.943725677921813,4.0,16.023093214192464,2026,6
"Cedar Rapids-Waterloo-Iowa City & Dubuque, IA",2026-07-01,37923,33763,2,2,12.024647804333938,12.024647804333938,4.0,12.321179989929805,2026,7
"Cedar Rapids-Waterloo-Iowa City & Dubuque, IA",2026-08-01,34326,30197,2,2,13.768954573642556,13.768954573642556,3.0,13.673543729509555,2026,8
"Champaign & Springfield-Decatur, IL",2024-02-01,24239,25457,2,2,-4.414842839870862,-4.414842839870862,3.0,-4.7845386337746,2024,2
"Champaign & Springfield-Decatur, IL",2024-03-01,46408,40906,2,2,13.398923332048255,13.398923332048255,5.0,13.450349581968416,2024,3
"Champaign & Springfield-Decatur, IL",2024-04-01,27602,29737,2,2,-7.241285642300416,-7.241285642300416,4.0,-7.179607895887279,2024,4
"Champaign & Springfield-Decatur, IL",2024-05-01,36589,34957,2,2,4.373711726021097,4.373711726021097,4.0,4.668592842635237,2024,5
"Champaign & Springfield-Decatur, IL",2024-06-01,45261,43578,2,2,3.6743113779586283,3.6743113779586283,5.0,3.8620404791408514,2024,6
"Champaign & Springfield-Decatur, IL",2024-07-01,35735,34478,2,2,3.3916039892734786,3.3916039892734786,4.0,3.6458031208306747,2024,7
"Champaign & Springfield-Decatur, IL",2024-08-01,64632,62641,2,2,3.338343062000874,3.338343062000874,5.0,3.1784294631311756,2024,8
"Champaign & Springfield-Decatur, IL",2024-09-01,30920,30035,2,2,2.9326996614819634,2.9326996614819634,4.0,2.946562343932079,2024,9
"Champaign & Springfield-Decatur, IL",2024-10-01,34546,33887,2,2,2.072153510529287,2.072153510529287,4.0,1.9446985569687492,2024,10
"Champaign & Springfield-Decatur, IL",2024-11-01,51649,48769,2,2,6.163317321774388,6.163317321774388,5.0,5.905390719514446,2024,11
"Champaign & Springfield-Decatur, IL",2024-12-01,54508,53254,2,2,2.6199763260965434,2.6199763260965434,4.0,2.3547526946332673,2024,12
"Champaign & Springfield-Decatur, IL",2025-01-01,26393,25747,2,2,2.680601396557879,2.680601396557879,4.0,2.5090301782731967,2025,1
"Champaign & Springfield-Decatur, IL",2025-02-01,27436,31092,2,2,-11.694798863346037,-11.694798863346037,4.0,-11.758651743213688,2025,2
"Champaign & Springfield-Decatur, IL",2025-03-01,36661,39810,2,2,-7.990162005263006,-7.990162005263006,4.5,-7.910072846018588,2025,3
"Champaign & Springfield-Decatur, IL",2025-04-01,31759,30379,2,2,4.881626730285305,4.881626730285305,4.0,4.54261167253695,2025,4
"Champaign & Springfield-Decatur, IL",2025-05-01,39251,41306,2,2,-3.9080919142235597,-3.9080919142235597,5.0,-4.975064155328523,2025,5
"Champaign & Springfield-Decatur, IL",2025-06-01,31975,34354,2,2,-6.081504521946018,-6.081504521946018,4.0,-6.92495779239681,2025,6
"Champaign & Springfield-Decatur, IL",2025-07-01,35228,36149,2,2,-2.021062881909711,-2.021062881909711,4.0,-2.547788320562118,2025,7
"Champaign & Springfield-Decatur, IL",2025-08-01,54361,55551,2,2,-1.8939515807422835,-1.8939515807422835,5.0,-2.1421756584039895,2025,8
"Champaign & Springfield-Decatur, IL",2025-09-01,30666,33681,2,2,-8.7845894572657,-8.7845894572657,4.0,-8.95163445265877,2025,9
"Champaign & Springfield-Decatur, IL",2025-10-01,36505,38830,2,2,-6.255472290128779,-6.255472290128779,4.0,-5.987638423899047,2025,10
"Champaign & Springfield-Decatur, IL",2025-11-01,52420,54141,2,2,-3.0098553214165396,-3.0098553214165396,5.0,-3.1787370015330345,2025,11
"Champaign & Springfield-Decatur, IL",2025-12-01,52224,53104,2,2,-1.8962657457679137,-1.8962657457679137,4.0,-1.6571256402530883,2025,12
"Champaign & Springfield-Decatur, IL",2026-01-01,31669,30561,2,2,3.5124088213078752,3.5124088213078752,5.0,3.625535813618664,2026,1
"Champaign & Springfield-Decatur, IL",2026-02-01,30860,27760,2,2,11.40258480144448,11.40258480144448,4.0,11.167146974063401,2026,2
"Champaign & Springfield-Decatur, IL",2026-03-01,33626,30972,2,2,8.278981729040023,8.278981729040023,4.0,8.569030091695726,2026,3
"Champaign & Springfield-Decatur, IL",2026-04-01,33465,33149,2,2,0.5927502642828917,0.5927502642828917,4.0,0.9532715919032249,2026,4
"Champaign & Springfield-Decatur, IL",2026-05-01,44888,44275,2,2,0.7316406312035042,0.7316406312035042,5.0,1.3845285149632975,2026,5
"Champaign & Springfield-Decatur, IL",2026-06-01,33660,31426,2,2,6.360519720702266,6.360519720702266,4.0,7.108763444281804,2026,6
"Champaign & Springfield-Decatur, IL",2026-07-01,31871,31478,2,2,0.5688241812492136,0.5688241812492136,4.0,1.248491009594002,2026,7
"Champaign & Springfield-Decatur, IL",2026-08-01,28514,28998,2,2,-3.1894822999795376,-3.1894822999795376,2.5,-1.6690806262500864,2026,8
"Charleston, SC",2024-02-01,43094,37820,2,2,11.642958125347116,11.642958125347116,3.0,13.94500264410365,2024,2
"Charleston, SC",2024-03-01,80925,67591,2,2,18.364462254220427,18.364462254220427,5.0,19.727478510452574,2024,3
"Charleston, SC",2024-04-01,44802,43259,2,2,2.18708603685335,2.18708603685335,4.0,3.5668878152523176,2024,4
"Charleston, SC",2024-05-01,66431,57011,2,2,13.045485567627296,13.045485567627296,4.0,16.523127115819754,2024,5
"Charleston, SC",2024-06-01,83925,70458,2,2,13.260125900999608,13.260125900999608,5.0,19.11351443413097,2024,6
"Charleston, SC",2024-07-01,69058,58999,2,2,11.896293972846149,11.896293972846149,4.0,17.0494415159579,2024,7
"Charleston, SC",2024-08-01,99786,94139,2,2,3.2763739749283523,3.2763739749283523,5.0,5.9985765729400145,2024,8
"Charleston, SC",2024-09-01,54726,47261,2,2,9.839152775388126,9.839152775388126,4.0,15.79526459448594,2024,9
"Charleston, SC",2024-10-01,61582,55851,2,2,6.607714137001516,6.607714137001516,4.0,10.261230774739934,2024,10
"Charleston, SC",2024-11-01,76578,72808,2,2,2.646397935251996,2.646397935251996,5.0,5.178002417316779,2024,11
"Charleston, SC",2024-12-01,116467,103789,2,2,8.324407627254866,8.324407627254866,4.0,12.215167310601316,2024,12
"Charleston, SC",2025-01-01,56262,50160,2,2,6.265656855325811,6.265656855325811,4.0,12.16507177033493,2025,1
"Charleston, SC",2025-02-01,55054,54203,2,2,-2.2514268329182454,-2.2514268329182454,4.0,1.5700237994206963,2025,2
"Charleston, SC",2025-03-01,87467,84513,2,2,-0.7582530000112859,-0.7582530000112859,5.0,3.495320246589282,2025,3
"Charleston, SC",2025-04-01,59718,54367,2,2,8.502831055631239,8.502831055631239,4.0,9.842367612706237,2025,4
"Charleston, SC",2025-05-01,67598,65040,2,2,3.289885834962206,3.289885834962206,5.0,3.932964329643297,2025,5
"Charleston, SC",2025-06-01,64124,68947,2,2,-6.3890001328081905,-6.3890001328081905,4.0,-6.995228218776742,2025,6
"Charleston, SC",2025-07-01,72290,70761,2,2,1.7986824129629104,1.7986824129629104,4.0,2.160794788089484,2025,7
"Charleston, SC",2025-08-01,89093,82163,2,2,4.517531408209011,4.517531408209011,5.0,8.434453464454803,2025,8
"Charleston, SC",2025-09-01,63113,62939,2,2,-1.30355066687652,-1.30355066687652,4.0,0.276458157898918,2025,9
"Charleston, SC",2025-10-01,71999,71160,2,2,-2.164650371390988,-2.164650371390988,4.0,1.1790331646992693,2025,10
"Charleston, SC",2025-11-01,102231,102958,2,2,0.35639851785013943,0.35639851785013943,5.0,-0.7061131723615455,2025,11
"Charleston, SC",2025-12-01,120487,120531,2,2,-0.6471835695011752,-0.6471835695011752,4.0,-0.03650513145995636,2025,12
"Charleston, SC",2026-01-01,75592,70310,2,2,7.295645715790913,7.295645715790913,5.0,7.5124448869293134,2026,1
"Charleston, SC",2026-02-01,54745,52713,2,2,3.6664923670732485,3.6664923670732485,4.0,3.854836567829568,2026,2
"Charleston, SC",2026-03-01,57905,56939,2,2,-0.07095360542029427,-0.07095360542029427,2.5,1.6965524508684733,2026,3
"Charleston, SC",2026-04-01,72141,70215,2,2,3.3627369997566214,3.3627369997566214,4.0,2.743003631702628,2026,4
"Charleston, SC",2026-05-01,80213,79604,2,2,-0.5020446532608949,-0.5020446532608949,5.0,0.7650369328174464,2026,5
"Charleston, SC",2026-06-01,70575,64569,2,2,6.787463034846158,6.787463034846158,4.0,9.30167727547275,2026,6
"Charleston, SC",2026-07-01,63884,65694,2,2,-2.136720149369144,-2.136720149369144,4.0,-2.7551983438365757,2026,7
"Charleston, SC",2026-08-01,54305,56888,2,2,-1.58927776625803,-1.58927776625803,3.0,-4.540500632822388,2026,8
Charlotte,2024-02-01,107235,104104,6,6,3.37341985038087,2.556263339586277,2.8333333333333335,3.0075693537232,2024,2
Charlotte,2024-03-01,211729,196685,6,6,8.76417177822553,9.211897542956809,5.0,7.648778503698808,2024,3
Charlotte,2024-04-01,133747,131082,9,9,1.3761693051659165,1.8805728176177225,3.0,2.033078530995865,2024,4
Charlotte,2024-05-01,151962,141317,6,6,7.403621215798371,8.115901699267186,4.0,7.532710148106739,2024,5
Charlotte,2024-06-01,225202,207059,6,6,9.623629847522723,9.417689340368536,5.0,8.76223685036632,2024,6
Charlotte,2024-07-01,179924,167132,6,6,8.24709046767889,8.39445473467347,4.0,7.653830505229399,2024,7
Charlotte,2024-08-01,247050,235668,6,6,3.978956774828982,3.707001979161916,5.0,4.82967564539946,2024,8
Charlotte,2024-09-01,130292,127205,6,6,1.572428572856495,-0.2681917297682107,3.8333333333333335,2.4267913997091313,2024,9
Charlotte,2024-10-01,111035,110083,6,6,-0.3107127024187895,0.5557297466136066,3.5,0.8648020130265345,2024,10
Charlotte,2024-11-01,220997,205083,9,9,6.375091369773393,6.5978386775729065,3.6666666666666665,7.759785062633178,2024,11
Charlotte,2024-12-01,304787,295259,9,9,3.3468597582473003,5.4993119348651565,3.0,3.226997314222428,2024,12
Charlotte,2025-01-01,146418,137627,6,6,6.7163168619028335,7.348936578017913,4.0,6.387554767596475,2025,1
Charlotte,2025-02-01,198513,211237,9,9,-6.518160202290139,-6.248387596099272,4.0,-6.023565947253559,2025,2
Charlotte,2025-03-01,289386,293968,9,9,-1.8011759359106736,-0.8785193408233966,5.0,-1.5586730528492898,2025,3
Charlotte,2025-04-01,243780,226119,12,12,7.024030863824607,7.654803806544128,3.25,7.8104891672084165,2025,4
Charlotte,2025-05-01,268273,262848,9,9,1.8826343059686939,0.2104820037886761,5.0,2.0639304845385924,2025,5
Charlotte,2025-06-01,217942,220972,9,9,-2.0252995047836504,-3.323860126034845,3.888888888888889,-1.3712144525098202,2025,6
Charlotte,2025-07-01,232219,225771,8,8,2.7993807929533467,2.654864831656467,4.0,2.855991247768757,2025,7
Charlotte,2025-08-01,280734,269991,8,8,4.331275648593629,3.9387347529536916,5.0,3.9790215229396533,2025,8
Charlotte,2025-09-01,189473,187910,8,8,0.42498454732515395,1.3202648787583655,4.0,0.8317811718375818,2025,9
Charlotte,2025-10-01,235742,237688,10,10,-1.682100601691094,-0.5816984417212582,3.7,-0.8187203392682845,2025,10
Charlotte,2025-11-01,359006,380223,11,11,-5.972250596573013,-7.104621507244752,4.909090909090909,-5.580146387777699,2025,11
Charlotte,2025-12-01,473791,460758,14,14,0.8299307588875561,-1.0440275835463182,3.357142857142857,2.8285998289774676,2025,12
Charlotte,2026-01-01,269006,250948,12,12,6.4983688102994295,6.090689701276134,4.5,7.19591309753415,2026,1
Charlotte,2026-02-01,276570,252731,13,13,10.1581796997909,10.367513611615244,3.923076923076923,9.432558728450408,2026,2
Charlotte,2026-03-01,314656,290336,14,14,7.849897058183729,7.293499624771485,3.642857142857143,8.376501708365481,2026,3
Charlotte,2026-04-01,348657,336797,14,14,2.8541909747775023,2.3102537200935642,3.7857142857142856,3.521409038679085,2026,4
Charlotte,2026-05-01,434854,417724,14,14,3.5558271027798596,3.5749604507227017,4.928571428571429,4.1007938255881875,2026,5
Charlotte,2026-06-01,331972,307065,13,13,7.794875894611446,8.102711738484398,3.8461538461538463,8.111311937211992,2026,6
Charlotte,2026-07-01,303861,302427,12,12,1.3031641096647955,1.3941157014055314,4.0,0.474164013133748,2026,7
Charlotte,2026-08-01,246083,245153,12,12,0.5986066366666102,1.129289164580594,3.0,0.3793549334497232,2026,8
"Charlottesville, VA",2024-04-01,759,0,1,1,,,1.0,,2024,4
"Charlottesville, VA",2024-11-01,576,0,1,1,,,1.0,,2024,11
"Charlottesville, VA",2024-12-01,2231,0,1,1,,,1.0,,2024,12
"Charlottesville, VA",2025-01-01,2642,2774,1,1,-4.758471521268925,-4.758471521268925,1.0,-4.758471521268925,2025,1
"Charlottesville, VA",2025-02-01,13435,14859,1,1,-9.583417457433205,-9.583417457433205,4.0,-9.583417457433205,2025,2
"Charlottesville, VA",2025-03-01,24190,22554,1,1,7.253702225769265,7.253702225769265,5.0,7.253702225769265,2025,3
"Charlottesville, VA",2025-04-01,19389,16658,1,1,16.394525153079602,16.394525153079602,4.0,16.394525153079602,2025,4
"Charlottesville, VA",2025-05-01,20751,17720,1,1,17.104966139954854,17.104966139954854,5.0,17.104966139954854,2025,5
"Charlottesville, VA",2025-06-01,16452,15517,1,1,6.025649287877812,6.025649287877812,4.0,6.025649287877812,2025,6
"Charlottesville, VA",2025-07-01,20610,17724,1,1,16.283006093432633,16.283006093432633,4.0,16.283006093432633,2025,7
"Charlottesville, VA",2025-08-01,31400,26967,1,1,16.438610153150147,16.438610153150147,5.0,16.438610153150147,2025,8
"Charlottesville, VA",2025-09-01,20206,18000,1,1,12.255555555555556,12.255555555555556,4.0,12.255555555555556,2025,9
"Charlottesville, VA",2025-10-01,20573,17618,1,1,16.772618912475874,16.772618912475874,4.0,16.772618912475874,2025,10
"Charlottesville, VA",2025-11-01,30976,28855,1,1,7.350545832611333,7.350545832611333,5.0,7.350545832611333,2025,11
"Charlottesville, VA",2025-12-01,33537,30907,1,1,8.509399165237648,8.509399165237648,4.0,8.509399165237648,2025,12
"Charlottesville, VA",2026-01-01,19620,18672,1,1,5.077120822622108,5.077120822622108,5.0,5.077120822622108,2026,1
"Charlottesville, VA",2026-02-01,17130,14029,1,1,22.104212702259606,22.104212702259606,4.0,22.104212702259606,2026,2
"Charlottesville, VA",2026-03-01,21595,19730,1,1,9.452610238215915,9.452610238215915,4.0,9.452610238215915,2026,3
"Charlottesville, VA",2026-04-01,22184,19990,1,1,10.975487743871936,10.975487743871936,4.0,10.975487743871936,2026,4
"Charlottesville, VA",2026-05-01,25817,23541,1,1,9.668238392591649,9.668238392591649,5.0,9.668238392591649,2026,5
"Charlottesville, VA",2026-06-01,18965,16615,1,1,14.143845922359313,14.143845922359313,4.0,14.143845922359313,2026,6
"Charlottesville, VA",2026-07-01,20726,19912,1,1,4.087987143431096,4.087987143431096,4.0,4.087987143431096,2026,7
"Charlottesville, VA",2026-08-01,19960,19513,1,1,2.290780505304156,2.290780505304156,3.0,2.290780505304156,2026,8
"Chattanooga, TN",2024-02-01,26710,32293,2,2,-14.324361964270793,-14.324361964270793,3.0,-17.288576471681168,2024,2
"Chattanooga, TN",2024-03-01,50050,57949,2,2,-10.928348789907584,-10.928348789907584,5.0,-13.630951353776597,2024,3
"Chattanooga, TN",2024-04-01,24279,29687,2,2,-20.27601292511202,-20.27601292511202,3.5,-18.21672786067976,2024,4
"Chattanooga, TN",2024-05-01,27379,29961,2,2,-15.617459315773202,-15.617459315773202,3.5,-8.61786989753346,2024,5
"Chattanooga, TN",2024-06-01,37912,44893,2,2,-18.399324470182773,-18.399324470182773,5.0,-15.55030851134921,2024,6
"Chattanooga, TN",2024-07-01,35318,44617,2,2,-20.17930116069761,-20.17930116069761,4.0,-20.841831588856266,2024,7
"Chattanooga, TN",2024-08-01,40709,44937,2,2,-18.775206129209927,-18.775206129209927,4.5,-9.40872777443977,2024,8
"Chattanooga, TN",2024-09-01,23982,26169,2,2,-18.964538499470308,-18.964538499470308,4.0,-8.357216553937866,2024,9
"Chattanooga, TN",2024-10-01,21537,23363,1,1,-7.815777083422505,-7.815777083422505,4.0,-7.815777083422505,2024,10
"Chattanooga, TN",2024-11-01,33045,32565,1,1,1.4739751266697374,1.4739751266697374,5.0,1.4739751266697374,2024,11
"Chattanooga, TN",2024-12-01,33910,34371,1,1,-1.3412469814669343,-1.3412469814669343,4.0,-1.3412469814669343,2024,12
"Chattanooga, TN",2025-01-01,26628,27857,2,2,-5.771016566555236,-5.771016566555236,3.5,-4.411817496499982,2025,1
"Chattanooga, TN",2025-02-01,31552,36794,2,2,-14.509057837555186,-14.509057837555186,4.0,-14.246888079578193,2025,2
"Chattanooga, TN",2025-03-01,47248,51076,2,2,-7.931815320110609,-7.931815320110609,5.0,-7.494713759887227,2025,3
"Chattanooga, TN",2025-04-01,38142,34541,2,2,11.199624767571782,11.199624767571782,4.0,10.425291682348513,2025,4
"Chattanooga, TN",2025-05-01,40481,38258,2,2,8.92736415214547,8.92736415214547,5.0,5.810549427570704,2025,5
"Chattanooga, TN",2025-06-01,35689,33287,2,2,10.345290807371374,10.345290807371374,4.0,7.216030282092108,2025,6
"Chattanooga, TN",2025-07-01,43642,38335,2,2,14.642021270978677,14.642021270978677,4.0,13.843745924090257,2025,7
"Chattanooga, TN",2025-08-01,47238,41942,2,2,14.76237328661503,14.76237328661503,5.0,12.626961041438175,2025,8
"Chattanooga, TN",2025-09-01,32353,30629,2,2,9.119366463951511,9.119366463951511,4.0,5.628652584152274,2025,9
"Chattanooga, TN",2025-10-01,38091,36310,2,2,6.868965114122593,6.868965114122593,4.0,4.90498485265767,2025,10
"Chattanooga, TN",2025-11-01,54897,51225,2,2,9.525507710656246,9.525507710656246,5.0,7.168374816983894,2025,11
"Chattanooga, TN",2025-12-01,55466,51270,2,2,10.481525890144017,10.481525890144017,4.0,8.184123268968207,2025,12
"Chattanooga, TN",2026-01-01,38398,36257,2,2,7.502106750180511,7.502106750180511,5.0,5.905066607827454,2026,1
"Chattanooga, TN",2026-02-01,33278,29705,2,2,14.340315396388855,14.340315396388855,4.0,12.028278067665376,2026,2
"Chattanooga, TN",2026-03-01,39664,36791,2,2,8.822503325621685,8.822503325621685,4.0,7.808975021064935,2026,3
"Chattanooga, TN",2026-04-01,36580,36289,2,2,0.6391098556294175,0.6391098556294175,4.0,0.801895891316928,2026,4
"Chattanooga, TN",2026-05-01,49604,52438,2,2,-5.391971261810778,-5.391971261810778,5.0,-5.40447766886609,2026,5
"Chattanooga, TN",2026-06-01,37996,40354,2,2,-5.951940513826732,-5.951940513826732,4.0,-5.843286910839074,2026,6
"Chattanooga, TN",2026-07-01,37287,42402,2,2,-12.279585458172157,-12.279585458172157,4.0,-12.063110230649498,2026,7
"Chattanooga, TN",2026-08-01,30527,33207,2,2,-8.32828748576018,-8.32828748576018,3.0,-8.070587526726293,2026,8
Chicago,2024-02-01,553555,522818,29,29,5.8518898000511745,6.283957678009723,2.8620689655172415,5.879101331629745,2024,2
Chicago,2024-03-01,986396,907632,29,29,8.169176214520727,9.455616154180747,4.862068965517241,8.67796640047949,2024,3
Chicago,2024-04-01,691973,707673,29,29,-2.018936346687289,-2.490444338270425,3.9655172413793105,-2.2185387883952052,2024,4
Chicago,2024-05-01,882844,846131,29,29,4.383602182557132,3.2181076295326814,3.9655172413793105,4.338926241917623,2024,5
Chicago,2024-06-01,1132669,1098188,30,30,3.1339941474327895,2.8286144655210412,4.966666666666667,3.1398084845217755,2024,6
Chicago,2024-07-01,892441,870362,30,30,2.8323668815502234,3.0304592845144014,4.0,2.5367605662931054,2024,7
Chicago,2024-08-01,1388559,1353832,30,30,2.875288695682577,2.4126736993138103,5.0,2.5650893168428577,2024,8
Chicago,2024-09-01,837145,843908,29,29,-0.5665913418954471,-1.0930865541643984,4.0,-0.801390672916953,2024,9
Chicago,2024-10-01,785650,810453,29,29,-2.6283729794094146,-3.2292405961674944,3.793103448275862,-3.060387215544887,2024,10
Chicago,2024-11-01,1193217,1160390,31,31,0.16574960568775066,2.8481298018051295,4.741935483870968,2.828962676341575,2024,11
Chicago,2024-12-01,1347842,1308992,32,32,3.4907431431653806,3.511838381337302,3.8125,2.9679325771280496,2024,12
Chicago,2025-01-01,707377,689778,30,30,3.6526096602374847,3.8140343610717267,3.933333333333333,2.5514005955539316,2025,1
Chicago,2025-02-01,680729,781754,30,30,-12.14696939031178,-13.10056687294459,3.966666666666667,-12.92286320249081,2025,2
Chicago,2025-03-01,992476,1025563,30,30,-3.129042484588342,-3.221082997652533,4.733333333333333,-3.2262279352901775,2025,3
Chicago,2025-04-01,775608,764228,32,32,-1.774373420017471,0.9025283732488915,3.625,1.4890844093647446,2025,4
Chicago,2025-05-01,1038248,1092036,31,31,-4.10178362776774,-3.493875278396436,4.870967741935484,-4.925478647224084,2025,5
Chicago,2025-06-01,895826,951611,31,31,-5.70188422766406,-7.022618757188165,3.870967741935484,-5.862164266701415,2025,6
Chicago,2025-07-01,923622,933603,31,31,-0.6859167216823715,-1.011696405703065,3.935483870967742,-1.0690839682391766,2025,7
Chicago,2025-08-01,1346778,1365863,32,32,-0.8948180672275196,-1.472793207502578,4.96875,-1.3972850864252124,2025,8
Chicago,2025-09-01,836821,928593,32,32,-8.764847102560292,-8.90419778563506,3.84375,-9.882908873963082,2025,9
Chicago,2025-10-01,817837,951671,31,31,-13.475293187714803,-13.198107353397456,3.870967741935484,-14.063053303084786,2025,10
Chicago,2025-11-01,1283629,1394554,34,34,-6.919552679492569,-7.480853300109905,4.617647058823529,-7.954155952369001,2025,11
Chicago,2025-12-01,1489002,1519565,38,38,4.04457058243419,-2.7998957639632858,3.710526315789474,-2.0112992863089105,2025,12
Chicago,2026-01-01,1060892,1067166,38,38,-0.22731216949759203,-1.9510358746640506,4.868421052631579,-0.5879122835622574,2026,1
Chicago,2026-02-01,847514,798591,38,38,7.56060930386338,6.223160685995289,3.8421052631578947,6.126164707591245,2026,2
Chicago,2026-03-01,967696,987571,39,39,-1.201616157348346,-1.946274708565636,3.769230769230769,-2.0125135306727313,2026,3
Chicago,2026-04-01,993669,1010019,39,39,3120.001316795998,-0.23436628101633125,3.871794871794872,-1.6187814288642095,2026,4
Chicago,2026-05-01,1294013,1307493,40,40,-0.4312177189316831,-1.41058921743551,4.7,-1.0309806629939893,2026,5
Chicago,2026-06-01,1097977,1085812,41,41,1.1211013721070238,0.7954196126652321,3.8048780487804876,1.1203596939433345,2026,6
Chicago,2026-07-01,986795,1007960,39,39,-2.2609397717665316,-0.6176879653112983,3.923076923076923,-2.0997857057819753,2026,7
Chicago,2026-08-01,794501,811475,39,39,-2.631539300713955,-2.4498480243161094,2.8205128205128207,-2.091746510983086,2026,8
"Chico-Redding, CA",2024-02-01,22422,23111,2,2,-3.069319618919147,-3.069319618919147,3.0,-2.981264333001601,2024,2
"Chico-Redding, CA",2024-03-01,41262,39575,2,2,4.252488276701609,4.252488276701609,5.0,4.262792166771952,2024,3
"Chico-Redding, CA",2024-04-01,24155,26189,2,2,-7.3577712988132955,-7.3577712988132955,4.0,-7.7666195731032115,2024,4
"Chico-Redding, CA",2024-05-01,31459,32112,2,2,-2.130562201729122,-2.130562201729122,4.0,-2.0335077229696066,2024,5
"Chico-Redding, CA",2024-06-01,39085,38169,2,2,2.337169949571376,2.337169949571376,5.0,2.3998532840787026,2024,6
"Chico-Redding, CA",2024-07-01,28732,28916,2,2,-0.985532585960424,-0.985532585960424,4.0,-0.6363259095310555,2024,7
"Chico-Redding, CA",2024-08-01,41047,40183,2,2,2.224700429637059,2.224700429637059,5.0,2.150163004255531,2024,8
"Chico-Redding, CA",2024-09-01,17888,18188,2,2,-1.0492728339160038,-1.0492728339160038,3.0,-1.6494391906751706,2024,9
"Chico-Redding, CA",2024-10-01,26391,26866,2,2,-1.677851457562914,-1.677851457562914,4.0,-1.768033946251768,2024,10
"Chico-Redding, CA",2024-11-01,44255,41147,2,2,7.564623368716559,7.564623368716559,5.0,7.553406080637713,2024,11
"Chico-Redding, CA",2024-12-01,49952,52105,2,2,-4.238710800096339,-4.238710800096339,4.0,-4.132041070914499,2024,12
"Chico-Redding, CA",2025-01-01,28704,28857,2,2,-0.5391617645986857,-0.5391617645986857,4.0,-0.5302006445576464,2025,1
"Chico-Redding, CA",2025-02-01,27841,29423,2,2,-5.37104125265671,-5.37104125265671,4.0,-5.376746082996296,2025,2
"Chico-Redding, CA",2025-03-01,38650,41262,2,2,-6.336810404806281,-6.336810404806281,5.0,-6.3302796762154045,2025,3
"Chico-Redding, CA",2025-04-01,26380,26745,2,2,-1.2699419584665486,-1.2699419584665486,4.0,-1.3647410730977754,2025,4
"Chico-Redding, CA",2025-05-01,27829,28536,2,2,-2.0331559639748105,-2.0331559639748105,4.5,-2.4775721895149987,2025,5
"Chico-Redding, CA",2025-06-01,27602,30245,2,2,-8.541925528792856,-8.541925528792856,4.0,-8.73863448503885,2025,6
"Chico-Redding, CA",2025-07-01,27656,29107,2,2,-4.952093694253966,-4.952093694253966,4.0,-4.985055141374927,2025,7
"Chico-Redding, CA",2025-08-01,43205,48560,2,2,-11.046460179968992,-11.046460179968992,5.0,-11.027594728171335,2025,8
"Chico-Redding, CA",2025-09-01,26982,28864,2,2,-6.524684025214798,-6.524684025214798,4.0,-6.5202328159645235,2025,9
"Chico-Redding, CA",2025-10-01,33193,32589,2,2,2.164212024750425,2.164212024750425,4.0,1.8533861118782409,2025,10
"Chico-Redding, CA",2025-11-01,43076,47308,2,2,-8.829071958123663,-8.829071958123663,5.0,-8.945632873932526,2025,11
"Chico-Redding, CA",2025-12-01,50203,49257,2,2,2.021288041819519,2.021288041819519,4.0,1.920539212700733,2025,12
"Chico-Redding, CA",2026-01-01,34040,33285,2,2,2.283103965122685,2.283103965122685,5.0,2.268289019077663,2026,1
"Chico-Redding, CA",2026-02-01,28522,28236,2,2,0.964391770704651,0.964391770704651,4.0,1.0128913443830572,2026,2
"Chico-Redding, CA",2026-03-01,31680,30252,2,2,4.734395155236828,4.734395155236828,4.0,4.7203490678302265,2026,3
"Chico-Redding, CA",2026-04-01,27741,28474,2,2,-2.6802852224606073,-2.6802852224606073,4.0,-2.5742782889653717,2026,4
"Chico-Redding, CA",2026-05-01,30411,31907,2,2,-5.35622077951248,-5.35622077951248,5.0,-4.688626320243207,2026,5
"Chico-Redding, CA",2026-06-01,29550,27948,2,2,5.732737193697163,5.732737193697163,4.0,5.732073851438386,2026,6
"Chico-Redding, CA",2026-07-01,26166,24765,2,2,5.332454208835977,5.332454208835977,4.0,5.65717746820109,2026,7
"Chico-Redding, CA",2026-08-01,27742,27272,2,2,1.8025762625147357,1.8025762625147357,3.0,1.7233792901144032,2026,8
Cincinnati,2024-02-01,79582,81280,7,7,-1.0911589942408033,0.9017590652187718,2.7142857142857144,-2.0890748031496065,2024,2
Cincinnati,2024-03-01,162403,153131,7,7,5.5056406260798,4.919037199124726,5.0,6.054946418426053,2024,3
Cincinnati,2024-04-01,113161,113612,7,7,-1.25266525929079,0.9270067980498524,4.0,-0.3969651093194381,2024,4
Cincinnati,2024-05-01,138750,131685,7,7,4.726226488583053,3.5905493482309128,4.0,5.365075748946349,2024,5
Cincinnati,2024-06-01,165081,158797,7,7,3.4718556268128387,5.205420520542052,5.0,3.9572536005088255,2024,6
Cincinnati,2024-07-01,133875,130666,7,7,2.1731132661906005,0.8028231142479048,4.0,2.4558798769381474,2024,7
Cincinnati,2024-08-01,198016,193062,7,7,2.529713465845204,2.0626735422451405,5.0,2.566015062518776,2024,8
Cincinnati,2024-09-01,115775,119965,7,7,-3.9736005188174417,-5.006337135614702,4.0,-3.4926853665652486,2024,9
Cincinnati,2024-10-01,99929,104238,7,7,-3.5806957957961822,-5.0347577182580245,4.0,-4.1338091674821085,2024,10
Cincinnati,2024-11-01,175100,171455,7,7,1.8955376213481685,-0.7958820035636508,5.0,2.125922253652562,2024,11
Cincinnati,2024-12-01,193795,192244,7,7,0.8934686813823715,-1.8292095889092135,4.0,0.8067872079232642,2024,12
Cincinnati,2025-01-01,103744,103854,7,7,-0.24739194682652935,0.5935645110902843,4.0,-0.10591792323839237,2025,1
Cincinnati,2025-02-01,105031,116503,7,7,-9.87450522491417,-10.727056019070321,4.0,-9.846956730727964,2025,2
Cincinnati,2025-03-01,166249,165884,7,7,0.08207239058146602,-1.7487626679236388,5.0,0.22003327626534205,2025,3
Cincinnati,2025-04-01,132585,128426,7,7,3.3735651836149936,3.511852502194908,4.0,3.2384408141653562,2025,4
Cincinnati,2025-05-01,158907,160542,7,7,-1.3453069174344556,-2.3342204479929034,5.0,-1.0184250850244796,2025,5
Cincinnati,2025-06-01,131324,134386,7,7,-2.5543000299364627,-2.5321667524446734,4.0,-2.27851115443573,2025,6
Cincinnati,2025-07-01,158743,156113,8,8,1.1918595871319575,1.7219629756114072,3.875,1.684677124903115,2025,7
Cincinnati,2025-08-01,236042,223867,8,8,5.061377927083017,5.518108654969037,5.0,5.438496964715657,2025,8
Cincinnati,2025-09-01,150199,144218,8,8,3.967466383951294,3.40534537739281,4.0,4.147193831560554,2025,9
Cincinnati,2025-10-01,151893,146943,8,8,3.609449416632508,3.4804177433533976,3.75,3.3686531512219022,2025,10
Cincinnati,2025-11-01,213673,198553,7,7,7.433865583180415,8.363165251781393,5.0,7.615095213872366,2025,11
Cincinnati,2025-12-01,208661,198617,8,8,4.498473115839229,4.1145953916203215,3.625,5.0569689402216325,2025,12
Cincinnati,2026-01-01,135215,124606,7,7,7.893497224851485,8.507592730893702,5.0,8.514036242235527,2026,1
Cincinnati,2026-02-01,125206,108315,7,7,15.068527398229117,14.0758547008547,4.0,15.594331348382035,2026,2
Cincinnati,2026-03-01,152506,139868,7,7,8.656074088491645,8.982921233749682,4.0,9.035662195784596,2026,3
Cincinnati,2026-04-01,150475,139447,8,8,5.887239473860269,7.294615934967238,3.625,7.908380961942531,2026,4
Cincinnati,2026-05-01,185990,181820,7,7,2.0471047775497375,2.098780196125329,5.0,2.2934770652293475,2026,5
Cincinnati,2026-06-01,152468,138712,8,8,9.213136675383115,7.993767028385232,3.625,9.91695022781014,2026,6
Cincinnati,2026-07-01,145792,141569,8,8,1.777982424126751,1.8240714729179124,4.0,2.9829976901722834,2026,7
Cincinnati,2026-08-01,133249,137634,8,8,-2.5496366577994194,-1.2280433910881805,3.0,-3.1859860208959994,2026,8
Cleveland,2024-02-01,74044,77345,6,6,-3.478466380243671,-5.772211028743154,3.0,-4.2678906199495765,2024,2
Cleveland,2024-03-01,131213,128433,6,6,3.115714423897374,0.6266199105836905,5.0,2.164552723988383,2024,3
Cleveland,2024-04-01,86535,93027,8,8,-7.322619809623053,-11.514016503356697,3.125,-6.978619110580799,2024,4
Cleveland,2024-05-01,109824,104998,6,6,7.05534055473201,3.7344290340009696,4.0,4.596278024343321,2024,5
Cleveland,2024-06-01,130149,131845,6,6,1.3453491937933935,-1.231296441048185,5.0,-1.2863589821381167,2024,6
Cleveland,2024-07-01,103369,102273,6,6,2.0783791923306194,0.4891560847940572,4.0,1.0716415867335465,2024,7
Cleveland,2024-08-01,152822,156049,6,6,-0.1062821912358644,-2.1517052248662076,4.5,-2.0679401982710557,2024,8
Cleveland,2024-09-01,94979,101447,6,6,-5.302562956670992,-5.5962434448087715,4.0,-6.375742998807259,2024,9
Cleveland,2024-10-01,106790,113886,6,6,-6.080104225276521,-5.7183706021402525,4.0,-6.230792195704477,2024,10
Cleveland,2024-11-01,161143,160283,9,9,-1.223881898413191,-2.051861090451066,3.5555555555555554,0.5365509754621512,2024,11
Cleveland,2024-12-01,171880,167941,9,9,-1.219485255788787,-0.3693076870610958,3.0,2.345466562661887,2024,12
Cleveland,2025-01-01,89291,90534,7,7,-2.253156973540947,-1.5689606343811953,3.7142857142857144,-1.3729648529834095,2025,1
Cleveland,2025-02-01,117024,139144,8,8,-15.657691563175835,-15.80232155956503,4.0,-15.897200022997756,2025,2
Cleveland,2025-03-01,186335,192864,8,8,-3.426248064112474,-3.123202671760379,5.0,-3.385287041645927,2025,3
Cleveland,2025-04-01,146650,145332,10,10,0.12354319954891213,0.5359543804236377,3.4,0.9068890540280187,2025,4
Cleveland,2025-05-01,201047,216804,9,9,-7.477169461383166,-7.556,4.888888888888889,-7.267854836626631,2025,5
Cleveland,2025-06-01,169943,180481,9,9,-5.733543279090839,-6.108386616177293,4.0,-5.838841761736693,2025,6
Cleveland,2025-07-01,174421,176685,9,9,-1.4326586430394483,-1.0449621321062217,4.0,-1.2813764609332994,2025,7
Cleveland,2025-08-01,257561,251749,9,9,2.12764171660017,2.053829116048057,5.0,2.3086486937386046,2025,8
Cleveland,2025-09-01,165142,174150,9,9,-4.816251825216866,-4.137371552190373,4.0,-5.172552397358599,2025,9
Cleveland,2025-10-01,179556,192356,9,9,-6.220491396873509,-3.9240447125952946,4.0,-6.654328432697707,2025,10
Cleveland,2025-11-01,262091,265570,9,9,-1.0374380883760073,-1.5411406181976492,5.0,-1.310012426102346,2025,11
Cleveland,2025-12-01,247363,257387,11,11,-4.670889469147595,-4.909271290043844,3.4545454545454546,-3.894524587488878,2025,12
Cleveland,2026-01-01,160020,169683,10,10,-6.765115092467236,-5.501439113996344,4.7,-5.6947366559997175,2026,1
Cleveland,2026-02-01,168240,155533,11,11,8.381047757728949,9.389930172730613,4.0,8.169970359987913,2026,2
Cleveland,2026-03-01,189297,190964,11,11,-1.116681674406017,-0.9410288582183186,3.909090909090909,-0.8729394021909889,2026,3
Cleveland,2026-04-01,183897,188019,11,11,-2.479114972156518,-1.4897287125607652,3.909090909090909,-2.192331626059069,2026,4
Cleveland,2026-05-01,244762,250947,11,11,-2.519700758199623,-0.8487523340689187,5.0,-2.4646638533236103,2026,5
Cleveland,2026-06-01,197852,197438,11,11,0.5281986731030961,1.3011592145729831,4.0,0.2096860786677337,2026,6
Cleveland,2026-07-01,174246,182678,11,11,-4.823783528053962,-2.990010799136069,3.727272727272727,-4.615772014145108,2026,7
Cleveland,2026-08-01,153441,166625,11,11,-7.563937669197163,-5.98380851812742,2.727272727272727,-7.912378094523631,2026,8
"Colorado Springs-Pueblo, CO",2024-02-01,29132,27354,3,3,-0.26614956473616047,8.841245533435426,2.6666666666666665,6.4999634422753525,2024,2
"Colorado Springs-Pueblo, CO",2024-03-01,46191,40340,2,2,12.874204334104217,12.874204334104217,5.0,14.504214179474467,2024,3
"Colorado Springs-Pueblo, CO",2024-04-01,34824,32198,3,3,13.177970401016863,8.006204510201647,3.3333333333333335,8.155786073669171,2024,4
"Colorado Springs-Pueblo, CO",2024-05-01,41756,38019,2,2,8.896523618799284,8.896523618799284,4.0,9.829295878376602,2024,5
"Colorado Springs-Pueblo, CO",2024-06-01,50531,44089,2,2,13.746829845105761,13.746829845105761,5.0,14.611354306062738,2024,6
"Colorado Springs-Pueblo, CO",2024-07-01,35759,30977,2,2,12.287703694099097,12.287703694099097,3.5,15.437259902508313,2024,7
"Colorado Springs-Pueblo, CO",2024-08-01,46666,40661,2,2,9.035834519217802,9.035834519217802,3.5,14.768451341580386,2024,8
"Colorado Springs-Pueblo, CO",2024-09-01,40604,35913,2,2,10.932493568257362,10.932493568257362,4.0,13.062122351237711,2024,9
"Colorado Springs-Pueblo, CO",2024-10-01,33985,34311,2,2,-1.4032656329689304,-1.4032656329689304,4.0,-0.9501326105330652,2024,10
"Colorado Springs-Pueblo, CO",2024-11-01,54597,49652,2,2,9.416626788601743,9.416626788601743,5.0,9.95931684524289,2024,11
"Colorado Springs-Pueblo, CO",2024-12-01,68141,60750,3,3,6.671062565348575,6.671062565348575,3.0,12.16625514403292,2024,12
"Colorado Springs-Pueblo, CO",2025-01-01,36888,35861,3,3,-1.4478732161115246,2.784151751567997,3.3333333333333335,2.86383536432336,2025,1
"Colorado Springs-Pueblo, CO",2025-02-01,33534,34113,2,2,-2.6813503538806254,-2.6813503538806254,4.0,-1.697300149503122,2025,2
"Colorado Springs-Pueblo, CO",2025-03-01,52201,51753,2,2,0.11189619304465181,0.11189619304465181,5.0,0.8656503004656735,2025,3
"Colorado Springs-Pueblo, CO",2025-04-01,41817,39613,3,3,6.322435066991154,11.0766603756628,3.0,5.563830055789766,2025,4
"Colorado Springs-Pueblo, CO",2025-05-01,48890,49499,2,2,-2.091383583973105,-2.091383583973105,5.0,-1.2303278854118265,2025,5
"Colorado Springs-Pueblo, CO",2025-06-01,36606,39217,2,2,-7.645393661884952,-7.645393661884952,4.0,-6.657826962796746,2025,6
"Colorado Springs-Pueblo, CO",2025-07-01,42967,44932,2,2,-4.856424324115056,-4.856424324115056,4.0,-4.373275171370071,2025,7
"Colorado Springs-Pueblo, CO",2025-08-01,72213,74489,3,3,-4.925902369449909,-1.3102864100799407,4.333333333333333,-3.055484702439286,2025,8
"Colorado Springs-Pueblo, CO",2025-09-01,38680,43822,2,2,-11.472558676301759,-11.472558676301759,4.0,-11.733832321664917,2025,9
"Colorado Springs-Pueblo, CO",2025-10-01,38807,39614,2,2,-2.373035309673836,-2.373035309673836,4.0,-2.0371585802998937,2025,10
"Colorado Springs-Pueblo, CO",2025-11-01,53604,56501,2,2,-5.307922842193456,-5.307922842193456,5.0,-5.1273428788871,2025,11
"Colorado Springs-Pueblo, CO",2025-12-01,95817,97629,3,3,-1.327295320821208,-0.9071252827000024,4.0,-1.8560058998863043,2025,12
"Colorado Springs-Pueblo, CO",2026-01-01,61285,59477,3,3,3.0461349713987644,2.681549036956374,5.0,3.0398305227230695,2026,1
"Colorado Springs-Pueblo, CO",2026-02-01,54170,52434,3,3,3.4656098605880867,4.094927873429502,4.0,3.3108288515085635,2026,2
"Colorado Springs-Pueblo, CO",2026-03-01,66240,67898,3,3,-2.265072145313351,-2.4944742658667507,4.0,-2.4418981413296414,2026,3
"Colorado Springs-Pueblo, CO",2026-04-01,58485,60418,3,3,-3.333821224635271,-5.416885796350985,4.0,-3.1993776689066173,2026,4
"Colorado Springs-Pueblo, CO",2026-05-01,73665,77033,3,3,-4.239496941949371,-3.984561244182087,5.0,-4.372152194514039,2026,5
"Colorado Springs-Pueblo, CO",2026-06-01,60663,59801,3,3,2.3462865513238875,0.6626667860660876,4.0,1.441447467433655,2026,6
"Colorado Springs-Pueblo, CO",2026-07-01,60851,63184,3,3,-2.9694163994721023,-3.9906103286384975,4.0,-3.6923904786021775,2026,7
"Colorado Springs-Pueblo, CO",2026-08-01,62003,62912,3,3,-0.9084126525080487,-1.7103059155426255,3.0,-1.4448753814852493,2026,8
"Columbia, SC",2024-02-01,38488,39147,3,3,-2.356794324589066,-0.35452469655089536,3.0,-1.6833984724244515,2024,2
"Columbia, SC",2024-03-01,72335,70456,3,3,2.5796519460070173,1.3677308252748708,5.0,2.666912683092994,2024,3
"Columbia, SC",2024-04-01,43788,45495,3,3,-2.2426010379810553,-3.4215666464605645,4.0,-3.7520606660072535,2024,4
"Columbia, SC",2024-05-01,63550,62246,3,3,2.353171422160319,0.7762479460592668,4.0,2.094913729396266,2024,5
"Columbia, SC",2024-06-01,78676,79680,3,3,-1.1425596284015842,-0.6359908250503927,5.0,-1.2600401606425702,2024,6
"Columbia, SC",2024-07-01,48502,49877,3,3,-2.939583162298225,-2.919269026139255,3.6666666666666665,-2.7567816829400327,2024,7
"Columbia, SC",2024-08-01,85391,86786,3,3,-1.4403722112824937,-0.8693501077852775,5.0,-1.6074021155485907,2024,8
"Columbia, SC",2024-09-01,51039,50989,3,3,0.1304469632538623,-1.4423971710403871,4.0,0.09806036596128577,2024,9
"Columbia, SC",2024-10-01,57550,57332,3,3,0.4413397734889361,1.8478417785477117,4.0,0.38024140096281306,2024,10
"Columbia, SC",2024-11-01,81846,75248,3,3,8.42358822303653,8.429084778847432,5.0,8.768339357856687,2024,11
"Columbia, SC",2024-12-01,78694,70498,3,3,11.879704971491195,11.973658599883215,3.6666666666666665,11.625861726573804,2024,12
"Columbia, SC",2025-01-01,66771,63637,4,4,2.765019097973663,5.997330445187399,3.75,4.924807894778195,2025,1
"Columbia, SC",2025-02-01,69846,72468,4,4,-3.9953543914456215,-4.143367519041579,4.0,-3.6181487001159134,2025,2
"Columbia, SC",2025-03-01,99932,99332,4,4,0.1760726246535611,1.2121181042838554,5.0,0.6040349534893086,2025,3
"Columbia, SC",2025-04-01,75731,68927,4,4,9.582162761753123,9.494470250510622,4.0,9.871313128382202,2025,4
"Columbia, SC",2025-05-01,92350,91083,4,4,1.0642275889350867,0.18670892308458953,5.0,1.3910389425029919,2025,5
"Columbia, SC",2025-06-01,74298,71389,4,4,3.3861042709394478,4.590492951383839,3.75,4.074857471038955,2025,6
"Columbia, SC",2025-07-01,86045,78460,4,4,9.168889007830366,9.411451547417798,4.0,9.667346418557226,2025,7
"Columbia, SC",2025-08-01,118421,107332,4,4,9.461105621556971,9.177309070666777,5.0,10.331494801177655,2025,8
"Columbia, SC",2025-09-01,78438,75101,4,4,4.3003257015079255,2.9379829123393417,4.0,4.4433496225083555,2025,9
"Columbia, SC",2025-10-01,85200,81737,4,4,3.608561469667813,4.356373140841074,4.0,4.236759362345082,2025,10
"Columbia, SC",2025-11-01,124196,120679,4,4,2.7603614320167003,3.012357108851838,5.0,2.91434300913995,2025,11
"Columbia, SC",2025-12-01,112145,106775,4,4,4.880126172214869,6.917177956845238,3.75,5.029267150550223,2025,12
"Columbia, SC",2026-01-01,88535,83614,4,4,6.000792098660311,6.668431426209481,5.0,5.885378046738585,2026,1
"Columbia, SC",2026-02-01,80511,73497,4,4,8.684337089380577,11.211675797708576,4.0,9.543246663129107,2026,2
"Columbia, SC",2026-03-01,89133,84699,4,4,4.7819098713426325,5.946488320206525,4.0,5.235008677788404,2026,3
"Columbia, SC",2026-04-01,87266,85480,4,4,1.8789621416624775,1.006112010561931,4.0,2.0893776321946653,2026,4
"Columbia, SC",2026-05-01,94189,95089,4,4,-1.1758641986618488,-2.4354451998554865,4.5,-0.9464817171281642,2026,5
"Columbia, SC",2026-06-01,77212,76860,4,4,0.9394681026080672,2.4884299333822524,4.0,0.4579755399427531,2026,6
"Columbia, SC",2026-07-01,89642,91075,4,4,-1.6093031826311341,-1.8936298697407308,4.0,-1.5734284930002747,2026,7
"Columbia, SC",2026-08-01,67432,68844,4,4,-2.8528023116363146,-2.8173439026327065,2.75,-2.0510138864679566,2026,8
Columbus,2024-02-01,55093,59140,3,3,-7.292004936668715,-7.154150197628459,3.0,-6.84308420696652,2024,2
Columbus,2024-03-01,109669,107540,4,4,0.8869834739990048,-0.028464334489545134,4.0,1.9797284731262785,2024,3
Columbus,2024-04-01,72235,76367,4,4,28.638751815076844,-6.414666579528994,3.5,-5.4107140518810475,2024,4
Columbus,2024-05-01,49454,50348,3,3,-1.8636265599663118,-2.0017157563625965,3.6666666666666665,-1.7756415349169778,2024,5
Columbus,2024-06-01,109170,109610,4,4,1.9690245397216817,-0.5665788062278219,4.75,-0.4014232278076818,2024,6
Columbus,2024-07-01,72122,71070,4,4,3.609551948126672,3.9387781004195745,3.5,1.480230758407204,2024,7
Columbus,2024-08-01,130858,131010,4,4,0.7681926598738937,0.767390857773827,4.25,-0.11602167773452408,2024,8
Columbus,2024-09-01,80881,81860,4,4,1.7124343918278293,-0.7076554863812163,3.25,-1.1959442951380406,2024,9
Columbus,2024-10-01,72421,73981,4,4,-1.6661969876893947,-1.0592575016984156,3.75,-2.108649518119517,2024,10
Columbus,2024-11-01,121387,115768,4,4,27.980418477381303,5.114557147775374,4.25,4.853672862967314,2024,11
Columbus,2024-12-01,137756,126887,4,4,12.221899223442586,7.305920587917543,3.5,8.565889334604806,2024,12
Columbus,2025-01-01,93314,92103,5,5,3.643948898035853,3.314884597268017,3.4,1.3148323073081225,2025,1
Columbus,2025-02-01,77936,86232,5,5,-14.374055447955504,-13.534085226957055,3.4,-9.620558493366731,2025,2
Columbus,2025-03-01,146482,143618,5,5,1.359669847033933,3.574126346757842,4.8,1.9941790026319821,2025,3
Columbus,2025-04-01,108677,112164,5,5,-2.7412032781773297,-4.049955396966993,3.4,-3.1088406262258834,2025,4
Columbus,2025-05-01,133309,131393,5,5,1.406664097737416,-3.385305425032038,4.6,1.4582207575746045,2025,5
Columbus,2025-06-01,134650,137197,5,5,-1.8475213208804409,-3.1357626930341076,4.0,-1.8564545871994285,2025,6
Columbus,2025-07-01,139296,138477,5,5,0.6643261920570607,-0.747429361444742,4.0,0.5914339565415195,2025,7
Columbus,2025-08-01,214165,211252,5,5,2.0712346094861767,4.472151937322806,5.0,1.3789218563611232,2025,8
Columbus,2025-09-01,106372,111673,5,5,-5.640835479052663,-5.6660780851481265,3.8,-4.74689495222659,2025,9
Columbus,2025-10-01,113109,120046,5,5,-6.332267762772361,-7.449545710380316,3.8,-5.778618196358062,2025,10
Columbus,2025-11-01,163568,157428,5,5,3.3077506110499058,4.755208162998332,4.8,3.9001956449932664,2025,11
Columbus,2025-12-01,122040,134094,5,5,-9.688796604148257,-7.876655491751585,4.0,-8.989216519754798,2025,12
Columbus,2026-01-01,94858,99693,5,5,-5.323921023696559,-5.165376072993578,4.4,-4.849889159720341,2026,1
Columbus,2026-02-01,75248,67573,5,5,9.745191554266324,10.711909514304724,3.4,11.35808680982049,2026,2
Columbus,2026-03-01,111468,101680,5,5,8.768108395920475,7.405405405405406,3.4,9.626278520849725,2026,3
Columbus,2026-04-01,125441,120046,5,5,4.240961582328149,2.3614977103349197,4.0,4.4941105909401395,2026,4
Columbus,2026-05-01,141114,138298,5,5,1.2281956800233738,-0.5453984152574349,4.8,2.036182735831321,2026,5
Columbus,2026-06-01,112966,109193,5,5,2.6651231112543945,2.1713486827733846,3.8,3.4553497019039683,2026,6
Columbus,2026-07-01,112386,112309,5,5,-1.1860044661799027,-2.390941853585068,3.6,0.06856084552440142,2026,7
Columbus,2026-08-01,96961,101524,5,5,-5.416748363093393,-4.344779257182902,3.0,-4.494503762657106,2026,8
"Columbus, GA (Opelika, AL)",2024-04-01,1714,0,2,2,,,1.0,,2024,4
"Columbus, GA (Opelika, AL)",2024-11-01,1756,0,2,2,,,1.0,,2024,11
"Columbus, GA (Opelika, AL)",2024-12-01,5267,0,2,2,,,1.0,,2024,12
"Columbus, GA (Opelika, AL)",2025-01-01,18020,18595,3,3,-1.7863365428127864,-2.495870801982015,2.3333333333333335,-3.092229093842431,2025,1
"Columbus, GA (Opelika, AL)",2025-02-01,53486,56486,3,3,-5.68303945139413,-6.016895838950301,4.0,-5.311050525794002,2025,2
"Columbus, GA (Opelika, AL)",2025-03-01,86873,87926,3,3,-1.4225235710217712,-1.4445384772521668,5.0,-1.1975979801196461,2025,3
"Columbus, GA (Opelika, AL)",2025-04-01,61449,54910,3,3,11.520889961540021,10.595652583043192,4.0,11.90857767255509,2025,4
"Columbus, GA (Opelika, AL)",2025-05-01,71703,71532,3,3,0.32899268192552517,0.8626615342315095,5.0,0.23905385002516355,2025,5
"Columbus, GA (Opelika, AL)",2025-06-01,54093,53405,3,3,1.041601225885813,1.4334140435835352,4.0,1.2882688886808351,2025,6
"Columbus, GA (Opelika, AL)",2025-07-01,69194,64082,3,3,7.193924517549107,8.091242568621663,4.0,7.977279111138853,2025,7
"Columbus, GA (Opelika, AL)",2025-08-01,89422,85854,3,3,3.8286587497092452,4.152684563758389,5.0,4.155892561790948,2025,8
"Columbus, GA (Opelika, AL)",2025-09-01,61581,57958,3,3,5.605472727127342,7.968243210533959,4.0,6.251078367093413,2025,9
"Columbus, GA (Opelika, AL)",2025-10-01,67710,69254,3,3,-2.4366288763580948,-1.5529234818574922,4.0,-2.2294741097987116,2025,10
"Columbus, GA (Opelika, AL)",2025-11-01,102903,92083,3,3,11.097108586712698,13.424673473543358,5.0,11.7502687792535,2025,11
"Columbus, GA (Opelika, AL)",2025-12-01,92266,90373,3,3,2.0510900022695657,4.1247656383160045,4.0,2.0946521638099873,2025,12
"Columbus, GA (Opelika, AL)",2026-01-01,59233,56953,3,3,3.7883216222317686,5.2563855111625815,4.666666666666667,4.0033009674644005,2026,1
"Columbus, GA (Opelika, AL)",2026-02-01,61058,55326,3,3,10.180095289426571,9.661766804623948,4.0,10.36040921085927,2026,2
"Columbus, GA (Opelika, AL)",2026-03-01,75238,68095,3,3,9.681780660755878,12.57346528646722,4.0,10.489756957192158,2026,3
"Columbus, GA (Opelika, AL)",2026-04-01,69249,65713,3,3,5.416338713888906,5.295848316443283,4.0,5.380974845160013,2026,4
"Columbus, GA (Opelika, AL)",2026-05-01,81612,76672,3,3,6.0328244307131635,6.072581176315616,5.0,6.443030050083473,2026,5
"Columbus, GA (Opelika, AL)",2026-06-01,59156,55777,3,3,6.362716297440561,6.603280247207036,4.0,6.058052602327124,2026,6
"Columbus, GA (Opelika, AL)",2026-07-01,68392,66555,3,3,2.730691004298926,2.6529316305651593,4.0,2.760123206370671,2026,7
"Columbus, GA (Opelika, AL)",2026-08-01,61592,58659,3,3,4.780903038860726,3.850848285121445,3.0,5.000085238411838,2026,8
"Corpus Christi, TX",2024-02-01,23546,22278,1,1,5.691713798366101,5.691713798366101,3.0,5.691713798366101,2024,2
"Corpus Christi, TX",2024-03-01,41512,36755,1,1,12.94245680859747,12.94245680859747,5.0,12.94245680859747,2024,3
"Corpus Christi, TX",2024-04-01,26043,24964,1,1,4.322224002563692,4.322224002563692,4.0,4.322224002563692,2024,4
"Corpus Christi, TX",2024-05-01,30330,26787,1,1,13.226565124874007,13.226565124874007,4.0,13.226565124874007,2024,5
"Corpus Christi, TX",2024-06-01,39023,36196,1,1,7.810255276826168,7.810255276826168,5.0,7.810255276826168,2024,6
"Corpus Christi, TX",2024-07-01,33795,34551,1,1,-2.188069809846314,-2.188069809846314,4.0,-2.188069809846314,2024,7
"Corpus Christi, TX",2024-08-01,45216,40491,1,1,11.669259835519004,11.669259835519004,5.0,11.669259835519004,2024,8
"Corpus Christi, TX",2024-09-01,31511,29747,1,1,5.93000974888224,5.93000974888224,4.0,5.93000974888224,2024,9
"Corpus Christi, TX",2024-10-01,27959,28215,1,1,-0.9073188020556442,-0.9073188020556442,4.0,-0.9073188020556442,2024,10
"Corpus Christi, TX",2024-11-01,52012,47736,1,1,8.957600134070724,8.957600134070724,5.0,8.957600134070724,2024,11
"Corpus Christi, TX",2024-12-01,55630,53366,1,1,4.242401529063448,4.242401529063448,4.0,4.242401529063448,2024,12
"Corpus Christi, TX",2025-01-01,30296,26860,1,1,12.792256142963515,12.792256142963515,4.0,12.792256142963515,2025,1
"Corpus Christi, TX",2025-02-01,29521,29688,1,1,-0.5625168418216114,-0.5625168418216114,4.0,-0.5625168418216114,2025,2
"Corpus Christi, TX",2025-03-01,45333,45277,1,1,0.12368310621286747,0.12368310621286747,5.0,0.12368310621286747,2025,3
"Corpus Christi, TX",2025-04-01,30874,29462,1,1,4.792614214920915,4.792614214920915,4.0,4.792614214920915,2025,4
"Corpus Christi, TX",2025-05-01,38856,36918,1,1,5.249471802372827,5.249471802372827,5.0,5.249471802372827,2025,5
"Corpus Christi, TX",2025-06-01,27413,26098,1,1,5.038700283546632,5.038700283546632,4.0,5.038700283546632,2025,6
"Corpus Christi, TX",2025-07-01,34220,30979,1,1,10.46192582071726,10.46192582071726,4.0,10.46192582071726,2025,7
"Corpus Christi, TX",2025-08-01,50868,46739,1,1,8.834164188365175,8.834164188365175,5.0,8.834164188365175,2025,8
"Corpus Christi, TX",2025-09-01,35134,31511,1,1,11.497572276347942,11.497572276347942,4.0,11.497572276347942,2025,9
"Corpus Christi, TX",2025-10-01,33517,31497,1,1,6.413309204051179,6.413309204051179,4.0,6.413309204051179,2025,10
"Corpus Christi, TX",2025-11-01,47699,48277,1,1,-1.1972574932162314,-1.1972574932162314,5.0,-1.1972574932162314,2025,11
"Corpus Christi, TX",2025-12-01,54635,54001,1,1,1.1740523323642154,1.1740523323642154,4.0,1.1740523323642154,2025,12
"Corpus Christi, TX",2026-01-01,28008,27237,1,1,2.83070822777839,2.83070822777839,5.0,2.83070822777839,2026,1
"Corpus Christi, TX",2026-02-01,29457,27910,1,1,5.542816194912218,5.542816194912218,4.0,5.542816194912218,2026,2
"Corpus Christi, TX",2026-03-01,25789,24646,1,1,4.637669398685385,4.637669398685385,4.0,4.637669398685385,2026,3
"Corpus Christi, TX",2026-04-01,32750,34771,1,1,-5.812314860084554,-5.812314860084554,4.0,-5.812314860084554,2026,4
"Corpus Christi, TX",2026-05-01,41811,42451,1,1,-1.5076205507526326,-1.5076205507526326,5.0,-1.5076205507526326,2026,5
"Corpus Christi, TX",2026-06-01,31664,31334,1,1,1.053169081508904,1.053169081508904,4.0,1.053169081508904,2026,6
"Corpus Christi, TX",2026-07-01,23283,23856,1,1,-2.4019114688128775,-2.4019114688128775,4.0,-2.4019114688128775,2026,7
"Corpus Christi, TX",2026-08-01,24692,25745,1,1,-4.090114585356379,-4.090114585356379,2.0,-4.090114585356379,2026,8
Dallas,2024-02-01,462366,452719,21,21,2.2929350149922847,3.7422348626599806,2.9047619047619047,2.1309023919915,2024,2
Dallas,2024-03-01,879221,833194,21,21,6.172556917032862,7.516310662257575,5.0,5.524163640160635,2024,3
Dallas,2024-04-01,508740,524503,21,21,-2.410752533713787,-2.851741484828094,4.0,-3.005321227905274,2024,4
Dallas,2024-05-01,738008,703994,22,22,5.315474542658141,5.299835317706656,3.9545454545454546,4.8315752691074065,2024,5
Dallas,2024-06-01,929448,892918,22,22,4.590805404271544,4.058342390310927,4.954545454545454,4.0910811519086865,2024,6
Dallas,2024-07-01,741589,701184,22,22,6.557788699265807,7.09413373314278,4.0,5.762396175611538,2024,7
Dallas,2024-08-01,1115589,1054836,22,22,6.797553689187538,6.128441129774888,4.954545454545454,5.759473510574155,2024,8
Dallas,2024-09-01,685590,663087,22,22,4.556190915538994,5.696625401877491,4.0,3.3936723235412547,2024,9
Dallas,2024-10-01,645559,657429,22,22,-1.6605738003393113,-0.5481235303826637,3.8636363636363638,-1.8055181624175385,2024,10
Dallas,2024-11-01,928086,914395,23,23,0.5308969203803863,2.3165634928147893,4.739130434782608,1.497274153948786,2024,11
Dallas,2024-12-01,1064370,1039408,24,24,2.746302111277757,4.078508144467033,3.75,2.401559349167988,2024,12
Dallas,2025-01-01,678816,639076,24,24,6.872174762593855,7.736196187290193,3.9166666666666665,6.2183527467781605,2025,1
Dallas,2025-02-01,625075,673498,25,25,-5.656568469303652,-5.573852503439363,3.92,-7.189776361622455,2025,2
Dallas,2025-03-01,980877,1010858,25,25,-0.7596758572342415,0.8367367267656141,5.0,-2.9658962979963555,2025,3
Dallas,2025-04-01,702298,682868,26,26,5.64855407049364,5.6321914225941425,3.769230769230769,2.845352249629504,2025,4
Dallas,2025-05-01,921441,932894,26,26,0.26135863189724545,1.1557105238362175,4.884615384615385,-1.2276850317399404,2025,5
Dallas,2025-06-01,779426,818947,26,26,-2.5933850377888845,-0.46890650079940344,3.9615384615384617,-4.8258312198469495,2025,6
Dallas,2025-07-01,860990,894520,27,27,-1.1648571667395469,0.21248565721813778,3.925925925925926,-3.7483790189151724,2025,7
Dallas,2025-08-01,1122844,1118997,26,26,2.159038095972041,3.259089864840716,5.0,0.3437900190974596,2025,8
Dallas,2025-09-01,721394,748789,26,26,-2.671916015104152,-2.631922406379215,3.8846153846153846,-3.658574044223406,2025,9
Dallas,2025-10-01,766037,808807,27,27,-4.398481348890492,-3.839048802606388,3.888888888888889,-5.288035340940422,2025,10
Dallas,2025-11-01,1091602,1107497,28,28,-3.350835347386664,-1.5148389890817806,4.678571428571429,-1.4352183346772045,2025,11
Dallas,2025-12-01,1156784,1122706,30,30,6.203584803669329,2.9756752077562325,3.533333333333333,3.0353449611919774,2025,12
Dallas,2026-01-01,775498,844214,27,27,-8.133746504987755,-7.771563143950544,4.851851851851852,-8.139642318179988,2026,1
Dallas,2026-02-01,677849,635160,27,27,7.042270718130798,7.274864494220597,3.925925925925926,6.7209836891491905,2026,2
Dallas,2026-03-01,842809,817037,27,27,3.3007493415246536,2.3989953665612953,4.0,3.1543247123447284,2026,3
Dallas,2026-04-01,792256,797512,29,29,2683.059084983723,-0.5676140224647239,3.7241379310344827,-0.6590496443940655,2026,4
Dallas,2026-05-01,1016690,1036214,27,27,-1.5325265540879873,-1.6231842847325892,4.888888888888889,-1.8841667840812804,2026,5
Dallas,2026-06-01,913760,875048,30,30,4.786082455864167,4.670568077448747,3.8,4.423985884202923,2026,6
Dallas,2026-07-01,931413,954896,30,30,-1.7892825400222208,-1.3794634443065086,4.0,-2.459220690001843,2026,7
Dallas,2026-08-01,799313,825548,30,30,-3.4713839476158466,-2.990279510946009,2.8333333333333335,-3.177889111232781,2026,8
"Davenport, IA-Rock Island-Moline, IL",2025-04-01,514,0,1,1,,,1.0,,2025,4
"Davenport, IA-Rock Island-Moline, IL",2025-12-01,1184,0,1,1,,,1.0,,2025,12
"Davenport, IA-Rock Island-Moline, IL",2026-02-01,5085,4201,1,1,21.04260890264223,21.04260890264223,2.0,21.04260890264223,2026,2
"Davenport, IA-Rock Island-Moline, IL",2026-03-01,10954,11659,1,1,-6.046830774508963,-6.046830774508963,3.0,-6.046830774508963,2026,3
"Davenport, IA-Rock Island-Moline, IL",2026-04-01,13845,15509,1,1,-10.729253981559095,-10.729253981559095,4.0,-10.729253981559095,2026,4
"Davenport, IA-Rock Island-Moline, IL",2026-05-01,16265,17447,1,1,-6.774803691178999,-6.774803691178999,5.0,-6.774803691178999,2026,5
"Davenport, IA-Rock Island-Moline, IL",2026-06-01,11723,13169,1,1,-10.980332599286202,-10.980332599286202,4.0,-10.980332599286202,2026,6
"Davenport, IA-Rock Island-Moline, IL",2026-07-01,11403,12640,1,1,-9.78639240506329,-9.78639240506329,4.0,-9.78639240506329,2026,7
"Davenport, IA-Rock Island-Moline, IL",2026-08-01,11471,13504,1,1,-15.054798578199053,-15.054798578199053,3.0,-15.054798578199053,2026,8
"Dayton, OH",2024-02-01,37837,40685,3,3,-6.890591089151706,-9.21684727963356,3.0,-7.000122895416001,2024,2
"Dayton, OH",2024-03-01,43056,40815,3,3,3.074966928053694,1.797515199577055,3.6666666666666665,5.490628445424476,2024,3
"Dayton, OH",2024-04-01,28359,27903,3,3,19.01848111869938,5.081532043989382,3.3333333333333335,1.6342328781851414,2024,4
"Dayton, OH",2024-05-01,35835,34876,2,2,2.334953798592608,2.334953798592608,4.0,2.7497419428833583,2024,5
"Dayton, OH",2024-06-01,47923,48185,3,3,-0.7735394401008814,-0.8135091827930482,4.0,-0.5437376777005293,2024,6
"Dayton, OH",2024-07-01,56735,55952,3,3,1.2576620084939714,1.9403905447070915,4.0,1.3994137832427795,2024,7
"Dayton, OH",2024-08-01,85917,85155,3,3,1.3431029808223036,0.9394295238456002,4.666666666666667,0.8948388233221771,2024,8
"Dayton, OH",2024-09-01,46282,49357,3,3,-6.381574861743686,-4.961832061068702,3.6666666666666665,-6.230119334643516,2024,9
"Dayton, OH",2024-10-01,58970,61891,3,3,-5.134458275789705,-4.360867558837102,4.0,-4.719587662180285,2024,10
"Dayton, OH",2024-11-01,91280,90305,3,3,1.1339202235608046,0.4924406047516199,5.0,1.079674436631416,2024,11
"Dayton, OH",2024-12-01,96663,93886,3,3,2.7381005188486793,3.1476550760551496,4.0,2.9578424898280895,2024,12
"Dayton, OH",2025-01-01,44299,42902,3,3,2.919469215475802,3.869047619047619,4.0,3.2562584494895344,2025,1
"Dayton, OH",2025-02-01,43455,49366,3,3,-11.956028961744595,-11.856801909307876,4.0,-11.973828140825669,2025,2
"Dayton, OH",2025-03-01,70293,72131,3,3,-3.0980372529791325,-1.6210823842380915,5.0,-2.548141575744132,2025,3
"Dayton, OH",2025-04-01,37909,38504,3,3,0.37923886619657754,-1.1771587336404181,3.6666666666666665,-1.5452939954290463,2025,4
"Dayton, OH",2025-05-01,61513,62814,3,3,-2.624369747903002,0.05914160189253126,5.0,-2.0711943197376383,2025,5
"Dayton, OH",2025-06-01,52818,55838,3,3,-5.441768016633141,-5.919842017862753,4.0,-5.408503169884308,2025,6
"Dayton, OH",2025-07-01,58914,59758,3,3,-1.9676393758413482,-1.159383894190524,4.0,-1.4123631982328726,2025,7
"Dayton, OH",2025-08-01,72505,73748,3,3,-1.9803174950320488,1.153456020866541,4.666666666666667,-1.685469436459294,2025,8
"Dayton, OH",2025-09-01,46193,47749,3,3,-3.087455019424025,-2.6507276507276507,3.6666666666666665,-3.258706988628034,2025,9
"Dayton, OH",2025-10-01,60437,63078,3,3,-4.510944672649906,-4.873400490062619,4.0,-4.186879736199626,2025,10
"Dayton, OH",2025-11-01,84845,85123,3,3,-0.8725037191886029,1.1689277744323616,5.0,-0.3265862340378041,2025,11
"Dayton, OH",2025-12-01,85804,90394,3,3,-6.109234448859698,-6.422449643799949,4.0,-5.0777706484943685,2025,12
"Dayton, OH",2026-01-01,54209,54377,3,3,-0.7595348192145487,-0.18396277459149443,5.0,-0.3089541534104493,2026,1
"Dayton, OH",2026-02-01,44448,40765,3,3,8.271317413305903,9.83170254403131,4.0,9.034711149270207,2026,2
"Dayton, OH",2026-03-01,60331,57733,3,3,3.6838614080487315,6.372630528766213,4.0,4.500025981674259,2026,3
"Dayton, OH",2026-04-01,41849,40175,3,3,12.671068231868041,7.465277777777778,3.6666666666666665,4.166770379589297,2026,4
"Dayton, OH",2026-05-01,67758,69236,3,3,-2.7947961202457896,-2.731622444541105,5.0,-2.1347275983592353,2026,5
"Dayton, OH",2026-06-01,56374,54359,3,3,2.8657614554214916,4.585067998889814,4.0,3.706837874133078,2026,6
"Dayton, OH",2026-07-01,54107,54363,3,3,-1.2614061667316339,-1.793238105025177,4.0,-0.47090852234056246,2026,7
"Dayton, OH",2026-08-01,49835,52075,3,3,-5.2363793478795175,-4.832861471216411,2.6666666666666665,-4.3014882381180986,2026,8
"Denver, CO",2024-02-01,176389,157924,10,10,11.662051363386809,10.195045644767214,3.0,11.692333020946785,2024,2
"Denver, CO",2024-03-01,322491,289702,10,10,14.264546533321251,14.32035488807422,5.0,11.3181821319839,2024,3
"Denver, CO",2024-04-01,208511,194403,10,10,8.57960066738093,9.619374286023017,4.0,7.257089653966245,2024,4
"Denver, CO",2024-05-01,251694,229709,10,10,10.602095619029717,10.426164318199206,4.0,9.570804800856736,2024,5
"Denver, CO",2024-06-01,304365,287580,10,10,8.267080666053648,8.115942387970472,4.9,5.8366367619445025,2024,6
"Denver, CO",2024-07-01,261759,248175,10,10,6.883855315111498,5.397374815233894,4.0,5.47355696585071,2024,7
"Denver, CO",2024-08-01,430038,412548,10,10,6.205178535284599,5.925577484281224,4.8,4.23950667558684,2024,8
"Denver, CO",2024-09-01,247857,241234,10,10,4.541954220650592,5.022165540296188,3.9,2.745467056882529,2024,9
"Denver, CO",2024-10-01,231481,231184,10,10,1.0542053598972636,2.322750669323215,3.8,0.12846909820748842,2024,10
"Denver, CO",2024-11-01,359926,336679,11,11,9.756979441011302,10.508828418306571,4.636363636363637,6.904796556957813,2024,11
"Denver, CO",2024-12-01,420299,417219,11,11,2.856789540572933,2.3293029014937554,3.727272727272727,0.7382214136940072,2024,12
"Denver, CO",2025-01-01,233047,229213,11,11,2.6748230133897373,2.4243545849912094,3.909090909090909,1.6726799963352863,2025,1
"Denver, CO",2025-02-01,224551,240519,11,11,-4.71213339466587,-4.787234042553192,4.0,-6.638976546551416,2025,2
"Denver, CO",2025-03-01,333480,335365,11,11,-0.03495348293215505,-0.23446041175463322,4.636363636363637,-0.5620741580069476,2025,3
"Denver, CO",2025-04-01,264656,255486,11,11,-4.668525895500036,4.825488477599628,3.727272727272727,3.5892377664529564,2025,4
"Denver, CO",2025-05-01,316920,317225,11,11,-0.19434124887579654,1.1107024641412284,4.909090909090909,-0.09614626842146741,2025,5
"Denver, CO",2025-06-01,264255,271752,11,11,-2.515067847160168,-2.9663623030704453,4.0,-2.7587653448732667,2025,6
"Denver, CO",2025-07-01,275790,274244,11,11,0.5531011286261592,-0.04568296025582458,4.0,0.5637315675092254,2025,7
"Denver, CO",2025-08-01,409829,402323,11,11,1.9978557797545136,2.7097327426039732,5.0,1.8656651496434455,2025,8
"Denver, CO",2025-09-01,262457,270632,11,11,-2.872561112360604,-2.5787965616045847,4.0,-3.020707085636584,2025,9
"Denver, CO",2025-10-01,277743,284909,11,11,-1.7522777330528498,-1.9414124854394064,4.0,-2.515189060366643,2025,10
"Denver, CO",2025-11-01,378590,395303,11,11,-4.009426859804169,-2.4321156475874193,4.818181818181818,-4.227896069597246,2025,11
"Denver, CO",2025-12-01,409718,409879,12,12,-7.3694026395418,0.2398413753659514,3.75,-0.03927988503924329,2025,12
"Denver, CO",2026-01-01,247447,234543,11,11,5.252339541279091,6.5048758865248235,4.7272727272727275,5.501763002946155,2026,1
"Denver, CO",2026-02-01,190428,177201,10,10,8.85033312014439,9.837596018676933,4.0,7.46440482841519,2026,2
"Denver, CO",2026-03-01,209931,210354,9,9,0.9865159053555959,-0.14733922690240941,4.0,-0.20108959183091363,2026,3
"Denver, CO",2026-04-01,194577,198951,10,10,-2.416936257579451,-1.1021545248572473,3.7,-2.198531296650934,2026,4
"Denver, CO",2026-05-01,242724,243942,9,9,0.49350512445134925,-0.9355823077696924,4.888888888888889,-0.49929901369997787,2026,5
"Denver, CO",2026-06-01,198501,195370,11,11,4.496427287423277,3.4041271275794545,3.5454545454545454,1.6026001945027384,2026,6
"Denver, CO",2026-07-01,206940,209531,10,10,-1.6324055110837126,-1.3804121250899928,3.9,-1.2365711994883812,2026,7
"Denver, CO",2026-08-01,193088,198057,11,11,-1.1419081265943163,-2.6784088463639524,2.727272727272727,-2.5088737080739385,2026,8
"Des Moines-Ames, IA",2024-02-01,11074,10326,1,1,7.243850474530311,7.243850474530311,3.0,7.243850474530311,2024,2
"Des Moines-Ames, IA",2024-03-01,20610,18637,1,1,10.586467779149004,10.586467779149004,5.0,10.586467779149004,2024,3
"Des Moines-Ames, IA",2024-04-01,13132,13348,1,1,-1.6182199580461494,-1.6182199580461494,4.0,-1.6182199580461494,2024,4
"Des Moines-Ames, IA",2024-05-01,16476,15635,1,1,5.378957467220979,5.378957467220979,4.0,5.378957467220979,2024,5
"Des Moines-Ames, IA",2024-06-01,20382,19369,1,1,5.230006711755899,5.230006711755899,5.0,5.230006711755899,2024,6
"Des Moines-Ames, IA",2024-07-01,16139,15730,1,1,2.6001271455816912,2.6001271455816912,4.0,2.6001271455816912,2024,7
"Des Moines-Ames, IA",2024-08-01,8423,7935,1,1,6.149968494013862,6.149968494013862,3.0,6.149968494013862,2024,8
"Des Moines-Ames, IA",2024-09-01,13262,12876,1,1,2.997825411618515,2.997825411618515,4.0,2.997825411618515,2024,9
"Des Moines-Ames, IA",2024-10-01,8660,9194,1,1,-5.808135740700457,-5.808135740700457,3.0,-5.808135740700457,2024,10
"Des Moines-Ames, IA",2024-11-01,13432,13434,1,1,-0.014887598630340925,-0.014887598630340925,5.0,-0.014887598630340925,2024,11
"Des Moines-Ames, IA",2024-12-01,16880,17946,1,1,-5.9400423492700325,-5.9400423492700325,3.0,-5.9400423492700325,2024,12
"Des Moines-Ames, IA",2025-01-01,12321,11582,1,1,6.380590571576585,6.380590571576585,4.0,6.380590571576585,2025,1
"Des Moines-Ames, IA",2025-02-01,12569,14979,1,1,-16.08919153481541,-16.08919153481541,4.0,-16.08919153481541,2025,2
"Des Moines-Ames, IA",2025-03-01,20646,21132,1,1,-2.2998296422487225,-2.2998296422487225,5.0,-2.2998296422487225,2025,3
"Des Moines-Ames, IA",2025-04-01,15763,14943,2,2,-0.22083918891788798,-0.22083918891788798,2.5,5.487519239777822,2025,4
"Des Moines-Ames, IA",2025-05-01,16917,17776,1,1,-4.832358235823583,-4.832358235823583,5.0,-4.832358235823583,2025,5
"Des Moines-Ames, IA",2025-06-01,15780,17999,1,1,-12.328462692371799,-12.328462692371799,4.0,-12.328462692371799,2025,6
"Des Moines-Ames, IA",2025-07-01,17004,17110,1,1,-0.619520748100526,-0.619520748100526,4.0,-0.619520748100526,2025,7
"Des Moines-Ames, IA",2025-08-01,23083,23768,1,1,-2.882026253786604,-2.882026253786604,5.0,-2.882026253786604,2025,8
"Des Moines-Ames, IA",2025-09-01,15460,16796,1,1,-7.954274827339843,-7.954274827339843,4.0,-7.954274827339843,2025,9
"Des Moines-Ames, IA",2025-10-01,16818,17377,1,1,-3.21689589687518,-3.21689589687518,4.0,-3.21689589687518,2025,10
"Des Moines-Ames, IA",2025-11-01,25382,24963,1,1,1.6784841565516966,1.6784841565516966,5.0,1.6784841565516966,2025,11
"Des Moines-Ames, IA",2025-12-01,25308,22976,2,2,1.9933844011142061,1.9933844011142061,2.5,10.149721448467966,2025,12
"Des Moines-Ames, IA",2026-01-01,16875,16139,1,1,4.560381684119214,4.560381684119214,5.0,4.560381684119214,2026,1
"Des Moines-Ames, IA",2026-02-01,12781,11811,1,1,8.21268309203285,8.21268309203285,4.0,8.21268309203285,2026,2
"Des Moines-Ames, IA",2026-03-01,20988,20040,2,2,2.6535343091908365,2.6535343091908365,2.5,4.730538922155689,2026,3
"Des Moines-Ames, IA",2026-04-01,36939,35923,2,2,2.9355801650104536,2.9355801650104536,4.0,2.8282715808813292,2026,4
"Des Moines-Ames, IA",2026-05-01,46911,45509,2,2,2.9297208286891636,2.9297208286891636,5.0,3.080709310246325,2026,5
"Des Moines-Ames, IA",2026-06-01,40096,36178,2,2,11.289613083923022,11.289613083923022,4.0,10.829786057825197,2026,6
"Des Moines-Ames, IA",2026-07-01,35793,35720,2,2,0.300416351322201,0.300416351322201,4.0,0.2043673012318029,2026,7
"Des Moines-Ames, IA",2026-08-01,26851,24989,2,2,7.37410779611935,7.37410779611935,2.5,7.45127856256753,2026,8
Detroit,2024-02-01,200164,191133,11,11,5.0007973259392,5.291104741318547,3.0,4.724982080540776,2024,2
Detroit,2024-03-01,352352,319804,11,11,10.84551693630671,9.169128033902659,5.0,10.177483708771623,2024,3
Detroit,2024-04-01,233690,240521,12,12,-3.393133389145494,-1.5414444983034414,3.75,-2.840084649573218,2024,4
Detroit,2024-05-01,293366,275281,11,11,6.055945991441999,7.7647358208480455,4.0,6.569650647883435,2024,5
Detroit,2024-06-01,371257,359158,12,12,1.9997745425645732,2.637221923343589,4.833333333333333,3.3687123772824212,2024,6
Detroit,2024-07-01,293306,282102,12,12,3.4940732488753956,3.5427870181666776,4.0,3.9716131044799403,2024,7
Detroit,2024-08-01,458120,436035,12,12,3.3811854086569753,3.442294004652327,4.583333333333333,5.064960381620741,2024,8
Detroit,2024-09-01,273082,267703,11,11,1.4860565977017095,1.3712047012732616,3.909090909090909,2.009316294550304,2024,9
Detroit,2024-10-01,269669,260825,13,13,2.171930985925546,2.324188983235358,3.769230769230769,3.390779258123263,2024,10
Detroit,2024-11-01,415201,397777,14,14,3.5668051790612987,2.9703989703989704,4.714285714285714,4.380343760448693,2024,11
Detroit,2024-12-01,433720,414873,14,14,3.9739734505138262,3.2753119825532084,3.7857142857142856,4.542836000414584,2024,12
Detroit,2025-01-01,258077,241437,14,14,5.844089985754481,5.84617690738601,3.7857142857142856,6.892067081681764,2025,1
Detroit,2025-02-01,262387,304465,14,14,-14.25650534667615,-15.481566530035948,4.0,-13.82030775294369,2025,2
Detroit,2025-03-01,384928,403996,14,14,-5.361003570575563,-8.118322686562092,4.857142857142857,-4.71984871137338,2025,3
Detroit,2025-04-01,300978,300625,14,14,0.3576636791842584,-0.072080407203237,3.7857142857142856,0.11742203742203743,2025,4
Detroit,2025-05-01,351117,358731,14,14,-2.4131405271520303,-4.567343556846239,4.857142857142857,-2.122481748162272,2025,5
Detroit,2025-06-01,331581,340765,14,14,-2.959849247140575,-3.8246485081434685,4.0,-2.6951124675362785,2025,6
Detroit,2025-07-01,335908,326790,14,14,1.771123231897482,0.6565413510682079,3.9285714285714284,2.790171057865908,2025,7
Detroit,2025-08-01,439530,429821,13,13,1.9507942991075677,1.0540374688661878,5.0,2.2588472875918115,2025,8
Detroit,2025-09-01,281841,287014,13,13,-2.608064221891463,-3.811366131646364,4.0,-1.802351104824155,2025,9
Detroit,2025-10-01,295621,316900,12,12,-7.283274921115027,-7.614616450508457,4.0,-6.714736509940044,2025,10
Detroit,2025-11-01,417564,425355,13,13,-3.1941768246385824,-3.343267726991059,4.6923076923076925,-1.8316465070352999,2025,11
Detroit,2025-12-01,373625,397337,15,15,-3.165170389729127,-5.7228395856804894,3.4,-5.967730163563926,2025,12
Detroit,2026-01-01,275640,294918,14,14,-7.155912751119561,-6.422556420262135,4.714285714285714,-6.536732244217037,2026,1
Detroit,2026-02-01,258768,242750,14,14,6.301314574534282,8.566267838094166,4.0,6.598558187435634,2026,2
Detroit,2026-03-01,317299,323047,14,14,-1.9797923485411884,0.8254992302413179,4.0,-1.7793076549232776,2026,3
Detroit,2026-04-01,315176,321379,15,15,-3.230602823480385,0.5003237388898699,3.933333333333333,-1.9301198896007516,2026,4
Detroit,2026-05-01,414996,424385,16,16,-1.8530720015357922,-2.8354146091733208,4.6875,-2.212377911566149,2026,5
Detroit,2026-06-01,380027,392078,16,16,-2.555023839481568,-2.2294098048045496,4.0,-3.0736231056065373,2026,6
Detroit,2026-07-01,339421,360697,16,16,-5.4366862052586455,-5.673933711882039,3.9375,-5.898579694314064,2026,7
Detroit,2026-08-01,249380,260490,16,16,-5.4046624528338985,-3.1248359464028876,2.625,-4.265038965027449,2026,8
"Dothan, AL",2024-04-01,853,0,1,1,,,1.0,,2024,4
"Dothan, AL",2025-01-01,12745,14071,1,1,-9.423637268140146,-9.423637268140146,3.0,-9.423637268140146,2025,1
"Dothan, AL",2025-02-01,18793,21045,1,1,-10.70087906866239,-10.70087906866239,4.0,-10.70087906866239,2025,2
"Dothan, AL",2025-03-01,28157,29907,1,1,-5.851472899321229,-5.851472899321229,5.0,-5.851472899321229,2025,3
"Dothan, AL",2025-04-01,20652,20593,1,1,0.2865051231000826,0.2865051231000826,4.0,0.2865051231000826,2025,4
"Dothan, AL",2025-05-01,24420,27139,1,1,-10.0187921441468,-10.0187921441468,5.0,-10.0187921441468,2025,5
"Dothan, AL",2025-06-01,18714,19977,1,1,-6.3222706112028835,-6.3222706112028835,4.0,-6.3222706112028835,2025,6
"Dothan, AL",2025-07-01,23403,23966,1,1,-2.349161311858466,-2.349161311858466,4.0,-2.349161311858466,2025,7
"Dothan, AL",2025-08-01,30427,29259,1,1,3.9919341057452407,3.9919341057452407,5.0,3.9919341057452407,2025,8
"Dothan, AL",2025-09-01,19026,18688,1,1,1.8086472602739725,1.8086472602739725,4.0,1.8086472602739725,2025,9
"Dothan, AL",2025-10-01,21469,21712,1,1,-1.1191967575534267,-1.1191967575534267,4.0,-1.1191967575534267,2025,10
"Dothan, AL",2025-11-01,32124,30442,1,1,5.525261152355299,5.525261152355299,5.0,5.525261152355299,2025,11
"Dothan, AL",2025-12-01,35009,34400,1,1,1.7703488372093024,1.7703488372093024,4.0,1.7703488372093024,2025,12
"Dothan, AL",2026-01-01,21818,20952,1,1,4.1332569683085145,4.1332569683085145,5.0,4.1332569683085145,2026,1
"Dothan, AL",2026-02-01,17699,16195,1,1,9.2868169188021,9.2868169188021,4.0,9.2868169188021,2026,2
"Dothan, AL",2026-03-01,23845,22030,1,1,8.238765320018157,8.238765320018157,4.0,8.238765320018157,2026,3
"Dothan, AL",2026-04-01,21686,20652,1,1,5.006779004454774,5.006779004454774,4.0,5.006779004454774,2026,4
"Dothan, AL",2026-05-01,26372,24420,1,1,7.993447993447994,7.993447993447994,5.0,7.993447993447994,2026,5
"Dothan, AL",2026-06-01,20366,19313,1,1,5.452286024957282,5.452286024957282,4.0,5.452286024957282,2026,6
"Dothan, AL",2026-07-01,23657,22857,1,1,3.50002187513672,3.50002187513672,4.0,3.50002187513672,2026,7
"Dothan, AL",2026-08-01,19931,18735,1,1,6.383773685615159,6.383773685615159,3.0,6.383773685615159,2026,8
El Paso,2024-02-01,97948,92704,5,5,2.158783366768993,2.3322141593559333,2.6,5.65671384190542,2024,2
El Paso,2024-03-01,185669,171732,4,4,9.106238985191265,8.087788121408936,5.0,8.115552139379965,2024,3
El Paso,2024-04-01,122244,117512,6,6,1259.129607818009,6.449070729625009,3.0,4.0268227925658655,2024,4
El Paso,2024-05-01,152453,145832,4,4,5.115184455908084,6.198325438564192,4.0,4.540155795710133,2024,5
El Paso,2024-06-01,222027,221481,5,5,0.4305085823838688,0.4305659170840882,4.8,0.24652227504842403,2024,6
El Paso,2024-07-01,211348,216040,5,5,0.369178625214737,3.2818177636723243,4.0,-2.1718200333271613,2024,7
El Paso,2024-08-01,275955,278008,5,5,3.576854783069907,9.568140677527799,4.6,-0.7384679577566113,2024,8
El Paso,2024-09-01,200325,195526,5,5,5.2103638010405415,8.460468058191019,4.0,2.4544050407618423,2024,9
El Paso,2024-10-01,201994,208568,5,5,0.07108932947116813,3.2565947242206232,4.0,-3.1519696214184343,2024,10
El Paso,2024-11-01,316657,315929,6,6,2.661599479281132,5.705603748281189,4.333333333333333,0.23043152100630204,2024,11
El Paso,2024-12-01,342970,339438,6,6,1.3811728870606292,3.4765917815687253,3.5,1.040543486586652,2024,12
El Paso,2025-01-01,214913,203943,7,7,6.414788218027155,10.005482456140351,3.5714285714285716,5.378953923400165,2025,1
El Paso,2025-02-01,240398,247944,7,7,-1.6637226732002237,-0.7382600007401102,4.0,-3.0434291614235476,2025,2
El Paso,2025-03-01,333629,354389,7,7,-5.06345787082591,-3.168792669780812,5.0,-5.857969632240279,2025,3
El Paso,2025-04-01,275700,261407,7,7,5.695009868589141,8.074523603107417,4.0,5.4677189210694435,2025,4
El Paso,2025-05-01,331030,334284,7,7,-0.10255060178038912,-1.2960012435394241,5.0,-0.9734237953357026,2025,5
El Paso,2025-06-01,263657,259086,7,7,3.300828379148436,6.303787926377286,4.0,1.764279042480103,2025,6
El Paso,2025-07-01,283173,279994,7,7,1.2620329565955828,0.42306269650453115,3.857142857142857,1.135381472460124,2025,7
El Paso,2025-08-01,362987,341300,7,7,6.749742633668894,7.1362586605080836,5.0,6.354233811895693,2025,8
El Paso,2025-09-01,281516,304582,8,8,-6.504384696944927,-6.211461105977095,4.0,-7.573001687558686,2025,9
El Paso,2025-10-01,296988,313591,8,8,-4.079082369212043,-3.107037319859728,4.0,-5.294475925648377,2025,10
El Paso,2025-11-01,458259,473022,8,8,-2.2848907737432125,-2.579012206563047,5.0,-3.12099648642135,2025,11
El Paso,2025-12-01,444046,459778,8,8,-2.942040709556051,-1.4391252501618457,4.0,-3.4216513186798845,2025,12
El Paso,2026-01-01,309182,323439,8,8,-3.029810213805864,-2.27710617912347,5.0,-4.407940910032495,2026,1
El Paso,2026-02-01,253829,253241,8,8,0.9510408298654993,0.6854921628673375,4.0,0.2321898902626352,2026,2
El Paso,2026-03-01,303090,301452,8,8,1.6543450687708074,0.8553623079139493,4.0,0.5433700887703515,2026,3
El Paso,2026-04-01,294298,311559,8,8,-4.183382884230954,-3.785926379734309,4.0,-5.540202658244506,2026,4
El Paso,2026-05-01,369247,390686,8,8,-3.901913617328429,-1.675929943451099,5.0,-5.4875270677730965,2026,5
El Paso,2026-06-01,272993,301762,8,8,-6.82670052121582,-5.080225918329173,4.0,-9.533672231758803,2026,6
El Paso,2026-07-01,257518,281046,7,7,-5.773819717887008,-4.138313199601019,4.0,-8.371583299531038,2026,7
El Paso,2026-08-01,200772,224100,7,7,-7.580501906258628,-6.793788202263622,3.0,-10.409638554216867,2026,8
"Elmira (Corning), NY",2025-04-01,959,0,1,1,,,1.0,,2025,4
"Elmira (Corning), NY",2025-12-01,2092,0,1,1,,,1.0,,2025,12
"Elmira (Corning), NY",2026-02-01,25466,24660,1,1,3.2684509326845093,3.2684509326845093,4.0,3.2684509326845093,2026,2
"Erie, PA",2025-04-01,776,0,1,1,,,1.0,,2025,4
"Erie, PA",2025-12-01,1448,0,1,1,,,1.0,,2025,12
"Erie, PA",2026-02-01,9764,8285,1,1,17.851538925769464,17.851538925769464,3.0,17.851538925769464,2026,2
"Erie, PA",2026-03-01,21330,20513,1,1,3.9828401501486868,3.9828401501486868,4.0,3.9828401501486868,2026,3
"Erie, PA",2026-04-01,18206,17563,1,1,3.6611057336445936,3.6611057336445936,4.0,3.6611057336445936,2026,4
"Erie, PA",2026-05-01,21062,21797,1,1,-3.372023672982521,-3.372023672982521,5.0,-3.372023672982521,2026,5
"Erie, PA",2026-06-01,19313,18577,1,1,3.9618883565699523,3.9618883565699523,4.0,3.9618883565699523,2026,6
"Erie, PA",2026-07-01,17708,17885,1,1,-0.9896561364271736,-0.9896561364271736,4.0,-0.9896561364271736,2026,7
"Erie, PA",2026-08-01,19452,20072,1,1,-3.088880031885213,-3.088880031885213,3.0,-3.088880031885213,2026,8
"Evansville, IN",2024-02-01,23516,23031,2,2,2.4422707101555696,2.4422707101555696,3.0,2.1058573227389172,2024,2
"Evansville, IN",2024-03-01,41781,37795,2,2,10.806572759358083,10.806572759358083,5.0,10.546368567270804,2024,3
"Evansville, IN",2024-04-01,26320,27358,2,2,-3.506552177145694,-3.506552177145694,4.0,-3.7941369983185904,2024,4
"Evansville, IN",2024-05-01,30824,29951,2,2,2.9518906038578354,2.9518906038578354,4.0,2.9147607759340257,2024,5
"Evansville, IN",2024-06-01,38540,36999,2,2,4.322471578109191,4.322471578109191,5.0,4.164977431822481,2024,6
"Evansville, IN",2024-07-01,34251,34648,2,2,-1.2333786797853126,-1.2333786797853126,4.0,-1.1458092819210344,2024,7
"Evansville, IN",2024-08-01,37418,39003,2,2,-4.9387199490265905,-4.9387199490265905,3.5,-4.063789964874497,2024,8
"Evansville, IN",2024-09-01,16725,16302,2,2,-14.25886421112392,-14.25886421112392,2.5,2.5947736474052263,2024,9
"Evansville, IN",2024-10-01,26319,26831,2,2,-1.5540958559660358,-1.5540958559660358,3.5,-1.9082404681152398,2024,10
"Evansville, IN",2024-11-01,49588,48042,2,2,2.9509494561160072,2.9509494561160072,5.0,3.218017567961367,2024,11
"Evansville, IN",2024-12-01,58147,56797,2,2,2.1125770226530878,2.1125770226530878,4.0,2.3768861031392503,2024,12
"Evansville, IN",2025-01-01,25959,25386,2,2,2.0514866365270725,2.0514866365270725,4.0,2.257149610021272,2025,1
"Evansville, IN",2025-02-01,27441,30534,2,2,-10.518819123188495,-10.518819123188495,4.0,-10.129691491452151,2025,2
"Evansville, IN",2025-03-01,40278,42099,2,2,-4.635260103821523,-4.635260103821523,5.0,-4.325518420865103,2025,3
"Evansville, IN",2025-04-01,31681,29829,2,2,5.647029931397229,5.647029931397229,4.0,6.2087230547453816,2025,4
"Evansville, IN",2025-05-01,38934,38064,2,2,2.015681475754984,2.015681475754984,5.0,2.28562421185372,2025,5
"Evansville, IN",2025-06-01,30496,30520,2,2,-0.3254859117970589,-0.3254859117970589,4.0,-0.07863695937090433,2025,6
"Evansville, IN",2025-07-01,35125,35570,2,2,-1.4935250821699846,-1.4935250821699846,4.0,-1.2510542592071972,2025,7
"Evansville, IN",2025-08-01,47568,46947,2,2,0.9285033535820553,0.9285033535820553,5.0,1.3227682280017892,2025,8
"Evansville, IN",2025-09-01,29504,32324,2,2,-9.629784910175168,-9.629784910175168,4.0,-8.724167801014726,2025,9
"Evansville, IN",2025-10-01,31183,32884,2,2,-5.425004448336368,-5.425004448336368,3.5,-5.1727283785427565,2025,10
"Evansville, IN",2025-11-01,38444,35723,2,2,6.396989787087879,6.396989787087879,4.0,7.616941466282228,2025,11
"Evansville, IN",2025-12-01,55946,54744,2,2,2.741850481263868,2.741850481263868,4.0,2.195674411807687,2025,12
"Evansville, IN",2026-01-01,33644,31732,2,2,5.753189402167514,5.753189402167514,5.0,6.025463254758604,2026,1
"Evansville, IN",2026-02-01,31848,27683,2,2,16.637729298851994,16.637729298851994,4.0,15.04533468193476,2026,2
"Evansville, IN",2026-03-01,37221,33681,2,2,11.371169722033805,11.371169722033805,4.0,10.510376770285918,2026,3
"Evansville, IN",2026-04-01,32952,31374,2,2,5.341561771130646,5.341561771130646,4.0,5.02964237903997,2026,4
"Evansville, IN",2026-05-01,42829,41517,2,2,3.9177273180907015,3.9177273180907015,5.0,3.1601512633379096,2026,5
"Evansville, IN",2026-06-01,31947,31021,2,2,3.3224591822354763,3.3224591822354763,4.0,2.9850746268656714,2026,6
"Evansville, IN",2026-07-01,30764,31448,2,2,-2.1093802497276424,-2.1093802497276424,4.0,-2.175019079114729,2026,7
"Evansville, IN",2026-08-01,31626,31674,2,2,-0.0550481047818836,-0.0550481047818836,3.0,-0.1515438530024626,2026,8
"Flint-Saginaw-Bay City, MI",2024-02-01,24794,24107,2,2,2.581047411485197,2.581047411485197,3.0,2.8497946654498696,2024,2
"Flint-Saginaw-Bay City, MI",2024-03-01,42949,41780,2,2,2.830282355550075,2.830282355550075,5.0,2.7979894686452846,2024,3
"Flint-Saginaw-Bay City, MI",2024-04-01,27363,30937,2,2,-10.97367680524087,-10.97367680524087,4.0,-11.552509939554579,2024,4
"Flint-Saginaw-Bay City, MI",2024-05-01,30289,31048,2,2,-1.5366810593956814,-1.5366810593956814,4.0,-2.4446019067250706,2024,5
"Flint-Saginaw-Bay City, MI",2024-06-01,33636,34665,2,2,-0.8819428372721032,-0.8819428372721032,5.0,-2.9684119428818696,2024,6
"Flint-Saginaw-Bay City, MI",2024-07-01,29200,32270,2,2,-9.047404218784461,-9.047404218784461,4.0,-9.513480012395412,2024,7
"Flint-Saginaw-Bay City, MI",2024-08-01,47766,51543,2,2,-5.302115583836725,-5.302115583836725,5.0,-7.327862173331005,2024,8
"Flint-Saginaw-Bay City, MI",2024-09-01,31116,34501,2,2,-9.225512998080882,-9.225512998080882,4.0,-9.81130981710675,2024,9
"Flint-Saginaw-Bay City, MI",2024-10-01,34346,37232,2,2,-7.0596070596070595,-7.0596070596070595,4.0,-7.751396648044692,2024,10
"Flint-Saginaw-Bay City, MI",2024-11-01,43662,45297,2,2,-3.385590553265509,-3.385590553265509,5.0,-3.609510563613484,2024,11
"Flint-Saginaw-Bay City, MI",2024-12-01,49646,52189,2,2,-3.864585264032667,-3.864585264032667,4.0,-4.872674318342946,2024,12
"Flint-Saginaw-Bay City, MI",2025-01-01,25295,25743,2,2,-0.8747716381657304,-0.8747716381657304,4.0,-1.7402789107718604,2025,1
"Flint-Saginaw-Bay City, MI",2025-02-01,17165,19831,2,2,-12.567061339998496,-12.567061339998496,3.0,-13.443598406535223,2025,2
"Flint-Saginaw-Bay City, MI",2025-03-01,18636,19196,1,1,-2.9172744321733695,-2.9172744321733695,5.0,-2.9172744321733695,2025,3
"Flint-Saginaw-Bay City, MI",2025-04-01,14980,13398,3,3,56.152508355690735,56.152508355690735,2.3333333333333335,11.80773249738767,2025,4
"Flint-Saginaw-Bay City, MI",2025-05-01,15715,15747,1,1,-0.2032133104718359,-0.2032133104718359,5.0,-0.2032133104718359,2025,5
"Flint-Saginaw-Bay City, MI",2025-06-01,13775,14285,2,2,-0.4683597190808966,-0.4683597190808966,3.0,-3.5701785089254465,2025,6
"Flint-Saginaw-Bay City, MI",2025-07-01,13578,12773,1,1,6.302356533312456,6.302356533312456,4.0,6.302356533312456,2025,7
"Flint-Saginaw-Bay City, MI",2025-08-01,23273,23421,1,1,-0.631911532385466,-0.631911532385466,5.0,-0.631911532385466,2025,8
"Flint-Saginaw-Bay City, MI",2025-09-01,15384,15195,1,1,1.2438302073050345,1.2438302073050345,4.0,1.2438302073050345,2025,9
"Flint-Saginaw-Bay City, MI",2025-10-01,32222,34587,2,2,-6.348656827082306,-6.348656827082306,4.0,-6.837829242200827,2025,10
"Flint-Saginaw-Bay City, MI",2025-11-01,41219,41924,2,2,-1.9189499004637733,-1.9189499004637733,5.0,-1.6816143497757847,2025,11
"Flint-Saginaw-Bay City, MI",2025-12-01,33987,33346,3,3,-5.287161638838663,-5.287161638838663,3.0,1.922269537575721,2025,12
"Flint-Saginaw-Bay City, MI",2026-01-01,30250,30719,3,3,-2.1130118597136627,-0.7607718376097932,3.3333333333333335,-1.5267424069793938,2026,1
"Flint-Saginaw-Bay City, MI",2026-02-01,32008,27508,2,2,16.62287138532087,16.62287138532087,4.0,16.358877417478553,2026,2
"Flint-Saginaw-Bay City, MI",2026-03-01,37047,34323,2,2,8.187272584174545,8.187272584174545,4.0,7.936369198496634,2026,3
"Flint-Saginaw-Bay City, MI",2026-04-01,36006,33510,3,3,13.740596780804117,9.075096422899493,3.3333333333333335,7.448522829006267,2026,4
"Flint-Saginaw-Bay City, MI",2026-05-01,41780,39084,2,2,6.726397106898859,6.726397106898859,5.0,6.8979633609661235,2026,5
"Flint-Saginaw-Bay City, MI",2026-06-01,37482,34674,3,3,4.880747008844082,4.723476297968397,3.6666666666666665,8.098286900847897,2026,6
"Flint-Saginaw-Bay City, MI",2026-07-01,38730,36428,3,3,5.168146816304874,4.87241531016278,4.0,6.319314812781377,2026,7
"Flint-Saginaw-Bay City, MI",2026-08-01,40402,42675,3,3,-4.174146674204915,-4.899904671115348,3.0,-5.326303456356181,2026,8
Fort Myers,2024-02-01,96348,96980,5,5,0.0051065045658939216,1.1303129378794956,3.0,-0.6516807589193648,2024,2
Fort Myers,2024-03-01,166877,160155,5,5,4.820320360001717,6.091941103742834,5.0,4.197183978021292,2024,3
Fort Myers,2024-04-01,117524,117568,6,6,-0.5321232330255811,-0.19739976856578859,3.5,-0.037425149700598806,2024,4
Fort Myers,2024-05-01,125096,121175,5,5,3.8517638377789702,2.724469602834921,4.0,3.235815968640396,2024,5
Fort Myers,2024-06-01,155659,153372,5,5,1.7926990404890908,2.1178312781366215,5.0,1.4911457110815534,2024,6
Fort Myers,2024-07-01,117093,116725,5,5,0.5698825725445691,0.800725185073274,4.0,0.31527093596059114,2024,7
Fort Myers,2024-08-01,179330,170252,5,5,5.08976579132506,2.868991419107483,5.0,5.332095951883091,2024,8
Fort Myers,2024-09-01,103283,100491,5,5,1.82912667562187,2.1408406524466748,3.8,2.7783582609387905,2024,9
Fort Myers,2024-10-01,90989,96772,5,5,-5.736386398556768,-4.959218908138358,4.0,-5.975902120448064,2024,10
Fort Myers,2024-11-01,175972,158445,6,6,10.710445054020495,12.237769730216213,4.0,11.061882672220644,2024,11
Fort Myers,2024-12-01,212945,197906,6,6,5.6896556449293225,5.563888888888889,3.5,7.599062181035442,2024,12
Fort Myers,2025-01-01,168170,148666,7,7,12.487987051932887,10.255346313437599,3.5714285714285716,13.11934134233786,2025,1
Fort Myers,2025-02-01,162586,166840,7,7,-3.14582701497098,-2.787136294027565,4.0,-2.54974826180772,2025,2
Fort Myers,2025-03-01,227019,227539,7,7,-0.6670339503248816,-1.002831524303917,5.0,-0.228532251614009,2025,3
Fort Myers,2025-04-01,180992,174968,7,7,3.2920428101428043,4.519111356423347,4.0,3.442915275936171,2025,4
Fort Myers,2025-05-01,200314,199087,7,7,0.7083880373949965,1.5083835048876804,4.714285714285714,0.6163134709950926,2025,5
Fort Myers,2025-06-01,160446,163399,7,7,-2.0236908531789886,-1.2957648491173146,4.0,-1.8072326024027074,2025,6
Fort Myers,2025-07-01,180380,175843,7,7,2.6838685699631006,1.5677032634868588,4.0,2.580142513492149,2025,7
Fort Myers,2025-08-01,192735,190342,8,8,-0.5204877455245921,1.8988275189939547,4.375,1.2572107049416315,2025,8
Fort Myers,2025-09-01,167996,171064,8,8,-3.4169628150834646,-2.1312319409138265,4.0,-1.7934808025066644,2025,9
Fort Myers,2025-10-01,172132,165602,8,8,2.2168926955241623,6.828580394738658,4.0,3.9431890919191797,2025,10
Fort Myers,2025-11-01,285024,295987,8,8,-5.284889125648715,-5.240478991722317,5.0,-3.703878886572721,2025,11
Fort Myers,2025-12-01,325104,336098,10,10,-5.766661199469729,-10.076263484411427,3.7,-3.271069747514118,2025,12
Fort Myers,2026-01-01,272745,271753,9,9,-0.6905573366980219,-0.03681342953909586,5.0,0.3650373684927121,2026,1
Fort Myers,2026-02-01,199578,185224,9,9,6.330097932735829,7.867647058823529,4.0,7.749535697317842,2026,2
Fort Myers,2026-03-01,234215,230938,10,10,0.011144218576432597,-0.33309568843585313,3.8,1.418995574569798,2026,3
Fort Myers,2026-04-01,245244,247467,10,10,-1.1471509497862182,-1.4083831108736047,4.0,-0.8983015917273818,2026,4
Fort Myers,2026-05-01,294052,295102,10,10,-0.7163039676658821,-1.4305512373107505,4.8,-0.35580917784359306,2026,5
Fort Myers,2026-06-01,235570,224682,10,10,4.997316075117283,4.964531148940718,4.0,4.845960068007228,2026,6
Fort Myers,2026-07-01,229024,230071,10,10,-1.4713937665069163,-3.110275957830927,4.0,-0.45507691104050485,2026,7
Fort Myers,2026-08-01,163675,169961,9,9,-3.9003371895091874,-4.00293793609989,3.0,-3.698495537211478,2026,8
"Fresno-Visalia, CA",2024-02-01,74449,71567,3,3,4.066756242298852,5.9903686034475,3.0,4.026995682367572,2024,2
"Fresno-Visalia, CA",2024-03-01,136765,124725,3,3,9.597933471187375,15.977117632485754,5.0,9.653237121667669,2024,3
"Fresno-Visalia, CA",2024-04-01,89359,88990,3,3,0.6092981664664734,3.2275314159123027,4.0,0.41465333183503766,2024,4
"Fresno-Visalia, CA",2024-05-01,110931,102845,3,3,7.677571038558818,4.658997784320272,4.0,7.862317079099617,2024,5
"Fresno-Visalia, CA",2024-06-01,135012,127114,3,3,5.906439784326221,3.7579527110435857,5.0,6.213320326635933,2024,6
"Fresno-Visalia, CA",2024-07-01,128235,123984,4,4,2.218878990706914,4.163983483421612,3.75,3.428668215253581,2024,7
"Fresno-Visalia, CA",2024-08-01,185832,175465,4,4,1.9921686630057178,4.489955436333509,4.0,5.90830080072949,2024,8
"Fresno-Visalia, CA",2024-09-01,97801,97284,3,3,0.528777726173801,0.22420836020762305,4.0,0.5314337403889643,2024,9
"Fresno-Visalia, CA",2024-10-01,116941,115250,4,4,1.0010586240466934,1.5842729060741725,3.75,1.4672451193058569,2024,10
"Fresno-Visalia, CA",2024-11-01,152434,142822,4,4,6.622326953429491,7.219471190585358,5.0,6.7300555936760444,2024,11
"Fresno-Visalia, CA",2024-12-01,144073,147232,4,4,-2.1571787036173435,-2.354548763052905,4.0,-2.1455933492718975,2024,12
"Fresno-Visalia, CA",2025-01-01,85724,91881,4,4,-6.903395550034562,-7.0950576715786795,3.75,-6.70105897846127,2025,1
"Fresno-Visalia, CA",2025-02-01,93690,98680,4,4,-5.1240874186302445,-4.65306839672867,4.0,-5.056749087961086,2025,2
"Fresno-Visalia, CA",2025-03-01,152404,161763,4,4,-5.667113477900477,-4.993299134627668,5.0,-5.785624648405383,2025,3
"Fresno-Visalia, CA",2025-04-01,124316,123206,4,4,1.0757729204679412,3.3391607435933057,4.0,0.9009301495057058,2025,4
"Fresno-Visalia, CA",2025-05-01,143698,153038,4,4,-6.02468944753914,-4.606708962446973,5.0,-6.103059370875207,2025,5
"Fresno-Visalia, CA",2025-06-01,114110,126347,4,4,-9.319523417342433,-7.868667867591936,4.0,-9.685231940608007,2025,6
"Fresno-Visalia, CA",2025-07-01,122248,127695,4,4,-4.338300093420114,-1.7949039363804715,4.0,-4.265632953522065,2025,7
"Fresno-Visalia, CA",2025-08-01,174127,177108,4,4,-1.9460117693387988,1.019518138509785,5.0,-1.6831537818732072,2025,8
"Fresno-Visalia, CA",2025-09-01,114304,123134,4,4,-7.373464696839255,-3.91957347595838,4.0,-7.171049425828772,2025,9
"Fresno-Visalia, CA",2025-10-01,127270,133516,4,4,-4.637377207382164,-0.2018064045974668,4.0,-4.678091015309026,2025,10
"Fresno-Visalia, CA",2025-11-01,152983,173053,4,4,-12.03879638944426,-10.699227174205156,5.0,-11.597603046465533,2025,11
"Fresno-Visalia, CA",2025-12-01,161247,164851,4,4,-2.7678514538039845,-1.6658481098177638,4.0,-2.1862166441210547,2025,12
"Fresno-Visalia, CA",2026-01-01,115196,116848,4,4,-1.7605973584916361,-1.0578445476635119,5.0,-1.413802546898535,2026,1
"Fresno-Visalia, CA",2026-02-01,97185,101106,5,5,-2.921741336971805,1.048697708118827,3.6,-3.8781081241469346,2026,2
"Fresno-Visalia, CA",2026-03-01,149991,152529,5,5,-0.8241303297634133,1.123482796669676,4.0,-1.6639458725881635,2026,3
"Fresno-Visalia, CA",2026-04-01,138682,149377,5,5,-6.41397613455685,-3.769646674210989,4.0,-7.15973677339885,2026,4
"Fresno-Visalia, CA",2026-05-01,169204,185131,5,5,-7.848933202802341,-5.8263395739186565,5.0,-8.603097266260109,2026,5
"Fresno-Visalia, CA",2026-06-01,135400,137362,5,5,-1.151274301844714,-3.9552081132474117,4.0,-1.4283426275097917,2026,6
"Fresno-Visalia, CA",2026-07-01,135099,142160,5,5,-5.0899679370334185,-7.359916391992925,4.0,-4.966938660664041,2026,7
"Fresno-Visalia, CA",2026-08-01,123018,137105,5,5,-10.55643897939206,-14.517377838953887,3.0,-10.274607052988586,2026,8
"Ft. Smith-Fayetteville-Springdale-Rogers, AR",2024-02-01,37963,36453,2,2,4.1464647631230225,4.1464647631230225,3.0,4.142320247990564,2024,2
"Ft. Smith-Fayetteville-Springdale-Rogers, AR",2024-03-01,72406,66398,2,2,8.901622006918963,8.901622006918963,5.0,9.048465315220337,2024,3
"Ft. Smith-Fayetteville-Springdale-Rogers, AR",2024-04-01,46163,45435,2,2,1.6302744265811857,1.6302744265811857,4.0,1.602288984263233,2024,4
"Ft. Smith-Fayetteville-Springdale-Rogers, AR",2024-05-01,58750,54043,2,2,8.68752251964342,8.68752251964342,4.0,8.709731140018134,2024,5
"Ft. Smith-Fayetteville-Springdale-Rogers, AR",2024-06-01,68508,65020,2,2,5.245496923539768,5.245496923539768,5.0,5.364503229775454,2024,6
"Ft. Smith-Fayetteville-Springdale-Rogers, AR",2024-07-01,55373,52440,2,2,5.68679289144602,5.68679289144602,4.0,5.593058733791,2024,7
"Ft. Smith-Fayetteville-Springdale-Rogers, AR",2024-08-01,100186,92286,2,2,8.371049390320529,8.371049390320529,5.0,8.56034501441172,2024,8
"Ft. Smith-Fayetteville-Springdale-Rogers, AR",2024-09-01,54608,49845,2,2,9.387488780407644,9.387488780407644,4.0,9.555622429531548,2024,9
"Ft. Smith-Fayetteville-Springdale-Rogers, AR",2024-10-01,53814,54032,2,2,-0.2765178579583256,-0.2765178579583256,4.0,-0.4034646135623334,2024,10
"Ft. Smith-Fayetteville-Springdale-Rogers, AR",2024-11-01,85255,83467,2,2,2.267150325874834,2.267150325874834,5.0,2.1421639689937337,2024,11
"Ft. Smith-Fayetteville-Springdale-Rogers, AR",2024-12-01,98012,95607,2,2,2.79618246340928,2.79618246340928,4.0,2.5155061867854864,2024,12
"Ft. Smith-Fayetteville-Springdale-Rogers, AR",2025-01-01,43141,42790,2,2,1.410099035406668,1.410099035406668,4.0,0.8202851133442393,2025,1
"Ft. Smith-Fayetteville-Springdale-Rogers, AR",2025-02-01,43077,47808,2,2,-9.929899939684443,-9.929899939684443,4.0,-9.895833333333332,2025,2
"Ft. Smith-Fayetteville-Springdale-Rogers, AR",2025-03-01,71706,72922,2,2,-1.1504955013013958,-1.1504955013013958,5.0,-1.6675351745700884,2025,3
"Ft. Smith-Fayetteville-Springdale-Rogers, AR",2025-04-01,54081,52402,2,2,3.8255250785108292,3.8255250785108292,4.0,3.2040761802984616,2025,4
"Ft. Smith-Fayetteville-Springdale-Rogers, AR",2025-05-01,62392,63085,2,2,-0.7825195534584051,-0.7825195534584051,5.0,-1.098517872711421,2025,5
"Ft. Smith-Fayetteville-Springdale-Rogers, AR",2025-06-01,55309,57445,2,2,-3.3764922933608057,-3.3764922933608057,4.0,-3.7183392810514406,2025,6
"Ft. Smith-Fayetteville-Springdale-Rogers, AR",2025-07-01,57074,59115,2,2,-3.100461050136466,-3.100461050136466,4.0,-3.452592404635033,2025,7
"Ft. Smith-Fayetteville-Springdale-Rogers, AR",2025-08-01,84122,85630,2,2,-1.374159641484967,-1.374159641484967,5.0,-1.7610650472965081,2025,8
"Ft. Smith-Fayetteville-Springdale-Rogers, AR",2025-09-01,51087,56268,2,2,-8.836551849775493,-8.836551849775493,4.0,-9.207720196203882,2025,9
"Ft. Smith-Fayetteville-Springdale-Rogers, AR",2025-10-01,56360,57582,2,2,-2.0713641494287636,-2.0713641494287636,4.0,-2.1221909624535447,2025,10
"Ft. Smith-Fayetteville-Springdale-Rogers, AR",2025-11-01,89634,87898,2,2,1.973561122351033,1.973561122351033,5.0,1.975016496393547,2025,11
"Ft. Smith-Fayetteville-Springdale-Rogers, AR",2025-12-01,96947,97963,2,2,-0.9678851610436165,-0.9678851610436165,4.0,-1.0371262619560446,2025,12
"Ft. Smith-Fayetteville-Springdale-Rogers, AR",2026-01-01,51633,53850,2,2,-4.163036562363737,-4.163036562363737,5.0,-4.116991643454039,2026,1
"Ft. Smith-Fayetteville-Springdale-Rogers, AR",2026-02-01,44201,39569,2,2,11.815837384355284,11.815837384355284,4.0,11.706133589426065,2026,2
"Ft. Smith-Fayetteville-Springdale-Rogers, AR",2026-03-01,59558,57102,2,2,4.324055389307279,4.324055389307279,4.0,4.301075268817205,2026,3
"Ft. Smith-Fayetteville-Springdale-Rogers, AR",2026-04-01,56997,54081,2,2,5.425546987435406,5.425546987435406,4.0,5.391912131802297,2026,4
"Ft. Smith-Fayetteville-Springdale-Rogers, AR",2026-05-01,65522,66008,2,2,-0.6507967681154587,-0.6507967681154587,5.0,-0.7362743909829111,2026,5
"Ft. Smith-Fayetteville-Springdale-Rogers, AR",2026-06-01,55705,55309,2,2,0.9434507366563056,0.9434507366563056,4.0,0.7159775081813087,2026,6
"Ft. Smith-Fayetteville-Springdale-Rogers, AR",2026-07-01,50728,51965,2,2,-2.7252364553819906,-2.7252364553819906,4.0,-2.380448378716444,2026,7
"Ft. Smith-Fayetteville-Springdale-Rogers, AR",2026-08-01,54774,56878,2,2,-3.56720402368892,-3.56720402368892,3.0,-3.6991455395759343,2026,8
"Ft. Wayne, IN",2024-02-01,34039,35932,2,2,-5.200465571421298,-5.200465571421298,3.0,-5.268284537459646,2024,2
"Ft. Wayne, IN",2024-03-01,64320,59159,2,2,8.285521741472733,8.285521741472733,5.0,8.723947328386213,2024,3
"Ft. Wayne, IN",2024-04-01,39403,40454,2,2,-2.6157952210839595,-2.6157952210839595,4.0,-2.598012557472685,2024,4
"Ft. Wayne, IN",2024-05-01,48190,45689,2,2,5.5253695234307685,5.5253695234307685,4.0,5.473965287049399,2024,5
"Ft. Wayne, IN",2024-06-01,62022,59116,2,2,4.634836678994965,4.634836678994965,5.0,4.915758847012653,2024,6
"Ft. Wayne, IN",2024-07-01,49315,49289,2,2,-0.24306842487615055,-0.24306842487615055,4.0,0.052750106514638156,2024,7
"Ft. Wayne, IN",2024-08-01,75959,71655,2,2,6.469779984359223,6.469779984359223,5.0,6.006559207312819,2024,8
"Ft. Wayne, IN",2024-09-01,45624,44437,2,2,2.6319968067834836,2.6319968067834836,4.0,2.6711974255687827,2024,9
"Ft. Wayne, IN",2024-10-01,46442,44939,2,2,3.1722268842208834,3.1722268842208834,4.0,3.344533701239458,2024,10
"Ft. Wayne, IN",2024-11-01,70598,69566,2,2,1.4832839990591784,1.4832839990591784,5.0,1.4834833108127534,2024,11
"Ft. Wayne, IN",2024-12-01,76232,75828,2,2,0.4989577942153733,0.4989577942153733,4.0,0.5327847233212006,2024,12
"Ft. Wayne, IN",2025-01-01,40614,38890,2,2,4.462615041825186,4.462615041825186,4.0,4.433016199537156,2025,1
"Ft. Wayne, IN",2025-02-01,37477,44837,2,2,-16.19442838390455,-16.19442838390455,4.0,-16.415014385440596,2025,2
"Ft. Wayne, IN",2025-03-01,64303,63797,2,2,0.7899039174100837,0.7899039174100837,5.0,0.7931407432951393,2025,3
"Ft. Wayne, IN",2025-04-01,48912,48207,2,2,1.5034108010802671,1.5034108010802671,4.0,1.4624432136411725,2025,4
"Ft. Wayne, IN",2025-05-01,56247,56063,2,2,0.210368147600005,0.210368147600005,5.0,0.3282022010951965,2025,5
"Ft. Wayne, IN",2025-06-01,47537,48898,2,2,-2.8285031815695065,-2.8285031815695065,4.0,-2.7833449220827027,2025,6
"Ft. Wayne, IN",2025-07-01,53327,50819,2,2,4.9300637617860925,4.9300637617860925,4.0,4.935162045691572,2025,7
"Ft. Wayne, IN",2025-08-01,74680,74094,2,2,1.0847827222834923,1.0847827222834923,5.0,0.7908872513293924,2025,8
"Ft. Wayne, IN",2025-09-01,49883,50752,2,2,-1.7605452885730386,-1.7605452885730386,4.0,-1.712247793190416,2025,9
"Ft. Wayne, IN",2025-10-01,52813,56737,2,2,-6.492421890346337,-6.492421890346337,4.0,-6.916121754763206,2025,10
"Ft. Wayne, IN",2025-11-01,79660,79782,2,2,0.2745939692158741,0.2745939692158741,5.0,-0.1529166980020556,2025,11
"Ft. Wayne, IN",2025-12-01,73953,75115,2,2,-0.5235063102488966,-0.5235063102488966,4.0,-1.5469613259668509,2025,12
"Ft. Wayne, IN",2026-01-01,49202,48564,2,2,1.6862690480592828,1.6862690480592828,5.0,1.3137303352277407,2026,1
"Ft. Wayne, IN",2026-02-01,43050,37956,2,2,13.687629040382287,13.687629040382287,4.0,13.420803035093265,2026,2
"Ft. Wayne, IN",2026-03-01,54410,51531,2,2,6.596540097518211,6.596540097518211,4.0,5.586928256777473,2026,3
"Ft. Wayne, IN",2026-04-01,49103,48635,2,2,1.4468234306497822,1.4468234306497822,4.0,0.9622699701860801,2026,4
"Ft. Wayne, IN",2026-05-01,64693,61308,2,2,6.394947554047068,6.394947554047068,5.0,5.521302277027468,2026,5
"Ft. Wayne, IN",2026-06-01,50934,46540,2,2,10.087405157904504,10.087405157904504,4.0,9.441340782122905,2026,6
"Ft. Wayne, IN",2026-07-01,53371,51202,2,2,5.620721822971495,5.620721822971495,4.0,4.236162649896488,2026,7
"Ft. Wayne, IN",2026-08-01,46648,44108,2,2,6.2032087401987805,6.2032087401987805,3.0,5.7585925455699645,2026,8
"Gainesville, FL",2024-02-01,33731,33304,2,2,1.3087400493103314,1.3087400493103314,3.0,1.2821282728801346,2024,2
"Gainesville, FL",2024-03-01,57202,54768,2,2,4.4566302015317,4.4566302015317,5.0,4.444200993280748,2024,3
"Gainesville, FL",2024-04-01,41058,43108,2,2,-4.457609031046231,-4.457609031046231,4.0,-4.755497819430269,2024,4
"Gainesville, FL",2024-05-01,47858,49362,2,2,-2.957419205859695,-2.957419205859695,4.0,-3.0468781653903814,2024,5
"Gainesville, FL",2024-06-01,54789,50609,2,2,9.873586557873304,9.873586557873304,5.0,8.259400501887017,2024,6
"Gainesville, FL",2024-07-01,37426,37941,2,2,2.0736142958804455,2.0736142958804455,4.0,-1.3573706544371524,2024,7
"Gainesville, FL",2024-08-01,63550,64033,2,2,-0.5441746267536893,-0.5441746267536893,5.0,-0.7542985648025237,2024,8
"Gainesville, FL",2024-09-01,38869,39366,2,2,-1.1592070979890547,-1.1592070979890547,4.0,-1.2625107961184778,2024,9
"Gainesville, FL",2024-10-01,35449,38200,2,2,-7.278652918321077,-7.278652918321077,4.0,-7.201570680628272,2024,10
"Gainesville, FL",2024-11-01,58589,57126,2,2,2.5522614837243145,2.5522614837243145,5.0,2.5610054966215032,2024,11
"Gainesville, FL",2024-12-01,73388,70719,2,2,3.7982769424431426,3.7982769424431426,4.0,3.7740918282215525,2024,12
"Gainesville, FL",2025-01-01,46846,44097,2,2,6.3367738736059,6.3367738736059,4.0,6.2339841712588155,2025,1
"Gainesville, FL",2025-02-01,41624,44519,2,2,-6.3187616373045845,-6.3187616373045845,4.0,-6.502841483411577,2025,2
"Gainesville, FL",2025-03-01,57443,60070,2,2,-4.283620680516322,-4.283620680516322,5.0,-4.373231230231397,2025,3
"Gainesville, FL",2025-04-01,41057,39310,2,2,4.501032390341271,4.501032390341271,4.0,4.4441617908929025,2025,4
"Gainesville, FL",2025-05-01,55006,55409,2,2,-0.642867939195025,-0.642867939195025,5.0,-0.7273186666426031,2025,5
"Gainesville, FL",2025-06-01,43887,43790,2,2,0.4580166798366778,0.4580166798366778,4.0,0.2215117606759534,2025,6
"Gainesville, FL",2025-07-01,44668,44286,2,2,1.0088020407664915,1.0088020407664915,4.0,0.8625750801607731,2025,7
"Gainesville, FL",2025-08-01,67654,67083,2,2,0.930498875524666,0.930498875524666,5.0,0.8511843537110743,2025,8
"Gainesville, FL",2025-09-01,38162,39343,2,2,-3.067401426998684,-3.067401426998684,4.0,-3.0018046412322397,2025,9
"Gainesville, FL",2025-10-01,41231,43098,2,2,-4.209835302401247,-4.209835302401247,4.0,-4.331987563227992,2025,10
"Gainesville, FL",2025-11-01,65315,65298,2,2,0.1797983155279299,0.1797983155279299,5.0,0.02603448803944991,2025,11
"Gainesville, FL",2025-12-01,64485,67848,2,2,-4.77069915948684,-4.77069915948684,4.0,-4.956667845772904,2025,12
"Gainesville, FL",2026-01-01,39045,40817,2,2,-3.417260912767358,-3.417260912767358,3.5,-4.341328368081927,2026,1
"Gainesville, FL",2026-02-01,41145,38945,2,2,5.678635151053909,5.678635151053909,4.0,5.648992168442676,2026,2
"Gainesville, FL",2026-03-01,47042,45659,2,2,3.1771532073692508,3.1771532073692508,4.0,3.0289756674478197,2026,3
"Gainesville, FL",2026-04-01,44948,45791,2,2,-1.8138742102973402,-1.8138742102973402,4.0,-1.8409731169880545,2026,4
"Gainesville, FL",2026-05-01,57881,58989,2,2,-1.7909916690045078,-1.7909916690045078,5.0,-1.8783162962586246,2026,5
"Gainesville, FL",2026-06-01,44704,44451,2,2,0.656040213089248,0.656040213089248,4.0,0.5691660480079188,2026,6
"Gainesville, FL",2026-07-01,39313,38306,2,2,2.579163205041994,2.579163205041994,4.0,2.6288309925338065,2026,7
"Gainesville, FL",2026-08-01,42715,41042,2,2,4.038717634237189,4.038717634237189,3.0,4.076312070561864,2026,8
"Grand Junction-Montrose, CO",2025-02-01,12020,15207,1,1,-20.95745380416913,-20.95745380416913,3.0,-20.95745380416913,2025,2
"Grand Junction-Montrose, CO",2025-03-01,25327,27914,1,1,-9.267750949344416,-9.267750949344416,5.0,-9.267750949344416,2025,3
"Grand Junction-Montrose, CO",2025-04-01,16740,17353,1,1,-3.5325303982020397,-3.5325303982020397,4.0,-3.5325303982020397,2025,4
"Grand Junction-Montrose, CO",2025-05-01,5701,6126,1,1,-6.937642833823049,-6.937642833823049,2.0,-6.937642833823049,2025,5
"Grand Junction-Montrose, CO",2025-06-01,17426,17731,1,1,-1.720151147707405,-1.720151147707405,4.0,-1.720151147707405,2025,6
"Grand Junction-Montrose, CO",2025-07-01,19595,19560,1,1,0.17893660531697342,0.17893660531697342,4.0,0.17893660531697342,2025,7
"Grand Junction-Montrose, CO",2025-08-01,26428,25737,1,1,2.6848506041885223,2.6848506041885223,5.0,2.6848506041885223,2025,8
"Grand Junction-Montrose, CO",2025-09-01,19043,18572,1,1,2.536075813051906,2.536075813051906,4.0,2.536075813051906,2025,9
"Grand Junction-Montrose, CO",2025-10-01,19017,18154,1,1,4.753773273107855,4.753773273107855,4.0,4.753773273107855,2025,10
"Grand Junction-Montrose, CO",2025-11-01,26603,27770,1,1,-4.202376665466331,-4.202376665466331,5.0,-4.202376665466331,2025,11
"Grand Junction-Montrose, CO",2025-12-01,29904,30675,1,1,-2.5134474327628364,-2.5134474327628364,4.0,-2.5134474327628364,2025,12
"Grand Junction-Montrose, CO",2026-01-01,19527,20395,1,1,-4.255945084579554,-4.255945084579554,5.0,-4.255945084579554,2026,1
"Grand Junction-Montrose, CO",2026-02-01,15100,14276,1,1,5.771924908938078,5.771924908938078,4.0,5.771924908938078,2026,2
"Grand Junction-Montrose, CO",2026-03-01,19508,20115,1,1,-3.017648521004226,-3.017648521004226,4.0,-3.017648521004226,2026,3
"Grand Junction-Montrose, CO",2026-04-01,16741,16740,1,1,0.005973715651135005,0.005973715651135005,4.0,0.005973715651135005,2026,4
"Grand Junction-Montrose, CO",2026-05-01,5983,5701,1,1,4.946500613927381,4.946500613927381,2.0,4.946500613927381,2026,5
"Grand Junction-Montrose, CO",2026-06-01,17104,16753,1,1,2.095147137826061,2.095147137826061,4.0,2.095147137826061,2026,6
"Grand Junction-Montrose, CO",2026-07-01,18550,18448,1,1,0.5529054640069384,0.5529054640069384,4.0,0.5529054640069384,2026,7
"Grand Junction-Montrose, CO",2026-08-01,20117,19164,1,1,4.97286579002296,4.97286579002296,3.0,4.97286579002296,2026,8
"Grand Rapids-Kalamazoo-Battle Creek, MI",2024-02-01,67263,61544,4,4,9.379129768831026,9.561428619398285,3.0,9.292538671519564,2024,2
"Grand Rapids-Kalamazoo-Battle Creek, MI",2024-03-01,119207,102482,4,4,16.74892182381981,16.464068513359074,5.0,16.319939111258563,2024,3
"Grand Rapids-Kalamazoo-Battle Creek, MI",2024-04-01,79606,78514,5,5,-0.2640220209104039,0.48641386422456356,3.4,1.3908347555849914,2024,4
"Grand Rapids-Kalamazoo-Battle Creek, MI",2024-05-01,95650,89473,4,4,7.344996041976289,6.585797889774666,4.0,6.9037586758016385,2024,5
"Grand Rapids-Kalamazoo-Battle Creek, MI",2024-06-01,120208,112837,4,4,6.426236538945529,5.89252723389858,5.0,6.532431737816497,2024,6
"Grand Rapids-Kalamazoo-Battle Creek, MI",2024-07-01,95847,87380,4,4,9.157056924498226,8.557252446936984,4.0,9.689860379949646,2024,7
"Grand Rapids-Kalamazoo-Battle Creek, MI",2024-08-01,162608,147112,4,4,10.374557222093237,9.708188724584033,5.0,10.533471096851379,2024,8
"Grand Rapids-Kalamazoo-Battle Creek, MI",2024-09-01,91578,87802,4,4,3.9378673617406235,2.649962145812836,4.0,4.300585408077265,2024,9
"Grand Rapids-Kalamazoo-Battle Creek, MI",2024-10-01,84325,85394,4,4,-1.7450242519094679,-1.2878374765844547,4.0,-1.2518443918776494,2024,10
"Grand Rapids-Kalamazoo-Battle Creek, MI",2024-11-01,107577,103915,5,5,-1.9050799366381854,-2.9272211730639137,3.6,3.524034066304191,2024,11
"Grand Rapids-Kalamazoo-Battle Creek, MI",2024-12-01,113146,109033,5,5,-2.943820424011528,-3.210643085455805,3.0,3.7722524373354855,2024,12
"Grand Rapids-Kalamazoo-Battle Creek, MI",2025-01-01,55481,56603,4,4,-6.936095125594557,-8.669647919001365,3.25,-1.9822270904369028,2025,1
"Grand Rapids-Kalamazoo-Battle Creek, MI",2025-02-01,79043,94270,4,4,-16.505471352537644,-15.983445851183353,4.0,-16.15254057494431,2025,2
"Grand Rapids-Kalamazoo-Battle Creek, MI",2025-03-01,124933,134147,4,4,-7.044778263912637,-4.9540641991334775,5.0,-6.868584463312636,2025,3
"Grand Rapids-Kalamazoo-Battle Creek, MI",2025-04-01,91288,91271,5,5,-10.779360319071746,-0.27524083573126484,3.4,0.018625850489202487,2025,4
"Grand Rapids-Kalamazoo-Battle Creek, MI",2025-05-01,90718,97724,4,4,-7.554652986503307,-3.7479229774123315,4.75,-7.169170316401294,2025,5
"Grand Rapids-Kalamazoo-Battle Creek, MI",2025-06-01,84114,92070,5,5,-6.869409636994223,-4.159007352941177,3.6,-8.641251221896383,2025,6
"Grand Rapids-Kalamazoo-Battle Creek, MI",2025-07-01,103749,106072,5,5,-3.406475844061794,-0.8454071072500947,3.4,-2.1900218719360436,2025,7
"Grand Rapids-Kalamazoo-Battle Creek, MI",2025-08-01,114165,117570,4,4,-1.3639484964244195,3.3949068331475627,4.25,-2.8961469762694563,2025,8
"Grand Rapids-Kalamazoo-Battle Creek, MI",2025-09-01,98117,103063,4,4,-4.757441887563668,-2.836805841632869,4.0,-4.799006432958482,2025,9
"Grand Rapids-Kalamazoo-Battle Creek, MI",2025-10-01,93898,104079,5,5,-12.624620070252982,-11.548140043763675,3.2,-9.781992524908963,2025,10
"Grand Rapids-Kalamazoo-Battle Creek, MI",2025-11-01,116340,124366,5,5,-5.69923227980663,-7.834602829162132,4.4,-6.453532315906277,2025,11
"Grand Rapids-Kalamazoo-Battle Creek, MI",2025-12-01,113373,118853,5,5,-9.424784151071623,-4.235262878385555,3.0,-4.610737633883874,2025,12
"Grand Rapids-Kalamazoo-Battle Creek, MI",2026-01-01,79477,87614,6,6,-3.841865256862627,-7.844803527270423,4.0,-9.287328509142375,2026,1
"Grand Rapids-Kalamazoo-Battle Creek, MI",2026-02-01,98518,96895,5,5,2.081378657531475,0.5699145128230766,4.0,1.6750090303937253,2026,2
"Grand Rapids-Kalamazoo-Battle Creek, MI",2026-03-01,113277,115919,5,5,-1.6813267154690845,-1.291196748097079,4.0,-2.2791777016709944,2026,3
"Grand Rapids-Kalamazoo-Battle Creek, MI",2026-04-01,103746,104989,6,6,15.133904325834493,0.21091333405608836,3.3333333333333335,-1.1839335549438512,2026,4
"Grand Rapids-Kalamazoo-Battle Creek, MI",2026-05-01,128082,132604,5,5,-2.496474849447279,-2.790515801073549,5.0,-3.4101535398630505,2026,5
"Grand Rapids-Kalamazoo-Battle Creek, MI",2026-06-01,94433,93913,6,6,1.3259330882963334,3.8558244464038642,3.6666666666666665,0.5537039600481296,2026,6
"Grand Rapids-Kalamazoo-Battle Creek, MI",2026-07-01,107184,111416,6,6,-5.431068113914269,-2.811262881330472,3.5,-3.798377252818267,2026,7
"Grand Rapids-Kalamazoo-Battle Creek, MI",2026-08-01,82036,86367,5,5,-4.2328606745659405,-3.180891348674628,3.0,-5.014646797966816,2026,8
"Green Bay-Appleton, WI",2024-02-01,12970,12752,1,1,1.7095357590966123,1.7095357590966123,3.0,1.7095357590966123,2024,2
"Green Bay-Appleton, WI",2024-03-01,19899,20805,1,1,-4.354722422494593,-4.354722422494593,5.0,-4.354722422494593,2024,3
"Green Bay-Appleton, WI",2024-04-01,13815,16447,1,1,-16.002918465373625,-16.002918465373625,4.0,-16.002918465373625,2024,4
"Green Bay-Appleton, WI",2024-05-01,15024,16716,1,1,-10.122038765254846,-10.122038765254846,4.0,-10.122038765254846,2024,5
"Green Bay-Appleton, WI",2024-06-01,19493,21557,1,1,-9.574616133970403,-9.574616133970403,5.0,-9.574616133970403,2024,6
"Green Bay-Appleton, WI",2024-07-01,15527,16861,1,1,-7.911749006583239,-7.911749006583239,4.0,-7.911749006583239,2024,7
"Green Bay-Appleton, WI",2024-08-01,27425,30552,1,1,-10.235009164702802,-10.235009164702802,5.0,-10.235009164702802,2024,8
"Green Bay-Appleton, WI",2024-09-01,15981,19362,1,1,-17.462039045553148,-17.462039045553148,4.0,-17.462039045553148,2024,9
"Green Bay-Appleton, WI",2024-10-01,15780,18114,1,1,-12.885061278569063,-12.885061278569063,4.0,-12.885061278569063,2024,10
"Green Bay-Appleton, WI",2024-11-01,22792,25543,1,1,-10.77007399287476,-10.77007399287476,5.0,-10.77007399287476,2024,11
"Green Bay-Appleton, WI",2024-12-01,22630,25392,1,1,-10.877441713925645,-10.877441713925645,4.0,-10.877441713925645,2024,12
"Green Bay-Appleton, WI",2025-01-01,11362,11950,1,1,-4.920502092050209,-4.920502092050209,4.0,-4.920502092050209,2025,1
"Green Bay-Appleton, WI",2025-02-01,12205,16458,1,1,-25.84153603110949,-25.84153603110949,4.0,-25.84153603110949,2025,2
"Green Bay-Appleton, WI",2025-03-01,19742,19899,1,1,-0.7889843710739234,-0.7889843710739234,5.0,-0.7889843710739234,2025,3
"Green Bay-Appleton, WI",2025-04-01,15448,14697,2,2,0.612369871402327,0.612369871402327,2.5,5.109886371368306,2025,4
"Green Bay-Appleton, WI",2025-05-01,18614,17502,1,1,6.353559593189349,6.353559593189349,5.0,6.353559593189349,2025,5
"Green Bay-Appleton, WI",2025-06-01,29758,30529,2,2,-2.5218624720589773,-2.5218624720589773,4.0,-2.525467588194831,2025,6
"Green Bay-Appleton, WI",2025-07-01,30809,30862,2,2,-0.17175903333526593,-0.17175903333526593,4.0,-0.17173222733458623,2025,7
"Green Bay-Appleton, WI",2025-08-01,44699,46836,2,2,-4.597079315378075,-4.597079315378075,5.0,-4.562729524297549,2025,8
"Green Bay-Appleton, WI",2025-09-01,32082,30924,2,2,3.7091162298091866,3.7091162298091866,4.0,3.7446643383779588,2025,9
"Green Bay-Appleton, WI",2025-10-01,30866,31861,2,2,-3.132453509836245,-3.132453509836245,4.0,-3.122940271805656,2025,10
"Green Bay-Appleton, WI",2025-11-01,44718,45058,2,2,-0.7501056441520522,-0.7501056441520522,5.0,-0.7545829819343957,2025,11
"Green Bay-Appleton, WI",2025-12-01,44268,43171,2,2,2.515800490703557,2.515800490703557,4.0,2.5410576544439554,2025,12
"Green Bay-Appleton, WI",2026-01-01,16476,16935,2,2,-7.664169604591188,-7.664169604591188,3.0,-2.7103631532329495,2026,1
"Green Bay-Appleton, WI",2026-02-01,13198,10870,1,1,21.416743330266787,21.416743330266787,4.0,21.416743330266787,2026,2
"Green Bay-Appleton, WI",2026-03-01,13880,13618,1,1,1.923924217946835,1.923924217946835,4.0,1.923924217946835,2026,3
"Green Bay-Appleton, WI",2026-04-01,14115,13865,1,1,1.8031013342949875,1.8031013342949875,4.0,1.8031013342949875,2026,4
"Green Bay-Appleton, WI",2026-05-01,17582,17575,1,1,0.03982930298719772,0.03982930298719772,5.0,0.03982930298719772,2026,5
"Green Bay-Appleton, WI",2026-06-01,29151,23740,2,2,27.64671150449111,27.64671150449111,3.5,22.792754844144902,2026,6
"Green Bay-Appleton, WI",2026-07-01,18537,17055,2,2,16.55974850394913,16.55974850394913,3.5,8.68953386103782,2026,7
"Green Bay-Appleton, WI",2026-08-01,12286,11593,2,2,30.121841300498957,30.121841300498957,2.0,5.977745191063573,2026,8
"Greensboro-High Point-Winston Salem, NC",2024-02-01,50544,49448,3,3,2.643405983599367,1.8276762402088773,3.0,2.216469826888853,2024,2
"Greensboro-High Point-Winston Salem, NC",2024-03-01,76455,70357,3,3,6.485064115918814,7.390071406607674,4.666666666666667,8.66722572025527,2024,3
"Greensboro-High Point-Winston Salem, NC",2024-04-01,54109,51001,3,3,6.229316815185084,6.796198166372277,4.0,6.093998156898885,2024,4
"Greensboro-High Point-Winston Salem, NC",2024-05-01,76656,71416,3,3,7.307300723259698,8.494518228006061,4.0,7.337291363279936,2024,5
"Greensboro-High Point-Winston Salem, NC",2024-06-01,95407,88669,3,3,7.728912823738843,8.89423076923077,4.666666666666667,7.599048145349559,2024,6
"Greensboro-High Point-Winston Salem, NC",2024-07-01,69214,65698,3,3,4.863932251594348,5.4541879669681474,4.0,5.351761088617614,2024,7
"Greensboro-High Point-Winston Salem, NC",2024-08-01,121589,121961,3,3,-1.0951051046771152,1.386983311297927,4.666666666666667,-0.30501553775387213,2024,8
"Greensboro-High Point-Winston Salem, NC",2024-09-01,73010,72955,3,3,0.15361369893186083,0.24239846906230064,4.0,0.07538893838667671,2024,9
"Greensboro-High Point-Winston Salem, NC",2024-10-01,69335,68097,3,3,2.058133554157437,1.3428650420632726,4.0,1.817994919012585,2024,10
"Greensboro-High Point-Winston Salem, NC",2024-11-01,112513,104899,3,3,7.21950492983587,7.1600914987622595,5.0,7.25841047102451,2024,11
"Greensboro-High Point-Winston Salem, NC",2024-12-01,137966,127494,3,3,8.306270789845724,8.096554004582064,4.0,8.213719861326807,2024,12
"Greensboro-High Point-Winston Salem, NC",2025-01-01,62902,57961,3,3,8.573576829979855,5.840243085955605,4.0,8.524697641517571,2025,1
"Greensboro-High Point-Winston Salem, NC",2025-02-01,65464,69474,3,3,-5.81731878727503,-5.295504619071547,4.0,-5.771943460863057,2025,2
"Greensboro-High Point-Winston Salem, NC",2025-03-01,104067,100983,3,3,3.1807989876797507,1.3208125505057542,5.0,3.05397938266837,2025,3
"Greensboro-High Point-Winston Salem, NC",2025-04-01,82284,74297,4,4,8.688323900660107,9.207438950204223,3.25,10.75009758132899,2025,4
"Greensboro-High Point-Winston Salem, NC",2025-05-01,89416,84696,3,3,6.123122756317941,3.1352133044107013,4.666666666666667,5.572872390667801,2025,5
"Greensboro-High Point-Winston Salem, NC",2025-06-01,75298,75518,3,3,-0.3539385617167922,-0.2322215865109548,4.0,-0.29132127439815675,2025,6
"Greensboro-High Point-Winston Salem, NC",2025-07-01,71937,67976,3,3,5.57484682081811,5.292293327108414,4.0,5.827056608214664,2025,7
"Greensboro-High Point-Winston Salem, NC",2025-08-01,122478,109521,3,3,12.00772023155495,11.312249400934778,5.0,11.830607828635605,2025,8
"Greensboro-High Point-Winston Salem, NC",2025-09-01,81390,77391,3,3,5.105321311960978,5.042279987472596,4.0,5.16726751172617,2025,9
"Greensboro-High Point-Winston Salem, NC",2025-10-01,68113,67218,3,3,1.2649666652938492,1.8475051109260243,4.0,1.3314885893659436,2025,10
"Greensboro-High Point-Winston Salem, NC",2025-11-01,94622,95728,3,3,-2.1525590254195532,-2.434342087721637,5.0,-1.1553568443924453,2025,11
"Greensboro-High Point-Winston Salem, NC",2025-12-01,137232,125775,4,4,7.190390098168296,8.258225048382638,3.25,9.10912343470483,2025,12
"Greensboro-High Point-Winston Salem, NC",2026-01-01,83276,80748,4,4,-1.7235806893662766,4.185712259174335,4.25,3.1307276960420074,2026,1
"Greensboro-High Point-Winston Salem, NC",2026-02-01,73631,65170,4,4,12.790549441211756,15.371442653543426,3.25,12.982967623139482,2026,2
"Greensboro-High Point-Winston Salem, NC",2026-03-01,90423,84163,4,4,10.808699580817414,14.27777055427402,3.25,7.437947791784989,2026,3
"Greensboro-High Point-Winston Salem, NC",2026-04-01,121270,112742,4,4,7.342442415903412,9.682370448624718,4.0,7.564173067712121,2026,4
"Greensboro-High Point-Winston Salem, NC",2026-05-01,152885,141293,4,4,8.004395197762214,9.772801039752743,5.0,8.204228093394578,2026,5
"Greensboro-High Point-Winston Salem, NC",2026-06-01,120336,105600,4,4,13.61078806847217,14.09696238531684,4.0,13.954545454545455,2026,6
"Greensboro-High Point-Winston Salem, NC",2026-07-01,91183,85816,4,4,8.143053306732558,6.514047597184209,3.25,6.254078493521022,2026,7
"Greensboro-High Point-Winston Salem, NC",2026-08-01,83107,77341,4,4,5.624897094355923,7.006921191683327,2.5,7.455295380199376,2026,8
"Greenville-New Bern-Washington, NC",2024-02-01,33182,34774,2,2,-4.558941956871144,-4.558941956871144,3.0,-4.578133087939265,2024,2
"Greenville-New Bern-Washington, NC",2024-03-01,56597,58313,2,2,-2.8292915928337066,-2.8292915928337066,5.0,-2.942740040814227,2024,3
"Greenville-New Bern-Washington, NC",2024-04-01,31442,35028,2,2,-10.752955859810804,-10.752955859810804,3.5,-10.237524266301245,2024,4
"Greenville-New Bern-Washington, NC",2024-05-01,30531,31495,2,2,-4.362471624821782,-4.362471624821782,4.0,-3.0608033021114465,2024,5
"Greenville-New Bern-Washington, NC",2024-06-01,31739,32073,2,2,-1.7154254147928547,-1.7154254147928547,4.0,-1.0413743647304585,2024,6
"Greenville-New Bern-Washington, NC",2024-07-01,21325,22063,2,2,-4.688283840965803,-4.688283840965803,3.0,-3.3449666863073926,2024,7
"Greenville-New Bern-Washington, NC",2024-08-01,59803,61645,2,2,-2.994318312965163,-2.994318312965163,4.5,-2.9880768918809313,2024,8
"Greenville-New Bern-Washington, NC",2024-09-01,35436,35839,2,2,-0.7603532046128294,-0.7603532046128294,4.0,-1.1244733390998634,2024,9
"Greenville-New Bern-Washington, NC",2024-10-01,32453,34498,2,2,-5.886924319810422,-5.886924319810422,4.0,-5.927879877094324,2024,10
"Greenville-New Bern-Washington, NC",2024-11-01,58225,60896,2,2,-4.35804294615895,-4.35804294615895,5.0,-4.386166579085654,2024,11
"Greenville-New Bern-Washington, NC",2024-12-01,70509,68609,2,2,3.483634212602264,3.483634212602264,4.0,2.7693159789531987,2024,12
"Greenville-New Bern-Washington, NC",2025-01-01,37852,37610,2,2,0.891326324536557,0.891326324536557,4.0,0.6434458920499867,2025,1
"Greenville-New Bern-Washington, NC",2025-02-01,36438,40728,2,2,-10.533679685218047,-10.533679685218047,4.0,-10.533294048320565,2025,2
"Greenville-New Bern-Washington, NC",2025-03-01,53948,56161,2,2,-3.790565205389177,-3.790565205389177,5.0,-3.9404569006962125,2025,3
"Greenville-New Bern-Washington, NC",2025-04-01,34365,31830,2,2,7.771701239557805,7.771701239557805,3.5,7.964184731385486,2025,4
"Greenville-New Bern-Washington, NC",2025-05-01,46510,48251,3,3,-4.47290375016502,1.3001083423618636,4.666666666666667,-3.608215373774637,2025,5
"Greenville-New Bern-Washington, NC",2025-06-01,38151,41131,3,3,-7.083132311196768,-3.4871794871794872,3.3333333333333335,-7.245143565680387,2025,6
"Greenville-New Bern-Washington, NC",2025-07-01,37228,36980,3,3,1.653427469165713,7.237464522232734,3.3333333333333335,0.670632774472688,2025,7
"Greenville-New Bern-Washington, NC",2025-08-01,70578,69899,3,3,-0.6373520331341355,0.3996716982478678,4.333333333333333,0.9714015937280934,2025,8
"Greenville-New Bern-Washington, NC",2025-09-01,53948,56230,3,3,-4.673209533383886,-5.655304015959754,4.0,-4.058331851324916,2025,9
"Greenville-New Bern-Washington, NC",2025-10-01,46290,47853,3,3,-2.494301719962554,-4.036951125218736,3.6666666666666665,-3.266252899504733,2025,10
"Greenville-New Bern-Washington, NC",2025-11-01,54347,55728,2,2,-2.813424773463483,-2.813424773463483,5.0,-2.4781079529141543,2025,11
"Greenville-New Bern-Washington, NC",2025-12-01,60171,58520,3,3,44.82487261837063,0.9806712034569306,3.0,2.8212576896787422,2025,12
"Greenville-New Bern-Washington, NC",2026-01-01,52942,51992,3,3,1.3680197028954744,2.1899679829242262,4.666666666666667,1.8272041852592706,2026,1
"Greenville-New Bern-Washington, NC",2026-02-01,49819,48710,3,3,1.6535798037855303,1.4944325063488961,4.0,2.276739889139807,2026,2
"Greenville-New Bern-Washington, NC",2026-03-01,59922,57598,3,3,3.5593494581231173,2.9363920750782064,4.0,4.034862321608389,2026,3
"Greenville-New Bern-Washington, NC",2026-04-01,56558,56215,3,3,-0.02542785758078414,0.531236719082023,4.0,0.6101574312905809,2026,4
"Greenville-New Bern-Washington, NC",2026-05-01,63463,65207,3,3,-3.779706977750232,-3.409900284900285,5.0,-2.6745594798104495,2026,5
"Greenville-New Bern-Washington, NC",2026-06-01,59413,56260,3,3,5.417439741953117,5.341096644049148,4.0,5.6043370067543545,2026,6
"Greenville-New Bern-Washington, NC",2026-07-01,46574,46651,3,3,-0.28039329796814255,0.3988335191697401,4.0,-0.16505541145956143,2026,7
"Greenville-New Bern-Washington, NC",2026-08-01,40289,41227,3,3,-1.775425315182675,-2.600201779326791,3.0,-2.275207994760715,2026,8
"Greenville-Spartanburg, SC-Asheville, NC-Anderson, SC",2024-02-01,36758,37108,2,2,-1.151133195883426,-1.151133195883426,3.0,-0.9431928425137437,2024,2
"Greenville-Spartanburg, SC-Asheville, NC-Anderson, SC",2024-03-01,66437,62875,2,2,6.175232453596534,6.175232453596534,5.0,5.66520874751491,2024,3
"Greenville-Spartanburg, SC-Asheville, NC-Anderson, SC",2024-04-01,48094,44687,3,3,3.10673824938712,3.10673824938712,3.0,7.624141249132857,2024,4
"Greenville-Spartanburg, SC-Asheville, NC-Anderson, SC",2024-05-01,51452,47954,2,2,6.645506073360927,6.645506073360927,4.0,7.294490553447053,2024,5
"Greenville-Spartanburg, SC-Asheville, NC-Anderson, SC",2024-06-01,62048,60917,2,2,1.5277278945150399,1.5277278945150399,5.0,1.8566245875535565,2024,6
"Greenville-Spartanburg, SC-Asheville, NC-Anderson, SC",2024-07-01,55827,53134,2,2,4.460720085116104,4.460720085116104,4.0,5.068317837919222,2024,7
"Greenville-Spartanburg, SC-Asheville, NC-Anderson, SC",2024-08-01,77730,75922,2,2,2.030396786139387,2.030396786139387,5.0,2.381391428044572,2024,8
"Greenville-Spartanburg, SC-Asheville, NC-Anderson, SC",2024-09-01,42695,43072,2,2,-0.9623674449896393,-0.9623674449896393,4.0,-0.875278603268945,2024,9
"Greenville-Spartanburg, SC-Asheville, NC-Anderson, SC",2024-10-01,46989,45237,2,2,4.252237800704684,4.252237800704684,4.0,3.872935871078984,2024,10
"Greenville-Spartanburg, SC-Asheville, NC-Anderson, SC",2024-11-01,76880,71321,3,3,6.8657413714749955,6.8657413714749955,3.6666666666666665,7.7943382734398,2024,11
"Greenville-Spartanburg, SC-Asheville, NC-Anderson, SC",2024-12-01,91710,85779,3,3,3.766313754020037,3.766313754020037,3.0,6.914279718812296,2024,12
"Greenville-Spartanburg, SC-Asheville, NC-Anderson, SC",2025-01-01,59071,55617,3,3,5.061681653425507,7.788630102679689,3.6666666666666665,6.2103313735009085,2025,1
"Greenville-Spartanburg, SC-Asheville, NC-Anderson, SC",2025-02-01,62508,67146,3,3,-6.706076942878528,-6.710120761962508,4.0,-6.907336252345635,2025,2
"Greenville-Spartanburg, SC-Asheville, NC-Anderson, SC",2025-03-01,93258,94753,3,3,-1.3573382703205554,-2.243055824584512,5.0,-1.577786455310122,2025,3
"Greenville-Spartanburg, SC-Asheville, NC-Anderson, SC",2025-04-01,72591,68163,4,4,6.049613561419171,7.6708646522972765,3.25,6.496192949253994,2025,4
"Greenville-Spartanburg, SC-Asheville, NC-Anderson, SC",2025-05-01,83629,81740,3,3,2.51332416499087,1.9007714079582663,5.0,2.310986053339858,2025,5
"Greenville-Spartanburg, SC-Asheville, NC-Anderson, SC",2025-06-01,68995,68004,3,3,1.5977569356168588,1.2127930101392104,4.0,1.4572672195753191,2025,6
"Greenville-Spartanburg, SC-Asheville, NC-Anderson, SC",2025-07-01,80583,77850,3,3,3.684773154292699,2.771678690581425,4.0,3.510597302504817,2025,7
"Greenville-Spartanburg, SC-Asheville, NC-Anderson, SC",2025-08-01,98617,91189,3,3,8.184825396175746,7.627354920938384,5.0,8.145719330182368,2025,8
"Greenville-Spartanburg, SC-Asheville, NC-Anderson, SC",2025-09-01,67725,66059,3,3,2.2893781262885122,2.8382084095063984,4.0,2.5219879198897956,2025,9
"Greenville-Spartanburg, SC-Asheville, NC-Anderson, SC",2025-10-01,76272,74135,3,3,2.3950073310508606,1.6562239845769617,4.0,2.8825790787077628,2025,10
"Greenville-Spartanburg, SC-Asheville, NC-Anderson, SC",2025-11-01,119708,117120,3,3,2.318950583080211,1.9301986309056223,5.0,2.2096994535519126,2025,11
"Greenville-Spartanburg, SC-Asheville, NC-Anderson, SC",2025-12-01,123558,117220,3,3,5.772065917362322,5.989777752254063,4.0,5.406927145538304,2025,12
"Greenville-Spartanburg, SC-Asheville, NC-Anderson, SC",2026-01-01,79274,79420,4,4,-3.087099344747244,0.5611513010173778,4.0,-0.18383278771090406,2026,1
"Greenville-Spartanburg, SC-Asheville, NC-Anderson, SC",2026-02-01,84780,77311,4,4,9.911542001687945,11.407298769765742,4.0,9.6609796794764,2026,2
"Greenville-Spartanburg, SC-Asheville, NC-Anderson, SC",2026-03-01,107656,101554,4,4,6.164156682950727,8.857600781206493,4.0,6.008625952695118,2026,3
"Greenville-Spartanburg, SC-Asheville, NC-Anderson, SC",2026-04-01,103502,98488,4,4,5.19111535939585,7.757466288893948,4.0,5.090975550320851,2026,4
"Greenville-Spartanburg, SC-Asheville, NC-Anderson, SC",2026-05-01,112980,109089,4,4,2.530942158126596,4.2054039695913845,5.0,3.5668124192173365,2026,5
"Greenville-Spartanburg, SC-Asheville, NC-Anderson, SC",2026-06-01,99209,93524,4,4,5.989397971984211,6.20100355194799,4.0,6.078653607630128,2026,6
"Greenville-Spartanburg, SC-Asheville, NC-Anderson, SC",2026-07-01,106552,105072,4,4,1.1774895249423398,1.5952241571158772,4.0,1.4085579412212577,2026,7
"Greenville-Spartanburg, SC-Asheville, NC-Anderson, SC",2026-08-01,83941,85333,4,4,-1.7230388662705576,-1.0811323594863786,2.75,-1.6312563720952036,2026,8
Harlingen/McAllen,2024-02-01,222100,216535,6,6,3.26837576786057,1.4941117991592416,3.0,2.5700233218648254,2024,2
Harlingen/McAllen,2024-03-01,416356,386951,6,6,8.335720162393502,8.084547669523761,5.0,7.599153381177462,2024,3
Harlingen/McAllen,2024-04-01,203529,200891,6,6,1.1591963770820337,-1.0057140687502553,3.8333333333333335,1.3131499171192338,2024,4
Harlingen/McAllen,2024-05-01,226354,204282,6,6,10.545651618053816,6.877512569076601,3.5,10.804671973056852,2024,5
Harlingen/McAllen,2024-06-01,263519,246075,6,6,5.057993227763784,4.632349056985831,4.333333333333333,7.088895661891699,2024,6
Harlingen/McAllen,2024-07-01,250418,232182,6,6,6.8660571397688095,5.057850109455943,3.5,7.854183356160253,2024,7
Harlingen/McAllen,2024-08-01,457201,410882,6,6,10.645685093109515,9.552336406265422,4.5,11.27306623312776,2024,8
Harlingen/McAllen,2024-09-01,236970,214679,6,6,13.374611413371392,10.179972848771005,3.5,10.383409648824523,2024,9
Harlingen/McAllen,2024-10-01,238326,226220,5,5,5.8889698807124145,4.044644019263308,4.0,5.351427813632747,2024,10
Harlingen/McAllen,2024-11-01,431520,427954,6,6,0.634275457321103,1.8648056081739441,5.0,0.8332671268407352,2024,11
Harlingen/McAllen,2024-12-01,528138,538230,6,6,-1.8846728169650575,-1.8262609700834624,4.0,-1.8750348364082272,2024,12
Harlingen/McAllen,2025-01-01,363521,334943,7,7,8.994190049351173,7.994923857868021,3.857142857142857,8.532198015781791,2025,1
Harlingen/McAllen,2025-02-01,311106,337266,7,7,-7.260625643150353,-7.865493101338952,4.0,-7.756488943445233,2025,2
Harlingen/McAllen,2025-03-01,438017,510829,7,7,-12.992593025501359,-10.522853916129913,5.0,-14.253693506046055,2025,3
Harlingen/McAllen,2025-04-01,355042,363784,8,8,-2.354987168852586,-0.6911277181547452,3.625,-2.4030743518131636,2025,4
Harlingen/McAllen,2025-05-01,452025,464607,7,7,-1.8917996708769889,-0.9756443939501527,5.0,-2.708095228870852,2025,5
Harlingen/McAllen,2025-06-01,320362,337579,7,7,-3.7863087802924,-2.4702232008807927,4.0,-5.100139522896862,2025,6
Harlingen/McAllen,2025-07-01,349005,379485,7,7,-6.52951092467255,-6.2845036881253185,4.0,-8.031938021265663,2025,7
Harlingen/McAllen,2025-08-01,487890,527683,7,7,-6.543269223700384,-5.9387477262066835,4.857142857142857,-7.541080535093986,2025,8
Harlingen/McAllen,2025-09-01,332545,375655,7,7,-10.704790027185567,-7.896137065020752,4.0,-11.475955331354568,2025,9
Harlingen/McAllen,2025-10-01,307867,346863,7,7,-10.823883723906349,-7.948558526129782,3.7142857142857144,-11.242479019093993,2025,10
Harlingen/McAllen,2025-11-01,507382,536438,7,7,-4.467480944178678,-2.8189936024037405,5.0,-5.41646937763544,2025,11
Harlingen/McAllen,2025-12-01,546923,578692,8,8,-5.618435046997047,-5.015565025538731,3.625,-5.489794225598418,2025,12
Harlingen/McAllen,2026-01-01,445443,472016,8,8,-5.326248105971981,-4.8215199905516535,4.875,-5.629682044676452,2026,1
Harlingen/McAllen,2026-02-01,348019,333068,8,8,4.771244200210471,5.5521744149959265,4.0,4.488873143021845,2026,2
Harlingen/McAllen,2026-03-01,431108,414365,9,9,4.154860190851132,3.8357306649989575,3.888888888888889,4.040640498111568,2026,3
Harlingen/McAllen,2026-04-01,429955,455010,9,9,-4.677337025899488,-3.2007156503017256,4.0,-5.506472385222303,2026,4
Harlingen/McAllen,2026-05-01,573572,570179,9,9,0.8309699749115368,-0.16380016380016382,5.0,0.5950762830619858,2026,5
Harlingen/McAllen,2026-06-01,409790,400361,9,9,2.262618972701665,2.1677033556688645,4.0,2.3551245001386247,2026,6
Harlingen/McAllen,2026-07-01,385671,387017,9,9,0.04603341589515006,-1.6864599875716357,3.888888888888889,-0.34778834004707804,2026,7
Harlingen/McAllen,2026-08-01,330646,337893,9,9,-2.480777259661788,-2.819112627986348,2.888888888888889,-2.1447618032927585,2026,8
"Harrisburg-Lancaster-Lebanon-York, PA",2024-02-01,72490,69550,5,5,-3.1081001897067195,-2.318776436895619,2.6,4.227174694464414,2024,2
"Harrisburg-Lancaster-Lebanon-York, PA",2024-03-01,89480,84727,4,4,3.7061461266826727,4.630844397823929,4.0,5.60978200573607,2024,3
"Harrisburg-Lancaster-Lebanon-York, PA",2024-04-01,66085,69671,5,5,-4.747330143804285,-6.67331241603036,3.2,-5.14704826972485,2024,4
"Harrisburg-Lancaster-Lebanon-York, PA",2024-05-01,103139,97447,4,4,5.46022950115232,5.309326376406394,4.0,5.841123892987983,2024,5
"Harrisburg-Lancaster-Lebanon-York, PA",2024-06-01,152518,149000,5,5,2.1155957495683846,2.1765779509112204,4.8,2.3610738255033556,2024,6
"Harrisburg-Lancaster-Lebanon-York, PA",2024-07-01,125555,121250,5,5,3.3810303174430523,4.623859336746049,4.0,3.550515463917526,2024,7
"Harrisburg-Lancaster-Lebanon-York, PA",2024-08-01,209821,210376,5,5,-0.42778458466681546,0.029979228677273605,5.0,-0.2638133627409971,2024,8
"Harrisburg-Lancaster-Lebanon-York, PA",2024-09-01,116466,114473,5,5,1.4206043177620267,1.1820546757336496,4.0,1.7410219003607836,2024,9
"Harrisburg-Lancaster-Lebanon-York, PA",2024-10-01,112112,111693,5,5,0.2184821769765744,0.1594794590456749,4.0,0.37513541582731236,2024,10
"Harrisburg-Lancaster-Lebanon-York, PA",2024-11-01,173375,167918,6,6,2.8444178088370347,3.052471313453897,4.333333333333333,3.2498004978620516,2024,11
"Harrisburg-Lancaster-Lebanon-York, PA",2024-12-01,194376,186168,6,6,3.5286990723019214,3.3893953010656057,3.5,4.408920974603584,2024,12
"Harrisburg-Lancaster-Lebanon-York, PA",2025-01-01,101744,91973,6,6,8.547613899561028,9.25579120331421,3.5,10.623770019462233,2025,1
"Harrisburg-Lancaster-Lebanon-York, PA",2025-02-01,110666,125084,6,6,-11.703894105344459,-12.607848049437987,4.0,-11.52665408845256,2025,2
"Harrisburg-Lancaster-Lebanon-York, PA",2025-03-01,156616,160736,6,6,-2.3912060862984306,-2.6848095555330254,4.833333333333333,-2.5632092375074658,2025,3
"Harrisburg-Lancaster-Lebanon-York, PA",2025-04-01,129058,124088,6,6,3.922423238072374,4.138443618567506,4.0,4.005222100444845,2025,4
"Harrisburg-Lancaster-Lebanon-York, PA",2025-05-01,164061,166721,6,6,-1.8636731702249587,-3.3359405778490188,5.0,-1.5954798735612192,2025,5
"Harrisburg-Lancaster-Lebanon-York, PA",2025-06-01,138879,140386,6,6,-1.7197369101203588,-1.9587111835450441,4.0,-1.0734688644166797,2025,6
"Harrisburg-Lancaster-Lebanon-York, PA",2025-07-01,134173,131836,6,6,1.1534839715694047,-1.6623300448893923,4.0,1.7726569374070813,2025,7
"Harrisburg-Lancaster-Lebanon-York, PA",2025-08-01,219397,210872,6,6,4.091994618140057,3.2516202175421505,5.0,4.042736826131492,2025,8
"Harrisburg-Lancaster-Lebanon-York, PA",2025-09-01,132716,136341,6,6,-2.766475378972483,-2.3900641736760075,4.0,-2.658774689931862,2025,9
"Harrisburg-Lancaster-Lebanon-York, PA",2025-10-01,140034,140844,6,6,-0.36318540953790907,-0.5133795458914496,3.8333333333333335,-0.5751043707932181,2025,10
"Harrisburg-Lancaster-Lebanon-York, PA",2025-11-01,213105,213300,6,6,0.3344770570618663,1.1738388717959474,5.0,-0.09142053445850915,2025,11
"Harrisburg-Lancaster-Lebanon-York, PA",2025-12-01,206180,209596,6,6,-1.831131528791932,-1.88254305500592,4.0,-1.629802095459837,2025,12
"Harrisburg-Lancaster-Lebanon-York, PA",2026-01-01,136233,132835,6,6,2.0703731152337936,0.8691883384839004,5.0,2.558060752060827,2026,1
"Harrisburg-Lancaster-Lebanon-York, PA",2026-02-01,120160,113590,6,6,5.7978156066568625,4.781497202392437,4.0,5.783959855621093,2026,2
"Harrisburg-Lancaster-Lebanon-York, PA",2026-03-01,142004,136338,6,6,4.099507839290378,3.5680603160117577,4.0,4.15584796608429,2026,3
"Harrisburg-Lancaster-Lebanon-York, PA",2026-04-01,138268,136736,6,6,1.1963197201816105,1.738242970216207,4.0,1.1204072080505498,2026,4
"Harrisburg-Lancaster-Lebanon-York, PA",2026-05-01,175846,178337,6,6,-0.9262073833699325,-1.188462813213482,5.0,-1.3967937107835167,2026,5
"Harrisburg-Lancaster-Lebanon-York, PA",2026-06-01,143049,140134,6,6,2.81982956818959,3.48564587572824,4.0,2.080151854653403,2026,6
"Harrisburg-Lancaster-Lebanon-York, PA",2026-07-01,122196,127221,6,6,-2.9516094783313207,-4.0818592165260075,4.0,-3.9498196052538495,2026,7
"Harrisburg-Lancaster-Lebanon-York, PA",2026-08-01,93915,100906,6,6,-6.9167208905493505,-7.43142235943543,2.5,-6.928230234079242,2026,8
"Harrisonburg, VA",2024-02-01,11506,13341,1,1,-13.754591110111686,-13.754591110111686,3.0,-13.754591110111686,2024,2
"Harrisonburg, VA",2024-03-01,20365,22144,1,1,-8.033778901734104,-8.033778901734104,5.0,-8.033778901734104,2024,3
"Harrisonburg, VA",2024-04-01,13190,15032,1,1,-12.253858435337946,-12.253858435337946,4.0,-12.253858435337946,2024,4
"Harrisonburg, VA",2024-05-01,15684,16848,1,1,-6.908831908831909,-6.908831908831909,4.0,-6.908831908831909,2024,5
"Harrisonburg, VA",2024-06-01,18326,19973,1,1,-8.246132278576077,-8.246132278576077,5.0,-8.246132278576077,2024,6
"Harrisonburg, VA",2024-07-01,15341,16407,1,1,-6.497226793441824,-6.497226793441824,4.0,-6.497226793441824,2024,7
"Harrisonburg, VA",2024-08-01,21193,22044,1,1,-3.8604608963890406,-3.8604608963890406,5.0,-3.8604608963890406,2024,8
"Harrisonburg, VA",2024-09-01,13271,14905,1,1,-10.962764173096277,-10.962764173096277,4.0,-10.962764173096277,2024,9
"Harrisonburg, VA",2024-10-01,15059,17118,1,1,-12.028274331113447,-12.028274331113447,4.0,-12.028274331113447,2024,10
"Harrisonburg, VA",2024-11-01,23616,24880,1,1,-5.080385852090032,-5.080385852090032,5.0,-5.080385852090032,2024,11
"Harrisonburg, VA",2024-12-01,27203,28749,1,1,-5.377578350551324,-5.377578350551324,4.0,-5.377578350551324,2024,12
"Harrisonburg, VA",2025-01-01,22149,22786,2,2,-4.503116315718216,-4.503116315718216,3.5,-2.795576231019047,2025,1
"Harrisonburg, VA",2025-02-01,25757,31695,2,2,-18.509599168441518,-18.509599168441518,4.0,-18.73481621706894,2025,2
"Harrisonburg, VA",2025-03-01,40263,42261,2,2,-4.703075409221962,-4.703075409221962,5.0,-4.727763185916093,2025,3
"Harrisonburg, VA",2025-04-01,31293,30337,2,2,3.2130109442909762,3.2130109442909762,4.0,3.1512674292118534,2025,4
"Harrisonburg, VA",2025-05-01,35914,33749,2,2,6.360381212478922,6.360381212478922,5.0,6.4150048890337485,2025,5
"Harrisonburg, VA",2025-06-01,28643,28066,2,2,2.047858102816982,2.047858102816982,4.0,2.055868310411174,2025,6
"Harrisonburg, VA",2025-07-01,36202,33062,2,2,9.482819466479276,9.482819466479276,4.0,9.497308087834977,2025,7
"Harrisonburg, VA",2025-08-01,52574,46236,2,2,13.555464239516738,13.555464239516738,5.0,13.70793321221559,2025,8
"Harrisonburg, VA",2025-09-01,33211,31145,2,2,6.726027339117557,6.726027339117557,4.0,6.633488521432011,2025,9
"Harrisonburg, VA",2025-10-01,35067,32532,2,2,7.8475011703480195,7.8475011703480195,4.0,7.792327554407967,2025,10
"Harrisonburg, VA",2025-11-01,52535,49510,2,2,6.078804676699411,6.078804676699411,5.0,6.1098767925671575,2025,11
"Harrisonburg, VA",2025-12-01,53866,51754,2,2,4.097934832850249,4.097934832850249,4.0,4.080843992734861,2025,12
"Harrisonburg, VA",2026-01-01,36346,33724,2,2,7.416655345045496,7.416655345045496,5.0,7.774878424860633,2026,1
"Harrisonburg, VA",2026-02-01,28160,25284,2,2,11.384807234984683,11.384807234984683,4.0,11.374782471127986,2026,2
"Harrisonburg, VA",2026-03-01,34391,32019,2,2,7.421058970472528,7.421058970472528,4.0,7.408101439770136,2026,3
"Harrisonburg, VA",2026-04-01,34822,32298,2,2,7.71426025136969,7.71426025136969,4.0,7.81472536999195,2026,4
"Harrisonburg, VA",2026-05-01,42039,40253,2,2,4.566182371482121,4.566182371482121,5.0,4.436936377412864,2026,5
"Harrisonburg, VA",2026-06-01,34181,30910,2,2,10.288466632193643,10.288466632193643,4.0,10.58233581365254,2026,6
"Harrisonburg, VA",2026-07-01,34202,33652,2,2,1.465997871830918,1.465997871830918,4.0,1.634375371448948,2026,7
"Harrisonburg, VA",2026-08-01,33632,33725,2,2,-0.31090679928053855,-0.31090679928053855,3.0,-0.27575982209043737,2026,8
Hartford,2024-02-01,167540,162138,9,9,3.000200015220493,5.3283651606893345,3.0,3.3317297610677326,2024,2
Hartford,2024-03-01,291614,265736,9,9,10.109370389641908,10.371714208515073,5.0,9.738236445193726,2024,3
Hartford,2024-04-01,209572,210198,9,9,-0.4568092642450375,1.091424521615875,4.0,-0.29781444162170906,2024,4
Hartford,2024-05-01,233818,215805,9,9,8.893102683658462,6.525831416021753,3.888888888888889,8.346887236162276,2024,5
Hartford,2024-06-01,305220,280898,9,9,9.147458938464387,7.710775314221155,5.0,8.658659015016127,2024,6
Hartford,2024-07-01,237035,222381,9,9,6.754886106193104,8.632807009323901,4.0,6.589591736704124,2024,7
Hartford,2024-08-01,382732,377537,9,9,1.3633156073733512,2.586748457189313,5.0,1.376024071812829,2024,8
Hartford,2024-09-01,201825,194728,9,9,4.077253245611893,2.497713081175675,4.0,3.6445708886241324,2024,9
Hartford,2024-10-01,196919,180420,9,9,9.29344442273569,11.153833621167193,3.888888888888889,9.144773306728744,2024,10
Hartford,2024-11-01,323392,312802,9,9,3.6950369697615457,3.2291244584359315,5.0,3.3855282255228545,2024,11
Hartford,2024-12-01,376907,355736,9,9,6.8950084261147575,7.8718301129167,4.0,5.951323453347427,2024,12
Hartford,2025-01-01,200339,184022,9,9,9.206269340576625,8.778107239930813,4.0,8.866874612818032,2025,1
Hartford,2025-02-01,193142,215501,9,9,-9.492457648136998,-8.249696702327121,4.0,-10.375357886970363,2025,2
Hartford,2025-03-01,297425,306402,9,9,-2.218943502528878,-0.5319483789738747,5.0,-2.9298111631125123,2025,3
Hartford,2025-04-01,230033,223551,11,11,2.86246276314166,4.022535211267606,3.4545454545454546,2.899562068610742,2025,4
Hartford,2025-05-01,292438,305777,9,9,-2.916754814825227,-1.8434937384781642,5.0,-4.3623294099948655,2025,5
Hartford,2025-06-01,214514,216053,8,8,-0.17625886289666054,-0.4370627564677999,4.0,-0.7123252164978038,2025,6
Hartford,2025-07-01,205537,199295,8,8,3.716122392611442,4.097210057137165,4.0,3.1320404425600237,2025,7
Hartford,2025-08-01,288394,275786,8,8,4.97562453457074,4.293203950944449,5.0,4.571660635420217,2025,8
Hartford,2025-09-01,195442,195939,8,8,0.08482758889990319,0.32092318754859545,4.0,-0.2536503707786607,2025,9
Hartford,2025-10-01,208156,213927,8,8,-2.2820621589524737,-2.6442448325335817,4.0,-2.6976491980909376,2025,10
Hartford,2025-11-01,333484,348175,10,10,-4.7953887017250825,-0.7621293164209542,4.6,-4.219429884397214,2025,11
Hartford,2025-12-01,358279,391778,12,12,-9.001688783145651,-5.364008823102157,3.5,-8.550505643502188,2025,12
Hartford,2026-01-01,247578,265323,10,10,-4.685988924790533,-0.9695528341338362,5.0,-6.688074535566084,2026,1
Hartford,2026-02-01,197140,201792,11,11,-2.5230220777896384,1.5573353674040173,3.727272727272727,-2.3053441167142403,2026,2
Hartford,2026-03-01,287632,296746,12,12,-2.3342817943202365,-0.9975719148930675,4.0,-3.071313513914257,2026,3
Hartford,2026-04-01,277908,287312,12,12,-3.49232668629123,0.7609600590440129,3.9166666666666665,-3.273096842456981,2026,4
Hartford,2026-05-01,330714,345513,12,12,-4.558671632166319,-3.1678379202558804,4.833333333333333,-4.28319629073291,2026,5
Hartford,2026-06-01,272562,273404,11,11,-0.7383823863515526,1.21973757161338,3.727272727272727,-0.3079691591929891,2026,6
Hartford,2026-07-01,248279,258140,11,11,-3.660912012419982,-1.423353067136919,3.909090909090909,-3.8200201441078483,2026,7
Hartford,2026-08-01,190512,197233,10,10,-3.122882719794744,-1.0606782900762062,2.9,-3.4076447653283175,2026,8
Houston,2024-02-01,593092,594658,23,23,0.5353340323817742,-2.598700649675162,2.9130434782608696,-0.2633446451573846,2024,2
Houston,2024-03-01,1082617,1018717,23,23,7.428198674562357,7.550739594083248,5.0,6.272595823962887,2024,3
Houston,2024-04-01,625057,624084,24,24,0.643785074494467,0.577018736527939,3.75,0.1559084994968626,2024,4
Houston,2024-05-01,808113,763548,23,23,6.756747171349805,6.449566504546415,3.9565217391304346,5.836568231466784,2024,5
Houston,2024-06-01,1003155,929843,24,24,8.554097212624733,8.426392133330369,4.916666666666667,7.8843417652227314,2024,6
Houston,2024-07-01,684158,667686,24,24,3.0384590460587457,1.0491189573138633,3.7083333333333335,2.4670279143190066,2024,7
Houston,2024-08-01,1386127,1242397,24,24,12.223847237327545,11.163562910439023,4.958333333333333,11.56876586147584,2024,8
Houston,2024-09-01,798813,743098,24,24,8.485745741506749,8.094507841544157,4.0,7.497665180097377,2024,9
Houston,2024-10-01,713269,703225,24,24,2.1809556030253714,1.7788655333553263,3.8333333333333335,1.4282768672899853,2024,10
Houston,2024-11-01,1284960,1248915,26,26,4.084844808910845,4.5593653145162865,4.8076923076923075,2.8861051392608785,2024,11
Houston,2024-12-01,1446892,1436412,26,26,3.9544876538699048,2.4506642589965177,3.8076923076923075,0.7295956870312975,2024,12
Houston,2025-01-01,897691,818069,26,26,12.092776730158906,12.83611205513154,3.8461538461538463,9.73291983928006,2025,1
Houston,2025-02-01,801111,857593,27,27,-4.893383859485455,-4.591305382807153,3.888888888888889,-6.586107862354288,2025,2
Houston,2025-03-01,1186513,1208245,27,27,-0.4308729481758687,-0.6892665978026106,4.925925925925926,-1.7986418317477,2025,3
Houston,2025-04-01,861842,826137,29,29,4.212151550647093,6.100544309216562,3.6206896551724137,4.321922393017139,2025,4
Houston,2025-05-01,994680,955164,26,26,4.945284684917713,4.941099237402493,4.846153846153846,4.137090593866604,2025,5
Houston,2025-06-01,899569,927269,27,27,-0.8826476003468146,-0.4479254652025903,3.925925925925926,-2.9872669096022837,2025,6
Houston,2025-07-01,889406,846340,26,26,6.739690080648742,4.772368328025204,3.8461538461538463,5.0884987121015195,2025,7
Houston,2025-08-01,1246838,1310250,26,26,-3.533659525263182,-3.7726621849858786,4.961538461538462,-4.839687082617821,2025,8
Houston,2025-09-01,846484,928421,27,27,-7.422276994453221,-7.594004505285046,4.0,-8.825414332506481,2025,9
Houston,2025-10-01,765224,833074,25,25,-6.856164482262639,-6.566878338877129,3.8,-8.144534579161036,2025,10
Houston,2025-11-01,1233841,1318454,26,26,-5.025733631816883,-4.7580909586462115,4.961538461538462,-6.417592119254824,2025,11
Houston,2025-12-01,1362734,1424333,30,30,0.8847891822476683,-2.5412103756374114,3.6333333333333333,-4.324761133807894,2025,12
Houston,2026-01-01,1005386,1090882,32,32,-6.613797658507098,-6.420975407851344,4.46875,-7.837327960311015,2026,1
Houston,2026-02-01,758353,752607,30,30,0.4428937140178963,3.00018824235345,3.7333333333333334,0.7634794786654922,2026,2
Houston,2026-03-01,967608,982392,29,29,-0.5117297229075879,-0.04483048472961614,4.0,-1.5048982483570714,2026,3
Houston,2026-04-01,903931,980316,31,31,-10.596372635180922,-6.760497485282077,3.7096774193548385,-7.791875272871196,2026,4
Houston,2026-05-01,1134452,1206137,28,28,-5.330690064255909,-4.330484872680738,4.964285714285714,-5.94335469353813,2026,5
Houston,2026-06-01,977590,994487,32,32,-0.9601965994057763,-1.459585009284734,3.96875,-1.6990669561291398,2026,6
Houston,2026-07-01,922039,969910,32,32,-3.91669301735237,-2.8693326739872607,3.90625,-4.935612582610758,2026,7
Houston,2026-08-01,857075,886108,32,32,-2.9036908957710708,-2.517007610386218,2.9375,-3.2764629142271593,2026,8
"Huntsville-Decatur (Florence), AL",2024-04-01,1358,0,1,1,,,1.0,,2024,4
"Huntsville-Decatur (Florence), AL",2024-06-01,13112,11443,1,1,14.585336013283229,14.585336013283229,2.0,14.585336013283229,2024,6
"Huntsville-Decatur (Florence), AL",2024-07-01,28419,28194,1,1,0.7980421366248137,0.7980421366248137,4.0,0.7980421366248137,2024,7
"Huntsville-Decatur (Florence), AL",2024-08-01,40064,37689,1,1,6.301573403380297,6.301573403380297,5.0,6.301573403380297,2024,8
"Huntsville-Decatur (Florence), AL",2024-09-01,26998,27420,1,1,-1.539022611232677,-1.539022611232677,4.0,-1.539022611232677,2024,9
"Huntsville-Decatur (Florence), AL",2024-10-01,25847,26028,1,1,-0.6954049485169816,-0.6954049485169816,4.0,-0.6954049485169816,2024,10
"Huntsville-Decatur (Florence), AL",2024-11-01,41461,41249,1,1,0.5139518533782637,0.5139518533782637,5.0,0.5139518533782637,2024,11
"Huntsville-Decatur (Florence), AL",2024-12-01,48267,48752,1,1,-0.9948309812930751,-0.9948309812930751,4.0,-0.9948309812930751,2024,12
"Huntsville-Decatur (Florence), AL",2025-01-01,25465,22692,1,1,12.220165697161995,12.220165697161995,4.0,12.220165697161995,2025,1
"Huntsville-Decatur (Florence), AL",2025-02-01,22660,27364,1,1,-17.19046922964479,-17.19046922964479,4.0,-17.19046922964479,2025,2
"Huntsville-Decatur (Florence), AL",2025-03-01,32770,38065,1,1,-13.910416393011953,-13.910416393011953,5.0,-13.910416393011953,2025,3
"Huntsville-Decatur (Florence), AL",2025-04-01,26927,27421,1,1,-1.8015389664855403,-1.8015389664855403,4.0,-1.8015389664855403,2025,4
"Huntsville-Decatur (Florence), AL",2025-05-01,33233,37096,1,1,-10.413521673495794,-10.413521673495794,5.0,-10.413521673495794,2025,5
"Huntsville-Decatur (Florence), AL",2025-06-01,27021,29218,1,1,-7.519337394756658,-7.519337394756658,4.0,-7.519337394756658,2025,6
"Huntsville-Decatur (Florence), AL",2025-07-01,30321,31684,1,1,-4.30185582628456,-4.30185582628456,4.0,-4.30185582628456,2025,7
"Huntsville-Decatur (Florence), AL",2025-08-01,41725,40826,1,1,2.202028119335717,2.202028119335717,5.0,2.202028119335717,2025,8
"Huntsville-Decatur (Florence), AL",2025-09-01,28037,30227,1,1,-7.2451781519833265,-7.2451781519833265,4.0,-7.2451781519833265,2025,9
"Huntsville-Decatur (Florence), AL",2025-10-01,31991,33755,1,1,-5.22589246037624,-5.22589246037624,4.0,-5.22589246037624,2025,10
"Huntsville-Decatur (Florence), AL",2025-11-01,41593,39175,1,1,6.17230376515635,6.17230376515635,5.0,6.17230376515635,2025,11
"Huntsville-Decatur (Florence), AL",2025-12-01,46244,45838,1,1,0.8857279986037785,0.8857279986037785,4.0,0.8857279986037785,2025,12
"Huntsville-Decatur (Florence), AL",2026-01-01,30338,30193,1,1,0.48024376511111844,0.48024376511111844,5.0,0.48024376511111844,2026,1
"Huntsville-Decatur (Florence), AL",2026-02-01,28378,24659,1,1,15.08171458696622,15.08171458696622,4.0,15.08171458696622,2026,2
"Huntsville-Decatur (Florence), AL",2026-03-01,27952,26115,1,1,7.034271491479991,7.034271491479991,4.0,7.034271491479991,2026,3
"Huntsville-Decatur (Florence), AL",2026-04-01,29364,28561,1,1,2.8115262070655787,2.8115262070655787,4.0,2.8115262070655787,2026,4
"Huntsville-Decatur (Florence), AL",2026-05-01,36265,33216,1,1,9.179311175337187,9.179311175337187,5.0,9.179311175337187,2026,5
"Huntsville-Decatur (Florence), AL",2026-06-01,29492,27892,1,1,5.73641187437258,5.73641187437258,4.0,5.73641187437258,2026,6
"Huntsville-Decatur (Florence), AL",2026-07-01,31036,29429,1,1,5.460600088348229,5.460600088348229,4.0,5.460600088348229,2026,7
"Huntsville-Decatur (Florence), AL",2026-08-01,25279,25979,1,1,-2.694484006312791,-2.694484006312791,3.0,-2.694484006312791,2026,8
"Indianapolis, IN",2024-02-01,63204,63659,5,5,-0.13792342683260267,-0.04513857542655954,2.6,-0.714745754724391,2024,2
"Indianapolis, IN",2024-03-01,129583,115488,5,5,12.541810060024247,13.946230326809042,4.8,12.204731227486839,2024,3
"Indianapolis, IN",2024-04-01,93534,92871,5,5,-0.09651470908383146,-0.11684398253489946,4.0,0.7138934651290499,2024,4
"Indianapolis, IN",2024-05-01,103901,98351,6,6,4.844167380069293,5.377994663427448,3.5,5.6430539597970535,2024,5
"Indianapolis, IN",2024-06-01,115222,108019,5,5,6.674110279871042,7.256108458651416,5.0,6.6682713226376835,2024,6
"Indianapolis, IN",2024-07-01,107711,107309,6,6,3.8541898440266036,-0.32371615151485755,3.6666666666666665,0.37461909066341126,2024,7
"Indianapolis, IN",2024-08-01,154664,145606,6,6,7.46075652502838,4.970694247454784,4.666666666666667,6.22089749048803,2024,8
"Indianapolis, IN",2024-09-01,105271,100691,6,6,5.20325941867106,5.360796045752562,3.8333333333333335,4.548569385545878,2024,9
"Indianapolis, IN",2024-10-01,95236,94311,6,6,0.6448971378562296,1.6547904575328467,3.8333333333333335,0.9807975739839467,2024,10
"Indianapolis, IN",2024-11-01,154828,145064,6,6,10.994639672119135,7.528796730775855,4.833333333333333,6.730822257762091,2024,11
"Indianapolis, IN",2024-12-01,175119,176272,6,6,3.7406662936541726,-0.05470018710982383,4.0,-0.6541027502949986,2024,12
"Indianapolis, IN",2025-01-01,95033,93658,6,6,3.179664996139937,5.199121362023487,4.0,1.468107369365137,2025,1
"Indianapolis, IN",2025-02-01,85920,98961,6,6,-12.268978846639671,-12.489880796579987,4.0,-13.17791857398369,2025,2
"Indianapolis, IN",2025-03-01,135790,139537,6,6,-0.9396714738275461,-1.6310308843849515,4.5,-2.6853092728093624,2025,3
"Indianapolis, IN",2025-04-01,101402,97038,7,7,13.035191241871352,3.973085364419476,3.2857142857142856,4.497207279622415,2025,4
"Indianapolis, IN",2025-05-01,120407,123433,5,5,-2.1938349541611597,-2.615062761506276,5.0,-2.451532410295464,2025,5
"Indianapolis, IN",2025-06-01,99571,103000,5,5,-2.915464855672485,-3.6332427406665717,4.0,-3.3291262135922333,2025,6
"Indianapolis, IN",2025-07-01,118871,117394,5,5,1.1865678639667003,0.9169969827841212,4.0,1.2581562941888,2025,7
"Indianapolis, IN",2025-08-01,151607,153554,6,6,-1.9327828439090975,-2.091913432849175,4.333333333333333,-1.2679578519608736,2025,8
"Indianapolis, IN",2025-09-01,98368,104829,6,6,-5.808499707717829,-6.076783203626087,3.3333333333333335,-6.163370822959296,2025,9
"Indianapolis, IN",2025-10-01,93488,99342,5,5,-8.673121033912532,-7.349422301223764,3.4,-5.8927744559199535,2025,10
"Indianapolis, IN",2025-11-01,138319,139021,5,5,0.3222910282034862,-0.4988602817532977,4.8,-0.5049596823501485,2025,11
"Indianapolis, IN",2025-12-01,152076,155037,9,9,-3.46732217476895,-5.276356192425793,2.7777777777777777,-1.9098666769867836,2025,12
"Indianapolis, IN",2026-01-01,110578,109308,7,7,0.058846467248672596,2.53750815394651,4.428571428571429,1.1618545760603065,2026,1
"Indianapolis, IN",2026-02-01,114399,103671,7,7,9.997185886185184,10.116658889407374,3.7142857142857144,10.348120496570882,2026,2
"Indianapolis, IN",2026-03-01,144546,139274,8,8,3.6120471602822257,1.849661459898851,3.625,3.785343998161897,2026,3
"Indianapolis, IN",2026-04-01,138197,133906,8,8,-4.500473702208084,3.7889715000162756,3.75,3.204486729496811,2026,4
"Indianapolis, IN",2026-05-01,178438,174872,9,9,2.2254649799092783,2.1348716761058597,4.111111111111111,2.0392058191134086,2026,5
"Indianapolis, IN",2026-06-01,170503,158205,9,9,10.118516452151848,8.83574575204531,3.6666666666666665,7.7734584874055805,2026,6
"Indianapolis, IN",2026-07-01,163789,162918,8,8,1.0187009333533468,1.5005287338136282,4.0,0.5346247805644557,2026,7
"Indianapolis, IN",2026-08-01,158377,149579,9,9,5.979392856520381,6.380051590713672,2.888888888888889,5.881841702378007,2026,8
"Jackson, MS",2024-02-01,17897,17550,1,1,1.9772079772079774,1.9772079772079774,3.0,1.9772079772079774,2024,2
"Jackson, MS",2024-03-01,32433,29506,1,1,9.92001626787772,9.92001626787772,5.0,9.92001626787772,2024,3
"Jackson, MS",2024-04-01,19305,18970,1,1,1.7659462308908802,1.7659462308908802,4.0,1.7659462308908802,2024,4
"Jackson, MS",2024-05-01,27435,24448,1,1,12.217768324607329,12.217768324607329,4.0,12.217768324607329,2024,5
"Jackson, MS",2024-06-01,30584,27140,1,1,12.689756816507,12.689756816507,5.0,12.689756816507,2024,6
"Jackson, MS",2024-07-01,23937,21612,1,1,10.757912270960578,10.757912270960578,4.0,10.757912270960578,2024,7
"Jackson, MS",2024-08-01,30727,28262,1,1,8.721958813955135,8.721958813955135,5.0,8.721958813955135,2024,8
"Jackson, MS",2024-09-01,20844,19860,1,1,4.954682779456193,4.954682779456193,4.0,4.954682779456193,2024,9
"Jackson, MS",2024-10-01,24644,23951,1,1,2.8934073733873324,2.8934073733873324,4.0,2.8934073733873324,2024,10
"Jackson, MS",2024-11-01,34213,32846,1,1,4.161846191317055,4.161846191317055,5.0,4.161846191317055,2024,11
"Jackson, MS",2024-12-01,37664,35552,1,1,5.9405940594059405,5.9405940594059405,4.0,5.9405940594059405,2024,12
"Jackson, MS",2025-01-01,21639,18063,1,1,19.79737585118751,19.79737585118751,4.0,19.79737585118751,2025,1
"Jackson, MS",2025-02-01,22350,23026,1,1,-2.935811691131764,-2.935811691131764,4.0,-2.935811691131764,2025,2
"Jackson, MS",2025-03-01,34209,34769,1,1,-1.6106301590497283,-1.6106301590497283,5.0,-1.6106301590497283,2025,3
"Jackson, MS",2025-04-01,22923,21926,1,1,4.547113016510079,4.547113016510079,4.0,4.547113016510079,2025,4
"Jackson, MS",2025-05-01,25671,27865,1,1,-7.87367665530235,-7.87367665530235,5.0,-7.87367665530235,2025,5
"Jackson, MS",2025-06-01,24774,26237,1,1,-5.576094827914776,-5.576094827914776,4.0,-5.576094827914776,2025,6
"Jackson, MS",2025-07-01,27030,27549,1,1,-1.883915931612763,-1.883915931612763,4.0,-1.883915931612763,2025,7
"Jackson, MS",2025-08-01,23902,24215,1,1,-1.2925872393144746,-1.2925872393144746,5.0,-1.2925872393144746,2025,8
"Jackson, MS",2025-09-01,20966,21783,1,1,-3.7506312261855577,-3.7506312261855577,4.0,-3.7506312261855577,2025,9
"Jackson, MS",2025-10-01,24700,26886,1,1,-8.130625604403779,-8.130625604403779,4.0,-8.130625604403779,2025,10
"Jackson, MS",2025-11-01,33421,32916,1,1,1.53420828776279,1.53420828776279,5.0,1.53420828776279,2025,11
"Jackson, MS",2025-12-01,35063,36079,1,1,-2.8160425732420524,-2.8160425732420524,4.0,-2.8160425732420524,2025,12
"Jackson, MS",2026-01-01,25566,27369,1,1,-6.5877452592349,-6.5877452592349,5.0,-6.5877452592349,2026,1
"Jackson, MS",2026-02-01,24718,22974,1,1,7.591190040915818,7.591190040915818,4.0,7.591190040915818,2026,2
"Jackson, MS",2026-03-01,29732,28315,1,1,5.004414621225499,5.004414621225499,4.0,5.004414621225499,2026,3
"Jackson, MS",2026-04-01,26329,27250,1,1,-3.379816513761468,-3.379816513761468,4.0,-3.379816513761468,2026,4
"Jackson, MS",2026-05-01,28331,27287,1,1,3.8259977278557553,3.8259977278557553,5.0,3.8259977278557553,2026,5
"Jackson, MS",2026-06-01,25274,24006,1,1,5.282012830125802,5.282012830125802,4.0,5.282012830125802,2026,6
"Jackson, MS",2026-07-01,26654,25131,1,1,6.0602443197644345,6.0602443197644345,4.0,6.0602443197644345,2026,7
"Jackson, MS",2026-08-01,19638,18873,1,1,4.0534096328087745,4.0534096328087745,3.0,4.0534096328087745,2026,8
"Jackson, TN",2024-02-01,10559,11424,1,1,-7.571778711484593,-7.571778711484593,3.0,-7.571778711484593,2024,2
"Jackson, TN",2024-03-01,25153,23674,1,1,6.247359972966123,6.247359972966123,5.0,6.247359972966123,2024,3
"Jackson, TN",2024-04-01,15109,16588,1,1,-8.916083916083917,-8.916083916083917,4.0,-8.916083916083917,2024,4
"Jackson, TN",2024-05-01,18179,16887,1,1,7.650855687807188,7.650855687807188,4.0,7.650855687807188,2024,5
"Jackson, TN",2024-06-01,22439,21168,1,1,6.004346182917612,6.004346182917612,5.0,6.004346182917612,2024,6
"Jackson, TN",2024-07-01,18920,18195,1,1,3.9846111569112392,3.9846111569112392,4.0,3.9846111569112392,2024,7
"Jackson, TN",2024-08-01,29698,27070,1,1,9.708164019209457,9.708164019209457,5.0,9.708164019209457,2024,8
"Jackson, TN",2024-09-01,18535,17478,1,1,6.047602700537819,6.047602700537819,4.0,6.047602700537819,2024,9
"Jackson, TN",2024-10-01,18868,17470,1,1,8.002289639381797,8.002289639381797,4.0,8.002289639381797,2024,10
"Jackson, TN",2024-11-01,28689,26287,1,1,9.137596530604482,9.137596530604482,5.0,9.137596530604482,2024,11
"Jackson, TN",2024-12-01,31781,30647,1,1,3.7001990406891374,3.7001990406891374,4.0,3.7001990406891374,2024,12
"Jackson, TN",2025-01-01,15201,13186,1,1,15.28135901713939,15.28135901713939,4.0,15.28135901713939,2025,1
"Jackson, TN",2025-02-01,16012,16776,1,1,-4.554124940391035,-4.554124940391035,4.0,-4.554124940391035,2025,2
"Jackson, TN",2025-03-01,25567,25153,1,1,1.6459269272055024,1.6459269272055024,5.0,1.6459269272055024,2025,3
"Jackson, TN",2025-04-01,17362,16089,1,1,7.912238175150724,7.912238175150724,4.0,7.912238175150724,2025,4
"Jackson, TN",2025-05-01,24211,23585,1,1,2.654229383082468,2.654229383082468,5.0,2.654229383082468,2025,5
"Jackson, TN",2025-06-01,18212,17578,1,1,3.606781203777449,3.606781203777449,4.0,3.606781203777449,2025,6
"Jackson, TN",2025-07-01,20584,19773,1,1,4.101552622262681,4.101552622262681,4.0,4.101552622262681,2025,7
"Jackson, TN",2025-08-01,26245,24976,1,1,5.080877642536835,5.080877642536835,5.0,5.080877642536835,2025,8
"Jackson, TN",2025-09-01,18501,18535,1,1,-0.1834367413002428,-0.1834367413002428,4.0,-0.1834367413002428,2025,9
"Jackson, TN",2025-10-01,20846,20490,1,1,1.7374328940946804,1.7374328940946804,4.0,1.7374328940946804,2025,10
"Jackson, TN",2025-11-01,31877,29556,1,1,7.852889430234132,7.852889430234132,5.0,7.852889430234132,2025,11
"Jackson, TN",2025-12-01,34291,31632,1,1,8.406044511886696,8.406044511886696,4.0,8.406044511886696,2025,12
"Jackson, TN",2026-01-01,17633,17826,1,1,-1.082688208235162,-1.082688208235162,5.0,-1.082688208235162,2026,1
"Jackson, TN",2026-02-01,18554,16483,1,1,12.564460353091064,12.564460353091064,4.0,12.564460353091064,2026,2
"Jackson, TN",2026-03-01,23262,20052,1,1,16.008378216636746,16.008378216636746,4.0,16.008378216636746,2026,3
"Jackson, TN",2026-04-01,20751,18706,1,1,10.932321180369934,10.932321180369934,4.0,10.932321180369934,2026,4
"Jackson, TN",2026-05-01,25852,25266,1,1,2.3193224095622575,2.3193224095622575,5.0,2.3193224095622575,2026,5
"Jackson, TN",2026-06-01,20324,19226,1,1,5.711016332050348,5.711016332050348,4.0,5.711016332050348,2026,6
"Jackson, TN",2026-07-01,20580,20087,1,1,2.454323691940061,2.454323691940061,4.0,2.454323691940061,2026,7
"Jackson, TN",2026-08-01,18163,16556,1,1,9.70645083353467,9.70645083353467,3.0,9.70645083353467,2026,8
"Jacksonville, FL",2024-02-01,39118,39770,3,3,-1.5897024281813268,0.21953896816684962,2.6666666666666665,-1.639426703545386,2024,2
"Jacksonville, FL",2024-03-01,71004,68583,3,3,4.784550659971678,5.962022167555765,4.333333333333333,3.5300293075543507,2024,3
"Jacksonville, FL",2024-04-01,47711,48549,4,4,-11.402174181105151,-8.590078328981724,3.0,-1.7260911656264804,2024,4
"Jacksonville, FL",2024-05-01,63322,62538,3,3,4.7305658350321,2.8677122504509462,4.0,1.2536377882247594,2024,5
"Jacksonville, FL",2024-06-01,71079,69157,3,3,5.925221854756675,6.0032963656172305,4.666666666666667,2.7791835967436413,2024,6
"Jacksonville, FL",2024-07-01,45108,46206,3,3,2.256802922838773,-0.8978549156617454,3.6666666666666665,-2.3763147643163225,2024,7
"Jacksonville, FL",2024-08-01,78737,76570,3,3,7.40566259395655,3.479446631622935,4.0,2.8300901136215226,2024,8
"Jacksonville, FL",2024-09-01,54922,56203,3,3,-0.35470751613973334,-2.3152912121835767,4.0,-2.279237763108731,2024,9
"Jacksonville, FL",2024-10-01,56122,60840,3,3,-6.397098060557344,-7.7270620945319735,4.0,-7.754766600920447,2024,10
"Jacksonville, FL",2024-11-01,76062,74947,3,3,-1.176319007623085,-1.057256625017163,4.666666666666667,1.4877179873777469,2024,11
"Jacksonville, FL",2024-12-01,85480,83010,2,2,2.95112640731457,2.95112640731457,4.0,2.97554511504638,2024,12
"Jacksonville, FL",2025-01-01,39400,37166,2,2,6.068949262336524,6.068949262336524,4.0,6.010870150137222,2025,1
"Jacksonville, FL",2025-02-01,84599,84465,5,5,1.4408676434642225,1.882781658062557,3.2,0.1586455928491091,2025,2
"Jacksonville, FL",2025-03-01,132063,132686,5,5,1.028693470676492,-0.3910181958962447,4.8,-0.4695295660431395,2025,3
"Jacksonville, FL",2025-04-01,103854,93042,5,5,11.66841471580332,12.841777241656615,4.0,11.62055845747082,2025,4
"Jacksonville, FL",2025-05-01,135191,131951,5,5,2.9880279751430963,3.5036496350364965,5.0,2.4554569499283825,2025,5
"Jacksonville, FL",2025-06-01,116586,113558,6,6,2.3285716114903536,3.577204702273174,4.0,2.666478803783089,2025,6
"Jacksonville, FL",2025-07-01,118295,110730,6,6,6.549569027091245,7.075283253027855,4.0,6.831933532014811,2025,7
"Jacksonville, FL",2025-08-01,165247,159222,6,6,3.8487631886916276,3.0569368047236405,5.0,3.7840248206906084,2025,8
"Jacksonville, FL",2025-09-01,114556,109525,6,6,4.619166576045856,2.718108511738185,4.0,4.593471810089021,2025,9
"Jacksonville, FL",2025-10-01,124625,121462,6,6,2.56813627584125,2.9914576990168014,4.0,2.6041066341736507,2025,10
"Jacksonville, FL",2025-11-01,176595,166790,6,6,7.479301967873522,7.687124575649232,4.666666666666667,5.87864979914863,2025,11
"Jacksonville, FL",2025-12-01,183798,176492,7,7,3.276114414839792,4.236747806668336,3.142857142857143,4.139564399519525,2025,12
"Jacksonville, FL",2026-01-01,137265,134743,5,5,2.885851703714198,5.6620249092329615,5.0,1.8717113319430323,2026,1
"Jacksonville, FL",2026-02-01,97207,90364,6,6,6.738520684538315,7.5488487295355124,3.6666666666666665,7.572705944845293,2026,2
"Jacksonville, FL",2026-03-01,119523,115389,6,6,3.4655052281902172,3.906271535326896,4.0,3.582663858773367,2026,3
"Jacksonville, FL",2026-04-01,121482,121445,7,7,105.12037524578447,0.31022180859314413,3.4285714285714284,0.030466466301618016,2026,4
"Jacksonville, FL",2026-05-01,145067,144893,6,6,3.470856031691769,2.30262045140514,4.833333333333333,0.12008861711745909,2026,5
"Jacksonville, FL",2026-06-01,112656,111253,6,6,3.0176426424622247,2.303671175356763,3.6666666666666665,1.2610895885953637,2026,6
"Jacksonville, FL",2026-07-01,128704,127260,7,7,3.603120480390427,4.220505875032029,3.4285714285714284,1.1346848970611345,2026,7
"Jacksonville, FL",2026-08-01,124363,125698,7,7,4.4728572262408495,-0.1906177306797622,2.5714285714285716,-1.0620694044455758,2026,8
"Johnstown-Altoona-State College, PA",2024-02-01,10139,10710,1,1,-5.3314659197012135,-5.3314659197012135,3.0,-5.3314659197012135,2024,2
"Johnstown-Altoona-State College, PA",2024-03-01,18168,17112,1,1,6.171107994389901,6.171107994389901,5.0,6.171107994389901,2024,3
"Johnstown-Altoona-State College, PA",2024-04-01,12488,13426,1,1,-6.986444212721585,-6.986444212721585,4.0,-6.986444212721585,2024,4
"Johnstown-Altoona-State College, PA",2024-05-01,14093,13517,1,1,4.261300584449213,4.261300584449213,4.0,4.261300584449213,2024,5
"Johnstown-Altoona-State College, PA",2024-06-01,16787,17105,1,1,-1.85910552470038,-1.85910552470038,5.0,-1.85910552470038,2024,6
"Johnstown-Altoona-State College, PA",2024-07-01,14349,14251,1,1,0.6876710406287279,0.6876710406287279,4.0,0.6876710406287279,2024,7
"Johnstown-Altoona-State College, PA",2024-08-01,21147,20122,1,1,5.093927045025345,5.093927045025345,5.0,5.093927045025345,2024,8
"Johnstown-Altoona-State College, PA",2024-09-01,13822,13606,1,1,1.587534911068646,1.587534911068646,4.0,1.587534911068646,2024,9
"Johnstown-Altoona-State College, PA",2024-10-01,14772,15055,1,1,-1.8797741614081702,-1.8797741614081702,4.0,-1.8797741614081702,2024,10
"Johnstown-Altoona-State College, PA",2024-11-01,22871,23019,1,1,-0.6429471306312177,-0.6429471306312177,5.0,-0.6429471306312177,2024,11
"Johnstown-Altoona-State College, PA",2024-12-01,23038,22918,1,1,0.5236058992931321,0.5236058992931321,4.0,0.5236058992931321,2024,12
"Johnstown-Altoona-State College, PA",2025-01-01,10622,10745,1,1,-1.1447184737087017,-1.1447184737087017,4.0,-1.1447184737087017,2025,1
"Johnstown-Altoona-State College, PA",2025-02-01,11334,13941,1,1,-18.700236711857112,-18.700236711857112,4.0,-18.700236711857112,2025,2
"Johnstown-Altoona-State College, PA",2025-03-01,21057,19447,1,1,8.278911914434103,8.278911914434103,5.0,8.278911914434103,2025,3
"Johnstown-Altoona-State College, PA",2025-04-01,12703,11962,1,1,6.19461628490219,6.19461628490219,4.0,6.19461628490219,2025,4
"Johnstown-Altoona-State College, PA",2025-05-01,16105,15911,1,1,1.2192822575576645,1.2192822575576645,5.0,1.2192822575576645,2025,5
"Johnstown-Altoona-State College, PA",2025-06-01,12218,12844,1,1,-4.873871068203052,-4.873871068203052,4.0,-4.873871068203052,2025,6
"Johnstown-Altoona-State College, PA",2025-07-01,14370,14349,1,1,0.14635166213673428,0.14635166213673428,4.0,0.14635166213673428,2025,7
"Johnstown-Altoona-State College, PA",2025-08-01,24636,25196,1,1,-2.222575011906652,-2.222575011906652,5.0,-2.222575011906652,2025,8
"Johnstown-Altoona-State College, PA",2025-09-01,13856,14674,1,1,-5.574485484530462,-5.574485484530462,4.0,-5.574485484530462,2025,9
"Johnstown-Altoona-State College, PA",2025-10-01,14051,15204,1,1,-7.583530649828993,-7.583530649828993,4.0,-7.583530649828993,2025,10
"Johnstown-Altoona-State College, PA",2025-11-01,12764,12631,1,1,1.0529649275591797,1.0529649275591797,3.0,1.0529649275591797,2025,11
"Johnstown-Altoona-State College, PA",2025-12-01,21633,22546,1,1,-4.049498802448328,-4.049498802448328,4.0,-4.049498802448328,2025,12
"Johnstown-Altoona-State College, PA",2026-01-01,13814,13188,1,1,4.746739460115256,4.746739460115256,5.0,4.746739460115256,2026,1
"Johnstown-Altoona-State College, PA",2026-02-01,12350,11643,1,1,6.0723181310658765,6.0723181310658765,4.0,6.0723181310658765,2026,2
"Johnstown-Altoona-State College, PA",2026-03-01,15297,16891,1,1,-9.436978272452786,-9.436978272452786,4.0,-9.436978272452786,2026,3
"Johnstown-Altoona-State College, PA",2026-04-01,14123,14479,1,1,-2.4587333379377028,-2.4587333379377028,4.0,-2.4587333379377028,2026,4
"Johnstown-Altoona-State College, PA",2026-05-01,16795,17440,1,1,-3.698394495412844,-3.698394495412844,5.0,-3.698394495412844,2026,5
"Johnstown-Altoona-State College, PA",2026-06-01,12058,11254,1,1,7.144126532788341,7.144126532788341,4.0,7.144126532788341,2026,6
"Johnstown-Altoona-State College, PA",2026-07-01,13447,13060,1,1,2.9632465543644715,2.9632465543644715,4.0,2.9632465543644715,2026,7
"Johnstown-Altoona-State College, PA",2026-08-01,14254,15896,1,1,-10.32964267740312,-10.32964267740312,3.0,-10.32964267740312,2026,8
"Jonesboro, AR",2024-02-01,17786,17960,1,1,-0.9688195991091313,-0.9688195991091313,3.0,-0.9688195991091313,2024,2
"Jonesboro, AR",2024-03-01,35021,31605,1,1,10.808416389811738,10.808416389811738,5.0,10.808416389811738,2024,3
"Jonesboro, AR",2024-04-01,22811,23998,1,1,-4.946245520460038,-4.946245520460038,4.0,-4.946245520460038,2024,4
"Jonesboro, AR",2024-05-01,25046,23231,1,1,7.812836296328182,7.812836296328182,4.0,7.812836296328182,2024,5
"Jonesboro, AR",2024-06-01,29311,28763,1,1,1.9052254632687826,1.9052254632687826,5.0,1.9052254632687826,2024,6
"Jonesboro, AR",2024-07-01,25369,25361,1,1,0.03154449745672489,0.03154449745672489,4.0,0.03154449745672489,2024,7
"Jonesboro, AR",2024-08-01,45310,45109,1,1,0.44558735507326697,0.44558735507326697,5.0,0.44558735507326697,2024,8
"Jonesboro, AR",2024-09-01,23615,22844,1,1,3.375065662756085,3.375065662756085,4.0,3.375065662756085,2024,9
"Jonesboro, AR",2024-10-01,24359,24192,1,1,0.6903108465608465,0.6903108465608465,4.0,0.6903108465608465,2024,10
"Jonesboro, AR",2024-11-01,39812,36136,1,1,10.172680982953288,10.172680982953288,5.0,10.172680982953288,2024,11
"Jonesboro, AR",2024-12-01,41918,38423,1,1,9.096114306535148,9.096114306535148,4.0,9.096114306535148,2024,12
"Jonesboro, AR",2025-01-01,20955,18378,1,1,14.022200457068234,14.022200457068234,4.0,14.022200457068234,2025,1
"Jonesboro, AR",2025-02-01,20794,23081,1,1,-9.908582817035658,-9.908582817035658,4.0,-9.908582817035658,2025,2
"Jonesboro, AR",2025-03-01,36071,35021,1,1,2.9982010793523886,2.9982010793523886,5.0,2.9982010793523886,2025,3
"Jonesboro, AR",2025-04-01,24906,22811,1,1,9.184165534172111,9.184165534172111,4.0,9.184165534172111,2025,4
"Jonesboro, AR",2025-05-01,29289,27671,1,1,5.84727693252864,5.84727693252864,5.0,5.84727693252864,2025,5
"Jonesboro, AR",2025-06-01,24994,23588,1,1,5.960657961675428,5.960657961675428,4.0,5.960657961675428,2025,6
"Jonesboro, AR",2025-07-01,27659,25369,1,1,9.02676494934763,9.02676494934763,4.0,9.02676494934763,2025,7
"Jonesboro, AR",2025-08-01,41707,37270,1,1,11.90501744030051,11.90501744030051,5.0,11.90501744030051,2025,8
"Jonesboro, AR",2025-09-01,24871,22959,1,1,8.327888845332986,8.327888845332986,4.0,8.327888845332986,2025,9
"Jonesboro, AR",2025-10-01,25046,25371,1,1,-1.2809901068148675,-1.2809901068148675,4.0,-1.2809901068148675,2025,10
"Jonesboro, AR",2025-11-01,41702,40556,1,1,2.8257224578360782,2.8257224578360782,5.0,2.8257224578360782,2025,11
"Jonesboro, AR",2025-12-01,41954,40770,1,1,2.904096149129262,2.904096149129262,4.0,2.904096149129262,2025,12
"Jonesboro, AR",2026-01-01,22888,23369,1,1,-2.0582823398519405,-2.0582823398519405,5.0,-2.0582823398519405,2026,1
"Jonesboro, AR",2026-02-01,26568,22947,1,1,15.77984050202641,15.77984050202641,4.0,15.77984050202641,2026,2
"Jonesboro, AR",2026-03-01,29824,28046,1,1,6.339584967553305,6.339584967553305,4.0,6.339584967553305,2026,3
"Jonesboro, AR",2026-04-01,26141,24906,1,1,4.95864450333253,4.95864450333253,4.0,4.95864450333253,2026,4
"Jonesboro, AR",2026-05-01,30831,32099,1,1,-3.9502788248855105,-3.9502788248855105,5.0,-3.9502788248855105,2026,5
"Jonesboro, AR",2026-06-01,24993,24324,1,1,2.7503700049333992,2.7503700049333992,4.0,2.7503700049333992,2026,6
"Jonesboro, AR",2026-07-01,27896,27659,1,1,0.8568639502512745,0.8568639502512745,4.0,0.8568639502512745,2026,7
"Jonesboro, AR",2026-08-01,28954,28318,1,1,2.245921322127269,2.245921322127269,3.0,2.245921322127269,2026,8
"Joplin, MO-Pittsburg, KS",2025-01-01,1112,1075,1,1,3.441860465116279,3.441860465116279,3.0,3.441860465116279,2025,1
"Joplin, MO-Pittsburg, KS",2025-02-01,1415,1842,1,1,-23.181324647122693,-23.181324647122693,3.0,-23.181324647122693,2025,2
"Joplin, MO-Pittsburg, KS",2025-03-01,272,298,1,1,-8.724832214765101,-8.724832214765101,1.0,-8.724832214765101,2025,3
"Joplin, MO-Pittsburg, KS",2025-08-01,268,318,1,1,-15.723270440251572,-15.723270440251572,1.0,-15.723270440251572,2025,8
"Joplin, MO-Pittsburg, KS",2026-01-01,216,199,1,1,8.542713567839195,8.542713567839195,1.0,8.542713567839195,2026,1
"Joplin, MO-Pittsburg, KS",2026-03-01,248,272,1,1,-8.823529411764707,-8.823529411764707,1.0,-8.823529411764707,2026,3
"Joplin, MO-Pittsburg, KS",2026-04-01,288,1,1,1,28700.0,28700.0,1.0,28700.0,2026,4
"Kansas City, MO",2024-02-01,58119,56667,4,4,2.9012746610970717,1.716135981902384,3.0,2.562337868600773,2024,2
"Kansas City, MO",2024-03-01,109152,101368,4,4,7.692947926825525,6.655520611266207,5.0,7.678951937495067,2024,3
"Kansas City, MO",2024-04-01,60359,62238,4,4,-2.5302856011207817,-2.8331451337564664,3.75,-3.0190558822584275,2024,4
"Kansas City, MO",2024-05-01,88285,83886,4,4,5.319967848606073,5.837052739844282,4.0,5.244021648427628,2024,5
"Kansas City, MO",2024-06-01,109280,103789,4,4,5.5001701580926445,6.389171197159927,5.0,5.290541386852171,2024,6
"Kansas City, MO",2024-07-01,82871,81344,4,4,2.238806245019402,2.5552004937626736,4.0,1.8772128245476003,2024,7
"Kansas City, MO",2024-08-01,149674,145623,4,4,2.6635535435050013,2.5267136448745307,5.0,2.7818407806459144,2024,8
"Kansas City, MO",2024-09-01,82525,78696,4,4,4.78453791509216,4.84416785992797,4.0,4.865558605265833,2024,9
"Kansas City, MO",2024-10-01,84844,90445,4,4,-6.165838990851079,-3.8632453149983705,4.0,-6.192713803969263,2024,10
"Kansas City, MO",2024-11-01,121289,117903,4,4,2.970446350202188,4.116792170799735,5.0,2.871852285353214,2024,11
"Kansas City, MO",2024-12-01,134146,126825,4,4,5.647259176418708,5.481344415483939,4.0,5.772521190616993,2024,12
"Kansas City, MO",2025-01-01,74563,73744,5,5,-0.5212903972872184,3.402578796561605,3.8,1.110598828379258,2025,1
"Kansas City, MO",2025-02-01,87671,105432,6,6,-17.475263407376648,-14.456786406741085,3.8333333333333335,-16.845929129675998,2025,2
"Kansas City, MO",2025-03-01,148845,156534,6,6,-5.236458103305991,-2.1684462163623945,5.0,-4.912031890835218,2025,3
"Kansas City, MO",2025-04-01,109857,106891,6,6,2.825986071119822,2.9641476804329563,3.8333333333333335,2.7747892713137685,2025,4
"Kansas City, MO",2025-05-01,142083,147125,6,6,-3.7396088719309666,-2.0214935038327146,5.0,-3.427017841971113,2025,5
"Kansas City, MO",2025-06-01,106207,114256,6,6,-8.02032220195962,-5.41926690288893,3.8333333333333335,-7.044706623722168,2025,6
"Kansas City, MO",2025-07-01,103103,103377,6,6,-0.701435214282251,-1.761926819385102,3.6666666666666665,-0.2650492856244619,2025,7
"Kansas City, MO",2025-08-01,144559,144384,5,5,-1.2062340845680375,2.102545186278126,5.0,0.12120456560283686,2025,8
"Kansas City, MO",2025-09-01,98445,102346,6,6,-5.832324477231762,-4.599776182250608,3.6666666666666665,-3.811580325562308,2025,9
"Kansas City, MO",2025-10-01,107233,108429,5,5,-1.720017373683819,-1.1000569750624534,4.0,-1.1030259432439662,2025,10
"Kansas City, MO",2025-11-01,142059,132232,5,5,7.694414877724516,5.140864521474935,4.6,7.431635307641116,2025,11
"Kansas City, MO",2025-12-01,139919,135686,6,6,-3.3064056127620187,2.294311944777278,3.0,3.119702843329452,2025,12
"Kansas City, MO",2026-01-01,88831,89250,5,5,-0.5454001700929512,-2.454430608193467,5.0,-0.46946778711484594,2026,1
"Kansas City, MO",2026-02-01,82764,75703,5,5,8.56976376653929,6.617761823006087,4.0,9.327239343222859,2026,2
"Kansas City, MO",2026-03-01,104181,101528,5,5,1.8300678433024813,1.1873421801966366,4.0,2.613072255929399,2026,3
"Kansas City, MO",2026-04-01,101575,100135,5,5,1.4878367867683697,0.8334596150931959,4.0,1.4380586208618364,2026,4
"Kansas City, MO",2026-05-01,127574,127641,5,5,-0.5048550346161806,0.06163750299626751,5.0,-0.05249097076958031,2026,5
"Kansas City, MO",2026-06-01,103576,97160,5,5,5.858135015643936,4.724323735916835,4.0,6.603540551667352,2026,6
"Kansas City, MO",2026-07-01,95197,96535,5,5,-1.7198172592058856,-2.952438532849657,4.0,-1.386025793753561,2026,7
"Kansas City, MO",2026-08-01,87292,90360,5,5,-3.152121886882963,-3.1844785473984976,3.0,-3.3953076582558652,2026,8
"Knoxville, TN",2024-02-01,12808,10248,1,1,24.98048399687744,24.98048399687744,3.0,24.98048399687744,2024,2
"Knoxville, TN",2024-03-01,20591,17955,1,1,14.681147312726258,14.681147312726258,5.0,14.681147312726258,2024,3
"Knoxville, TN",2024-04-01,9881,9332,1,1,5.8829832833261895,5.8829832833261895,3.0,5.8829832833261895,2024,4
"Knoxville, TN",2024-05-01,5552,5067,1,1,9.571738701401223,9.571738701401223,2.0,9.571738701401223,2024,5
"Knoxville, TN",2024-06-01,8413,8684,1,1,-3.1206817134960847,-3.1206817134960847,5.0,-3.1206817134960847,2024,6
"Knoxville, TN",2024-07-01,7287,6708,1,1,8.631484794275492,8.631484794275492,2.0,8.631484794275492,2024,7
"Knoxville, TN",2024-08-01,18712,16785,1,1,11.480488531426868,11.480488531426868,5.0,11.480488531426868,2024,8
"Knoxville, TN",2024-09-01,5539,5813,1,1,-4.7135730259762605,-4.7135730259762605,2.0,-4.7135730259762605,2024,9
"Knoxville, TN",2024-10-01,2364,2449,1,1,-3.4708044099632502,-3.4708044099632502,1.0,-3.4708044099632502,2024,10
"Knoxville, TN",2025-02-01,11344,15560,1,1,-27.095115681233935,-27.095115681233935,3.0,-27.095115681233935,2025,2
"Knoxville, TN",2025-03-01,37774,43787,2,2,-12.673339713210822,-12.673339713210822,4.5,-13.732386324708246,2025,3
"Knoxville, TN",2025-04-01,31642,31985,2,2,-0.20777354246078827,-0.20777354246078827,4.0,-1.0723776770361106,2025,4
"Knoxville, TN",2025-05-01,39002,41163,2,2,-4.839304795051224,-4.839304795051224,5.0,-5.249860311444745,2025,5
"Knoxville, TN",2025-06-01,31635,34049,2,2,-6.4942318691563035,-6.4942318691563035,4.0,-7.0897823724632145,2025,6
"Knoxville, TN",2025-07-01,34958,35930,2,2,-2.097601357774597,-2.097601357774597,4.0,-2.705260228221542,2025,7
"Knoxville, TN",2025-08-01,45483,45021,2,2,1.4488846802695439,1.4488846802695439,5.0,1.0261877790364498,2025,8
"Knoxville, TN",2025-09-01,30719,32360,2,2,-4.456262505841616,-4.456262505841616,4.0,-5.071075401730531,2025,9
"Knoxville, TN",2025-10-01,16206,16130,1,1,0.47117172969621823,0.47117172969621823,4.0,0.47117172969621823,2025,10
"Knoxville, TN",2025-11-01,52960,51168,2,2,3.8606085277356383,3.8606085277356383,5.0,3.5021888680425266,2025,11
"Knoxville, TN",2025-12-01,54482,55277,2,2,-1.1518144814098803,-1.1518144814098803,4.0,-1.438211190911229,2025,12
"Knoxville, TN",2026-01-01,31874,30238,2,2,5.705365883178703,5.705365883178703,5.0,5.410410741451154,2026,1
"Knoxville, TN",2026-02-01,29587,27534,2,2,7.559578177022987,7.559578177022987,4.0,7.4562359264908835,2026,2
"Knoxville, TN",2026-03-01,33179,31502,2,2,5.57066595890163,5.57066595890163,4.0,5.323471525617421,2026,3
"Knoxville, TN",2026-04-01,34237,33301,2,2,3.126727094779669,3.126727094779669,4.0,2.810726404612474,2026,4
"Knoxville, TN",2026-05-01,39516,37682,2,2,5.250494729022892,5.250494729022892,5.0,4.867045273605435,2026,5
"Knoxville, TN",2026-06-01,31513,28902,2,2,9.328987698312439,9.328987698312439,4.0,9.033976887412635,2026,6
"Knoxville, TN",2026-07-01,32734,33320,2,2,-1.4949121517824417,-1.4949121517824417,4.0,-1.758703481392557,2026,7
"Knoxville, TN",2026-08-01,26066,24639,2,2,5.811412506603315,5.811412506603315,2.5,5.791631153861764,2026,8
"La Crosse-Eau Claire, WI",2026-01-01,8648,10604,1,1,-18.44586948321388,-18.44586948321388,4.0,-18.44586948321388,2026,1
"La Crosse-Eau Claire, WI",2026-02-01,9274,9338,1,1,-0.6853715999143285,-0.6853715999143285,4.0,-0.6853715999143285,2026,2
"La Crosse-Eau Claire, WI",2026-03-01,11616,13811,1,1,-15.893128665556441,-15.893128665556441,4.0,-15.893128665556441,2026,3
"La Crosse-Eau Claire, WI",2026-04-01,11217,11975,1,1,-6.329853862212944,-6.329853862212944,4.0,-6.329853862212944,2026,4
"La Crosse-Eau Claire, WI",2026-05-01,11385,12685,1,1,-10.248324793062674,-10.248324793062674,5.0,-10.248324793062674,2026,5
"La Crosse-Eau Claire, WI",2026-06-01,10968,11303,1,1,-2.963814916393878,-2.963814916393878,4.0,-2.963814916393878,2026,6
"La Crosse-Eau Claire, WI",2026-07-01,10564,11058,1,1,-4.4673539518900345,-4.4673539518900345,4.0,-4.4673539518900345,2026,7
"La Crosse-Eau Claire, WI",2026-08-01,8678,8841,1,1,-1.8436828413075443,-1.8436828413075443,3.0,-1.8436828413075443,2026,8
"Lafayette, IN",2024-02-01,13778,13533,1,1,1.8103894184585827,1.8103894184585827,3.0,1.8103894184585827,2024,2
"Lafayette, IN",2024-03-01,26068,22335,1,1,16.713678083725096,16.713678083725096,5.0,16.713678083725096,2024,3
"Lafayette, IN",2024-04-01,17292,17704,1,1,-2.3271577044735654,-2.3271577044735654,4.0,-2.3271577044735654,2024,4
"Lafayette, IN",2024-05-01,20632,19083,1,1,8.1171723523555,8.1171723523555,4.0,8.1171723523555,2024,5
"Lafayette, IN",2024-06-01,25228,24297,1,1,3.8317487755690003,3.8317487755690003,5.0,3.8317487755690003,2024,6
"Lafayette, IN",2024-07-01,20832,20676,1,1,0.7544979686593152,0.7544979686593152,4.0,0.7544979686593152,2024,7
"Lafayette, IN",2024-08-01,33829,32638,1,1,3.649120656902997,3.649120656902997,5.0,3.649120656902997,2024,8
"Lafayette, IN",2024-09-01,20263,20007,1,1,1.2795521567451391,1.2795521567451391,4.0,1.2795521567451391,2024,9
"Lafayette, IN",2024-10-01,21539,22927,1,1,-6.053997470231605,-6.053997470231605,4.0,-6.053997470231605,2024,10
"Lafayette, IN",2024-11-01,29929,29225,1,1,2.4088964927288283,2.4088964927288283,5.0,2.4088964927288283,2024,11
"Lafayette, IN",2024-12-01,33599,33811,1,1,-0.6270148768152376,-0.6270148768152376,4.0,-0.6270148768152376,2024,12
"Lafayette, IN",2025-01-01,15804,15686,1,1,0.7522631646053806,0.7522631646053806,4.0,0.7522631646053806,2025,1
"Lafayette, IN",2025-02-01,15850,17930,1,1,-11.600669269380926,-11.600669269380926,4.0,-11.600669269380926,2025,2
"Lafayette, IN",2025-03-01,26737,27133,1,1,-1.4594773891571151,-1.4594773891571151,5.0,-1.4594773891571151,2025,3
"Lafayette, IN",2025-04-01,19590,18804,1,1,4.1799617102744095,4.1799617102744095,4.0,4.1799617102744095,2025,4
"Lafayette, IN",2025-05-01,24154,24232,1,1,-0.3218884120171674,-0.3218884120171674,5.0,-0.3218884120171674,2025,5
"Lafayette, IN",2025-06-01,19309,19763,1,1,-2.297222081667763,-2.297222081667763,4.0,-2.297222081667763,2025,6
"Lafayette, IN",2025-07-01,22411,20832,1,1,7.579685099846391,7.579685099846391,4.0,7.579685099846391,2025,7
"Lafayette, IN",2025-08-01,32541,30787,1,1,5.6972098613050965,5.6972098613050965,5.0,5.6972098613050965,2025,8
"Lafayette, IN",2025-09-01,11011,10979,1,1,0.29146552509336004,0.29146552509336004,4.0,0.29146552509336004,2025,9
"Lafayette, IN",2025-10-01,13246,13432,1,1,-1.3847528290649196,-1.3847528290649196,4.0,-1.3847528290649196,2025,10
"Lafayette, IN",2025-11-01,32543,31461,1,1,3.4391786656495347,3.4391786656495347,5.0,3.4391786656495347,2025,11
"Lafayette, IN",2025-12-01,26957,27717,1,1,-2.74199949489483,-2.74199949489483,4.0,-2.74199949489483,2025,12
"Lafayette, IN",2026-01-01,21416,19891,1,1,7.666783972650948,7.666783972650948,5.0,7.666783972650948,2026,1
"Lafayette, IN",2026-02-01,16003,13903,1,1,15.10465367186938,15.10465367186938,4.0,15.10465367186938,2026,2
"Lafayette, IN",2026-03-01,23350,21570,1,1,8.252202132591563,8.252202132591563,4.0,8.252202132591563,2026,3
"Lafayette, IN",2026-04-01,21262,18991,1,1,11.958296034963931,11.958296034963931,4.0,11.958296034963931,2026,4
"Lafayette, IN",2026-05-01,25144,22862,1,1,9.98162890385793,9.98162890385793,5.0,9.98162890385793,2026,5
"Lafayette, IN",2026-06-01,21794,19699,1,1,10.635057617137926,10.635057617137926,4.0,10.635057617137926,2026,6
"Lafayette, IN",2026-07-01,22338,20988,1,1,6.432246998284734,6.432246998284734,4.0,6.432246998284734,2026,7
"Lafayette, IN",2026-08-01,19657,19091,1,1,2.9647477869153005,2.9647477869153005,3.0,2.9647477869153005,2026,8
"Lafayette, LA",2024-04-01,882,0,1,1,,,1.0,,2024,4
"Lafayette, LA",2024-11-01,921,0,1,1,,,1.0,,2024,11
"Lafayette, LA",2024-12-01,2452,0,1,1,,,1.0,,2024,12
"Lafayette, LA",2025-02-01,12879,12865,1,1,0.10882238631947144,0.10882238631947144,3.0,0.10882238631947144,2025,2
"Lafayette, LA",2025-03-01,31443,32430,1,1,-3.0434782608695654,-3.0434782608695654,5.0,-3.0434782608695654,2025,3
"Lafayette, LA",2025-04-01,25096,22691,1,1,10.598915869728085,10.598915869728085,4.0,10.598915869728085,2025,4
"Lafayette, LA",2025-05-01,28812,28358,1,1,1.6009591649622683,1.6009591649622683,5.0,1.6009591649622683,2025,5
"Lafayette, LA",2025-06-01,20659,20203,1,1,2.2570905311092413,2.2570905311092413,4.0,2.2570905311092413,2025,6
"Lafayette, LA",2025-07-01,24370,23136,1,1,5.3336791147994465,5.3336791147994465,4.0,5.3336791147994465,2025,7
"Lafayette, LA",2025-08-01,32253,30198,1,1,6.805086429564872,6.805086429564872,5.0,6.805086429564872,2025,8
"Lafayette, LA",2025-09-01,23510,23265,1,1,1.053084031807436,1.053084031807436,4.0,1.053084031807436,2025,9
"Lafayette, LA",2025-10-01,25446,26200,1,1,-2.877862595419847,-2.877862595419847,4.0,-2.877862595419847,2025,10
"Lafayette, LA",2025-11-01,38012,35969,1,1,5.6798910172648664,5.6798910172648664,5.0,5.6798910172648664,2025,11
"Lafayette, LA",2025-12-01,40731,40712,1,1,0.04666928669679701,0.04666928669679701,4.0,0.04666928669679701,2025,12
"Lafayette, LA",2026-01-01,25677,25552,1,1,0.48919849718221664,0.48919849718221664,5.0,0.48919849718221664,2026,1
"Lafayette, LA",2026-02-01,21199,19106,1,1,10.954673924421646,10.954673924421646,4.0,10.954673924421646,2026,2
"Lafayette, LA",2026-03-01,27417,25034,1,1,9.519054086442438,9.519054086442438,4.0,9.519054086442438,2026,3
"Lafayette, LA",2026-04-01,26257,25808,1,1,1.739770613763174,1.739770613763174,4.0,1.739770613763174,2026,4
"Lafayette, LA",2026-05-01,31664,32917,1,1,-3.806543731202722,-3.806543731202722,5.0,-3.806543731202722,2026,5
"Lafayette, LA",2026-06-01,22820,21573,1,1,5.7803736151671075,5.7803736151671075,4.0,5.7803736151671075,2026,6
"Lafayette, LA",2026-07-01,23427,23706,1,1,-1.1769172361427487,-1.1769172361427487,4.0,-1.1769172361427487,2026,7
"Lafayette, LA",2026-08-01,19459,19495,1,1,-0.18466273403436778,-0.18466273403436778,3.0,-0.18466273403436778,2026,8
"Lansing, MI",2025-04-01,857,0,1,1,,,1.0,,2025,4
"Lansing, MI",2026-01-01,24612,27416,2,2,-10.351655750531108,-10.351655750531108,4.0,-10.227604318646046,2026,1
"Lansing, MI",2026-02-01,30989,30654,2,2,1.1541204823732856,1.1541204823732856,4.0,1.092842695896131,2026,2
"Lansing, MI",2026-03-01,35235,36897,2,2,-3.854240114462761,-3.854240114462761,4.0,-4.504431254573542,2026,3
"Lansing, MI",2026-04-01,32430,33281,2,2,-1.8694649997793213,-1.8694649997793213,4.0,-2.5570145127850727,2026,4
"Lansing, MI",2026-05-01,37641,37954,2,2,0.18198721103413318,0.18198721103413318,5.0,-0.8246825104073352,2026,5
"Lansing, MI",2026-06-01,32709,33168,2,2,0.30562309570514,0.30562309570514,4.0,-1.383863965267728,2026,6
"Lansing, MI",2026-07-01,31920,33196,2,2,-3.0352301425943127,-3.0352301425943127,4.0,-3.8438366068200986,2026,7
"Lansing, MI",2026-08-01,30302,32494,2,2,-6.370063323215977,-6.370063323215977,3.0,-6.745860774296792,2026,8
"Laredo, TX",2024-02-01,23680,22304,2,2,9.008431210158559,9.008431210158559,2.0,6.169296987087518,2024,2
"Laredo, TX",2024-03-01,44740,40001,1,1,11.847203819904502,11.847203819904502,5.0,11.847203819904502,2024,3
"Laredo, TX",2024-04-01,55055,54362,2,2,1.3141599416880958,1.3141599416880958,4.0,1.2747875354107647,2024,4
"Laredo, TX",2024-05-01,60819,55619,2,2,10.98897004755953,10.98897004755953,3.0,9.349323073050577,2024,5
"Laredo, TX",2024-06-01,45664,43446,1,1,5.105188049532753,5.105188049532753,5.0,5.105188049532753,2024,6
"Laredo, TX",2024-07-01,38908,37851,1,1,2.792528598980212,2.792528598980212,4.0,2.792528598980212,2024,7
"Laredo, TX",2024-08-01,61019,56577,1,1,7.851246973151634,7.851246973151634,5.0,7.851246973151634,2024,8
"Laredo, TX",2024-09-01,36842,32292,2,2,40.619423317529304,40.619423317529304,2.5,14.090177133655393,2024,9
"Laredo, TX",2024-10-01,43260,41257,2,2,6.622762665231478,6.622762665231478,2.5,4.854933708219211,2024,10
"Laredo, TX",2024-11-01,68826,64111,2,2,43.71060663853214,43.71060663853214,3.5,7.3544321567281745,2024,11
"Laredo, TX",2024-12-01,76049,66235,2,2,61.68651042036387,61.68651042036387,3.0,14.816939684456859,2024,12
"Laredo, TX",2025-01-01,43332,38031,2,2,9.66476881462207,9.66476881462207,3.0,13.938629013173465,2025,1
"Laredo, TX",2025-02-01,32082,31408,1,1,2.1459500764136523,2.1459500764136523,4.0,2.1459500764136523,2025,2
"Laredo, TX",2025-03-01,54299,51833,1,1,4.757586865510389,4.757586865510389,5.0,4.757586865510389,2025,3
"Laredo, TX",2025-04-01,40644,37681,2,2,-0.3106192291115608,-0.3106192291115608,3.0,7.863379421989862,2025,4
"Laredo, TX",2025-05-01,48512,45492,2,2,-3.5836122304298454,-3.5836122304298454,3.0,6.638529851402445,2025,5
"Laredo, TX",2025-06-01,35034,30566,1,1,14.61754891055421,14.61754891055421,4.0,14.61754891055421,2025,6
"Laredo, TX",2025-07-01,41057,37311,1,1,10.039934603736164,10.039934603736164,4.0,10.039934603736164,2025,7
"Laredo, TX",2025-08-01,58918,50780,1,1,16.025994486018117,16.025994486018117,5.0,16.025994486018117,2025,8
"Laredo, TX",2025-09-01,40009,37368,1,1,7.067544423035753,7.067544423035753,4.0,7.067544423035753,2025,9
"Laredo, TX",2025-10-01,80818,88495,2,2,-8.546047958764783,-8.546047958764783,3.5,-8.67506638793152,2025,10
"Laredo, TX",2025-11-01,125356,133957,2,2,-6.443939780565957,-6.443939780565957,5.0,-6.420717095784469,2025,11
"Laredo, TX",2025-12-01,144283,163032,2,2,-10.982060702630402,-10.982060702630402,4.0,-11.500196280484813,2025,12
"Laredo, TX",2026-01-01,73789,78242,2,2,-5.792424691752382,-5.792424691752382,4.5,-5.691316684133841,2026,1
"Laredo, TX",2026-02-01,62938,62375,2,2,0.957598003183057,0.957598003183057,3.0,0.9026052104208417,2026,2
"Laredo, TX",2026-03-01,113897,118377,2,2,-4.621911905284098,-4.621911905284098,4.0,-3.784518952161315,2026,3
"Laredo, TX",2026-04-01,69207,68009,2,2,6.150164934939205,6.150164934939205,3.5,1.7615315619991472,2026,4
"Laredo, TX",2026-05-01,53456,58997,2,2,-0.7593129842112578,-0.7593129842112578,3.0,-9.392002983202536,2026,5
"Laredo, TX",2026-06-01,32566,36317,1,1,-10.328496296500262,-10.328496296500262,4.0,-10.328496296500262,2026,6
"Laredo, TX",2026-07-01,41829,45072,1,1,-7.195154419595314,-7.195154419595314,4.0,-7.195154419595314,2026,7
"Laredo, TX",2026-08-01,34321,37501,1,1,-8.479773872696727,-8.479773872696727,3.0,-8.479773872696727,2026,8
Las Vegas,2024-02-01,162077,163583,7,7,-1.4464358155992534,-0.7967466179765955,3.0,-0.9206335621672178,2024,2
Las Vegas,2024-03-01,297626,298906,8,8,-2.742855988706848,-0.8022716178611207,4.625,-0.42822827243347406,2024,3
Las Vegas,2024-04-01,211898,230194,9,9,-8.414070770485978,-8.415281989478451,3.5555555555555554,-7.9480785772001,2024,4
Las Vegas,2024-05-01,266916,271595,8,8,-1.6476678992654061,-0.6369855863881284,3.875,-1.7227857655700582,2024,5
Las Vegas,2024-06-01,319626,329583,8,8,-2.666938914356372,-2.724480558152975,5.0,-3.0210902868169778,2024,6
Las Vegas,2024-07-01,267810,271584,8,8,-0.41246234988006336,-1.4504258327761224,4.0,-1.3896253092965711,2024,7
Las Vegas,2024-08-01,425278,413150,9,9,3.8903337813966314,5.067612927975448,4.777777777777778,2.9354955827181413,2024,8
Las Vegas,2024-09-01,221859,218691,8,8,1.772206777934662,2.079356078143904,3.75,1.448619284744228,2024,9
Las Vegas,2024-10-01,223805,220666,8,8,2.924924774677949,-0.35116099996530803,3.75,1.4225118504889742,2024,10
Las Vegas,2024-11-01,301666,274567,9,9,10.869444023118005,4.026395938934448,4.222222222222222,9.869722144321786,2024,11
Las Vegas,2024-12-01,304338,286752,10,10,2.5603860586078238,7.6912778633107965,3.2,6.132825577502511,2024,12
Las Vegas,2025-01-01,218073,212341,10,10,5.136365950720551,1.7210149538031252,3.4,2.699431574684117,2025,1
Las Vegas,2025-02-01,223298,225817,9,9,1.4869389092314047,-3.2029043969342474,4.0,-1.1155050328363232,2025,2
Las Vegas,2025-03-01,345834,347009,10,10,0.033910857665857906,-1.422219471297214,4.7,-0.3386079323591031,2025,3
Las Vegas,2025-04-01,270928,271868,10,10,1.0949458567814132,-0.01206501844914637,3.9,-0.34575602866096783,2025,4
Las Vegas,2025-05-01,329738,345325,10,10,-2.9690910802420794,-3.5202708057215797,4.8,-4.513718960399624,2025,5
Las Vegas,2025-06-01,240731,250210,10,10,-2.637828616133446,-4.228778104182316,3.7,-3.7884177291075494,2025,6
Las Vegas,2025-07-01,291910,299755,10,10,-1.251710887934237,-3.12624065456238,4.0,-2.617137328818535,2025,7
Las Vegas,2025-08-01,287306,295930,10,10,-3.7269840933814655,-6.419518906631306,4.0,-2.9142026830669416,2025,8
Las Vegas,2025-09-01,215574,238551,9,9,-9.936308244011094,-11.698271471795332,3.7777777777777777,-9.63190261202007,2025,9
Las Vegas,2025-10-01,222555,241807,9,9,-8.151489338882236,-4.673027369593983,3.6666666666666665,-7.96172153825158,2025,10
Las Vegas,2025-11-01,281614,331737,9,9,-14.706663604015242,-11.971027434638092,4.555555555555555,-15.109258237700345,2025,11
Las Vegas,2025-12-01,261103,269790,10,10,-11.963080552087273,-1.06287650303768,3.2,-3.219911783238815,2025,12
Las Vegas,2026-01-01,232199,249096,9,9,-5.945583396872921,-5.792822136312441,4.555555555555555,-6.783328515913543,2026,1
Las Vegas,2026-02-01,220994,237400,10,10,-5.413283393608127,-6.281935109606366,3.9,-6.910699241786015,2026,2
Las Vegas,2026-03-01,259325,278686,9,9,-5.290201573093435,-2.6423505572441743,4.0,-6.9472452868102454,2026,3
Las Vegas,2026-04-01,258407,281549,10,10,6.132185825384979,-5.84392482466779,3.8,-8.219528394702165,2026,4
Las Vegas,2026-05-01,312401,344386,9,9,-8.729866138825141,-5.802400445115651,4.888888888888889,-9.287543628370491,2026,5
Las Vegas,2026-06-01,231217,247589,9,9,-5.68820244839449,-4.892327847375747,4.0,-6.6125716409048865,2026,6
Las Vegas,2026-07-01,227685,250486,9,9,-7.565490000845396,-7.738589901273145,4.0,-9.10270434275768,2026,7
Las Vegas,2026-08-01,159536,175127,9,9,-6.391474070827631,-9.02347167801575,2.5555555555555554,-8.902682053595392,2026,8
"Lexington, KY",2024-02-01,12877,12971,1,1,-0.7246935471436281,-0.7246935471436281,3.0,-0.7246935471436281,2024,2
"Lexington, KY",2024-03-01,22530,20574,1,1,9.507144940215806,9.507144940215806,5.0,9.507144940215806,2024,3
"Lexington, KY",2024-04-01,15937,16456,1,1,-3.1538648517258143,-3.1538648517258143,4.0,-3.1538648517258143,2024,4
"Lexington, KY",2024-05-01,20788,19986,1,1,4.012808966276394,4.012808966276394,4.0,4.012808966276394,2024,5
"Lexington, KY",2024-06-01,24029,22301,1,1,7.7485314559885206,7.7485314559885206,5.0,7.7485314559885206,2024,6
"Lexington, KY",2024-07-01,19431,18987,1,1,2.3384420919576554,2.3384420919576554,4.0,2.3384420919576554,2024,7
"Lexington, KY",2024-08-01,31667,32364,1,1,-2.1536274873316033,-2.1536274873316033,5.0,-2.1536274873316033,2024,8
"Lexington, KY",2024-09-01,16004,16512,1,1,-3.076550387596899,-3.076550387596899,4.0,-3.076550387596899,2024,9
"Lexington, KY",2024-10-01,18895,20258,1,1,-6.728206140783888,-6.728206140783888,4.0,-6.728206140783888,2024,10
"Lexington, KY",2024-11-01,19619,17889,2,2,5.181955391581418,5.181955391581418,3.0,9.670747386662194,2024,11
"Lexington, KY",2024-12-01,32834,30801,2,2,0.5616700756468946,0.5616700756468946,2.5,6.600435050810038,2024,12
"Lexington, KY",2025-01-01,13738,14351,1,1,-4.271479339418856,-4.271479339418856,4.0,-4.271479339418856,2025,1
"Lexington, KY",2025-02-01,14799,16833,1,1,-12.083407592229548,-12.083407592229548,4.0,-12.083407592229548,2025,2
"Lexington, KY",2025-03-01,22889,23879,1,1,-4.145902257213451,-4.145902257213451,5.0,-4.145902257213451,2025,3
"Lexington, KY",2025-04-01,17153,16306,1,1,5.194406966760702,5.194406966760702,4.0,5.194406966760702,2025,4
"Lexington, KY",2025-05-01,20783,20850,1,1,-0.3213429256594724,-0.3213429256594724,5.0,-0.3213429256594724,2025,5
"Lexington, KY",2025-06-01,18656,19427,1,1,-3.9687033510063316,-3.9687033510063316,4.0,-3.9687033510063316,2025,6
"Lexington, KY",2025-07-01,21518,21342,2,2,1.7924257031608524,1.7924257031608524,2.5,0.8246649798519351,2025,7
"Lexington, KY",2025-08-01,58015,55078,2,2,5.351586715963712,5.351586715963712,5.0,5.332437633901013,2025,8
"Lexington, KY",2025-09-01,38388,37313,2,2,2.874345415439507,2.874345415439507,4.0,2.8810334199876717,2025,9
"Lexington, KY",2025-10-01,27915,27846,2,2,0.1453954015623844,0.1453954015623844,3.5,0.24779142426201248,2025,10
"Lexington, KY",2025-11-01,45222,41860,2,2,6.892024245715661,6.892024245715661,4.5,8.031533683707597,2025,11
"Lexington, KY",2025-12-01,63677,61911,2,2,3.079958514376544,3.079958514376544,4.0,2.852481788373633,2025,12
"Lexington, KY",2026-01-01,34848,34008,2,2,2.2311447098427015,2.2311447098427015,5.0,2.470007057163021,2026,1
"Lexington, KY",2026-02-01,32985,30192,2,2,9.437118780298093,9.437118780298093,4.0,9.250794912559618,2026,2
"Lexington, KY",2026-03-01,28419,27373,2,2,4.207489138834676,4.207489138834676,3.5,3.821283746757754,2026,3
"Lexington, KY",2026-04-01,35884,34593,2,2,3.5450461953492933,3.5450461953492933,4.0,3.731968895441274,2026,4
"Lexington, KY",2026-05-01,36733,37267,2,2,-1.469850325397617,-1.469850325397617,5.0,-1.4329031046233933,2026,5
"Lexington, KY",2026-06-01,37153,34022,2,2,9.237321785738509,9.237321785738509,4.0,9.202868731996944,2026,6
"Lexington, KY",2026-07-01,35324,34798,2,2,1.447066880268268,1.447066880268268,4.0,1.5115811253520317,2026,7
"Lexington, KY",2026-08-01,35261,34326,2,2,2.7733814059955355,2.7733814059955355,3.0,2.7238827710773172,2026,8
"Lincoln & Hastings-Kearney, NE",2024-02-01,17269,13953,1,1,23.765498459112735,23.765498459112735,3.0,23.765498459112735,2024,2
"Lincoln & Hastings-Kearney, NE",2024-03-01,26464,25027,1,1,5.741798857234187,5.741798857234187,5.0,5.741798857234187,2024,3
"Lincoln & Hastings-Kearney, NE",2024-04-01,17929,19428,1,1,-7.715668107885526,-7.715668107885526,4.0,-7.715668107885526,2024,4
"Lincoln & Hastings-Kearney, NE",2024-05-01,21558,21237,1,1,1.5115129255544568,1.5115129255544568,4.0,1.5115129255544568,2024,5
"Lincoln & Hastings-Kearney, NE",2024-06-01,26189,28215,1,1,-7.180577706893497,-7.180577706893497,5.0,-7.180577706893497,2024,6
"Lincoln & Hastings-Kearney, NE",2024-07-01,20406,20722,1,1,-1.5249493292153267,-1.5249493292153267,4.0,-1.5249493292153267,2024,7
"Lincoln & Hastings-Kearney, NE",2024-08-01,21735,21374,1,1,1.688967904931225,1.688967904931225,5.0,1.688967904931225,2024,8
"Lincoln & Hastings-Kearney, NE",2024-09-01,20266,21194,1,1,-4.378597716334812,-4.378597716334812,4.0,-4.378597716334812,2024,9
"Lincoln & Hastings-Kearney, NE",2024-10-01,21046,23058,1,1,-8.725821840575938,-8.725821840575938,4.0,-8.725821840575938,2024,10
"Lincoln & Hastings-Kearney, NE",2024-11-01,29175,29088,1,1,0.2990924092409241,0.2990924092409241,5.0,0.2990924092409241,2024,11
"Lincoln & Hastings-Kearney, NE",2024-12-01,29235,31469,1,1,-7.099049858590995,-7.099049858590995,4.0,-7.099049858590995,2024,12
"Lincoln & Hastings-Kearney, NE",2025-01-01,15509,15781,1,1,-1.7235916608579938,-1.7235916608579938,4.0,-1.7235916608579938,2025,1
"Lincoln & Hastings-Kearney, NE",2025-02-01,15488,21711,1,1,-28.662889779374513,-28.662889779374513,4.0,-28.662889779374513,2025,2
"Lincoln & Hastings-Kearney, NE",2025-03-01,24726,26464,1,1,-6.567412333736397,-6.567412333736397,5.0,-6.567412333736397,2025,3
"Lincoln & Hastings-Kearney, NE",2025-04-01,19145,18868,1,1,1.4680941276234896,1.4680941276234896,4.0,1.4680941276234896,2025,4
"Lincoln & Hastings-Kearney, NE",2025-05-01,21868,23299,1,1,-6.141894501909953,-6.141894501909953,5.0,-6.141894501909953,2025,5
"Lincoln & Hastings-Kearney, NE",2025-06-01,18470,21033,1,1,-12.185613084201018,-12.185613084201018,4.0,-12.185613084201018,2025,6
"Lincoln & Hastings-Kearney, NE",2025-07-01,20152,20966,1,1,-3.882476390346275,-3.882476390346275,4.0,-3.882476390346275,2025,7
"Lincoln & Hastings-Kearney, NE",2025-08-01,27150,28752,1,1,-5.571786310517529,-5.571786310517529,5.0,-5.571786310517529,2025,8
"Lincoln & Hastings-Kearney, NE",2025-09-01,19473,20266,1,1,-3.912957663081022,-3.912957663081022,4.0,-3.912957663081022,2025,9
"Lincoln & Hastings-Kearney, NE",2025-10-01,11536,13033,1,1,-11.486227269239622,-11.486227269239622,3.0,-11.486227269239622,2025,10
"Lincoln & Hastings-Kearney, NE",2025-11-01,540,520,1,1,3.8461538461538463,3.8461538461538463,1.0,3.8461538461538463,2025,11
"Lincoln & Hastings-Kearney, NE",2025-12-01,2170,1757,1,1,23.50597609561753,23.50597609561753,2.0,23.50597609561753,2025,12
"Lincoln & Hastings-Kearney, NE",2026-01-01,31546,33032,2,2,-3.933577570056861,-3.933577570056861,4.0,-4.498667958343424,2026,1
"Lincoln & Hastings-Kearney, NE",2026-02-01,33131,29719,2,2,11.186524945936277,11.186524945936277,4.0,11.480870823378982,2026,2
"Lincoln & Hastings-Kearney, NE",2026-03-01,41787,40002,2,2,4.4661285656878285,4.4661285656878285,4.0,4.462276886155692,2026,3
"Lincoln & Hastings-Kearney, NE",2026-04-01,42487,41152,2,2,3.4342449005666102,3.4342449005666102,4.0,3.2440707620528775,2026,4
"Lincoln & Hastings-Kearney, NE",2026-05-01,55147,54182,2,2,1.9430827993971045,1.9430827993971045,5.0,1.7810342918312354,2026,5
"Lincoln & Hastings-Kearney, NE",2026-06-01,42906,39443,2,2,9.438393070254296,9.438393070254296,4.0,8.779758131987931,2026,6
"Lincoln & Hastings-Kearney, NE",2026-07-01,40556,41697,2,2,-2.4631168127455108,-2.4631168127455108,4.0,-2.736407895052402,2026,7
"Lincoln & Hastings-Kearney, NE",2026-08-01,37633,38210,2,2,-1.093885011344092,-1.093885011344092,3.0,-1.510075896362209,2026,8
"Little Rock-Pine Bluff, AR",2024-02-01,11633,11697,1,1,-0.547148841583312,-0.547148841583312,3.0,-0.547148841583312,2024,2
"Little Rock-Pine Bluff, AR",2024-03-01,22857,20927,1,1,9.222535480479763,9.222535480479763,5.0,9.222535480479763,2024,3
"Little Rock-Pine Bluff, AR",2024-04-01,13730,14725,1,1,-6.757215619694397,-6.757215619694397,4.0,-6.757215619694397,2024,4
"Little Rock-Pine Bluff, AR",2024-05-01,15977,15820,1,1,0.9924146649810367,0.9924146649810367,4.0,0.9924146649810367,2024,5
"Little Rock-Pine Bluff, AR",2024-06-01,21745,20620,1,1,5.455868089233753,5.455868089233753,5.0,5.455868089233753,2024,6
"Little Rock-Pine Bluff, AR",2024-07-01,18817,18372,1,1,2.4221641628565207,2.4221641628565207,4.0,2.4221641628565207,2024,7
"Little Rock-Pine Bluff, AR",2024-08-01,23119,20305,1,1,13.85865550357055,13.85865550357055,5.0,13.85865550357055,2024,8
"Little Rock-Pine Bluff, AR",2024-09-01,15415,14996,1,1,2.794078420912243,2.794078420912243,4.0,2.794078420912243,2024,9
"Little Rock-Pine Bluff, AR",2024-10-01,16321,15932,1,1,2.441626914386141,2.441626914386141,4.0,2.441626914386141,2024,10
"Little Rock-Pine Bluff, AR",2024-11-01,24646,24498,1,1,0.6041309494652625,0.6041309494652625,5.0,0.6041309494652625,2024,11
"Little Rock-Pine Bluff, AR",2024-12-01,32433,29005,2,2,2.2616790208584727,2.2616790208584727,2.5,11.818651956559213,2024,12
"Little Rock-Pine Bluff, AR",2025-01-01,13320,10727,1,1,24.172648457164165,24.172648457164165,4.0,24.172648457164165,2025,1
"Little Rock-Pine Bluff, AR",2025-02-01,14167,15514,1,1,-8.68248034033776,-8.68248034033776,4.0,-8.68248034033776,2025,2
"Little Rock-Pine Bluff, AR",2025-03-01,23164,23044,1,1,0.5207429265752473,0.5207429265752473,5.0,0.5207429265752473,2025,3
"Little Rock-Pine Bluff, AR",2025-04-01,16451,14408,2,2,7.398667406996114,7.398667406996114,2.5,14.179622431982233,2025,4
"Little Rock-Pine Bluff, AR",2025-05-01,21328,19821,1,1,7.603047273094194,7.603047273094194,5.0,7.603047273094194,2025,5
"Little Rock-Pine Bluff, AR",2025-06-01,16798,16820,1,1,-0.13079667063020214,-0.13079667063020214,4.0,-0.13079667063020214,2025,6
"Little Rock-Pine Bluff, AR",2025-07-01,19097,18287,1,1,4.429376059495817,4.429376059495817,4.0,4.429376059495817,2025,7
"Little Rock-Pine Bluff, AR",2025-08-01,25114,25311,1,1,-0.7783177274702698,-0.7783177274702698,5.0,-0.7783177274702698,2025,8
"Little Rock-Pine Bluff, AR",2025-09-01,16551,16881,1,1,-1.9548604940465613,-1.9548604940465613,4.0,-1.9548604940465613,2025,9
"Little Rock-Pine Bluff, AR",2025-10-01,17499,17425,1,1,0.4246771879483501,0.4246771879483501,4.0,0.4246771879483501,2025,10
"Little Rock-Pine Bluff, AR",2025-11-01,28364,26087,1,1,8.728485452524245,8.728485452524245,5.0,8.728485452524245,2025,11
"Little Rock-Pine Bluff, AR",2025-12-01,90432,88522,3,3,2.3959334654396347,3.4496400031648076,4.0,2.1576557240008136,2025,12
"Little Rock-Pine Bluff, AR",2026-01-01,56651,61093,4,4,-6.151961587862402,-6.9211886489977665,4.75,-7.270882097785343,2026,1
"Little Rock-Pine Bluff, AR",2026-02-01,67347,58746,4,4,14.26671386652716,14.677335808417652,4.0,14.640996833826984,2026,2
"Little Rock-Pine Bluff, AR",2026-03-01,78044,74140,4,4,5.825366915927849,4.4986736405925445,4.0,5.265713514971675,2026,3
"Little Rock-Pine Bluff, AR",2026-04-01,70696,67932,4,4,5.126707895874833,3.5833321576787878,4.0,4.068774657009952,2026,4
"Little Rock-Pine Bluff, AR",2026-05-01,92549,93965,4,4,-0.8972748618636746,-2.1708154001930864,5.0,-1.5069440749215133,2026,5
"Little Rock-Pine Bluff, AR",2026-06-01,72260,67480,4,4,7.679672466180078,5.388712719282255,4.0,7.083580320094843,2026,6
"Little Rock-Pine Bluff, AR",2026-07-01,76617,73973,4,4,3.7312473264471944,3.6363620816645703,4.0,3.5742771011044567,2026,7
"Little Rock-Pine Bluff, AR",2026-08-01,76069,70280,4,4,9.11231201942247,6.425621762950406,3.0,8.237051792828685,2026,8
Los Angeles,2024-02-01,850732,873782,36,36,-1.1815131632451246,-0.4712871893767921,2.9722222222222223,-2.6379577514757684,2024,2
Los Angeles,2024-03-01,1513912,1552225,36,36,-1.5553009273708434,-0.7190241161962593,4.916666666666667,-2.4682632994572304,2024,3
Los Angeles,2024-04-01,982439,1038279,40,40,-5.6587463972909156,-5.38962559821211,3.65,-5.378130541020284,2024,4
Los Angeles,2024-05-01,1129434,1149679,36,36,-1.755128769607109,-1.1836342369747634,3.9166666666666665,-1.7609263107354314,2024,5
Los Angeles,2024-06-01,1394283,1378359,36,36,0.3997060254599659,1.5284252045294064,4.75,1.1552868302089658,2024,6
Los Angeles,2024-07-01,1089206,1092484,35,35,0.9096520429435957,1.5951359084406296,3.8285714285714287,-0.30005016091768855,2024,7
Los Angeles,2024-08-01,1566286,1525842,34,34,2.870856119059047,1.9268332256808902,4.647058823529412,2.6506020937947703,2024,8
Los Angeles,2024-09-01,1025230,1012385,36,36,1.2541694221596809,0.9809301622404092,3.7777777777777777,1.2687860843453824,2024,9
Los Angeles,2024-10-01,1008673,994222,34,34,1.9281747319983868,1.3634439367225415,3.8529411764705883,1.4534983132539816,2024,10
Los Angeles,2024-11-01,1572874,1491271,41,41,-2.061063108995018,5.702781159284577,4.2682926829268295,5.472043645990568,2024,11
Los Angeles,2024-12-01,1727790,1708345,41,41,-5.092153554685728,0.5227410120550479,3.5121951219512195,1.1382361291191183,2024,12
Los Angeles,2025-01-01,1123598,1158919,40,40,-2.7781209681939822,-2.6616841863371916,3.75,-3.0477539845321373,2025,1
Los Angeles,2025-02-01,1100942,1094217,43,43,0.5865336139092929,1.8008834522595991,3.7674418604651163,0.6145947284679364,2025,2
Los Angeles,2025-03-01,1575700,1610980,43,43,-1.4789292622306758,-1.8210571716106774,4.767441860465116,-2.1899713218041192,2025,3
Los Angeles,2025-04-01,1302004,1265953,50,50,-0.2557858869538778,1.4728318575688175,3.46,2.8477360533921874,2025,4
Los Angeles,2025-05-01,1495507,1504965,43,43,-0.3677538497312488,-1.463792310856258,4.813953488372093,-0.6284531533955939,2025,5
Los Angeles,2025-06-01,1147030,1277546,42,42,-10.12174317071023,-11.18834660147246,3.8095238095238093,-10.216148772725209,2025,6
Los Angeles,2025-07-01,1178756,1260223,41,41,-6.449903695545491,-6.4084743325504485,3.707317073170732,-6.464490808372804,2025,7
Los Angeles,2025-08-01,1562669,1571204,41,41,-0.13781522059647483,-0.5499693150167587,4.536585365853658,-0.5432139938543945,2025,8
Los Angeles,2025-09-01,1078670,1143946,41,41,-5.072168335650376,-5.270790618592789,3.7560975609756095,-5.706213405178216,2025,9
Los Angeles,2025-10-01,1216801,1267432,39,39,-3.1489644351363584,-1.6752905250657393,3.9743589743589745,-3.994770528123008,2025,10
Los Angeles,2025-11-01,1652457,1762356,44,44,26.17585274356138,-4.470713798593081,4.5,-6.235913742739832,2025,11
Los Angeles,2025-12-01,1797541,1798584,48,48,1.7106829476496024,-0.2920926350928437,3.4791666666666665,-0.05799006329423591,2025,12
Los Angeles,2026-01-01,1532738,1482819,51,51,3.5589841834847737,2.745254214788265,4.490196078431373,3.3664931458256198,2026,1
Los Angeles,2026-02-01,1145789,1182648,50,50,-3.9701207708628625,-2.7269956128019204,3.72,-3.116650093688063,2026,2
Los Angeles,2026-03-01,1428634,1447341,50,50,-1.451459604780311,-1.4702682335815243,3.82,-1.2925081235175402,2026,3
Los Angeles,2026-04-01,1510002,1553119,54,54,1.7324285646636686,-1.5708344551650208,3.7962962962962963,-2.77615559400149,2026,4
Los Angeles,2026-05-01,1896971,1951255,53,53,-2.6614678300324104,-1.8910549294344603,4.849056603773585,-2.782004402294933,2026,5
Los Angeles,2026-06-01,1588287,1445121,53,53,10.841272373548575,10.36345223359964,3.8867924528301887,9.906852090586186,2026,6
Los Angeles,2026-07-01,1460651,1440932,52,52,1.8967628141860853,1.4816161526122154,3.8461538461538463,1.3684892833249591,2026,7
Los Angeles,2026-08-01,1301721,1331069,54,54,-2.3799267818599077,-1.9721901978062917,2.925925925925926,-2.2048443769631776,2026,8
"Louisville, KY",2024-02-01,14612,14504,1,1,0.7446221731936017,0.7446221731936017,3.0,0.7446221731936017,2024,2
"Louisville, KY",2024-03-01,29509,27501,1,1,7.30155267081197,7.30155267081197,5.0,7.30155267081197,2024,3
"Louisville, KY",2024-04-01,19143,20454,1,1,-6.409504253446759,-6.409504253446759,4.0,-6.409504253446759,2024,4
"Louisville, KY",2024-05-01,23095,22580,1,1,2.2807794508414525,2.2807794508414525,4.0,2.2807794508414525,2024,5
"Louisville, KY",2024-06-01,28835,27981,1,1,3.0520710482112863,3.0520710482112863,5.0,3.0520710482112863,2024,6
"Louisville, KY",2024-07-01,23594,24612,1,1,-4.136193726637413,-4.136193726637413,4.0,-4.136193726637413,2024,7
"Louisville, KY",2024-08-01,33729,32020,1,1,5.337289194253591,5.337289194253591,5.0,5.337289194253591,2024,8
"Louisville, KY",2024-09-01,20304,20451,1,1,-0.7187912571512396,-0.7187912571512396,4.0,-0.7187912571512396,2024,9
"Louisville, KY",2024-10-01,21388,22745,1,1,-5.966146405803474,-5.966146405803474,4.0,-5.966146405803474,2024,10
"Louisville, KY",2024-11-01,33572,32834,1,1,2.2476700980690745,2.2476700980690745,5.0,2.2476700980690745,2024,11
"Louisville, KY",2024-12-01,38691,36328,1,1,6.5046245320414,6.5046245320414,4.0,6.5046245320414,2024,12
"Louisville, KY",2025-01-01,15899,15862,1,1,0.23326188374732065,0.23326188374732065,4.0,0.23326188374732065,2025,1
"Louisville, KY",2025-02-01,17657,20285,1,1,-12.955385753019472,-12.955385753019472,4.0,-12.955385753019472,2025,2
"Louisville, KY",2025-03-01,28416,30304,1,1,-6.2302006335797255,-6.2302006335797255,5.0,-6.2302006335797255,2025,3
"Louisville, KY",2025-04-01,21942,21582,1,1,1.6680567139282736,1.6680567139282736,4.0,1.6680567139282736,2025,4
"Louisville, KY",2025-05-01,26832,26924,1,1,-0.34170257019759326,-0.34170257019759326,5.0,-0.34170257019759326,2025,5
"Louisville, KY",2025-06-01,23129,23478,1,1,-1.4864979981259052,-1.4864979981259052,4.0,-1.4864979981259052,2025,6
"Louisville, KY",2025-07-01,26337,25237,1,1,4.358679716289575,4.358679716289575,4.0,4.358679716289575,2025,7
"Louisville, KY",2025-08-01,31152,30051,1,1,3.6637715882998902,3.6637715882998902,5.0,3.6637715882998902,2025,8
"Louisville, KY",2025-09-01,22194,22639,1,1,-1.9656345244931313,-1.9656345244931313,4.0,-1.9656345244931313,2025,9
"Louisville, KY",2025-10-01,22819,23987,1,1,-4.8693042064451575,-4.8693042064451575,4.0,-4.8693042064451575,2025,10
"Louisville, KY",2025-11-01,37716,34511,1,1,9.286894033786329,9.286894033786329,5.0,9.286894033786329,2025,11
"Louisville, KY",2025-12-01,38355,32783,2,2,5.512003172375927,5.512003172375927,2.5,16.996614098770703,2025,12
"Louisville, KY",2026-01-01,24390,26137,2,2,-13.404667609436625,-13.404667609436625,3.5,-6.6840111719019015,2026,1
"Louisville, KY",2026-02-01,32165,28297,2,2,14.27143612318972,14.27143612318972,4.0,13.669293564688836,2026,2
"Louisville, KY",2026-03-01,36805,33522,2,2,9.849940601403674,9.849940601403674,4.0,9.793568402839927,2026,3
"Louisville, KY",2026-04-01,25361,21413,2,2,48429.69618420438,48429.69618420438,2.5,18.43739784243217,2026,4
"Louisville, KY",2026-05-01,29587,30010,1,1,-1.4095301566144618,-1.4095301566144618,5.0,-1.4095301566144618,2026,5
"Louisville, KY",2026-06-01,52774,52890,2,2,-0.08697680121352552,-0.08697680121352552,4.0,-0.2193231234637928,2026,6
"Louisville, KY",2026-07-01,60927,65362,2,2,-6.892897574628232,-6.892897574628232,4.0,-6.785288087879808,2026,7
"Louisville, KY",2026-08-01,50283,50958,2,2,-0.24084056512074303,-0.24084056512074303,3.0,-1.3246202755210172,2026,8
"Lubbock, TX",2024-02-01,22930,21902,1,1,4.693635284448909,4.693635284448909,3.0,4.693635284448909,2024,2
"Lubbock, TX",2024-03-01,42828,37211,1,1,15.094998790680176,15.094998790680176,5.0,15.094998790680176,2024,3
"Lubbock, TX",2024-04-01,26530,25983,1,1,2.1052226455759535,2.1052226455759535,4.0,2.1052226455759535,2024,4
"Lubbock, TX",2024-05-01,34733,30824,1,1,12.681676615624188,12.681676615624188,4.0,12.681676615624188,2024,5
"Lubbock, TX",2024-06-01,39785,35163,1,1,13.144498478514347,13.144498478514347,5.0,13.144498478514347,2024,6
"Lubbock, TX",2024-07-01,36145,33210,1,1,8.837699488105992,8.837699488105992,4.0,8.837699488105992,2024,7
"Lubbock, TX",2024-08-01,66982,61955,1,1,8.113953676055202,8.113953676055202,5.0,8.113953676055202,2024,8
"Lubbock, TX",2024-09-01,29275,26513,1,1,10.417531022517256,10.417531022517256,4.0,10.417531022517256,2024,9
"Lubbock, TX",2024-10-01,32052,31112,1,1,3.021342247364361,3.021342247364361,4.0,3.021342247364361,2024,10
"Lubbock, TX",2024-11-01,53909,49902,1,1,8.029738287042603,8.029738287042603,5.0,8.029738287042603,2024,11
"Lubbock, TX",2024-12-01,57947,51742,1,1,11.992192029685748,11.992192029685748,4.0,11.992192029685748,2024,12
"Lubbock, TX",2025-01-01,24708,22895,1,1,7.918759554487879,7.918759554487879,4.0,7.918759554487879,2025,1
"Lubbock, TX",2025-02-01,27681,29135,1,1,-4.990561180710486,-4.990561180710486,4.0,-4.990561180710486,2025,2
"Lubbock, TX",2025-03-01,43874,44885,1,1,-2.252422858415952,-2.252422858415952,5.0,-2.252422858415952,2025,3
"Lubbock, TX",2025-04-01,31001,28979,1,1,6.977466441216053,6.977466441216053,4.0,6.977466441216053,2025,4
"Lubbock, TX",2025-05-01,33301,33082,1,1,0.6619914152711445,0.6619914152711445,5.0,0.6619914152711445,2025,5
"Lubbock, TX",2025-06-01,31208,32638,1,1,-4.381395918867578,-4.381395918867578,4.0,-4.381395918867578,2025,6
"Lubbock, TX",2025-07-01,38261,38004,1,1,0.6762446058309651,0.6762446058309651,4.0,0.6762446058309651,2025,7
"Lubbock, TX",2025-08-01,50590,49008,1,1,3.2280444009141367,3.2280444009141367,5.0,3.2280444009141367,2025,8
"Lubbock, TX",2025-09-01,29404,31813,1,1,-7.572376072674693,-7.572376072674693,4.0,-7.572376072674693,2025,9
"Lubbock, TX",2025-10-01,30831,34390,1,1,-10.348938644954929,-10.348938644954929,4.0,-10.348938644954929,2025,10
"Lubbock, TX",2025-11-01,50785,53909,1,1,-5.794950750338534,-5.794950750338534,5.0,-5.794950750338534,2025,11
"Lubbock, TX",2025-12-01,53289,56425,1,1,-5.557820115197164,-5.557820115197164,4.0,-5.557820115197164,2025,12
"Lubbock, TX",2026-01-01,29256,31629,1,1,-7.5026083657403015,-7.5026083657403015,5.0,-7.5026083657403015,2026,1
"Lubbock, TX",2026-02-01,32440,31148,1,1,4.1479388724797746,4.1479388724797746,4.0,4.1479388724797746,2026,2
"Lubbock, TX",2026-03-01,35204,34369,1,1,2.429514969885653,2.429514969885653,4.0,2.429514969885653,2026,3
"Lubbock, TX",2026-04-01,31390,33191,1,1,-5.42616974481034,-5.42616974481034,4.0,-5.42616974481034,2026,4
"Lubbock, TX",2026-05-01,40057,43168,1,1,-7.206727205337287,-7.206727205337287,5.0,-7.206727205337287,2026,5
"Lubbock, TX",2026-06-01,30449,31208,1,1,-2.4320687003332475,-2.4320687003332475,4.0,-2.4320687003332475,2026,6
"Lubbock, TX",2026-07-01,33100,37171,1,1,-10.952086303839014,-10.952086303839014,4.0,-10.952086303839014,2026,7
"Lubbock, TX",2026-08-01,32078,40075,1,1,-19.95508421709295,-19.95508421709295,3.0,-19.95508421709295,2026,8
"Macon, GA",2024-02-01,19382,20680,1,1,-6.276595744680851,-6.276595744680851,3.0,-6.276595744680851,2024,2
"Macon, GA",2024-03-01,33877,33226,1,1,1.9593089748991754,1.9593089748991754,5.0,1.9593089748991754,2024,3
"Macon, GA",2024-04-01,22067,24600,1,1,-10.296747967479675,-10.296747967479675,4.0,-10.296747967479675,2024,4
"Macon, GA",2024-05-01,26755,27415,1,1,-2.407441181834762,-2.407441181834762,4.0,-2.407441181834762,2024,5
"Macon, GA",2024-06-01,30466,32748,1,1,-6.968364480273605,-6.968364480273605,5.0,-6.968364480273605,2024,6
"Macon, GA",2024-07-01,27417,30615,1,1,-10.445859872611466,-10.445859872611466,4.0,-10.445859872611466,2024,7
"Macon, GA",2024-08-01,36951,37435,1,1,-1.2929077066915988,-1.2929077066915988,5.0,-1.2929077066915988,2024,8
"Macon, GA",2024-09-01,22413,24544,1,1,-8.682366362451107,-8.682366362451107,4.0,-8.682366362451107,2024,9
"Macon, GA",2024-10-01,25067,25579,1,1,-2.001641971930099,-2.001641971930099,4.0,-2.001641971930099,2024,10
"Macon, GA",2024-11-01,27058,28107,1,1,-3.732166364250898,-3.732166364250898,5.0,-3.732166364250898,2024,11
"Macon, GA",2024-12-01,22220,26143,1,1,-15.005928929350112,-15.005928929350112,4.0,-15.005928929350112,2024,12
"Macon, GA",2025-01-01,14366,16737,1,1,-14.166218557686564,-14.166218557686564,4.0,-14.166218557686564,2025,1
"Macon, GA",2025-02-01,35497,38288,2,2,-5.249017520098635,-5.249017520098635,3.5,-7.289490179690765,2025,2
"Macon, GA",2025-03-01,57609,59956,2,2,-3.141837786824309,-3.141837786824309,5.0,-3.9145373273734076,2025,3
"Macon, GA",2025-04-01,43501,39938,2,2,9.260353108026012,9.260353108026012,4.0,8.92132805849066,2025,4
"Macon, GA",2025-05-01,53368,53446,2,2,0.6396370505547435,0.6396370505547435,5.0,-0.14594169816263144,2025,5
"Macon, GA",2025-06-01,33107,32280,2,2,2.43998729046177,2.43998729046177,3.5,2.5619578686493187,2025,6
"Macon, GA",2025-07-01,45892,42218,2,2,8.771727045525004,8.771727045525004,4.0,8.702449192287649,2025,7
"Macon, GA",2025-08-01,27187,25340,2,2,0.08095098808955647,0.08095098808955647,3.5,7.288871349644831,2025,8
"Macon, GA",2025-09-01,26225,25247,2,2,3.7392705287480004,3.7392705287480004,3.0,3.8737275715926645,2025,9
"Macon, GA",2025-10-01,44469,46545,2,2,-4.236644395495184,-4.236644395495184,4.0,-4.4601998066387365,2025,10
"Macon, GA",2025-11-01,60494,55747,2,2,8.47644366631146,8.47644366631146,5.0,8.515256426354782,2025,11
"Macon, GA",2025-12-01,55265,53936,2,2,2.808388501539442,2.808388501539442,4.0,2.4640314446751703,2025,12
"Macon, GA",2026-01-01,36965,35743,2,2,3.4060864852714623,3.4060864852714623,5.0,3.4188512436001455,2026,1
"Macon, GA",2026-02-01,39367,38725,2,2,2.7611371730489704,2.7611371730489704,4.0,1.657843770174306,2026,2
"Macon, GA",2026-03-01,47763,45484,2,2,5.899091327112881,5.899091327112881,4.0,5.010553161551315,2026,3
"Macon, GA",2026-04-01,43615,44086,2,2,0.42803941748319563,0.42803941748319563,4.0,-1.0683663748128658,2026,4
"Macon, GA",2026-05-01,56027,55316,2,2,2.9323002738510646,2.9323002738510646,5.0,1.2853423964133344,2026,5
"Macon, GA",2026-06-01,31810,32263,2,2,-2.74249522930477,-2.74249522930477,3.5,-1.40408517496823,2026,6
"Macon, GA",2026-07-01,40719,44137,2,2,-7.663676099305505,-7.663676099305505,4.0,-7.744069601468157,2026,7
"Macon, GA",2026-08-01,16799,16777,2,2,-1.5113588200109218,-1.5113588200109218,2.5,0.13113190677713538,2026,8
"Madison, WI",2024-02-01,11949,10893,1,1,9.69429909115946,9.69429909115946,3.0,9.69429909115946,2024,2
"Madison, WI",2024-03-01,22187,19669,1,1,12.801870964461843,12.801870964461843,5.0,12.801870964461843,2024,3
"Madison, WI",2024-04-01,15170,15835,1,1,-4.19955794126934,-4.19955794126934,4.0,-4.19955794126934,2024,4
"Madison, WI",2024-05-01,17608,17002,1,1,3.5642865545229974,3.5642865545229974,4.0,3.5642865545229974,2024,5
"Madison, WI",2024-06-01,23825,23611,1,1,0.9063572063868536,0.9063572063868536,5.0,0.9063572063868536,2024,6
"Madison, WI",2024-07-01,18740,18138,1,1,3.3189987870768554,3.3189987870768554,4.0,3.3189987870768554,2024,7
"Madison, WI",2024-08-01,31525,30345,1,1,3.888614269237107,3.888614269237107,5.0,3.888614269237107,2024,8
"Madison, WI",2024-09-01,17793,17072,1,1,4.223289597000937,4.223289597000937,4.0,4.223289597000937,2024,9
"Madison, WI",2024-10-01,16235,15795,1,1,2.7856916745805633,2.7856916745805633,4.0,2.7856916745805633,2024,10
"Madison, WI",2024-11-01,26331,25167,1,1,4.625104303254261,4.625104303254261,5.0,4.625104303254261,2024,11
"Madison, WI",2024-12-01,25962,25611,1,1,1.3705048611924564,1.3705048611924564,4.0,1.3705048611924564,2024,12
"Madison, WI",2025-01-01,15035,13350,1,1,12.621722846441946,12.621722846441946,4.0,12.621722846441946,2025,1
"Madison, WI",2025-02-01,13748,16096,1,1,-14.587475149105366,-14.587475149105366,4.0,-14.587475149105366,2025,2
"Madison, WI",2025-03-01,20516,21127,1,1,-2.892033890282577,-2.892033890282577,5.0,-2.892033890282577,2025,3
"Madison, WI",2025-04-01,17561,17209,1,1,2.045441338834331,2.045441338834331,4.0,2.045441338834331,2025,4
"Madison, WI",2025-05-01,19945,20908,1,1,-4.605892481346853,-4.605892481346853,5.0,-4.605892481346853,2025,5
"Madison, WI",2025-06-01,17475,18911,1,1,-7.593464121410818,-7.593464121410818,4.0,-7.593464121410818,2025,6
"Madison, WI",2025-07-01,18288,18740,1,1,-2.4119530416221986,-2.4119530416221986,4.0,-2.4119530416221986,2025,7
"Madison, WI",2025-08-01,25587,25731,1,1,-0.5596362364463099,-0.5596362364463099,5.0,-0.5596362364463099,2025,8
"Madison, WI",2025-09-01,16526,16823,1,1,-1.7654401711941985,-1.7654401711941985,4.0,-1.7654401711941985,2025,9
"Madison, WI",2025-11-01,18951,21579,1,1,-12.178506881690533,-12.178506881690533,4.0,-12.178506881690533,2025,11
"Madison, WI",2025-12-01,21744,22722,2,2,-9.465190333254451,-9.465190333254451,2.5,-4.304198574069184,2025,12
"Madison, WI",2026-01-01,13901,14659,1,1,-5.17088478068081,-5.17088478068081,5.0,-5.17088478068081,2026,1
"Madison, WI",2026-02-01,12015,11213,1,1,7.152412378489253,7.152412378489253,4.0,7.152412378489253,2026,2
"Madison, WI",2026-03-01,14020,14089,1,1,-0.489743771736816,-0.489743771736816,4.0,-0.489743771736816,2026,3
"Madison, WI",2026-04-01,14460,13969,2,2,-0.645934317302979,-0.645934317302979,2.5,3.5149259073663113,2026,4
"Madison, WI",2026-05-01,15574,15105,1,1,3.1049321416749422,3.1049321416749422,5.0,3.1049321416749422,2026,5
"Madison, WI",2026-06-01,13939,12973,1,1,7.446234487011486,7.446234487011486,4.0,7.446234487011486,2026,6
"Madison, WI",2026-07-01,13650,13790,1,1,-1.015228426395939,-1.015228426395939,4.0,-1.015228426395939,2026,7
"Madison, WI",2026-08-01,12511,11351,1,1,10.219363932693156,10.219363932693156,3.0,10.219363932693156,2026,8
"Medford-Klamath Falls, OR",2024-02-01,16905,15799,1,1,7.000443066016837,7.000443066016837,3.0,7.000443066016837,2024,2
"Medford-Klamath Falls, OR",2024-03-01,29182,26573,1,1,9.818236555902608,9.818236555902608,5.0,9.818236555902608,2024,3
"Medford-Klamath Falls, OR",2024-04-01,18367,17587,1,1,4.4350941035992495,4.4350941035992495,4.0,4.4350941035992495,2024,4
"Medford-Klamath Falls, OR",2024-05-01,23030,21433,1,1,7.4511267671347925,7.4511267671347925,4.0,7.4511267671347925,2024,5
"Medford-Klamath Falls, OR",2024-06-01,30384,28099,1,1,8.131961991529947,8.131961991529947,5.0,8.131961991529947,2024,6
"Medford-Klamath Falls, OR",2024-07-01,23610,22659,1,1,4.197007811465643,4.197007811465643,4.0,4.197007811465643,2024,7
"Medford-Klamath Falls, OR",2024-08-01,44126,39413,1,1,11.957983406490245,11.957983406490245,5.0,11.957983406490245,2024,8
"Medford-Klamath Falls, OR",2024-09-01,23921,23391,1,1,2.2658287375486297,2.2658287375486297,4.0,2.2658287375486297,2024,9
"Medford-Klamath Falls, OR",2024-10-01,19979,18922,1,1,5.586090265299651,5.586090265299651,4.0,5.586090265299651,2024,10
"Medford-Klamath Falls, OR",2024-11-01,33620,31080,1,1,8.172458172458171,8.172458172458171,5.0,8.172458172458171,2024,11
"Medford-Klamath Falls, OR",2024-12-01,38300,36447,1,1,5.084094712870744,5.084094712870744,4.0,5.084094712870744,2024,12
"Medford-Klamath Falls, OR",2025-01-01,21690,20957,1,1,3.4976380207090707,3.4976380207090707,4.0,3.4976380207090707,2025,1
"Medford-Klamath Falls, OR",2025-02-01,19121,21296,1,1,-10.213185574755823,-10.213185574755823,4.0,-10.213185574755823,2025,2
"Medford-Klamath Falls, OR",2025-03-01,29348,29813,1,1,-1.5597222688089087,-1.5597222688089087,5.0,-1.5597222688089087,2025,3
"Medford-Klamath Falls, OR",2025-04-01,9916,8903,1,1,11.378187127934405,11.378187127934405,3.0,11.378187127934405,2025,4
"Medford-Klamath Falls, OR",2025-05-01,23385,23223,1,1,0.697584291435215,0.697584291435215,5.0,0.697584291435215,2025,5
"Medford-Klamath Falls, OR",2025-06-01,23040,23506,1,1,-1.9824725601973965,-1.9824725601973965,4.0,-1.9824725601973965,2025,6
"Medford-Klamath Falls, OR",2025-07-01,18490,19070,1,1,-3.0414263240692185,-3.0414263240692185,4.0,-3.0414263240692185,2025,7
"Medford-Klamath Falls, OR",2025-08-01,35480,36173,1,1,-1.9157935476736794,-1.9157935476736794,5.0,-1.9157935476736794,2025,8
"Medford-Klamath Falls, OR",2025-09-01,24617,25161,1,1,-2.1620762290846947,-2.1620762290846947,4.0,-2.1620762290846947,2025,9
"Medford-Klamath Falls, OR",2025-10-01,25409,25716,1,1,-1.1938093016021154,-1.1938093016021154,4.0,-1.1938093016021154,2025,10
"Medford-Klamath Falls, OR",2025-11-01,34453,34901,1,1,-1.2836308415231656,-1.2836308415231656,5.0,-1.2836308415231656,2025,11
"Medford-Klamath Falls, OR",2025-12-01,37194,37338,1,1,-0.3856660774546039,-0.3856660774546039,4.0,-0.3856660774546039,2025,12
"Medford-Klamath Falls, OR",2026-01-01,26159,24726,1,1,5.795518887001537,5.795518887001537,5.0,5.795518887001537,2026,1
"Medford-Klamath Falls, OR",2026-02-01,20474,19100,1,1,7.193717277486911,7.193717277486911,4.0,7.193717277486911,2026,2
"Medford-Klamath Falls, OR",2026-03-01,24541,23589,1,1,4.035779388698122,4.035779388698122,4.0,4.035779388698122,2026,3
"Medford-Klamath Falls, OR",2026-04-01,9350,9588,1,1,-2.4822695035460995,-2.4822695035460995,2.0,-2.4822695035460995,2026,4
"Medford-Klamath Falls, OR",2026-05-01,25275,24690,1,1,2.3693803159173754,2.3693803159173754,5.0,2.3693803159173754,2026,5
"Medford-Klamath Falls, OR",2026-06-01,23231,23403,1,1,-0.7349485108746742,-0.7349485108746742,4.0,-0.7349485108746742,2026,6
"Medford-Klamath Falls, OR",2026-07-01,18696,17774,1,1,5.187352312366378,5.187352312366378,4.0,5.187352312366378,2026,7
"Medford-Klamath Falls, OR",2026-08-01,21511,21135,1,1,1.7790395079252423,1.7790395079252423,3.0,1.7790395079252423,2026,8
"Memphis, TN",2024-02-01,79693,77702,4,4,2.5853276709432844,2.8136717314164477,3.0,2.5623536073717537,2024,2
"Memphis, TN",2024-03-01,150327,136433,4,4,10.13645720096451,10.230913224247704,5.0,10.183753197540184,2024,3
"Memphis, TN",2024-04-01,89340,88125,4,4,1.5091770318795465,1.3454694329494286,4.0,1.3787234042553191,2024,4
"Memphis, TN",2024-05-01,133552,122537,4,4,9.10797834990745,8.223585295157095,4.0,8.98912165305173,2024,5
"Memphis, TN",2024-06-01,145113,133721,4,4,8.789659399832086,8.935344988070158,5.0,8.519230337792868,2024,6
"Memphis, TN",2024-07-01,116291,106348,4,4,9.127545219065231,8.82310346496865,4.0,9.349494113664573,2024,7
"Memphis, TN",2024-08-01,166614,153511,4,4,8.308918907331076,6.848875485493703,4.75,8.5355446840943,2024,8
"Memphis, TN",2024-09-01,96470,91048,4,4,5.4519226160405605,3.8733413229062936,3.75,5.955100606273614,2024,9
"Memphis, TN",2024-10-01,121521,117111,4,4,3.6024853801836314,3.4105869485797884,4.0,3.7656582216871173,2024,10
"Memphis, TN",2024-11-01,163458,155945,4,4,4.711216552551166,4.641991713337008,5.0,4.8177241976337815,2024,11
"Memphis, TN",2024-12-01,196831,183057,4,4,7.273470664104323,6.744851633210322,4.0,7.524432280655752,2024,12
"Memphis, TN",2025-01-01,96970,75638,4,4,28.128156476123724,28.84850134041779,4.0,28.20275522885322,2025,1
"Memphis, TN",2025-02-01,93955,100277,4,4,-6.280717611127523,-5.297425465107576,4.0,-6.3045364340776056,2025,2
"Memphis, TN",2025-03-01,142946,137493,4,4,4.5330801150060775,3.919013459962901,4.75,3.966020088295404,2025,3
"Memphis, TN",2025-04-01,112181,100963,4,4,11.467934603092004,9.824548855589185,4.0,11.111001059794182,2025,4
"Memphis, TN",2025-05-01,152949,148650,4,4,2.8789849965895558,1.9232369775281017,5.0,2.8920282542885976,2025,5
"Memphis, TN",2025-06-01,123660,117163,4,4,5.316501234421368,4.561710079848337,4.0,5.545265996944428,2025,6
"Memphis, TN",2025-07-01,130441,119962,4,4,8.67327293854557,7.775546498858958,4.0,8.735266167619745,2025,7
"Memphis, TN",2025-08-01,181325,170351,5,5,4.862224107767419,5.895348485307024,4.8,6.441993296194329,2025,8
"Memphis, TN",2025-09-01,125303,121968,5,5,1.3429568271592143,2.4768072816383686,4.0,2.7343237570510297,2025,9
"Memphis, TN",2025-10-01,104454,116522,5,5,-10.90780468802102,-10.955773625487296,3.8,-10.356842484681005,2025,10
"Memphis, TN",2025-11-01,170271,166629,5,5,-0.02342239353176865,-3.391985469406289,5.0,2.1856939668365047,2025,11
"Memphis, TN",2025-12-01,175316,168643,6,6,2.7019012021356854,0.630767928202523,3.5,3.9568793249645697,2025,12
"Memphis, TN",2026-01-01,108742,110454,5,5,-2.1294746510221145,-2.5158294639088226,5.0,-1.5499665018921904,2026,1
"Memphis, TN",2026-02-01,115100,102332,5,5,12.113173215456607,13.452151717343602,4.0,12.477035531407575,2026,2
"Memphis, TN",2026-03-01,150777,138958,5,5,8.142287720553043,7.783378267495018,4.0,8.50544768922984,2026,3
"Memphis, TN",2026-04-01,132467,130122,5,5,1.820479180121115,2.576185988061577,4.0,1.8021549007854167,2026,4
"Memphis, TN",2026-05-01,182467,178480,5,5,1.8300429150265949,2.788622420524261,5.0,2.2338637382339757,2026,5
"Memphis, TN",2026-06-01,135257,131530,5,5,1.4587701009548826,3.0494785041974053,4.0,2.833574089561317,2026,6
"Memphis, TN",2026-07-01,111789,114260,5,5,-2.9853987159873645,-3.431808984216916,3.8,-2.1626115876072114,2026,7
"Memphis, TN",2026-08-01,97171,92652,5,5,4.987559124402251,5.129746518384931,2.8,4.877390666148599,2026,8
Miami,2024-02-01,606113,603234,22,22,0.7127832777996357,0.48387185273361716,2.772727272727273,0.47726089709797526,2024,2
Miami,2024-03-01,1142798,1115612,25,25,5.413972822035979,4.199151391008089,4.76,2.436868732139848,2024,3
Miami,2024-04-01,669817,662622,25,25,3.099735769072959,3.2956420264778075,3.72,1.0858377777978998,2024,4
Miami,2024-05-01,793685,761986,25,25,4.245594768909049,3.129245923913043,3.96,4.160050184649062,2024,5
Miami,2024-06-01,1019879,1004178,25,25,2.0253890116163706,2.1563034797490017,4.8,1.563567415338715,2024,6
Miami,2024-07-01,878970,853499,24,24,3.6088871060950716,3.4836438227760604,3.875,2.9843034379653637,2024,7
Miami,2024-08-01,1347514,1302498,25,25,3.2705721722579906,3.0519040129291066,4.88,3.4561281476056007,2024,8
Miami,2024-09-01,881615,870490,25,25,0.9564206995214087,0.7529446846578202,4.0,1.2780158301646198,2024,9
Miami,2024-10-01,787928,829249,25,25,-4.404452767740546,-3.786374529270798,3.8,-4.982942397277537,2024,10
Miami,2024-11-01,1280459,1265135,25,25,3.0002911813372477,3.7430112315075945,4.92,1.2112541349342165,2024,11
Miami,2024-12-01,1500677,1519060,25,25,0.11421440434063797,0.47582717635721167,3.96,-1.210156280857899,2024,12
Miami,2025-01-01,1013040,940774,25,25,7.384875205717219,7.530846688412991,3.96,7.68154732167343,2025,1
Miami,2025-02-01,921274,979119,26,26,-4.739970678753146,-5.9693571150842875,3.8076923076923075,-5.907862067838536,2025,2
Miami,2025-03-01,1211447,1274591,25,25,-3.9706183299373907,-4.410972482599608,4.96,-4.954059772899699,2025,3
Miami,2025-04-01,932102,965821,27,27,-2.343883942777549,-1.8085454722200573,3.7037037037037037,-3.4912266351632444,2025,4
Miami,2025-05-01,1179708,1204141,26,26,-1.1920962349927668,-0.3674603539032274,4.923076923076923,-2.0290813119061637,2025,5
Miami,2025-06-01,1046841,1075366,26,26,-1.767633756344797,-1.9571359325190767,3.9615384615384617,-2.6525852593442605,2025,6
Miami,2025-07-01,984205,1019370,26,26,-3.014664648721019,-3.4026836707113617,3.8461538461538463,-3.4496797041309826,2025,7
Miami,2025-08-01,1387567,1443916,29,29,-4.456736482405447,-4.501987012838279,4.689655172413793,-3.902512334512534,2025,8
Miami,2025-09-01,948016,1016831,29,29,-7.313453563002847,-7.506001371742113,3.896551724137931,-6.7675946150343576,2025,9
Miami,2025-10-01,958960,982397,29,29,-2.718360442884446,-2.252609327520148,3.9310344827586206,-2.3856953960567875,2025,10
Miami,2025-11-01,1430165,1499384,31,31,-7.774837549650242,-3.1275788083842215,4.741935483870968,-4.616495840958687,2025,11
Miami,2025-12-01,1454858,1599167,31,31,-8.82458994261055,-8.385237019877056,3.806451612903226,-9.024010625531917,2025,12
Miami,2026-01-01,1361596,1424927,33,33,-3.2316742861999317,-3.5873420023642812,4.696969696969697,-4.4445083853418454,2026,1
Miami,2026-02-01,1007895,994947,33,33,2.356256460727007,2.9268675455116133,3.9393939393939394,1.301375852181071,2026,2
Miami,2026-03-01,1056586,1107720,33,33,-3.573259325801879,-3.91661076422932,3.9696969696969697,-4.61614848517676,2026,3
Miami,2026-04-01,1025864,1077706,35,35,-4.990697047739869,-4.219609330551868,3.914285714285714,-4.810402837137401,2026,4
Miami,2026-05-01,1564788,1673482,36,36,-5.8655214485475335,-5.762024599574399,4.888888888888889,-6.495080317565412,2026,5
Miami,2026-06-01,1200643,1270488,36,36,-4.3050801551381435,-3.1253637173746416,3.9722222222222223,-5.4974938763687655,2026,6
Miami,2026-07-01,1122291,1198991,36,36,-6.2106814143117965,-5.564889357576039,3.9166666666666665,-6.397045515771177,2026,7
Miami,2026-08-01,839345,906390,35,35,-6.547130751409493,-5.5692279646340355,2.942857142857143,-7.396926267942056,2026,8
"Milwaukee, WI",2024-02-01,58153,57749,5,5,2.419532022500624,12.016171792152704,3.0,0.6995792134928743,2024,2
"Milwaukee, WI",2024-03-01,122990,117345,5,5,6.625762566419385,9.810631987223363,4.8,4.810601218628829,2024,3
"Milwaukee, WI",2024-04-01,78788,81849,5,5,-5.3964303024662374,1.2023840373153667,3.8,-3.739813559114956,2024,4
"Milwaukee, WI",2024-05-01,86829,84272,5,5,-1.4318191252062789,4.104769351055512,3.4,3.0342225175621795,2024,5
"Milwaukee, WI",2024-06-01,114559,114312,5,5,4.0423706630717895,2.992989074344283,4.2,0.21607530268038352,2024,6
"Milwaukee, WI",2024-07-01,89247,86486,5,5,0.9194427984445749,4.367540522228592,3.6,3.1924242073861664,2024,7
"Milwaukee, WI",2024-08-01,147573,139843,4,4,5.446038671006744,5.072971726379511,5.0,5.527627410739186,2024,8
"Milwaukee, WI",2024-09-01,91870,88266,5,5,2.443618780605443,3.947420832503486,3.6,4.083112410214579,2024,9
"Milwaukee, WI",2024-10-01,114724,113389,6,6,0.5286106546212282,0.5804774750365078,3.8333333333333335,1.1773628835248569,2024,10
"Milwaukee, WI",2024-11-01,148100,139015,6,6,18.659805596687647,6.268290664009509,4.5,6.5352659784915295,2024,11
"Milwaukee, WI",2024-12-01,168662,166198,6,6,-0.20430347353117356,1.289092788834324,3.5,1.48256898398296,2024,12
"Milwaukee, WI",2025-01-01,96924,95837,7,7,-1.9725249482070937,2.3079945000982125,3.5714285714285716,1.1342174734184083,2025,1
"Milwaukee, WI",2025-02-01,94484,111241,7,7,-14.781609090375241,-14.899559039686427,3.857142857142857,-15.063690545752015,2025,2
"Milwaukee, WI",2025-03-01,169623,176361,7,7,-4.474925949397184,-2.127865052794231,5.0,-3.820572575569429,2025,3
"Milwaukee, WI",2025-04-01,129518,128830,7,7,6.063299217470042,-0.1334540774986893,3.7142857142857144,0.534037103159202,2025,4
"Milwaukee, WI",2025-05-01,146206,153394,7,7,-5.4757780355707855,-5.154318588198709,4.571428571428571,-4.685972071919371,2025,5
"Milwaukee, WI",2025-06-01,138241,145219,7,7,-6.787334212180452,-4.56044397973136,3.5714285714285716,-4.805156350064386,2025,6
"Milwaukee, WI",2025-07-01,129194,135698,6,6,-5.864903322972236,-3.647424148012278,4.0,-4.79299621217704,2025,7
"Milwaukee, WI",2025-08-01,166873,174902,7,7,-4.833843531922052,-2.996932669583145,4.714285714285714,-4.590570719602978,2025,8
"Milwaukee, WI",2025-09-01,118134,124768,6,6,-5.4921966478410615,-5.5820034681502,4.0,-5.3170684790972045,2025,9
"Milwaukee, WI",2025-10-01,126098,133389,6,6,-5.216513124207075,-5.329174034761094,4.0,-5.4659679583773775,2025,10
"Milwaukee, WI",2025-11-01,165583,167181,6,6,-1.1959677922348153,1.5698978433010191,5.0,-0.9558502461404108,2025,11
"Milwaukee, WI",2025-12-01,180009,182470,7,7,-1.1224507182501986,-0.5359713331904077,3.5714285714285716,-1.348714857236806,2025,12
"Milwaukee, WI",2026-01-01,159102,168239,9,9,-5.565304506009483,-5.940315315315315,4.777777777777778,-5.430964282954606,2026,1
"Milwaukee, WI",2026-02-01,141098,132067,9,9,7.140646728281445,6.936522539098436,4.0,6.838195764271165,2026,2
"Milwaukee, WI",2026-03-01,166912,173279,9,9,-3.3307654841248007,-2.6327557294577977,4.0,-3.674421020435252,2026,3
"Milwaukee, WI",2026-04-01,157941,161765,9,9,0.30884477026752716,-0.9545304932524569,4.0,-2.363922974685501,2026,4
"Milwaukee, WI",2026-05-01,187869,196103,9,9,-3.673429441216471,-3.5583873612042627,4.777777777777778,-4.198813888619756,2026,5
"Milwaukee, WI",2026-06-01,171764,168765,9,9,2.5669281174231027,1.2788871438187122,3.7777777777777777,1.7770272272094334,2026,6
"Milwaukee, WI",2026-07-01,141859,147067,9,9,-4.661182728832564,-3.5049019607843137,3.6666666666666665,-3.5412431068832575,2026,7
"Milwaukee, WI",2026-08-01,117917,116995,10,10,1.2761034086646974,1.8155875058517699,2.7,0.7880678661481261,2026,8
Minneapolis,2024-02-01,158742,132983,9,9,19.49976808043053,23.862129916040654,3.0,19.370145056134994,2024,2
Minneapolis,2024-03-01,261700,221380,8,8,20.269885320124622,22.22363026450462,5.0,18.2130273737465,2024,3
Minneapolis,2024-04-01,154828,140759,8,8,7.7279399629876835,10.21935412705647,3.75,9.995098004390483,2024,4
Minneapolis,2024-05-01,188399,162713,8,8,16.22766911117797,16.053165237404464,4.0,15.786077326335327,2024,5
Minneapolis,2024-06-01,259429,227897,9,9,14.055977184473377,11.429997504367357,4.666666666666667,13.83607506900047,2024,6
Minneapolis,2024-07-01,199834,169877,9,9,18.813899209134934,18.031097789434245,3.7777777777777777,17.63452380251594,2024,7
Minneapolis,2024-08-01,305722,270189,9,9,14.379261986114297,15.929731341665084,4.666666666666667,13.151164555181744,2024,8
Minneapolis,2024-09-01,172204,157976,9,9,9.633126303937892,6.490233144297417,3.7777777777777777,9.006431356661771,2024,9
Minneapolis,2024-10-01,166749,152804,8,8,9.190963969024038,8.020954815278694,4.0,9.126069998167587,2024,10
Minneapolis,2024-11-01,293779,275155,9,9,9.534139557631601,6.524662704437985,4.666666666666667,6.768548636223219,2024,11
Minneapolis,2024-12-01,298960,289001,9,9,6.436140165560023,6.814098134070491,4.0,3.4460088373396633,2024,12
Minneapolis,2025-01-01,194616,190986,9,9,3.8370377769796016,0.8294693456980938,4.0,1.900662875812887,2025,1
Minneapolis,2025-02-01,183868,204633,9,9,-8.114636355562096,-9.01510177281681,3.888888888888889,-10.147434675736562,2025,2
Minneapolis,2025-03-01,274695,263695,8,8,5.811347371779171,4.669149752973379,5.0,4.1714859970799605,2025,3
Minneapolis,2025-04-01,210290,214372,9,9,-0.4143267100310015,-3.0172904119022927,3.6666666666666665,-1.9041665889201949,2025,4
Minneapolis,2025-05-01,256063,254414,8,8,1.484282157239201,0.5894147865316754,5.0,0.648156154928581,2025,5
Minneapolis,2025-06-01,239353,253930,9,9,-4.534476745174579,-4.148641153632834,4.0,-5.740558421612255,2025,6
Minneapolis,2025-07-01,254440,254652,9,9,0.5804404984134197,0.04349987571464081,4.0,-0.08325086785102806,2025,7
Minneapolis,2025-08-01,365190,358640,9,9,2.550660411311743,0.8454950624836144,5.0,1.8263439660941332,2025,8
Minneapolis,2025-09-01,262397,263217,9,9,-0.46894205513980114,-2.723595965801464,4.0,-0.31153003035518223,2025,9
Minneapolis,2025-10-01,259021,266058,9,9,-2.2179923283651615,-2.174438270113554,4.0,-2.644912011666629,2025,10
Minneapolis,2025-11-01,351143,351731,9,9,0.051564377914600494,0.6368940925212616,5.0,-0.16717320907170535,2025,11
Minneapolis,2025-12-01,269402,306839,10,10,-11.49649713291686,-14.49453484751651,3.7,-12.200861037873283,2025,12
Minneapolis,2026-01-01,185562,241141,10,10,-22.094886941842912,-24.69092422677975,4.7,-23.04834101210495,2026,1
Minneapolis,2026-02-01,219066,229291,11,11,-4.0465559503618636,-7.0215080759896225,3.909090909090909,-4.459398755293491,2026,2
Minneapolis,2026-03-01,303396,296059,11,11,1.7905276975266469,1.1197902441688972,4.0,2.4782222462414585,2026,3
Minneapolis,2026-04-01,301033,283333,11,11,5.728227862629837,7.677438540840603,4.0,6.247066173019027,2026,4
Minneapolis,2026-05-01,378225,363225,11,11,3.731540699480749,4.584708595198264,5.0,4.129671691100557,2026,5
Minneapolis,2026-06-01,316537,295818,11,11,5.385552578069586,6.6369274290066365,4.0,7.003968656403599,2026,6
Minneapolis,2026-07-01,296846,291509,11,11,0.7432837766524885,1.303736233574639,4.0,1.8308182594705482,2026,7
Minneapolis,2026-08-01,227390,228276,11,11,-1.4999787549398163,-0.25088547815820544,2.8181818181818183,-0.3881266536999072,2026,8
"Mobile, AL-Pensacola (Ft. Walton Beach), FL",2024-02-01,33983,36378,2,2,-6.367887355024665,-6.367887355024665,3.0,-6.583649458463907,2024,2
"Mobile, AL-Pensacola (Ft. Walton Beach), FL",2024-03-01,32624,32178,1,1,1.3860401516564111,1.3860401516564111,5.0,1.3860401516564111,2024,3
"Mobile, AL-Pensacola (Ft. Walton Beach), FL",2024-04-01,20057,21160,1,1,-5.212665406427221,-5.212665406427221,4.0,-5.212665406427221,2024,4
"Mobile, AL-Pensacola (Ft. Walton Beach), FL",2024-05-01,25361,24390,1,1,3.9811398113981142,3.9811398113981142,4.0,3.9811398113981142,2024,5
"Mobile, AL-Pensacola (Ft. Walton Beach), FL",2024-06-01,26031,25032,1,1,3.9908916586768934,3.9908916586768934,5.0,3.9908916586768934,2024,6
"Mobile, AL-Pensacola (Ft. Walton Beach), FL",2024-07-01,23663,24432,1,1,-3.1475114603798295,-3.1475114603798295,4.0,-3.1475114603798295,2024,7
"Mobile, AL-Pensacola (Ft. Walton Beach), FL",2024-08-01,47404,43830,2,2,13.214431867212369,13.214431867212369,4.5,8.154232261008442,2024,8
"Mobile, AL-Pensacola (Ft. Walton Beach), FL",2024-09-01,31485,29507,2,2,12.610577319746326,12.610577319746326,4.0,6.703494086149049,2024,9
"Mobile, AL-Pensacola (Ft. Walton Beach), FL",2024-10-01,45212,44065,3,3,3.164842365978379,0.38308934190723765,3.6666666666666665,2.602972880971292,2024,10
"Mobile, AL-Pensacola (Ft. Walton Beach), FL",2024-11-01,84146,79863,3,3,6.4022711391506135,5.836644075718626,5.0,5.362934024516985,2024,11
"Mobile, AL-Pensacola (Ft. Walton Beach), FL",2024-12-01,100397,95167,3,3,6.6458054628457885,2.6323337263775137,4.0,5.495602467241796,2024,12
"Mobile, AL-Pensacola (Ft. Walton Beach), FL",2025-01-01,56758,52051,3,3,9.082187561026975,8.933235816529098,4.0,9.043053927878427,2025,1
"Mobile, AL-Pensacola (Ft. Walton Beach), FL",2025-02-01,57918,57391,3,3,1.163088153499362,-2.8527648835008335,4.0,0.9182624453311494,2025,2
"Mobile, AL-Pensacola (Ft. Walton Beach), FL",2025-03-01,61839,61560,3,3,4.507109116648899,-0.6390328151986183,3.6666666666666665,0.45321637426900585,2025,3
"Mobile, AL-Pensacola (Ft. Walton Beach), FL",2025-04-01,42541,38435,2,2,10.416525413945603,10.416525413945603,4.0,10.682971250162613,2025,4
"Mobile, AL-Pensacola (Ft. Walton Beach), FL",2025-05-01,32813,31190,2,2,4.792599339686918,4.792599339686918,4.0,5.203590894517474,2025,5
"Mobile, AL-Pensacola (Ft. Walton Beach), FL",2025-06-01,28897,28878,2,2,-0.12196552731644295,-0.12196552731644295,3.5,0.0657940300574832,2025,6
"Mobile, AL-Pensacola (Ft. Walton Beach), FL",2025-07-01,63610,61992,3,3,3.05222351083952,5.222837331543925,3.6666666666666665,2.610014195380049,2025,7
"Mobile, AL-Pensacola (Ft. Walton Beach), FL",2025-08-01,69958,69145,3,3,2.6422008744454915,3.0891120803489254,3.6666666666666665,1.1757900065080629,2025,8
"Mobile, AL-Pensacola (Ft. Walton Beach), FL",2025-09-01,63544,63932,3,3,0.0585211725608327,2.334245299493568,4.0,-0.6068948257523619,2025,9
"Mobile, AL-Pensacola (Ft. Walton Beach), FL",2025-10-01,70515,73353,3,3,-3.4111522460826507,-3.797898873856851,4.0,-3.868962414625169,2025,10
"Mobile, AL-Pensacola (Ft. Walton Beach), FL",2025-11-01,105769,103049,3,3,3.084716808993838,1.7920235886225564,5.0,2.6395210045706414,2025,11
"Mobile, AL-Pensacola (Ft. Walton Beach), FL",2025-12-01,92157,93473,3,3,-1.505093588594742,-2.2318446691388165,4.0,-1.4078931884073476,2025,12
"Mobile, AL-Pensacola (Ft. Walton Beach), FL",2026-01-01,57400,55438,3,3,3.507647134831297,3.5003431708991077,4.0,3.539088711713987,2026,1
"Mobile, AL-Pensacola (Ft. Walton Beach), FL",2026-02-01,42130,38800,2,2,9.117377370458655,9.117377370458655,4.0,8.582474226804123,2026,2
"Mobile, AL-Pensacola (Ft. Walton Beach), FL",2026-03-01,49219,45717,2,2,7.375206669795422,7.375206669795422,4.0,7.660170177395717,2026,3
"Mobile, AL-Pensacola (Ft. Walton Beach), FL",2026-04-01,50844,47472,3,3,11.800286895059815,8.748233964396722,3.3333333333333335,7.103134479271992,2026,4
"Mobile, AL-Pensacola (Ft. Walton Beach), FL",2026-05-01,64265,61540,3,3,7.1892970915646615,5.190782371990426,4.333333333333333,4.428014299642509,2026,5
"Mobile, AL-Pensacola (Ft. Walton Beach), FL",2026-06-01,49455,46375,3,3,7.322228383799051,7.587548638132295,3.0,6.6415094339622645,2026,6
"Mobile, AL-Pensacola (Ft. Walton Beach), FL",2026-07-01,56938,54405,3,3,5.339962121919243,4.330552244735797,3.3333333333333335,4.655822075176914,2026,7
"Mobile, AL-Pensacola (Ft. Walton Beach), FL",2026-08-01,39552,39257,2,2,1.576696336888103,1.576696336888103,3.0,0.7514583386402425,2026,8
"Montgomery-Selma, AL",2024-02-01,13275,16223,1,1,-18.17173149232571,-18.17173149232571,3.0,-18.17173149232571,2024,2
"Montgomery-Selma, AL",2024-03-01,23433,26214,1,1,-10.608834973678187,-10.608834973678187,5.0,-10.608834973678187,2024,3
"Montgomery-Selma, AL",2024-04-01,14652,19373,1,1,-24.368967119186497,-24.368967119186497,4.0,-24.368967119186497,2024,4
"Montgomery-Selma, AL",2024-05-01,13766,15996,1,1,-13.940985246311577,-13.940985246311577,3.0,-13.940985246311577,2024,5
"Montgomery-Selma, AL",2024-06-01,15067,18597,1,1,-18.981556164972847,-18.981556164972847,4.0,-18.981556164972847,2024,6
"Montgomery-Selma, AL",2024-07-01,17898,21786,1,1,-17.84632332690719,-17.84632332690719,4.0,-17.84632332690719,2024,7
"Montgomery-Selma, AL",2024-08-01,28306,32942,1,1,-14.073219598081476,-14.073219598081476,5.0,-14.073219598081476,2024,8
"Montgomery-Selma, AL",2024-09-01,16382,17945,1,1,-8.709947060462524,-8.709947060462524,4.0,-8.709947060462524,2024,9
"Montgomery-Selma, AL",2024-10-01,17841,19176,1,1,-6.961827284105132,-6.961827284105132,4.0,-6.961827284105132,2024,10
"Montgomery-Selma, AL",2024-11-01,27434,27880,1,1,-1.599713055954089,-1.599713055954089,5.0,-1.599713055954089,2024,11
"Montgomery-Selma, AL",2024-12-01,49958,53136,2,2,-5.706629376963207,-5.706629376963207,4.0,-5.980879253236977,2024,12
"Montgomery-Selma, AL",2025-01-01,32162,32686,2,2,-1.6961644145220531,-1.6961644145220531,4.0,-1.6031328397479043,2025,1
"Montgomery-Selma, AL",2025-02-01,25985,27328,2,2,-4.183569746352292,-4.183569746352292,3.5,-4.914373536299766,2025,2
"Montgomery-Selma, AL",2025-03-01,45117,46763,2,2,-3.45001534940925,-3.45001534940925,5.0,-3.519876825695528,2025,3
"Montgomery-Selma, AL",2025-04-01,35061,32652,2,2,7.353266521609787,7.353266521609787,4.0,7.3778022785740545,2025,4
"Montgomery-Selma, AL",2025-05-01,34868,33930,2,2,2.47366460467496,2.47366460467496,4.0,2.7645151783082818,2025,5
"Montgomery-Selma, AL",2025-06-01,33441,30299,2,2,10.336355078220087,10.336355078220087,4.0,10.369979207234563,2025,6
"Montgomery-Selma, AL",2025-07-01,28914,26983,2,2,7.605210307860688,7.605210307860688,3.5,7.156357706704221,2025,7
"Montgomery-Selma, AL",2025-08-01,50578,46971,2,2,7.7170843818089825,7.7170843818089825,5.0,7.679206318792446,2025,8
"Montgomery-Selma, AL",2025-09-01,34380,32959,2,2,4.412237249712404,4.412237249712404,4.0,4.311417215328135,2025,9
"Montgomery-Selma, AL",2025-10-01,34649,34633,2,2,-0.2259607346234156,-0.2259607346234156,4.0,0.04619871221089712,2025,10
"Montgomery-Selma, AL",2025-11-01,25993,23732,1,1,9.527220630372494,9.527220630372494,5.0,9.527220630372494,2025,11
"Montgomery-Selma, AL",2025-12-01,54160,50613,2,2,7.01106444327028,7.01106444327028,3.5,7.008080927824867,2025,12
"Montgomery-Selma, AL",2026-01-01,37919,35725,2,2,6.3442598198765365,6.3442598198765365,5.0,6.1413575927221835,2026,1
"Montgomery-Selma, AL",2026-02-01,25047,22712,2,2,10.195651862911365,10.195651862911365,3.5,10.280908770693905,2026,2
"Montgomery-Selma, AL",2026-03-01,41643,37683,2,2,10.805221028967722,10.805221028967722,4.0,10.508717458801051,2026,3
"Montgomery-Selma, AL",2026-04-01,39065,37688,2,2,3.8308604323035107,3.8308604323035107,4.0,3.653682869879007,2026,4
"Montgomery-Selma, AL",2026-05-01,45113,44634,2,2,1.396246588408586,1.396246588408586,5.0,1.0731729175068334,2026,5
"Montgomery-Selma, AL",2026-06-01,35831,34242,2,2,4.562407310503977,4.562407310503977,4.0,4.640499970796099,2026,6
"Montgomery-Selma, AL",2026-07-01,28820,28079,2,2,2.3643151651067407,2.3643151651067407,3.5,2.6389828697603193,2026,7
"Montgomery-Selma, AL",2026-08-01,32440,31190,2,2,3.9937519569387923,3.9937519569387923,3.0,4.007694773966015,2026,8
"Myrtle Beach-Florence, SC",2024-02-01,41159,41249,2,2,0.6573624090642796,0.6573624090642796,3.0,-0.21818710756624404,2024,2
"Myrtle Beach-Florence, SC",2024-03-01,70661,68736,2,2,3.1351152988216144,3.1351152988216144,5.0,2.800570297951583,2024,3
"Myrtle Beach-Florence, SC",2024-04-01,27775,29502,2,2,-10.597345371939776,-10.597345371939776,3.0,-5.853840417598807,2024,4
"Myrtle Beach-Florence, SC",2024-05-01,43303,43765,2,2,-1.081871437771726,-1.081871437771726,3.5,-1.0556380669484748,2024,5
"Myrtle Beach-Florence, SC",2024-06-01,59025,55871,2,2,5.615413100878815,5.615413100878815,5.0,5.6451468561507765,2024,6
"Myrtle Beach-Florence, SC",2024-07-01,47656,45707,2,2,4.3435296878330405,4.3435296878330405,3.5,4.2641170936618025,2024,7
"Myrtle Beach-Florence, SC",2024-08-01,59786,57590,2,2,7.554816710163461,7.554816710163461,4.0,3.8131620072929326,2024,8
"Myrtle Beach-Florence, SC",2024-09-01,28925,28425,2,2,2.6689114178011994,2.6689114178011994,3.5,1.759014951627089,2024,9
"Myrtle Beach-Florence, SC",2024-10-01,28627,27151,2,2,9.763773271319742,9.763773271319742,2.5,5.4362638576848,2024,10
"Myrtle Beach-Florence, SC",2024-11-01,63022,65139,2,2,-3.172096371115839,-3.172096371115839,5.0,-3.2499731343741844,2024,11
"Myrtle Beach-Florence, SC",2024-12-01,98763,96765,2,2,2.4252943665534348,2.4252943665534348,4.0,2.0647961556347854,2024,12
"Myrtle Beach-Florence, SC",2025-01-01,46433,45489,2,2,2.045621993224588,2.045621993224588,4.0,2.075226977950713,2025,1
"Myrtle Beach-Florence, SC",2025-02-01,39498,45300,2,2,-12.692792437486798,-12.692792437486798,4.0,-12.80794701986755,2025,2
"Myrtle Beach-Florence, SC",2025-03-01,72481,75323,2,2,-4.3625795996627454,-4.3625795996627454,5.0,-3.773083918590603,2025,3
"Myrtle Beach-Florence, SC",2025-04-01,53180,46742,2,2,13.354448105989198,13.354448105989198,4.0,13.773479953788884,2025,4
"Myrtle Beach-Florence, SC",2025-05-01,58274,56726,2,2,2.24863225817108,2.24863225817108,5.0,2.7289073793322287,2025,5
"Myrtle Beach-Florence, SC",2025-06-01,54452,56329,2,2,-3.2966201465619887,-3.2966201465619887,4.0,-3.3322089864900852,2025,6
"Myrtle Beach-Florence, SC",2025-07-01,66038,62470,2,2,5.168672914798245,5.168672914798245,4.0,5.711541539939171,2025,7
"Myrtle Beach-Florence, SC",2025-08-01,82877,81108,2,2,2.4945070000269114,2.4945070000269114,5.0,2.1810425605365684,2025,8
"Myrtle Beach-Florence, SC",2025-09-01,50537,53167,2,2,-5.264024277596576,-5.264024277596576,4.0,-4.946677450298117,2025,9
"Myrtle Beach-Florence, SC",2025-10-01,57710,59076,2,2,-2.873192585847731,-2.873192585847731,4.0,-2.3122757126413434,2025,10
"Myrtle Beach-Florence, SC",2025-11-01,85850,82474,2,2,3.6470837365295834,3.6470837365295834,5.0,4.093411256880956,2025,11
"Myrtle Beach-Florence, SC",2025-12-01,101764,96596,2,2,4.966039971323776,4.966039971323776,4.0,5.350118017309206,2025,12
"Myrtle Beach-Florence, SC",2026-01-01,57082,52742,2,2,8.371128007111185,8.371128007111185,5.0,8.228736111637785,2026,1
"Myrtle Beach-Florence, SC",2026-02-01,43147,38088,2,2,13.018654254669976,13.018654254669976,4.0,13.282398655744593,2026,2
"Myrtle Beach-Florence, SC",2026-03-01,60320,56412,2,2,6.425651990137205,6.425651990137205,4.0,6.927604055874637,2026,3
"Myrtle Beach-Florence, SC",2026-04-01,60374,58475,2,2,3.264390265533102,3.264390265533102,4.0,3.2475416844805474,2026,4
"Myrtle Beach-Florence, SC",2026-05-01,67754,68633,2,2,-2.1913229517644246,-2.1913229517644246,5.0,-1.2807250156630192,2026,5
"Myrtle Beach-Florence, SC",2026-06-01,46410,46656,2,2,-0.75536876444724,-0.75536876444724,4.0,-0.5272633744855968,2026,6
"Myrtle Beach-Florence, SC",2026-07-01,56541,57049,2,2,-2.8776934495964186,-2.8776934495964186,4.0,-0.8904625847955266,2026,7
"Myrtle Beach-Florence, SC",2026-08-01,35062,37611,2,2,-6.457832529751215,-6.457832529751215,3.0,-6.777272606418334,2026,8
"Nashville, TN",2024-02-01,42674,39846,3,3,7.077903218220272,6.748466257668712,3.0,7.097324700095367,2024,2
"Nashville, TN",2024-03-01,80632,69433,3,3,15.87858727131668,15.986880185220913,5.0,16.12921809514208,2024,3
"Nashville, TN",2024-04-01,53615,49898,5,5,2.7266149629482457,2.9240104016180295,2.8,7.449196360575574,2024,4
"Nashville, TN",2024-05-01,65672,61082,3,3,7.139447006214745,2.3486901535682025,4.0,7.514488720081203,2024,5
"Nashville, TN",2024-06-01,78566,75910,3,3,3.332184529157843,-0.11679094420986434,5.0,3.4988802529311025,2024,6
"Nashville, TN",2024-07-01,66335,65619,3,3,1.193028381564332,-3.116284059214761,4.0,1.0911473810938905,2024,7
"Nashville, TN",2024-08-01,99185,94210,3,3,5.406283875604732,2.1933930720877357,5.0,5.280755758412059,2024,8
"Nashville, TN",2024-09-01,60644,58760,3,3,3.2586975196879386,0.6266342079163285,4.0,3.2062627637848875,2024,9
"Nashville, TN",2024-10-01,58539,60326,3,3,-3.1395837762406287,-4.468247895944912,4.0,-2.9622385041275736,2024,10
"Nashville, TN",2024-11-01,92314,89796,5,5,0.4790574855873353,-3.4208670175248224,3.4,2.804133814423805,2024,11
"Nashville, TN",2024-12-01,98441,92068,5,5,0.8896518186213336,3.3587534069322467,2.8,6.922057609592909,2024,12
"Nashville, TN",2025-01-01,49389,45989,3,3,7.332986159329788,8.859452950283847,4.0,7.393072256409142,2025,1
"Nashville, TN",2025-02-01,87061,90308,5,5,-3.928409110128834,-2.0518284300247456,3.8,-3.5954732692563227,2025,2
"Nashville, TN",2025-03-01,164473,164794,6,6,-1.6632746217950032,-1.9897174316931752,4.833333333333333,-0.19478864521766567,2025,3
"Nashville, TN",2025-04-01,126237,115662,6,6,8.332377285781707,7.1562259428867785,4.0,9.14302017948851,2025,4
"Nashville, TN",2025-05-01,143911,147566,6,6,-3.8473013141802723,-5.484323396012333,4.833333333333333,-2.4768578127753007,2025,5
"Nashville, TN",2025-06-01,138147,134084,6,6,1.8092293922987064,0.9851221315250629,4.0,3.030190030130366,2025,6
"Nashville, TN",2025-07-01,148239,140173,6,6,4.434920026844524,3.9667648584477146,4.0,5.754317878621418,2025,7
"Nashville, TN",2025-08-01,191924,182844,6,6,3.476966096667878,3.5667336551570843,5.0,4.965981929951215,2025,8
"Nashville, TN",2025-09-01,131446,129939,6,6,-0.09567093393644988,0.40753129001847976,4.0,1.1597749713327024,2025,9
"Nashville, TN",2025-10-01,132306,129108,5,5,1.4138490447822576,4.987811224629543,4.0,2.476996003346036,2025,10
"Nashville, TN",2025-11-01,203581,200676,6,6,-0.2681288719882751,-0.08086233939638499,5.0,1.4476070880424166,2025,11
"Nashville, TN",2025-12-01,214030,212345,6,6,-0.4485042885778319,-1.3988879610800022,4.0,0.7935199792790035,2025,12
"Nashville, TN",2026-01-01,129290,135663,6,6,-6.827710496684507,-6.15671521170363,5.0,-4.697669961596014,2026,1
"Nashville, TN",2026-02-01,112429,106269,6,6,4.623694028963288,7.680730394924769,4.0,5.796610488477354,2026,2
"Nashville, TN",2026-03-01,138041,133049,6,6,2.504953057242643,3.8400144992466547,4.0,3.7520011424362454,2026,3
"Nashville, TN",2026-04-01,133849,132256,6,6,-0.2620984352838351,-0.42036217817435206,4.0,1.2044822163077669,2026,4
"Nashville, TN",2026-05-01,175186,165545,6,6,4.6425687281576105,6.506617485247227,5.0,5.823794134525356,2026,5
"Nashville, TN",2026-06-01,137420,135873,6,6,0.15731525325851695,1.357846745666543,4.0,1.1385632171218711,2026,6
"Nashville, TN",2026-07-01,117724,124024,6,6,-7.826578411202704,-5.020322526552263,3.5,-5.079662000903051,2026,7
"Nashville, TN",2026-08-01,92510,86831,4,4,5.604847882264541,4.74573339090718,3.0,6.540290909928482,2026,8
"New Orleans, LA",2024-02-01,21236,20320,2,2,-0.3001968503937008,-0.3001968503937008,2.0,4.5078740157480315,2024,2
"New Orleans, LA",2024-03-01,75171,81698,2,2,-7.036589925766361,-7.036589925766361,5.0,-7.989179661680825,2024,3
"New Orleans, LA",2024-04-01,48512,56533,2,2,-12.030906925759218,-12.030906925759218,4.0,-14.188173279323582,2024,4
"New Orleans, LA",2024-05-01,70453,74904,2,2,-4.601273237127532,-4.601273237127532,4.0,-5.942272775819716,2024,5
"New Orleans, LA",2024-06-01,72644,81459,2,2,-9.66785894329101,-9.66785894329101,5.0,-10.82139481211407,2024,6
"New Orleans, LA",2024-07-01,50853,58160,2,2,-10.408697792204505,-10.408697792204505,4.0,-12.563617606602476,2024,7
"New Orleans, LA",2024-08-01,77679,88246,2,2,-10.535523506396554,-10.535523506396554,5.0,-11.974480429707862,2024,8
"New Orleans, LA",2024-09-01,44408,52565,2,2,-15.021695333443494,-15.021695333443494,4.0,-15.517930181679827,2024,9
"New Orleans, LA",2024-10-01,50454,55290,2,2,-8.468003789827435,-8.468003789827435,4.0,-8.746608790016278,2024,10
"New Orleans, LA",2024-11-01,74639,76198,2,2,-2.082381910844759,-2.082381910844759,5.0,-2.04598545893593,2024,11
"New Orleans, LA",2024-12-01,87636,91883,2,2,-4.623360182449513,-4.623360182449513,4.0,-4.622182558253431,2024,12
"New Orleans, LA",2025-01-01,71946,72859,3,3,-1.2400978802299136,-0.2520824199912319,3.6666666666666665,-1.2531053130018255,2025,1
"New Orleans, LA",2025-02-01,75065,80460,3,3,-6.453151069011949,-9.380501577810994,4.0,-6.70519512801392,2025,2
"New Orleans, LA",2025-03-01,108483,114132,3,3,-4.989569453805927,-4.936438712072006,5.0,-4.949532120702345,2025,3
"New Orleans, LA",2025-04-01,86373,84769,3,3,1.7529426434415925,2.1260196544415186,4.0,1.892201158442355,2025,4
"New Orleans, LA",2025-05-01,106400,110732,3,3,-3.574707116360175,-6.521223055740196,5.0,-3.912148249828414,2025,5
"New Orleans, LA",2025-06-01,75903,81978,3,3,-7.1889161263252985,-7.4185564251789415,4.0,-7.410524774939618,2025,6
"New Orleans, LA",2025-07-01,77895,80765,3,3,-3.388935124579156,-5.163564193813304,4.0,-3.5535194700674797,2025,7
"New Orleans, LA",2025-08-01,101554,103485,3,3,-1.9365474328444565,-3.188224750835076,5.0,-1.8659709136589844,2025,8
"New Orleans, LA",2025-09-01,72935,73716,3,3,-1.165166336397687,-2.564610749960362,4.0,-1.05947148515926,2025,9
"New Orleans, LA",2025-10-01,80004,88932,3,3,-10.112110801011424,-10.696191914108372,4.0,-10.039131021454594,2025,10
"New Orleans, LA",2025-11-01,117050,131469,3,3,-10.763376827076783,-9.143091430914309,5.0,-10.967604530345557,2025,11
"New Orleans, LA",2025-12-01,110502,139273,3,3,-20.294571370467413,-17.355788866732336,4.0,-20.657988267646996,2025,12
"New Orleans, LA",2026-01-01,89958,99800,4,4,-10.48015681496803,-12.344003961687804,4.75,-9.861723446893787,2026,1
"New Orleans, LA",2026-02-01,92353,88297,5,5,5.844837384452704,4.706644356884547,3.8,4.5935875511059265,2026,2
"New Orleans, LA",2026-03-01,113486,111106,5,5,2.482372549681309,3.81551901336074,4.0,2.1420985365326803,2026,3
"New Orleans, LA",2026-04-01,115812,120557,5,5,-3.5148200585784126,-4.744787922358016,4.0,-3.9358975422414297,2026,4
"New Orleans, LA",2026-05-01,130711,138526,5,5,-4.84838517464113,-3.8402203856749315,5.0,-5.641540216277089,2026,5
"New Orleans, LA",2026-06-01,99791,98089,5,5,3.7028665024197083,3.2018251189867444,3.8,1.7351588863175278,2026,6
"New Orleans, LA",2026-07-01,97689,99164,5,5,-0.43917328462425403,0.8759834536458755,4.0,-1.4874349562341171,2026,7
"New Orleans, LA",2026-08-01,81158,81696,5,5,-0.2132625799231409,0.010660980810234541,3.0,-0.658538973756365,2026,8
New York,2024-02-01,1647777,1742846,56,56,-4.058646569752471,-3.7136896855025956,3.0,-5.454813563562127,2024,2
New York,2024-03-01,2805152,2877713,57,57,-0.485257978104934,0.39207841568313667,4.807017543859649,-2.521481468096367,2024,3
New York,2024-04-01,1835410,1999770,64,64,-8.707058167550521,-8.465521761929732,3.5,-8.21894517869555,2024,4
New York,2024-05-01,2256150,2326137,56,56,-1.055586071983793,-0.5057040236587245,3.8392857142857144,-3.008722186182499,2024,5
New York,2024-06-01,2897169,2889502,57,57,1.7556409817463714,2.22934576715722,4.7894736842105265,0.26533984056768256,2024,6
New York,2024-07-01,2123797,2142152,58,58,0.1661711707180834,0.8394629262124633,3.689655172413793,-0.8568486269881875,2024,7
New York,2024-08-01,3757019,3819115,57,57,-0.7009570078005428,-1.0404369316191637,4.842105263157895,-1.625926425362944,2024,8
New York,2024-09-01,1959089,1989213,56,56,-1.2377803730904253,-1.287217267107946,3.8035714285714284,-1.5143677424187354,2024,9
New York,2024-10-01,2079890,2079845,58,58,0.693490199957436,-0.09986070433204505,3.7586206896551726,0.002163622769966031,2024,10
New York,2024-11-01,3102483,3224272,64,64,-5.899811299881905,-2.4812520922059886,4.421875,-3.777255765022306,2024,11
New York,2024-12-01,3353670,3423017,66,66,-5.187633991948082,-0.6350099696326832,3.5303030303030303,-2.025902880412221,2024,12
New York,2025-01-01,2121777,2061198,68,68,1.5551062313061066,2.7772872554236736,3.573529411764706,2.939018958877313,2025,1
New York,2025-02-01,2103418,2407502,70,70,-12.264013683787718,-11.906639781098786,3.857142857142857,-12.630685249690343,2025,2
New York,2025-03-01,3247183,3407423,73,73,-4.316609414931207,-3.5746683992448576,4.780821917808219,-4.702674132328156,2025,3
New York,2025-04-01,2547946,2608420,76,76,2.531556964449892,-0.7437559583559159,3.776315789473684,-2.3184149791828004,2025,4
New York,2025-05-01,3165076,3261245,71,71,-3.027963343813329,-2.6411041724672844,4.915492957746479,-2.9488431565245787,2025,5
New York,2025-06-01,2880350,2997320,72,72,-4.073119818013492,-3.597014904514189,3.8194444444444446,-3.902486221024115,2025,6
New York,2025-07-01,2936444,2928470,73,73,0.47031111528065667,-0.5863720845004058,3.835616438356164,0.2722923574426236,2025,7
New York,2025-08-01,3759759,3809048,74,74,-1.5922941901365988,-1.4428066554595973,4.743243243243243,-1.2939978703340047,2025,8
New York,2025-09-01,2778201,2914559,71,71,-4.295213354626412,-5.031476309935154,3.971830985915493,-4.6785122551988145,2025,9
New York,2025-10-01,2687790,2826873,73,73,-5.238152429236229,-5.931372549019607,3.643835616438356,-4.920030011960211,2025,10
New York,2025-11-01,3436538,3550730,71,71,-3.6505991426764206,-3.4395253308991327,4.647887323943662,-3.216014734998155,2025,11
New York,2025-12-01,3323095,3462330,84,84,623.5224928650977,-5.12396694214876,3.4404761904761907,-4.0214248786221996,2025,12
New York,2026-01-01,2927380,2981654,80,80,-2.7686196782509698,-2.320188904513449,4.7125,-1.820264859705385,2026,1
New York,2026-02-01,2055620,2060760,81,81,-1.6808689262075034,-0.3297314476402352,3.8395061728395063,-0.2494225431394243,2026,2
New York,2026-03-01,2710011,2608680,79,79,2.68849248712446,2.4115542599708495,3.9746835443037973,3.8843783062698374,2026,3
New York,2026-04-01,3002302,2951685,84,84,320.5166438926404,0.894519172110114,3.869047619047619,1.7148510088305493,2026,4
New York,2026-05-01,3641071,3650452,82,82,-0.5926569795926759,-0.7644256474238704,4.926829268292683,-0.25698187512121784,2026,5
New York,2026-06-01,3154801,3115427,85,85,1.7073005421790763,0.4641732913621085,3.788235294117647,1.2638395956637727,2026,6
New York,2026-07-01,2755612,2880749,80,80,-3.905222690086724,-3.8902030041131552,3.85,-4.343905005260785,2026,7
New York,2026-08-01,2172957,2230285,82,82,-3.0172971573492244,-3.5867448569528606,2.817073170731707,-2.570433823479959,2026,8
"Norfolk-Portsmouth-Newport News, VA",2024-02-01,41413,44270,3,3,-6.301683822025722,-7.851315708765258,3.0,-6.45358030268805,2024,2
"Norfolk-Portsmouth-Newport News, VA",2024-03-01,72940,73236,3,3,-0.2125040063517337,-0.7389722601182356,5.0,-0.40417281118575565,2024,3
"Norfolk-Portsmouth-Newport News, VA",2024-04-01,46048,50002,4,4,-9.701116654128816,-9.213180901143241,3.25,-7.907683692652294,2024,4
"Norfolk-Portsmouth-Newport News, VA",2024-05-01,65234,67338,3,3,-3.6230607723251587,-3.607105727071374,4.0,-3.124535923252844,2024,5
"Norfolk-Portsmouth-Newport News, VA",2024-06-01,85228,86065,3,3,-1.475512976256556,2.2983097470049585,5.0,-0.9725207691860802,2024,6
"Norfolk-Portsmouth-Newport News, VA",2024-07-01,64363,70343,3,3,-8.842292655474694,-5.965644280704869,4.0,-8.501201256699316,2024,7
"Norfolk-Portsmouth-Newport News, VA",2024-08-01,114219,120618,3,3,-5.689582062846369,-3.233261159227182,5.0,-5.305178331592299,2024,8
"Norfolk-Portsmouth-Newport News, VA",2024-09-01,53062,54717,3,3,-2.9328498616555145,-0.017279115309296163,4.0,-3.0246541294296105,2024,9
"Norfolk-Portsmouth-Newport News, VA",2024-10-01,55498,58926,3,3,-5.388196982694109,-2.08696698141577,3.6666666666666665,-5.8174659742728165,2024,10
"Norfolk-Portsmouth-Newport News, VA",2024-11-01,89498,89185,4,4,-0.9293871872216312,-0.022132287846212215,4.0,0.35095587823064417,2024,11
"Norfolk-Portsmouth-Newport News, VA",2024-12-01,114076,107975,4,4,2.7024861069555413,5.06173529247444,3.25,5.650382032877981,2024,12
"Norfolk-Portsmouth-Newport News, VA",2025-01-01,55256,52134,4,4,5.515988845648996,6.155741356946142,3.5,5.988414470403192,2025,1
"Norfolk-Portsmouth-Newport News, VA",2025-02-01,64073,69945,4,4,-8.554438804476176,-8.23417326975014,4.0,-8.39516763171063,2025,2
"Norfolk-Portsmouth-Newport News, VA",2025-03-01,97139,99618,4,4,-2.447487576285665,-2.842542639963795,5.0,-2.4885060932763157,2025,3
"Norfolk-Portsmouth-Newport News, VA",2025-04-01,72219,66890,4,4,8.914494450528224,8.835762228801663,4.0,7.966811182538495,2025,4
"Norfolk-Portsmouth-Newport News, VA",2025-05-01,118188,119340,5,5,-0.8757374520459524,-1.3143744772374237,4.8,-0.9653092006033183,2025,5
"Norfolk-Portsmouth-Newport News, VA",2025-06-01,114409,118634,5,5,-3.3332536650343476,-2.744031642887413,4.0,-3.561373636562874,2025,6
"Norfolk-Portsmouth-Newport News, VA",2025-07-01,118252,111728,5,5,5.368975365458105,3.2678257914708047,4.0,5.839180867821853,2025,7
"Norfolk-Portsmouth-Newport News, VA",2025-08-01,179103,166795,5,5,7.418908152434258,7.529823176062495,5.0,7.3791180790791095,2025,8
"Norfolk-Portsmouth-Newport News, VA",2025-09-01,118427,122590,6,6,-3.5684322570771765,-3.1204134354754762,4.0,-3.395872420262664,2025,9
"Norfolk-Portsmouth-Newport News, VA",2025-10-01,129640,128626,6,6,0.6117643241614751,0.7835339272697807,3.8333333333333335,0.788332063501936,2025,10
"Norfolk-Portsmouth-Newport News, VA",2025-11-01,190074,188379,6,6,0.774497501934316,-0.1701906930384671,5.0,0.8997818228146449,2025,11
"Norfolk-Portsmouth-Newport News, VA",2025-12-01,214859,209181,7,7,1.5929282685460782,0.1105626362492757,3.5714285714285716,2.714395666910475,2025,12
"Norfolk-Portsmouth-Newport News, VA",2026-01-01,133161,129461,6,6,2.7737789354853484,0.7945169935518919,5.0,2.8580035686422938,2026,1
"Norfolk-Portsmouth-Newport News, VA",2026-02-01,104972,96597,6,6,8.46520313168609,6.620679467692322,4.0,8.670041512676377,2026,2
"Norfolk-Portsmouth-Newport News, VA",2026-03-01,133035,126873,6,6,4.6324523021339195,3.7659050072865545,4.0,4.856825329266274,2026,3
"Norfolk-Portsmouth-Newport News, VA",2026-04-01,138909,134730,6,6,3.1333017642382703,2.989500687170061,4.0,3.1017590737029614,2026,4
"Norfolk-Portsmouth-Newport News, VA",2026-05-01,160279,159296,6,6,0.6964106300240201,0.9528342869127622,5.0,0.6170901968662114,2026,5
"Norfolk-Portsmouth-Newport News, VA",2026-06-01,133570,134130,6,6,0.08047641925349207,1.268353461671711,4.0,-0.41750540520390667,2026,6
"Norfolk-Portsmouth-Newport News, VA",2026-07-01,137237,136334,6,6,1.4048088991034025,4.002186866448159,4.0,0.6623439494183403,2026,7
"Norfolk-Portsmouth-Newport News, VA",2026-08-01,102974,106089,6,6,-3.6968273868300483,-2.642659736399703,2.8333333333333335,-2.9362139335840665,2026,8
"Odessa-Midland, TX",2024-02-01,33517,36864,1,1,-9.07931857638889,-9.07931857638889,3.0,-9.07931857638889,2024,2
"Odessa-Midland, TX",2024-03-01,48612,50743,1,1,-4.199594032674458,-4.199594032674458,5.0,-4.199594032674458,2024,3
"Odessa-Midland, TX",2024-04-01,22029,24099,1,1,-8.589568031868543,-8.589568031868543,4.0,-8.589568031868543,2024,4
"Odessa-Midland, TX",2024-05-01,45163,39843,1,1,13.352408202193612,13.352408202193612,4.0,13.352408202193612,2024,5
"Odessa-Midland, TX",2024-06-01,51000,49089,1,1,3.8929291694677017,3.8929291694677017,5.0,3.8929291694677017,2024,6
"Odessa-Midland, TX",2024-07-01,59928,58006,1,1,3.3134503327242006,3.3134503327242006,4.0,3.3134503327242006,2024,7
"Odessa-Midland, TX",2024-08-01,86446,79275,1,1,9.045726900031536,9.045726900031536,5.0,9.045726900031536,2024,8
"Odessa-Midland, TX",2024-09-01,8170,7572,1,1,7.897517168515583,7.897517168515583,2.0,7.897517168515583,2024,9
"Odessa-Midland, TX",2024-10-01,22594,22833,1,1,-1.0467306092059738,-1.0467306092059738,4.0,-1.0467306092059738,2024,10
"Odessa-Midland, TX",2024-11-01,74959,70671,1,1,6.067552461405668,6.067552461405668,5.0,6.067552461405668,2024,11
"Odessa-Midland, TX",2024-12-01,7023,10515,1,1,-33.20970042796006,-33.20970042796006,2.0,-33.20970042796006,2024,12
"Odessa-Midland, TX",2025-01-01,31490,30862,1,1,2.0348648823796256,2.0348648823796256,3.0,2.0348648823796256,2025,1
"Odessa-Midland, TX",2025-02-01,63149,62129,2,2,2.964420467239489,2.964420467239489,3.5,1.6417454006985466,2025,2
"Odessa-Midland, TX",2025-03-01,86017,88988,2,2,-2.1357886849129564,-2.1357886849129564,5.0,-3.338652402571133,2025,3
"Odessa-Midland, TX",2025-04-01,80405,73846,2,2,10.593839427599205,10.593839427599205,4.0,8.881997670828481,2025,4
"Odessa-Midland, TX",2025-05-01,97076,96898,2,2,2.699433954789143,2.699433954789143,5.0,0.18369832194678942,2025,5
"Odessa-Midland, TX",2025-06-01,77637,81668,2,2,-1.6000873398066036,-1.6000873398066036,4.0,-4.93583778224029,2025,6
"Odessa-Midland, TX",2025-07-01,30887,28885,2,2,3.9793428151326813,3.9793428151326813,2.5,6.930933010212913,2025,7
"Odessa-Midland, TX",2025-08-01,56988,53611,2,2,3.949828688071746,3.949828688071746,3.5,6.299080412601891,2025,8
"Odessa-Midland, TX",2025-09-01,29261,29907,2,2,-1.1963704139374123,-1.1963704139374123,3.0,-2.1600294245494367,2025,9
"Odessa-Midland, TX",2025-10-01,72738,76584,2,2,-2.389919526501652,-2.389919526501652,4.0,-5.021936696960201,2025,10
"Odessa-Midland, TX",2025-11-01,75637,79133,2,2,-4.531614236616592,-4.531614236616592,4.5,-4.417878761073131,2025,11
"Odessa-Midland, TX",2025-12-01,117486,116239,2,2,1.8706510369356795,1.8706510369356795,4.0,1.0727896833248738,2025,12
"Odessa-Midland, TX",2026-01-01,79743,89012,2,2,-7.240949724167306,-7.240949724167306,5.0,-10.413202714240777,2026,1
"Odessa-Midland, TX",2026-02-01,72452,72029,2,2,3.398563588385512,3.398563588385512,4.0,0.587263463327271,2026,2
"Odessa-Midland, TX",2026-03-01,81764,82338,2,2,1.0653572263454274,1.0653572263454274,4.0,-0.6971264786611285,2026,3
"Odessa-Midland, TX",2026-04-01,76650,81631,2,2,-3.8817476299845795,-3.8817476299845795,4.0,-6.101848562433389,2026,4
"Odessa-Midland, TX",2026-05-01,96104,101410,2,2,-3.570238778334816,-3.570238778334816,5.0,-5.232225618775269,2026,5
"Odessa-Midland, TX",2026-06-01,83517,81101,2,2,3.9245867248482393,3.9245867248482393,4.0,2.9790014919668066,2026,6
"Odessa-Midland, TX",2026-07-01,61766,62373,2,2,-0.6242676888029117,-0.6242676888029117,4.0,-0.97317749667324,2026,7
"Odessa-Midland, TX",2026-08-01,24997,24731,1,1,1.075573167279932,1.075573167279932,3.0,1.075573167279932,2026,8
Oklahoma City,2024-02-01,58442,56743,4,4,3.685701217707411,3.8953952984216924,3.0,2.9942019279911176,2024,2
Oklahoma City,2024-03-01,121914,112069,5,5,8.241602386290193,8.948770800864713,4.6,8.784766527764146,2024,3
Oklahoma City,2024-04-01,84732,89338,6,6,-6.088504859716851,-7.9320660040528805,3.5,-5.155700821598871,2024,4
Oklahoma City,2024-05-01,114537,111898,5,5,2.4925776469547913,3.874083218357418,4.0,2.358397826592075,2024,5
Oklahoma City,2024-06-01,131752,132051,5,5,-0.19552886568779768,-0.552434456928839,5.0,-0.22642766809793186,2024,6
Oklahoma City,2024-07-01,105740,109850,5,5,-3.5093453406327115,-1.9718467210367556,4.0,-3.7414656349567594,2024,7
Oklahoma City,2024-08-01,168677,171013,5,5,-1.4388373279505386,-0.30266007663686345,4.6,-1.365978025062422,2024,8
Oklahoma City,2024-09-01,86989,88733,5,5,-1.9530281129178675,-1.8580609108689579,3.8,-1.9654469025052685,2024,9
Oklahoma City,2024-10-01,98253,108382,5,5,-9.05426476536035,-8.292032024399543,4.0,-9.345647801295417,2024,10
Oklahoma City,2024-11-01,155356,156159,6,6,-0.5197276796149685,1.1152894288561053,4.333333333333333,-0.5142194814259825,2024,11
Oklahoma City,2024-12-01,181751,182250,6,6,-1.4054501825657464,0.13252876156101964,3.5,-0.2737997256515775,2024,12
Oklahoma City,2025-01-01,91480,88206,6,6,2.837590439271894,3.4229188700538264,3.6666666666666665,3.7117656395256557,2025,1
Oklahoma City,2025-02-01,97935,109560,7,7,-9.907283467100886,-11.284125379170879,3.857142857142857,-10.610624315443593,2025,2
Oklahoma City,2025-03-01,139140,146138,6,6,-5.127035062000843,-6.458095952946687,5.0,-4.788624450861515,2025,3
Oklahoma City,2025-04-01,98932,96451,7,7,1.042685845672368,-0.5849189570119803,3.5714285714285716,2.5722905931509263,2025,4
Oklahoma City,2025-05-01,119230,123228,7,7,-4.491438918367705,-2.4808416677490586,4.285714285714286,-3.2443925081961895,2025,5
Oklahoma City,2025-06-01,120856,132996,8,8,-9.150257436450103,-10.281400055526346,3.625,-9.128094078017384,2025,6
Oklahoma City,2025-07-01,132278,137714,8,8,-3.1647026690722635,-3.731899386747103,3.875,-3.947311094006419,2025,7
Oklahoma City,2025-08-01,208038,205745,9,9,0.32099280796394,1.46569553097743,4.444444444444445,1.1144863787698365,2025,8
Oklahoma City,2025-09-01,114553,121394,8,8,-5.672334779364861,-2.7585680349450987,4.0,-5.635369128622502,2025,9
Oklahoma City,2025-10-01,150819,156814,10,10,-3.2136723267444225,-1.8333887635521786,3.8,-3.823000497404568,2025,10
Oklahoma City,2025-11-01,259022,262785,10,10,-0.7551636998013886,-1.646171527138801,5.0,-1.4319691002150046,2025,11
Oklahoma City,2025-12-01,284990,286051,10,10,0.5970681869374004,-0.20301933635341451,4.0,-0.3709128791718959,2025,12
Oklahoma City,2026-01-01,174950,182231,10,10,-2.2524619613563144,-4.962962253077814,5.0,-3.9954782665956943,2026,1
Oklahoma City,2026-02-01,149023,138020,10,10,9.385487913720056,6.531445853169624,4.0,7.972033038690045,2026,2
Oklahoma City,2026-03-01,163390,161672,10,10,2.1609910866318236,0.4795710035970971,4.0,1.0626453560294917,2026,3
Oklahoma City,2026-04-01,134863,134296,10,10,0.3299215848322719,-1.988323008720592,3.7,0.4222017036992911,2026,4
Oklahoma City,2026-05-01,166429,170623,10,10,-2.3817083684782276,-4.854195532663576,4.4,-2.4580507903389344,2026,5
Oklahoma City,2026-06-01,154617,150346,10,10,4.136420319016422,1.9483449355427518,4.0,2.840780599417344,2026,6
Oklahoma City,2026-07-01,138790,143273,10,10,-2.9190575950456017,-2.7937800716880665,3.9,-3.128991505726829,2026,7
Oklahoma City,2026-08-01,148348,154438,9,9,-2.764212686451427,-3.348634935974873,3.0,-3.943330009453632,2026,8
"Omaha, NE",2024-02-01,45583,41573,3,3,10.02731852051973,7.703891097458138,3.0,9.645683496500132,2024,2
"Omaha, NE",2024-03-01,72787,66224,3,3,10.698456920404027,7.6416142169566825,5.0,9.910304421357816,2024,3
"Omaha, NE",2024-04-01,44476,46574,3,3,-6.896143985952886,-6.641589939366719,3.6666666666666665,-4.504659251943145,2024,4
"Omaha, NE",2024-05-01,65284,62574,3,3,4.075095387261993,5.8007439428973555,4.0,4.330872247259245,2024,5
"Omaha, NE",2024-06-01,84475,81566,3,3,3.3274030295827104,4.286541803436958,5.0,3.5664369958070763,2024,6
"Omaha, NE",2024-07-01,59432,56858,3,3,4.233864399774452,5.215624294423121,4.0,4.527067431144254,2024,7
"Omaha, NE",2024-08-01,112550,109299,3,3,2.9502617857319415,3.1603796309678662,5.0,2.974409646931811,2024,8
"Omaha, NE",2024-09-01,62676,61157,3,3,2.4086197757981456,1.2010780407780643,4.0,2.4837712772045717,2024,9
"Omaha, NE",2024-10-01,62690,64565,3,3,-2.962435660992984,-1.9705049158473587,4.0,-2.9040501819871447,2024,10
"Omaha, NE",2024-11-01,94988,86953,3,3,9.167531863218098,8.458227040816327,5.0,9.240624245281934,2024,11
"Omaha, NE",2024-12-01,94660,93160,3,3,1.4130346571698962,2.502890173410405,4.0,1.6101331043366252,2024,12
"Omaha, NE",2025-01-01,50003,45086,3,3,10.937890557534745,11.640088464672331,4.0,10.905824424433305,2025,1
"Omaha, NE",2025-02-01,47944,58224,3,3,-17.589862780050424,-17.62080173347779,4.0,-17.65594943665842,2025,2
"Omaha, NE",2025-03-01,78042,79968,3,3,-2.460446388166908,-2.6834537230810773,5.0,-2.4084633853541417,2025,3
"Omaha, NE",2025-04-01,63183,61110,3,3,3.919867178177892,4.797507788161994,4.0,3.392243495336279,2025,4
"Omaha, NE",2025-05-01,68137,70119,3,3,-2.6791681328053603,-4.629540879900317,5.0,-2.8266233117985142,2025,5
"Omaha, NE",2025-06-01,59993,68635,3,3,-12.240598420222229,-11.12444292080905,4.0,-12.591243534639762,2025,6
"Omaha, NE",2025-07-01,63805,67159,3,3,-4.487314496682658,-2.345679012345679,4.0,-4.994118435354904,2025,7
"Omaha, NE",2025-08-01,96017,99731,3,3,-3.0598599444575143,-0.8689329212870387,5.0,-3.724017607363809,2025,8
"Omaha, NE",2025-09-01,62578,66996,3,3,-5.67542184584573,-1.5691489361702127,4.0,-6.594423547674488,2025,9
"Omaha, NE",2025-10-01,54129,61026,3,3,-9.917659579419492,-5.149732266807694,3.6666666666666665,-11.301740241864124,2025,10
"Omaha, NE",2025-11-01,88531,98077,3,3,-9.831898689134738,-7.806113832122952,5.0,-9.733168836730325,2025,11
"Omaha, NE",2025-12-01,89046,90268,3,3,-1.5733889993982657,2.9263577245298498,4.0,-1.3537466211725084,2025,12
"Omaha, NE",2026-01-01,59170,62262,3,3,-3.937705484848846,0.42289394012206255,5.0,-4.966110950499502,2026,1
"Omaha, NE",2026-02-01,42662,39441,3,3,11.561728570957365,13.119943721421034,3.6666666666666665,8.166628635176593,2026,2
"Omaha, NE",2026-03-01,40488,42012,2,2,-3.0753949641998726,-3.0753949641998726,4.0,-3.6275349900028564,2026,3
"Omaha, NE",2026-04-01,39710,43115,3,3,-10.235798739373292,-9.900371003376547,3.0,-7.897483474428853,2026,4
"Omaha, NE",2026-05-01,43418,45177,2,2,-3.74586293772342,-3.74586293772342,5.0,-3.893574163844434,2026,5
"Omaha, NE",2026-06-01,40190,36797,3,3,12.7697233548693,8.658387266048626,3.3333333333333335,9.220860396227954,2026,6
"Omaha, NE",2026-07-01,42100,46052,3,3,-9.390434770598425,-12.837788886473955,4.0,-8.581603404846696,2026,7
"Omaha, NE",2026-08-01,38249,42784,3,3,-10.586257281646539,-12.233313760031317,2.6666666666666665,-10.599756918474196,2026,8
Orlando,2024-02-01,321146,312208,15,15,2.353247997787916,0.5270381553664563,3.0,2.862835033054887,2024,2
Orlando,2024-03-01,512503,484386,15,15,5.949174780881211,6.184980073495161,4.733333333333333,5.804668177858154,2024,3
Orlando,2024-04-01,391569,394315,18,18,-3.3300942934622357,-1.063402660608801,3.5555555555555554,-0.696397550181961,2024,4
Orlando,2024-05-01,476691,462170,16,16,3.5881573465790146,3.706888826488889,4.0,3.141917476253327,2024,5
Orlando,2024-06-01,497392,489185,15,15,2.1798150221597377,1.1812710774906374,4.866666666666666,1.677688400094034,2024,6
Orlando,2024-07-01,468400,469423,16,16,0.3359740607253926,0.9019721242504086,3.875,-0.21792711477707738,2024,7
Orlando,2024-08-01,710553,680825,16,16,4.663767891748652,3.2924432011015403,4.75,4.366467153820732,2024,8
Orlando,2024-09-01,435644,439264,17,17,-1.2783549130438436,-0.7396119824574445,3.823529411764706,-0.8241057769359655,2024,9
Orlando,2024-10-01,412321,464908,17,17,-10.685049963890767,-10.944442179920923,4.0,-11.311270186789644,2024,10
Orlando,2024-11-01,753402,714080,20,20,5.074306126472711,2.1107143273972544,4.4,5.506665919784898,2024,11
Orlando,2024-12-01,859212,828478,20,20,4.3816611984770155,3.1361026498443074,3.6,3.70969416206586,2024,12
Orlando,2025-01-01,655003,576313,20,20,13.557557237433326,14.936177042448122,3.8,13.65403869078088,2025,1
Orlando,2025-02-01,560646,579406,20,20,-3.3829596238215793,-2.4756228043530375,4.0,-3.2377987110937756,2025,2
Orlando,2025-03-01,676377,694830,19,19,-3.306198936383948,-1.7483687468629747,4.7368421052631575,-2.6557575234229955,2025,3
Orlando,2025-04-01,539136,531610,20,20,8.669451991260491,3.155217472574998,3.75,1.4156994789413293,2025,4
Orlando,2025-05-01,667323,690975,20,20,-2.998159426787769,-2.7535574839119397,4.75,-3.4229892543145555,2025,5
Orlando,2025-06-01,502880,505566,20,20,0.41899201491414717,-0.8061112391679938,3.75,-0.5312857272838759,2025,6
Orlando,2025-07-01,601789,593700,20,20,0.6749239618018178,-0.03608310707672288,3.9,1.3624726292740441,2025,7
Orlando,2025-08-01,829522,820596,21,21,0.973700797261137,-0.28084918177797435,4.809523809523809,1.0877459797513027,2025,8
Orlando,2025-09-01,551679,556495,22,22,-0.8246410691434151,-0.47104942008956435,3.8181818181818183,-0.8654165805622692,2025,9
Orlando,2025-10-01,572557,569017,22,22,0.5702207742788525,0.3456150697208588,4.0,0.6221255252479275,2025,10
Orlando,2025-11-01,903278,919748,21,21,-2.0431920280101954,-0.25299517009220734,5.0,-1.7907078895523558,2025,11
Orlando,2025-12-01,969444,1038839,22,22,-10.760531054119447,-7.074894881156185,3.8636363636363638,-6.680053405773176,2025,12
Orlando,2026-01-01,850612,857608,22,22,-1.736783969565984,-2.5688805772150896,4.954545454545454,-0.815757315696682,2026,1
Orlando,2026-02-01,592349,568878,22,22,3.4130278434897168,2.6349138518012074,3.909090909090909,4.125840689919456,2026,2
Orlando,2026-03-01,606532,609730,22,22,-0.7888953991883867,-0.47463536569651515,3.8636363636363638,-0.5244944483623899,2026,3
Orlando,2026-04-01,599480,607476,22,22,-2.045275387388837,-2.313090993305717,3.8181818181818183,-1.316265992401346,2026,4
Orlando,2026-05-01,801147,815644,23,23,-1.9933849648153816,-0.7632330331649462,4.869565217391305,-1.7773685578512195,2026,5
Orlando,2026-06-01,583462,606958,23,23,-3.4391311671149634,-1.3791729940999278,3.9565217391304346,-3.8711080503099065,2026,6
Orlando,2026-07-01,592896,625434,23,23,-4.817829268853629,-3.8863976083707024,3.9565217391304346,-5.202467406632834,2026,7
Orlando,2026-08-01,518320,541784,22,22,-4.971931652880383,-3.466037541243811,2.9545454545454546,-4.33087724997416,2026,8
"Paducah, KY-Cape Girardeau, MO-Harrisburg, IL",2024-02-01,31291,31175,1,1,0.37209302325581395,0.37209302325581395,3.0,0.37209302325581395,2024,2
"Paducah, KY-Cape Girardeau, MO-Harrisburg, IL",2024-03-01,53929,50827,1,1,6.103055462647805,6.103055462647805,5.0,6.103055462647805,2024,3
"Paducah, KY-Cape Girardeau, MO-Harrisburg, IL",2024-04-01,29353,31495,1,1,-6.801079536434354,-6.801079536434354,4.0,-6.801079536434354,2024,4
"Paducah, KY-Cape Girardeau, MO-Harrisburg, IL",2024-05-01,37928,38225,1,1,-0.776978417266187,-0.776978417266187,4.0,-0.776978417266187,2024,5
"Paducah, KY-Cape Girardeau, MO-Harrisburg, IL",2024-06-01,43016,43218,1,1,-0.4673978434911379,-0.4673978434911379,5.0,-0.4673978434911379,2024,6
"Paducah, KY-Cape Girardeau, MO-Harrisburg, IL",2024-07-01,43575,44852,1,1,-2.8471417105145815,-2.8471417105145815,4.0,-2.8471417105145815,2024,7
"Paducah, KY-Cape Girardeau, MO-Harrisburg, IL",2024-08-01,68638,65179,1,1,5.306924009266789,5.306924009266789,5.0,5.306924009266789,2024,8
"Paducah, KY-Cape Girardeau, MO-Harrisburg, IL",2024-09-01,33444,33908,1,1,-1.3684086351303528,-1.3684086351303528,4.0,-1.3684086351303528,2024,9
"Paducah, KY-Cape Girardeau, MO-Harrisburg, IL",2024-10-01,30352,32417,1,1,-6.370114446123948,-6.370114446123948,4.0,-6.370114446123948,2024,10
"Paducah, KY-Cape Girardeau, MO-Harrisburg, IL",2024-11-01,57392,65468,1,1,-12.335797641595894,-12.335797641595894,5.0,-12.335797641595894,2024,11
"Paducah, KY-Cape Girardeau, MO-Harrisburg, IL",2024-12-01,66278,70474,1,1,-5.953968839572041,-5.953968839572041,4.0,-5.953968839572041,2024,12
"Paducah, KY-Cape Girardeau, MO-Harrisburg, IL",2025-01-01,33953,34008,1,1,-0.16172665255234062,-0.16172665255234062,4.0,-0.16172665255234062,2025,1
"Paducah, KY-Cape Girardeau, MO-Harrisburg, IL",2025-02-01,34626,40322,1,1,-14.126283418481226,-14.126283418481226,4.0,-14.126283418481226,2025,2
"Paducah, KY-Cape Girardeau, MO-Harrisburg, IL",2025-03-01,46533,49299,1,1,-5.610661473863567,-5.610661473863567,5.0,-5.610661473863567,2025,3
"Paducah, KY-Cape Girardeau, MO-Harrisburg, IL",2025-04-01,36822,35790,1,1,2.8834870075440064,2.8834870075440064,4.0,2.8834870075440064,2025,4
"Paducah, KY-Cape Girardeau, MO-Harrisburg, IL",2025-05-01,37373,39008,1,1,-4.191447908121411,-4.191447908121411,5.0,-4.191447908121411,2025,5
"Paducah, KY-Cape Girardeau, MO-Harrisburg, IL",2025-06-01,35448,35939,1,1,-1.3662038454047134,-1.3662038454047134,4.0,-1.3662038454047134,2025,6
"Paducah, KY-Cape Girardeau, MO-Harrisburg, IL",2025-07-01,41665,41151,1,1,1.249058346091225,1.249058346091225,4.0,1.249058346091225,2025,7
"Paducah, KY-Cape Girardeau, MO-Harrisburg, IL",2025-08-01,52060,53498,1,1,-2.6879509514374367,-2.6879509514374367,5.0,-2.6879509514374367,2025,8
"Paducah, KY-Cape Girardeau, MO-Harrisburg, IL",2025-09-01,36547,38885,1,1,-6.012601260126012,-6.012601260126012,4.0,-6.012601260126012,2025,9
"Paducah, KY-Cape Girardeau, MO-Harrisburg, IL",2025-10-01,37086,40229,1,1,-7.812771880981381,-7.812771880981381,4.0,-7.812771880981381,2025,10
"Paducah, KY-Cape Girardeau, MO-Harrisburg, IL",2025-11-01,55505,59486,1,1,-6.692330968631274,-6.692330968631274,5.0,-6.692330968631274,2025,11
"Paducah, KY-Cape Girardeau, MO-Harrisburg, IL",2025-12-01,61235,66773,1,1,-8.293771434561874,-8.293771434561874,4.0,-8.293771434561874,2025,12
"Paducah, KY-Cape Girardeau, MO-Harrisburg, IL",2026-01-01,38296,39208,1,1,-2.3260559069577638,-2.3260559069577638,5.0,-2.3260559069577638,2026,1
"Paducah, KY-Cape Girardeau, MO-Harrisburg, IL",2026-02-01,31035,28464,1,1,9.032462057335582,9.032462057335582,4.0,9.032462057335582,2026,2
"Paducah, KY-Cape Girardeau, MO-Harrisburg, IL",2026-03-01,39944,40856,1,1,-2.2322302721754452,-2.2322302721754452,4.0,-2.2322302721754452,2026,3
"Paducah, KY-Cape Girardeau, MO-Harrisburg, IL",2026-04-01,37179,37539,1,1,-0.9590026372572524,-0.9590026372572524,4.0,-0.9590026372572524,2026,4
"Paducah, KY-Cape Girardeau, MO-Harrisburg, IL",2026-05-01,44976,46621,1,1,-3.5284528431393576,-3.5284528431393576,5.0,-3.5284528431393576,2026,5
"Paducah, KY-Cape Girardeau, MO-Harrisburg, IL",2026-06-01,10354,10995,1,1,-5.829922692132787,-5.829922692132787,2.0,-5.829922692132787,2026,6
"Palm Springs, CA",2024-02-01,43546,45018,2,2,-3.29436262151276,-3.29436262151276,3.0,-3.269803189835177,2024,2
"Palm Springs, CA",2024-03-01,74643,72688,2,2,2.696069727298649,2.696069727298649,5.0,2.6895773717807616,2024,3
"Palm Springs, CA",2024-04-01,55258,56478,2,2,-2.3403117918003997,-2.3403117918003997,4.0,-2.1601331491908353,2024,4
"Palm Springs, CA",2024-05-01,64831,63640,2,2,1.641610404889773,1.641610404889773,4.0,1.8714644877435576,2024,5
"Palm Springs, CA",2024-06-01,78260,76649,2,2,1.7865122382182128,1.7865122382182128,5.0,2.1017886730420487,2024,6
"Palm Springs, CA",2024-07-01,60392,58183,2,2,3.372742710601418,3.372742710601418,4.0,3.7966416307168758,2024,7
"Palm Springs, CA",2024-08-01,91148,87890,2,2,3.2588853517244862,3.2588853517244862,5.0,3.7069063602230066,2024,8
"Palm Springs, CA",2024-09-01,54278,54915,2,2,-1.1844414244405557,-1.1844414244405557,4.0,-1.1599745060548121,2024,9
"Palm Springs, CA",2024-10-01,58747,59622,2,2,-1.5894342309834903,-1.5894342309834903,4.0,-1.46757908154708,2024,10
"Palm Springs, CA",2024-11-01,78792,80921,2,2,-2.99358475443335,-2.99358475443335,5.0,-2.630961060787682,2024,11
"Palm Springs, CA",2024-12-01,83038,87696,2,2,-6.094124883985491,-6.094124883985491,4.0,-5.311530742565225,2024,12
"Palm Springs, CA",2025-01-01,52516,57177,2,2,-8.918956901164597,-8.918956901164597,4.0,-8.151879252146841,2025,1
"Palm Springs, CA",2025-02-01,51845,52790,2,2,-2.6676240997605722,-2.6676240997605722,4.0,-1.7901117635915893,2025,2
"Palm Springs, CA",2025-03-01,75777,78460,2,2,-4.04046873453,-4.04046873453,5.0,-3.4195768544481266,2025,3
"Palm Springs, CA",2025-04-01,61369,60574,2,2,1.0111746317751151,1.0111746317751151,4.0,1.3124442830257206,2025,4
"Palm Springs, CA",2025-05-01,64269,66623,2,2,-3.7755528077913856,-3.7755528077913856,5.0,-3.5333143208801765,2025,5
"Palm Springs, CA",2025-06-01,50226,56208,2,2,-10.874949978978508,-10.874949978978508,4.0,-10.64261315115286,2025,6
"Palm Springs, CA",2025-07-01,53815,57691,2,2,-7.445166680559068,-7.445166680559068,4.0,-6.718552287185177,2025,7
"Palm Springs, CA",2025-08-01,73758,76177,2,2,-4.017645890708113,-4.017645890708113,5.0,-3.17549916641506,2025,8
"Palm Springs, CA",2025-09-01,52490,57865,2,2,-9.826401098773154,-9.826401098773154,4.0,-9.288862006394194,2025,9
"Palm Springs, CA",2025-10-01,59420,65104,2,2,-9.019096426396645,-9.019096426396645,4.0,-8.730646350454657,2025,10
"Palm Springs, CA",2025-11-01,62196,67135,2,2,-7.153755680375677,-7.153755680375677,4.5,-7.3568183510836365,2025,11
"Palm Springs, CA",2025-12-01,80643,85261,2,2,-5.712548519796863,-5.712548519796863,4.0,-5.416309918954739,2025,12
"Palm Springs, CA",2026-01-01,72882,82141,3,3,-12.651737768037501,-8.396796402978783,4.666666666666667,-11.272080934003725,2026,1
"Palm Springs, CA",2026-02-01,63501,68963,3,3,-8.13028455321813,-7.247779929224811,4.0,-7.920189086901671,2026,2
"Palm Springs, CA",2026-03-01,78556,84969,3,3,-7.729003720728368,-7.9345950535455065,4.0,-7.547458484859184,2026,3
"Palm Springs, CA",2026-04-01,77729,84035,3,3,-7.438564164501019,-8.688701866566365,4.0,-7.504016183732968,2026,4
"Palm Springs, CA",2026-05-01,92630,100335,3,3,-7.550873853401831,-8.180347755762233,5.0,-7.679274430657299,2026,5
"Palm Springs, CA",2026-06-01,74098,71405,3,3,3.8038625977501375,2.061889464367665,4.0,3.7714445767103144,2026,6
"Palm Springs, CA",2026-07-01,62736,64307,3,3,-2.0999109038030257,-3.4283170080142478,4.0,-2.4429688836363073,2026,7
"Palm Springs, CA",2026-08-01,46507,49650,3,3,-6.575450975602389,-6.796054317191904,2.6666666666666665,-6.330312185297079,2026,8
"Panama City, FL",2024-02-01,18339,17132,1,1,7.0452953537240255,7.0452953537240255,3.0,7.0452953537240255,2024,2
"Panama City, FL",2024-03-01,28319,26429,1,1,7.151235385372129,7.151235385372129,5.0,7.151235385372129,2024,3
"Panama City, FL",2024-04-01,16223,16612,1,1,-2.34168071273778,-2.34168071273778,4.0,-2.34168071273778,2024,4
"Panama City, FL",2024-05-01,24934,23429,1,1,6.423662981774723,6.423662981774723,4.0,6.423662981774723,2024,5
"Panama City, FL",2024-06-01,29871,28513,1,1,4.762739802896925,4.762739802896925,5.0,4.762739802896925,2024,6
"Panama City, FL",2024-07-01,25780,26382,1,1,-2.281858843150633,-2.281858843150633,4.0,-2.281858843150633,2024,7
"Panama City, FL",2024-08-01,32016,29983,1,1,6.780508955074542,6.780508955074542,5.0,6.780508955074542,2024,8
"Panama City, FL",2024-09-01,16781,17675,1,1,-5.057991513437058,-5.057991513437058,4.0,-5.057991513437058,2024,9
"Panama City, FL",2024-10-01,24487,23155,1,1,5.752537248974304,5.752537248974304,4.0,5.752537248974304,2024,10
"Panama City, FL",2024-11-01,35703,33502,1,1,6.569757029431078,6.569757029431078,5.0,6.569757029431078,2024,11
"Panama City, FL",2024-12-01,44176,42175,1,1,4.744516893894487,4.744516893894487,4.0,4.744516893894487,2024,12
"Panama City, FL",2025-01-01,23058,22093,1,1,4.367899334630879,4.367899334630879,4.0,4.367899334630879,2025,1
"Panama City, FL",2025-02-01,21134,23603,1,1,-10.460534677795195,-10.460534677795195,4.0,-10.460534677795195,2025,2
"Panama City, FL",2025-03-01,30136,30226,1,1,-0.2977568980348045,-0.2977568980348045,5.0,-0.2977568980348045,2025,3
"Panama City, FL",2025-04-01,25467,22433,1,1,13.524718049302367,13.524718049302367,4.0,13.524718049302367,2025,4
"Panama City, FL",2025-05-01,27895,25976,1,1,7.387588543270711,7.387588543270711,5.0,7.387588543270711,2025,5
"Panama City, FL",2025-06-01,42944,43481,2,2,-1.8913270851650767,-1.8913270851650767,4.0,-1.235022193601803,2025,6
"Panama City, FL",2025-07-01,50737,49472,2,2,2.278250019286821,2.278250019286821,4.0,2.5570019404915914,2025,7
"Panama City, FL",2025-08-01,57845,57302,2,2,0.8083713281922298,0.8083713281922298,5.0,0.9476109036333811,2025,8
"Panama City, FL",2025-09-01,33198,32899,2,2,0.8042371191814359,0.8042371191814359,4.0,0.9088422140490592,2025,9
"Panama City, FL",2025-10-01,40550,41737,2,2,-3.2235557101447028,-3.2235557101447028,4.0,-2.8439993291324246,2025,10
"Panama City, FL",2025-11-01,62122,59091,2,2,4.077197706186546,4.077197706186546,5.0,5.129376724035809,2025,11
"Panama City, FL",2025-12-01,63089,64728,2,2,-3.6887215810366865,-3.6887215810366865,4.0,-2.532134470399209,2025,12
"Panama City, FL",2026-01-01,49612,46610,2,2,6.1511815908633665,6.1511815908633665,5.0,6.440677966101695,2026,1
"Panama City, FL",2026-02-01,39942,36937,2,2,6.842382738783462,6.842382738783462,4.0,8.135473915044535,2026,2
"Panama City, FL",2026-03-01,45580,42581,2,2,6.868174348716518,6.868174348716518,4.0,7.043047368544656,2026,3
"Panama City, FL",2026-04-01,45042,42562,2,2,5.941126225977075,5.941126225977075,4.0,5.82679385367229,2026,4
"Panama City, FL",2026-05-01,51026,50096,2,2,2.020448786722186,2.020448786722186,5.0,1.8564356435643563,2026,5
"Panama City, FL",2026-06-01,44917,41638,2,2,8.024227331114156,8.024227331114156,4.0,7.875018012392526,2026,6
"Panama City, FL",2026-07-01,49719,47880,2,2,3.8706552649169605,3.8706552649169605,4.0,3.840852130325815,2026,7
"Panama City, FL",2026-08-01,45109,43193,2,2,5.138495580659075,5.138495580659075,3.0,4.435903965920404,2026,8
"Peoria-Bloomington, IL",2024-02-01,13324,13819,1,1,-3.5820247485346264,-3.5820247485346264,3.0,-3.5820247485346264,2024,2
"Peoria-Bloomington, IL",2024-03-01,24931,22751,1,1,9.581996395762824,9.581996395762824,5.0,9.581996395762824,2024,3
"Peoria-Bloomington, IL",2024-04-01,15117,17130,1,1,-11.751313485113837,-11.751313485113837,4.0,-11.751313485113837,2024,4
"Peoria-Bloomington, IL",2024-05-01,19868,19712,1,1,0.7913961038961038,0.7913961038961038,4.0,0.7913961038961038,2024,5
"Peoria-Bloomington, IL",2024-06-01,22635,23308,1,1,-2.88742062811052,-2.88742062811052,5.0,-2.88742062811052,2024,6
"Peoria-Bloomington, IL",2024-07-01,20122,20098,1,1,0.11941486715096031,0.11941486715096031,4.0,0.11941486715096031,2024,7
"Peoria-Bloomington, IL",2024-08-01,28614,28138,1,1,1.6916625204349989,1.6916625204349989,5.0,1.6916625204349989,2024,8
"Peoria-Bloomington, IL",2024-09-01,18587,18606,1,1,-0.10211759647425561,-0.10211759647425561,4.0,-0.10211759647425561,2024,9
"Peoria-Bloomington, IL",2024-10-01,21384,21566,1,1,-0.8439209867383844,-0.8439209867383844,4.0,-0.8439209867383844,2024,10
"Peoria-Bloomington, IL",2024-11-01,30241,29084,1,1,3.9781323064227756,3.9781323064227756,5.0,3.9781323064227756,2024,11
"Peoria-Bloomington, IL",2024-12-01,30146,29308,1,1,2.859287566534735,2.859287566534735,4.0,2.859287566534735,2024,12
"Peoria-Bloomington, IL",2025-01-01,15484,14321,1,1,8.120941275050624,8.120941275050624,4.0,8.120941275050624,2025,1
"Peoria-Bloomington, IL",2025-02-01,15056,17112,1,1,-12.014960261804582,-12.014960261804582,4.0,-12.014960261804582,2025,2
"Peoria-Bloomington, IL",2025-03-01,24757,25671,1,1,-3.5604378481555057,-3.5604378481555057,5.0,-3.5604378481555057,2025,3
"Peoria-Bloomington, IL",2025-04-01,18410,17272,1,1,6.58869847151459,6.58869847151459,4.0,6.58869847151459,2025,4
"Peoria-Bloomington, IL",2025-05-01,22977,22731,1,1,1.0822225155074567,1.0822225155074567,5.0,1.0822225155074567,2025,5
"Peoria-Bloomington, IL",2025-06-01,18636,18479,1,1,0.8496130743005573,0.8496130743005573,4.0,0.8496130743005573,2025,6
"Peoria-Bloomington, IL",2025-07-01,20480,20122,1,1,1.7791472020673889,1.7791472020673889,4.0,1.7791472020673889,2025,7
"Peoria-Bloomington, IL",2025-08-01,26784,26098,1,1,2.6285539121771784,2.6285539121771784,5.0,2.6285539121771784,2025,8
"Peoria-Bloomington, IL",2025-09-01,19104,19648,1,1,-2.768729641693811,-2.768729641693811,4.0,-2.768729641693811,2025,9
"Peoria-Bloomington, IL",2025-10-01,20111,21384,1,1,-5.953049008604564,-5.953049008604564,4.0,-5.953049008604564,2025,10
"Peoria-Bloomington, IL",2025-11-01,27864,29722,1,1,-6.251261691676199,-6.251261691676199,5.0,-6.251261691676199,2025,11
"Peoria-Bloomington, IL",2025-12-01,28929,29436,1,1,-1.7223807582551975,-1.7223807582551975,4.0,-1.7223807582551975,2025,12
"Peoria-Bloomington, IL",2026-01-01,18656,17794,1,1,4.844329549286276,4.844329549286276,5.0,4.844329549286276,2026,1
"Peoria-Bloomington, IL",2026-02-01,18173,16129,1,1,12.67282534565069,12.67282534565069,4.0,12.67282534565069,2026,2
"Peoria-Bloomington, IL",2026-03-01,20004,19639,1,1,1.858546769183767,1.858546769183767,4.0,1.858546769183767,2026,3
"Peoria-Bloomington, IL",2026-04-01,18533,18410,1,1,0.66811515480717,0.66811515480717,4.0,0.66811515480717,2026,4
"Peoria-Bloomington, IL",2026-05-01,24137,24808,1,1,-2.704772653982586,-2.704772653982586,5.0,-2.704772653982586,2026,5
"Peoria-Bloomington, IL",2026-06-01,18009,18636,1,1,-3.3644558918222796,-3.3644558918222796,4.0,-3.3644558918222796,2026,6
"Peoria-Bloomington, IL",2026-07-01,18473,19420,1,1,-4.876416065911431,-4.876416065911431,4.0,-4.876416065911431,2026,7
"Peoria-Bloomington, IL",2026-08-01,18020,17282,1,1,4.27033908112487,4.27033908112487,3.0,4.27033908112487,2026,8
Philadelphia,2024-02-01,391103,398593,25,25,-2.0537388266717094,-1.9414027818881325,2.92,-1.8791097686110894,2024,2
Philadelphia,2024-03-01,686908,658929,26,26,4.376924817323571,3.6295975442909167,4.8076923076923075,4.246132739642663,2024,3
Philadelphia,2024-04-01,467631,496396,30,30,-13.67180103626354,-5.946040934463511,3.4,-5.79476869273725,2024,4
Philadelphia,2024-05-01,535775,529928,25,25,0.2469999164932583,2.6234923561496504,3.88,1.1033574372367567,2024,5
Philadelphia,2024-06-01,666808,645141,25,25,4.0664611605157175,3.6823679185232336,4.6,3.3584906245301416,2024,6
Philadelphia,2024-07-01,563026,554054,26,26,1.8233105952103539,1.55231822286582,3.8076923076923075,1.6193367433499262,2024,7
Philadelphia,2024-08-01,864601,862195,27,27,-0.7693607074016792,-1.0682980277574872,4.703703703703703,0.2790552021294487,2024,8
Philadelphia,2024-09-01,543514,552138,25,25,-1.4444899389981147,-1.0461710140884364,3.92,-1.5619283584900876,2024,9
Philadelphia,2024-10-01,525882,529354,27,27,-1.2555107536345522,-1.3447315339544712,3.7037037037037037,-0.6558937875221497,2024,10
Philadelphia,2024-11-01,807537,801481,31,31,0.014737490079709233,1.0012269938650307,4.225806451612903,0.7556011932909201,2024,11
Philadelphia,2024-12-01,886651,862821,31,31,-2.2643874722903803,1.6902255454364192,3.3870967741935485,2.7618706545158265,2024,12
Philadelphia,2025-01-01,531234,496679,28,28,5.8416472690413626,7.885648400328326,3.7857142857142856,6.957209787407964,2025,1
Philadelphia,2025-02-01,527695,583622,30,30,-9.667350341575183,-10.50832793665622,3.8666666666666667,-9.582743625154638,2025,2
Philadelphia,2025-03-01,733416,748260,30,30,-1.5224327295561948,-1.614896373183947,4.7,-1.983802421618154,2025,3
Philadelphia,2025-04-01,620943,586670,34,34,1952.195494505275,5.195812330360605,3.5,5.841955443434981,2025,4
Philadelphia,2025-05-01,707093,720970,28,28,-1.363761378428847,-0.7002238063450018,4.964285714285714,-1.924768020860785,2025,5
Philadelphia,2025-06-01,639860,662294,30,30,-2.9931039934481234,-3.109159646596516,3.7333333333333334,-3.38731741492449,2025,6
Philadelphia,2025-07-01,635195,634962,32,32,0.3395465338874569,0.2179976626227337,3.5625,0.03669510931362822,2025,7
Philadelphia,2025-08-01,945981,945097,31,31,-0.16009936396444333,0.9211607490377546,4.967741935483871,0.09353537255964203,2025,8
Philadelphia,2025-09-01,649407,675770,31,31,-4.046365332094462,-3.0021305442572146,3.903225806451613,-3.9011793953564085,2025,9
Philadelphia,2025-10-01,695882,714726,31,31,-2.5524938855216055,-1.7521209885651052,3.903225806451613,-2.6365348399246704,2025,10
Philadelphia,2025-11-01,917788,906756,30,30,0.4079676940384951,1.0398190156911078,4.7,1.216644830582869,2025,11
Philadelphia,2025-12-01,977097,1002780,35,35,-4.095465431685172,-2.710546876361062,3.6,-2.5611799198228926,2025,12
Philadelphia,2026-01-01,691951,723257,33,33,-3.9717875913603202,-3.571864448151011,4.7272727272727275,-4.328475216969902,2026,1
Philadelphia,2026-02-01,518415,519806,33,33,-0.35418070071364954,1.075487012987013,3.8181818181818183,-0.26759983532317827,2026,2
Philadelphia,2026-03-01,666756,661247,32,32,1.0285162922848232,0.15259370148911375,3.90625,0.8331228723911035,2026,3
Philadelphia,2026-04-01,743798,739015,34,34,-0.3223846977618415,0.9822190416584591,3.823529411764706,0.6472128441235969,2026,4
Philadelphia,2026-05-01,899504,914646,33,33,-1.4312054157369811,-0.050371066859196074,4.878787878787879,-1.6555038780030742,2026,5
Philadelphia,2026-06-01,767769,747890,33,33,2.706075994265982,2.8941761363636362,3.909090909090909,2.6580112048563294,2026,6
Philadelphia,2026-07-01,656014,671397,32,32,-2.4554449655355404,-2.7712082609160555,3.875,-2.291192841195299,2026,7
Philadelphia,2026-08-01,513305,530643,32,32,-3.2131366898829885,-2.540238164119159,2.84375,-3.2673567728208988,2026,8
Phoenix,2024-02-01,200550,205760,10,10,-1.621972126986582,-0.2603058041817756,2.6,-2.5320762052877135,2024,2
Phoenix,2024-03-01,391126,374825,10,10,5.3560649940901,6.378461834759172,4.6,4.348962849329687,2024,3
Phoenix,2024-04-01,247181,248663,13,13,-3.1585613998434234,-5.56394196033046,3.3076923076923075,-0.5959873402959025,2024,4
Phoenix,2024-05-01,284754,276138,10,10,3.0686666257400175,1.5665304639341342,4.0,3.1201790409143255,2024,5
Phoenix,2024-06-01,331708,318392,10,10,4.128543148840959,4.303071055763638,5.0,4.1822658860775395,2024,6
Phoenix,2024-07-01,323014,314675,10,10,2.553844793471803,2.28466355439286,3.7,2.650035751171844,2024,7
Phoenix,2024-08-01,379553,368598,10,10,0.8267082242042056,0.1275642222402288,4.3,2.972072556009528,2024,8
Phoenix,2024-09-01,239553,245216,9,9,-2.561229185836086,0.7617389411828718,3.6666666666666665,-2.3093925355604856,2024,9
Phoenix,2024-10-01,223049,223331,10,10,0.14467503290901954,0.9533569634018457,3.3,-0.12626997595497266,2024,10
Phoenix,2024-11-01,401126,407185,13,13,-11.273416397764619,-1.627656655894428,3.769230769230769,-1.4880214153271853,2024,11
Phoenix,2024-12-01,443005,466558,12,12,-5.3017921004702195,-5.334385595697416,3.25,-5.048246948932395,2024,12
Phoenix,2025-01-01,266573,279855,12,12,-4.067146819546931,-5.900300196000177,3.4166666666666665,-4.74602919368959,2025,1
Phoenix,2025-02-01,298847,317268,13,13,-4.10373607505247,-5.4387680273771695,3.6923076923076925,-5.806132354980647,2025,2
Phoenix,2025-03-01,434655,454904,12,12,-4.192054410180243,-5.445936598975698,4.916666666666667,-4.451268839139686,2025,3
Phoenix,2025-04-01,336678,328338,14,14,2.9552273712557793,1.8389443077922434,3.5714285714285716,2.540065420389964,2025,4
Phoenix,2025-05-01,445624,444126,13,13,1.1315522676916137,-1.935726367224206,4.923076923076923,0.3372916694811833,2025,5
Phoenix,2025-06-01,311012,332955,13,13,-5.010902992805693,-6.507691427917882,4.0,-6.5903800813923805,2025,6
Phoenix,2025-07-01,389663,397555,14,14,-0.7091254670940655,-2.519754321744485,3.7857142857142856,-1.9851341323841982,2025,7
Phoenix,2025-08-01,373546,369547,15,15,-0.8182896896780777,-2.5273649550591797,4.333333333333333,1.0821356958654784,2025,8
Phoenix,2025-09-01,347801,352952,15,15,-3.8338640639488704,-6.285436578648955,3.933333333333333,-1.459405244905823,2025,9
Phoenix,2025-10-01,281363,287112,13,13,-2.875809945078013,-2.5123558484349258,3.923076923076923,-2.0023544818746695,2025,10
Phoenix,2025-11-01,458354,486166,14,14,-6.190345816148127,-7.902460616654254,4.928571428571429,-5.720679767815931,2025,11
Phoenix,2025-12-01,655833,632871,17,17,2.714634491130175,2.854834844857061,3.764705882352941,3.6282275534824633,2025,12
Phoenix,2026-01-01,441011,435711,17,17,-0.29970704630852796,1.906915024327911,4.882352941176471,1.2164026154951333,2026,1
Phoenix,2026-02-01,373450,379184,17,17,-1.8477567031941087,-3.4330268823460957,4.0,-1.5121946073673995,2026,2
Phoenix,2026-03-01,474619,481286,18,18,-1.5825490554001005,-1.3115854230712776,3.9444444444444446,-1.3852470256770402,2026,3
Phoenix,2026-04-01,448220,465776,17,17,-3.4577053844473773,-2.401795735129068,4.0,-3.7691937755487617,2026,4
Phoenix,2026-05-01,586377,606742,18,18,-4.443358953438377,-3.0883086733926772,4.888888888888889,-3.3564513417564634,2026,5
Phoenix,2026-06-01,429044,420254,19,19,1.4558500274499497,2.5830499607637982,3.789473684210526,2.09159222755762,2026,6
Phoenix,2026-07-01,463221,476072,19,19,-3.4589274677071655,-3.133150538353507,3.736842105263158,-2.6993816061436084,2026,7
Phoenix,2026-08-01,298045,305213,18,18,-2.0796888438726793,-1.1603139469100054,2.888888888888889,-2.3485238177928203,2026,8
"Pittsburgh, PA",2024-02-01,27581,29670,3,3,-7.457296212489112,-2.39572561185798,3.0,-7.040781934614087,2024,2
"Pittsburgh, PA",2024-03-01,49628,48560,3,3,1.74549553639853,4.482689613768261,5.0,2.199341021416804,2024,3
"Pittsburgh, PA",2024-04-01,35144,36923,5,5,-8.953095679406005,-7.0973676761958675,2.8,-4.818135037781328,2024,4
"Pittsburgh, PA",2024-05-01,41481,41236,3,3,-0.022187367505074402,0.5386289445048966,4.0,0.5941410418081289,2024,5
"Pittsburgh, PA",2024-06-01,50206,50454,3,3,-0.8208376560579477,-0.971897492321093,5.0,-0.4915368454433741,2024,6
"Pittsburgh, PA",2024-07-01,40672,40698,3,3,-0.3669660150040688,-0.5098789037603569,4.0,-0.06388520320408865,2024,7
"Pittsburgh, PA",2024-08-01,60928,61689,3,3,-1.718842208849532,-2.6135800429539073,4.666666666666667,-1.233607288171311,2024,8
"Pittsburgh, PA",2024-09-01,39126,40141,3,3,-2.7617428542778466,-3.4392999556933987,4.0,-2.528586731770509,2024,9
"Pittsburgh, PA",2024-10-01,45662,48268,4,4,-6.118780583330098,-6.004191506566782,3.75,-5.399022126460595,2024,10
"Pittsburgh, PA",2024-11-01,70451,71478,5,5,-1.0019411252110557,-0.04004935079253347,4.2,-1.4368057304345392,2024,11
"Pittsburgh, PA",2024-12-01,106734,108210,6,6,-1.6602323129589727,-2.1261616446071527,3.5,-1.3640144164125312,2024,12
"Pittsburgh, PA",2025-01-01,55115,57259,5,5,-3.4025529375352,-2.6036773587437927,4.0,-3.7443895282837634,2025,1
"Pittsburgh, PA",2025-02-01,62516,72763,6,6,-10.86719200478342,-14.507235025556069,3.5,-14.08270687024999,2025,2
"Pittsburgh, PA",2025-03-01,81627,86508,5,5,-6.556794396257726,-7.354396148011346,4.8,-5.642252739631017,2025,3
"Pittsburgh, PA",2025-04-01,63799,64546,6,6,-3.1124417134377667,-4.299787007454739,3.5,-1.15731416354228,2025,4
"Pittsburgh, PA",2025-05-01,90148,93297,6,6,-0.7244633668034736,-6.409874697443659,4.833333333333333,-3.375242505118064,2025,5
"Pittsburgh, PA",2025-06-01,85183,89626,6,6,-3.150087419287955,-8.809052468086758,4.0,-4.957266864525919,2025,6
"Pittsburgh, PA",2025-07-01,89129,91109,6,6,-1.3486981131101723,-6.522234800351306,4.0,-2.1732210868300608,2025,7
"Pittsburgh, PA",2025-08-01,125974,124524,6,6,2.745775400209585,-4.276198024628462,4.833333333333333,1.164434165301468,2025,8
"Pittsburgh, PA",2025-09-01,88458,92078,6,6,-1.858702923812679,-4.34816698502365,4.0,-3.9314494233150157,2025,9
"Pittsburgh, PA",2025-10-01,92843,96066,6,6,-1.7693366460759765,-2.5865987517020312,3.8333333333333335,-3.354985114400516,2025,10
"Pittsburgh, PA",2025-11-01,128725,126750,6,6,3.652181281652211,2.82976542487137,4.833333333333333,1.5581854043392507,2025,11
"Pittsburgh, PA",2025-12-01,122887,124034,7,7,-1.3631029021764813,-2.2720359920423014,3.5714285714285716,-0.9247464404921231,2025,12
"Pittsburgh, PA",2026-01-01,91939,91375,7,7,0.1562816528068424,-1.2704617639872955,4.714285714285714,0.6172366621067031,2026,1
"Pittsburgh, PA",2026-02-01,63589,60736,6,6,4.4576618488140785,1.652519567557366,3.8333333333333335,4.697378819810327,2026,2
"Pittsburgh, PA",2026-03-01,80804,77430,6,6,4.569374319139556,3.344910707855467,4.0,4.357484179258686,2026,3
"Pittsburgh, PA",2026-04-01,77030,74067,6,6,3.8952888444420926,3.948710704938486,3.8333333333333335,4.00043204125994,2026,4
"Pittsburgh, PA",2026-05-01,116041,114755,7,7,1.0913683035208088,0.6584362139917695,4.857142857142857,1.1206483377630603,2026,5
"Pittsburgh, PA",2026-06-01,104638,101082,7,7,3.917151501981368,5.903039437327305,4.0,3.5179359332027462,2026,6
"Pittsburgh, PA",2026-07-01,97466,96917,7,7,0.4088705714084927,1.1377760780189312,4.0,0.5664640878277288,2026,7
"Pittsburgh, PA",2026-08-01,81489,81063,7,7,0.42363582241244657,2.038773095476472,2.7142857142857144,0.5255171903334444,2026,8
"Portland, OR",2024-02-01,70015,67412,4,4,3.8224379792036545,3.6979349035253533,3.0,3.8613303269447576,2024,2
"Portland, OR",2024-03-01,136254,124638,4,4,9.52394923995183,10.860540120007858,5.0,9.31979011216483,2024,3
"Portland, OR",2024-04-01,86083,79266,4,4,8.899248374512144,6.629601902316409,4.0,8.60015643529382,2024,4
"Portland, OR",2024-05-01,99028,94299,4,4,5.184400959089286,2.686787547320371,4.0,5.0148994156883955,2024,5
"Portland, OR",2024-06-01,131220,121954,4,4,7.724999249166914,6.968196282208883,5.0,7.597946766813717,2024,6
"Portland, OR",2024-07-01,104041,95134,4,4,9.508228567431702,7.602018834007497,4.0,9.362583303550782,2024,7
"Portland, OR",2024-08-01,179710,159757,4,4,12.785755996842482,12.85064334284483,5.0,12.489593570234794,2024,8
"Portland, OR",2024-09-01,116720,107442,4,4,9.25667873747767,8.461203562851873,4.0,8.63535675061894,2024,9
"Portland, OR",2024-10-01,114059,99468,4,4,14.985617986480996,14.47879307412188,4.0,14.669039289017574,2024,10
"Portland, OR",2024-11-01,154106,135322,4,4,13.586791194443844,12.764304970929784,5.0,13.880965401043438,2024,11
"Portland, OR",2024-12-01,171117,156906,5,5,7.48706782051895,5.584484001169353,3.4,9.057015028106,2024,12
"Portland, OR",2025-01-01,92630,74839,4,4,23.82041855253319,19.57609853979806,4.0,23.772364676171513,2025,1
"Portland, OR",2025-02-01,95232,92869,4,4,2.215919406494903,-0.21602705256647253,4.0,2.544444324801602,2025,2
"Portland, OR",2025-03-01,147295,136136,4,4,8.226364711852614,6.450785115835172,5.0,8.196950108714814,2025,3
"Portland, OR",2025-04-01,116310,102939,6,6,10.655412598909184,10.580224181048756,3.0,12.989246058345232,2025,4
"Portland, OR",2025-05-01,133718,118282,4,4,13.278004952119582,12.252176539828698,5.0,13.050168241997936,2025,5
"Portland, OR",2025-06-01,93916,84647,3,3,11.264188451187222,7.639180248507342,4.0,10.950181341335192,2025,6
"Portland, OR",2025-07-01,97635,88640,3,3,10.474268499470115,9.942757590841214,4.0,10.14778880866426,2025,7
"Portland, OR",2025-08-01,136127,123813,3,3,10.322043827012983,6.646430305973773,5.0,9.945643833846203,2025,8
"Portland, OR",2025-09-01,104023,98554,3,3,5.7096088561389,2.869841966637401,4.0,5.549242039896909,2025,9
"Portland, OR",2025-10-01,117266,118943,4,4,-1.065290727001413,-1.053460227873875,3.75,-1.4099190368495833,2025,10
"Portland, OR",2025-11-01,140076,154390,4,4,-9.317140116920214,-8.84069608857973,5.0,-9.271325863074033,2025,11
"Portland, OR",2025-12-01,197307,201939,7,7,-3.5061604582458408,-2.216103868059492,3.142857142857143,-2.2937619776269074,2025,12
"Portland, OR",2026-01-01,163442,160170,6,6,3.1658935563026174,2.3063442965361096,4.666666666666667,2.042829493662983,2026,1
"Portland, OR",2026-02-01,139896,133935,6,6,4.490656886164088,4.395619178506035,4.0,4.4506663680143355,2026,2
"Portland, OR",2026-03-01,180229,172667,7,7,2.4111488845683873,3.2440218957072893,3.5714285714285716,4.379528224848986,2026,3
"Portland, OR",2026-04-01,178580,175012,7,7,1.8925655105948587,-0.5145738361652161,4.0,2.038717345096336,2026,4
"Portland, OR",2026-05-01,175384,176804,6,6,-0.9159931020801647,-2.60344305499122,4.666666666666667,-0.8031492500169679,2026,5
"Portland, OR",2026-06-01,135945,129609,5,5,4.807465369164963,3.489018626633306,4.0,4.888549406291229,2026,6
"Portland, OR",2026-07-01,125562,129448,5,5,-3.5892860540304445,-5.590169608861198,4.0,-3.0019776280823187,2026,7
"Portland, OR",2026-08-01,90610,93415,5,5,-3.1623015284238285,-4.983544898918665,2.6,-3.002729754322111,2026,8
"Portland-Auburn, ME",2024-02-01,15445,11551,1,1,33.71136698121375,33.71136698121375,3.0,33.71136698121375,2024,2
"Portland-Auburn, ME",2024-03-01,24914,17187,1,1,44.958398789782976,44.958398789782976,5.0,44.958398789782976,2024,3
"Portland-Auburn, ME",2024-04-01,16174,12565,1,1,28.722642260246715,28.722642260246715,4.0,28.722642260246715,2024,4
"Portland-Auburn, ME",2024-05-01,12575,9295,1,1,35.28778913394298,35.28778913394298,3.0,35.28778913394298,2024,5
"Portland-Auburn, ME",2024-06-01,9198,7069,1,1,30.117414061394822,30.117414061394822,5.0,30.117414061394822,2024,6
"Portland-Auburn, ME",2024-07-01,9929,7903,1,1,25.63583449323042,25.63583449323042,4.0,25.63583449323042,2024,7
"Portland-Auburn, ME",2024-08-01,6386,5965,1,1,7.057837384744342,7.057837384744342,3.0,7.057837384744342,2024,8
"Portland-Auburn, ME",2024-11-01,3,786,1,1,-99.61832061068702,-99.61832061068702,1.0,-99.61832061068702,2024,11
"Portland-Auburn, ME",2024-12-01,0,819,1,1,-100.0,-100.0,1.0,-100.0,2024,12
"Portland-Auburn, ME",2025-03-01,14673,13961,1,1,5.099921209082444,5.099921209082444,4.0,5.099921209082444,2025,3
"Portland-Auburn, ME",2025-04-01,21360,20753,1,1,2.9248783308437334,2.9248783308437334,4.0,2.9248783308437334,2025,4
"Portland-Auburn, ME",2025-05-01,24432,23335,1,1,4.701092779087208,4.701092779087208,5.0,4.701092779087208,2025,5
"Portland-Auburn, ME",2025-06-01,11230,9951,1,1,12.852979600040197,12.852979600040197,4.0,12.852979600040197,2025,6
"Portland-Auburn, ME",2025-07-01,18482,15705,1,1,17.682266794014645,17.682266794014645,4.0,17.682266794014645,2025,7
"Portland-Auburn, ME",2025-08-01,14466,12290,1,1,17.70545158665582,17.70545158665582,5.0,17.70545158665582,2025,8
"Portland-Auburn, ME",2025-09-01,11929,9580,1,1,24.519832985386223,24.519832985386223,2.0,24.519832985386223,2025,9
"Portland-Auburn, ME",2025-10-01,740,493,1,1,50.10141987829615,50.10141987829615,1.0,50.10141987829615,2025,10
"Portland-Auburn, ME",2025-12-01,1400,0,1,1,,,1.0,,2025,12
"Portland-Auburn, ME",2026-02-01,1385,1226,1,1,12.969004893964112,12.969004893964112,1.0,12.969004893964112,2026,2
"Portland-Auburn, ME",2026-03-01,17890,16762,1,1,6.729507218708984,6.729507218708984,4.0,6.729507218708984,2026,3
"Portland-Auburn, ME",2026-04-01,24158,22127,1,1,9.17883129208659,9.17883129208659,4.0,9.17883129208659,2026,4
"Portland-Auburn, ME",2026-05-01,28991,28395,1,1,2.0989610846980105,2.0989610846980105,5.0,2.0989610846980105,2026,5
"Portland-Auburn, ME",2026-06-01,25120,23503,1,1,6.87997276943369,6.87997276943369,4.0,6.87997276943369,2026,6
"Portland-Auburn, ME",2026-07-01,23230,23435,1,1,-0.874759974397269,-0.874759974397269,4.0,-0.874759974397269,2026,7
"Portland-Auburn, ME",2026-08-01,23083,21855,1,1,5.618851521390987,5.618851521390987,3.0,5.618851521390987,2026,8
Providence,2024-02-01,119944,119370,6,6,-0.9197115413471586,1.9823015900789942,2.8333333333333335,0.48085783697746504,2024,2
Providence,2024-03-01,210075,203085,6,6,2.799814059192528,3.3622119513124558,5.0,3.441908560454982,2024,3
Providence,2024-04-01,153051,160212,6,6,-3.8118903931877717,-5.7254801767310495,4.0,-4.469702643996705,2024,4
Providence,2024-05-01,181050,178437,6,6,1.0217657226461039,1.1983493455484862,4.0,1.4643823870609796,2024,5
Providence,2024-06-01,240836,229221,6,6,4.659122924863138,1.4912899198485916,5.0,5.067162258257315,2024,6
Providence,2024-07-01,160563,153083,6,6,6.129721033635836,4.6946045458113765,3.6666666666666665,4.8862381845142835,2024,7
Providence,2024-08-01,274664,264602,6,6,3.1703762966763462,1.266720401455785,4.666666666666667,3.802692345484917,2024,8
Providence,2024-09-01,160626,154708,6,6,5.53172129616841,5.7816066027044535,4.0,3.825270832794684,2024,9
Providence,2024-10-01,150501,147906,6,6,2.5362240301081465,0.9896454176663224,3.6666666666666665,1.7544927183481402,2024,10
Providence,2024-11-01,223933,225640,6,6,-1.2612918705698943,-1.1332827217783863,4.666666666666667,-0.7565148023400107,2024,11
Providence,2024-12-01,276911,267478,6,6,7.670173206221327,9.590075259564646,4.0,3.526645182033663,2024,12
Providence,2025-01-01,157594,143801,6,6,11.454230113064098,11.509568131393834,4.0,9.591727456693626,2025,1
Providence,2025-02-01,160702,172634,7,7,-6.020726065244469,-7.232087838216346,3.857142857142857,-6.911732335461148,2025,2
Providence,2025-03-01,203061,200742,7,7,2.8128737363878082,4.096104112788854,4.428571428571429,1.1552141554831574,2025,3
Providence,2025-04-01,178435,167725,10,10,3.6999350595981033,3.3251485875576567,3.0,6.385452377403487,2025,4
Providence,2025-05-01,245795,243630,7,7,1.828449323012308,2.3919412449331783,5.0,0.8886426137996142,2025,5
Providence,2025-06-01,189346,190792,7,7,-0.06076749838898036,0.4796163069544364,3.5714285714285716,-0.7578934127217074,2025,6
Providence,2025-07-01,187486,183130,7,7,4.137630586461014,3.82907332478042,3.7142857142857144,2.378638125921477,2025,7
Providence,2025-08-01,298586,290534,7,7,4.348295053439495,2.986158384388473,5.0,2.77144843632759,2025,8
Providence,2025-09-01,188062,193426,7,7,-2.309267294241547,-2.498805542283803,4.0,-2.7731535574328166,2025,9
Providence,2025-10-01,195408,199806,7,7,-2.6192969691305605,-3.4840915067052327,3.7142857142857144,-2.201135101048017,2025,10
Providence,2025-11-01,271236,269042,7,7,1.1869124293228406,1.7382325101110059,4.857142857142857,0.8154860579389092,2025,11
Providence,2025-12-01,295885,291653,12,12,-0.8887103180922897,-0.11104968148514305,2.9166666666666665,1.451039420132829,2025,12
Providence,2026-01-01,240935,243920,10,10,-1.788680696751865,-2.2509732798918614,4.2,-1.2237618891439817,2026,1
Providence,2026-02-01,199649,198904,10,10,0.2739959053216576,2.2824367445515215,3.8,0.3745525479628363,2026,2
Providence,2026-03-01,225329,215554,10,10,4.2350250263072,4.767062073216319,3.4,4.53482653998534,2026,3
Providence,2026-04-01,275801,259906,12,12,4.539459336728512,6.359337147930742,3.5,6.115672589320755,2026,4
Providence,2026-05-01,337054,330796,10,10,1.2809376123698306,1.7052755921105447,4.6,1.8918003845270197,2026,5
Providence,2026-06-01,307782,301625,10,10,1.9034017707438302,2.9369908642543514,3.7,2.041276419394944,2026,6
Providence,2026-07-01,268366,272179,11,11,-2.1241155538437253,0.04110011302531082,3.727272727272727,-1.4009163087526957,2026,7
Providence,2026-08-01,225924,230764,11,11,-3.3728762635291405,-1.6408334752739455,2.8181818181818183,-2.0973808739664768,2026,8
Puerto Rico,2024-02-01,427687,477243,11,11,-8.203057698629035,-5.799794924378364,2.909090909090909,-10.383808667701778,2024,2
Puerto Rico,2024-03-01,985428,997069,12,12,-0.07146199279302505,2.968259498998689,5.0,-1.1675220070025245,2024,3
Puerto Rico,2024-04-01,503185,524729,12,12,-2.0087915890121635,-2.393703376539426,3.6666666666666665,-4.105738390674043,2024,4
Puerto Rico,2024-05-01,643640,643083,12,12,0.7810452589936276,2.249972146632199,3.6666666666666665,0.0866140140541734,2024,5
Puerto Rico,2024-06-01,773868,749655,12,12,4.353119329087772,5.67413086151856,4.75,3.229885747443824,2024,6
Puerto Rico,2024-07-01,573676,552582,13,13,3.1426826850512506,7.153067301965456,3.5384615384615383,3.8173519948170584,2024,7
Puerto Rico,2024-08-01,830957,835885,14,14,-3.9793085022673194,1.6763420575127164,4.428571428571429,-0.5895547832536773,2024,8
Puerto Rico,2024-09-01,653479,621803,12,12,6.492724557096299,8.402576134952836,3.9166666666666665,5.094217943625232,2024,9
Puerto Rico,2024-10-01,695957,673673,14,14,4.3181930495889445,7.743279127637516,3.7142857142857144,3.3078362944633377,2024,10
Puerto Rico,2024-11-01,1178828,1139376,15,15,-2.6843927234014258,7.064378168177152,4.733333333333333,3.462597070677283,2024,11
Puerto Rico,2024-12-01,1322795,1236269,15,15,4.830095676685682,7.822676139727649,3.7333333333333334,6.998962199974278,2024,12
Puerto Rico,2025-01-01,886875,784142,15,15,14.661377913719695,12.132122413479237,3.6666666666666665,13.101326035335436,2025,1
Puerto Rico,2025-02-01,961872,861954,15,15,12.282549448830451,11.282693377851976,4.0,11.592033913642723,2025,2
Puerto Rico,2025-03-01,1262355,1132813,15,15,12.087533913107261,11.167534412666715,4.8,11.43542667677719,2025,3
Puerto Rico,2025-04-01,1010521,871105,19,19,9.275611773155873,12.513078860685914,3.526315789473684,16.004500031569098,2025,4
Puerto Rico,2025-05-01,1390533,1201894,17,17,15.87839371440738,13.071106127260704,4.588235294117647,15.69514449693567,2025,5
Puerto Rico,2025-06-01,1103164,938986,16,16,16.851306839676255,15.22896265884668,3.875,17.484605734270797,2025,6
Puerto Rico,2025-07-01,1170517,1023512,16,16,15.156926640207349,12.699696325058241,3.8125,14.362801803984713,2025,7
Puerto Rico,2025-08-01,1428611,1316284,16,16,8.74890424348137,7.652704867026217,4.9375,8.533644714970325,2025,8
Puerto Rico,2025-09-01,1160378,1075177,17,17,7.2566642427081085,3.776862514359362,4.0,7.924369661925431,2025,9
Puerto Rico,2025-10-01,1273719,1162938,17,17,9.341408299606952,7.813670618306817,4.0,9.525959251482021,2025,10
Puerto Rico,2025-11-01,1615025,1585424,17,17,3.3893853645321066,5.644984612174639,4.9411764705882355,1.8670715215614246,2025,11
Puerto Rico,2025-12-01,1784096,1735120,20,20,2.5347123917315137,1.538165367215324,3.45,2.822628982433492,2025,12
Puerto Rico,2026-01-01,1533828,1531376,19,19,1.1617648017239877,1.8004866180048662,4.7368421052631575,0.16011743686723573,2026,1
Puerto Rico,2026-02-01,1250061,1197559,19,19,4.358386008405841,4.117378079087059,4.0,4.384084625475655,2026,2
Puerto Rico,2026-03-01,1383962,1354518,19,19,1.9916049376092253,1.1210159094577872,3.8947368421052633,2.173762179609278,2026,3
Puerto Rico,2026-04-01,1332220,1284332,20,20,4.060162188345079,5.091940310996776,4.0,3.7286309147479,2026,4
Puerto Rico,2026-05-01,1788995,1849219,20,20,-2.4763670492840966,-2.991835214017173,4.65,-3.256726217933084,2026,5
Puerto Rico,2026-06-01,1341938,1435761,19,19,-6.02606325336829,-6.86452361947609,3.9473684210526314,-6.534722701062363,2026,6
Puerto Rico,2026-07-01,1282805,1381655,22,22,-6.710709920570059,-6.097733856217923,3.8181818181818183,-7.154463306686547,2026,7
Puerto Rico,2026-08-01,1046845,1106637,22,22,-5.363113599498836,-4.0217633897816185,2.8636363636363638,-5.403036406698854,2026,8
"Raleigh-Durham (Fayetteville), NC",2024-02-01,103522,101765,6,6,2.7922641672939417,1.8542021685102579,3.0,1.7265268019456592,2024,2
"Raleigh-Durham (Fayetteville), NC",2024-03-01,188829,178828,6,6,6.592099777444044,5.671568679456698,5.0,5.592524660567697,2024,3
"Raleigh-Durham (Fayetteville), NC",2024-04-01,126106,124025,7,7,2.2640243158810107,1.5131320557224877,3.5714285714285716,1.6778875226768797,2024,4
"Raleigh-Durham (Fayetteville), NC",2024-05-01,148122,139746,6,6,6.860915399754215,6.497826477512763,4.0,5.993731484264308,2024,5
"Raleigh-Durham (Fayetteville), NC",2024-06-01,198657,188020,6,6,5.759195467865797,6.329351255335507,5.0,5.657376874800553,2024,6
"Raleigh-Durham (Fayetteville), NC",2024-07-01,149353,146079,6,6,2.4628960916877154,2.337746974293934,4.0,2.241253020625826,2024,7
"Raleigh-Durham (Fayetteville), NC",2024-08-01,214910,213512,6,6,0.9350338421520914,-0.5391394720327176,5.0,0.6547641350369066,2024,8
"Raleigh-Durham (Fayetteville), NC",2024-09-01,166073,161536,6,6,2.643315564028912,1.5058078255486143,4.0,2.808661846275753,2024,9
"Raleigh-Durham (Fayetteville), NC",2024-10-01,157510,156287,6,6,0.5510148398141684,-1.8836564777736642,4.0,0.7825346957840383,2024,10
"Raleigh-Durham (Fayetteville), NC",2024-11-01,218919,217466,7,7,0.17068208701037926,-1.3237253750749838,4.428571428571429,0.6681504235144804,2024,11
"Raleigh-Durham (Fayetteville), NC",2024-12-01,250982,239962,7,7,3.0275257473717647,2.313965493417198,3.5714285714285716,4.592393795684316,2024,12
"Raleigh-Durham (Fayetteville), NC",2025-01-01,143529,135231,7,7,5.017433238218268,5.955037831364651,3.5714285714285716,6.136167003127981,2025,1
"Raleigh-Durham (Fayetteville), NC",2025-02-01,156462,171369,8,8,-9.283433709621285,-9.802915800243955,3.875,-8.698772823556187,2025,2
"Raleigh-Durham (Fayetteville), NC",2025-03-01,237801,239325,8,8,-1.1947971745961352,-1.7778520762810714,4.875,-0.6367909746161078,2025,3
"Raleigh-Durham (Fayetteville), NC",2025-04-01,186721,175418,8,8,6.691053882645242,4.981202224813002,3.875,6.443466462962752,2025,4
"Raleigh-Durham (Fayetteville), NC",2025-05-01,237785,243032,9,9,-3.0127329008893664,-2.6099365353561903,4.888888888888889,-2.1589749498008493,2025,5
"Raleigh-Durham (Fayetteville), NC",2025-06-01,256545,263860,10,10,-3.0560987916383207,-5.0593532383429505,4.0,-2.7723034942772684,2025,6
"Raleigh-Durham (Fayetteville), NC",2025-07-01,259010,252333,10,10,1.8390848818070658,0.3593088855810118,4.0,2.6461065338263325,2025,7
"Raleigh-Durham (Fayetteville), NC",2025-08-01,348396,332893,10,10,3.0910990313854736,2.2777141414183135,4.7,4.65705196564662,2025,8
"Raleigh-Durham (Fayetteville), NC",2025-09-01,271900,272813,11,11,-1.1749880823161243,-2.5195810134943852,4.0,-0.33466147141081987,2025,9
"Raleigh-Durham (Fayetteville), NC",2025-10-01,294717,293162,11,11,0.2836009158047768,-2.3149279257268507,4.0,0.5304234518798481,2025,10
"Raleigh-Durham (Fayetteville), NC",2025-11-01,385729,391116,11,11,-1.4429491635499465,-1.8497159212268786,5.0,-1.3773407377862323,2025,11
"Raleigh-Durham (Fayetteville), NC",2025-12-01,417930,405553,11,11,3.101582771940499,3.952618068227508,4.0,3.0518822447374325,2025,12
"Raleigh-Durham (Fayetteville), NC",2026-01-01,315842,295005,13,13,7.111319227424163,6.650786088613625,4.846153846153846,7.063270114065863,2026,1
"Raleigh-Durham (Fayetteville), NC",2026-02-01,272192,240859,14,14,13.588903742443796,12.959516797649865,4.0,13.008855803602938,2026,2
"Raleigh-Durham (Fayetteville), NC",2026-03-01,356384,323059,14,14,9.65114334618721,6.5785467943496805,4.0,10.315453214428324,2026,3
"Raleigh-Durham (Fayetteville), NC",2026-04-01,347371,327043,14,14,6.422263523283504,4.472732040757879,4.0,6.215696406894506,2026,4
"Raleigh-Durham (Fayetteville), NC",2026-05-01,428151,404951,14,14,6.203465766400795,5.278026265984455,5.0,5.729088210672403,2026,5
"Raleigh-Durham (Fayetteville), NC",2026-06-01,350607,318809,14,14,9.84907609419858,8.203763775959876,4.0,9.973996969972616,2026,6
"Raleigh-Durham (Fayetteville), NC",2026-07-01,320133,313459,14,14,3.028441702636143,2.7724375617538666,3.9285714285714284,2.129146076520374,2026,7
"Raleigh-Durham (Fayetteville), NC",2026-08-01,276726,266729,14,14,4.329225351609174,3.580869298974508,2.9285714285714284,3.7479989052558964,2026,8
"Rapid City, SD",2025-02-01,8272,10939,1,1,-24.380656367126793,-24.380656367126793,3.0,-24.380656367126793,2025,2
"Rapid City, SD",2025-03-01,19314,19224,1,1,0.46816479400749067,0.46816479400749067,5.0,0.46816479400749067,2025,3
"Rapid City, SD",2025-04-01,14140,13867,1,1,1.9687026754164565,1.9687026754164565,4.0,1.9687026754164565,2025,4
"Rapid City, SD",2025-05-01,17188,17525,1,1,-1.9229671897289586,-1.9229671897289586,5.0,-1.9229671897289586,2025,5
"Rapid City, SD",2025-06-01,15477,15583,1,1,-0.6802284540845793,-0.6802284540845793,4.0,-0.6802284540845793,2025,6
"Rapid City, SD",2025-07-01,17107,16483,1,1,3.7857186191834007,3.7857186191834007,4.0,3.7857186191834007,2025,7
"Rapid City, SD",2025-08-01,25550,23871,1,1,7.033639143730887,7.033639143730887,5.0,7.033639143730887,2025,8
"Rapid City, SD",2025-09-01,17481,16464,1,1,6.177113702623907,6.177113702623907,4.0,6.177113702623907,2025,9
"Rapid City, SD",2025-10-01,18052,17101,1,1,5.561078299514648,5.561078299514648,4.0,5.561078299514648,2025,10
"Rapid City, SD",2025-11-01,22933,22156,1,1,3.506950713125113,3.506950713125113,5.0,3.506950713125113,2025,11
"Rapid City, SD",2025-12-01,25206,23731,1,1,6.215498714761282,6.215498714761282,4.0,6.215498714761282,2025,12
"Rapid City, SD",2026-01-01,14920,12820,1,1,16.380655226209047,16.380655226209047,5.0,16.380655226209047,2026,1
"Rapid City, SD",2026-02-01,13804,11421,1,1,20.865073110935995,20.865073110935995,4.0,20.865073110935995,2026,2
"Rapid City, SD",2026-03-01,16193,14995,1,1,7.989329776592198,7.989329776592198,4.0,7.989329776592198,2026,3
"Rapid City, SD",2026-04-01,14940,14140,1,1,5.657708628005658,5.657708628005658,4.0,5.657708628005658,2026,4
"Rapid City, SD",2026-05-01,17754,16698,1,1,6.324110671936759,6.324110671936759,5.0,6.324110671936759,2026,5
"Rapid City, SD",2026-06-01,13167,13410,1,1,-1.8120805369127517,-1.8120805369127517,4.0,-1.8120805369127517,2026,6
"Rapid City, SD",2026-07-01,12851,13384,1,1,-3.9823670053795577,-3.9823670053795577,4.0,-3.9823670053795577,2026,7
"Rapid City, SD",2026-08-01,12695,13078,1,1,-2.928582352041597,-2.928582352041597,3.0,-2.928582352041597,2026,8
"Reno, NV",2024-02-01,32864,32289,2,2,1.7841267679262567,1.7841267679262567,3.0,1.7807922202607698,2024,2
"Reno, NV",2024-03-01,56990,54633,2,2,4.293892677078597,4.293892677078597,5.0,4.314242307762708,2024,3
"Reno, NV",2024-04-01,42051,43136,2,2,-2.513450598525072,-2.513450598525072,4.0,-2.5153004451038576,2024,4
"Reno, NV",2024-05-01,50129,48866,2,2,2.5994065964888957,2.5994065964888957,4.0,2.5846191626079484,2024,5
"Reno, NV",2024-06-01,64344,62195,2,2,3.393218622682912,3.393218622682912,5.0,3.455261676983681,2024,6
"Reno, NV",2024-07-01,52954,50663,2,2,4.444095953321455,4.444095953321455,4.0,4.5220377790498,2024,7
"Reno, NV",2024-08-01,95183,87754,2,2,8.33661532699951,8.33661532699951,5.0,8.465710964742348,2024,8
"Reno, NV",2024-09-01,47845,45586,2,2,4.882808838315838,4.882808838315838,4.0,4.955468784275874,2024,9
"Reno, NV",2024-10-01,23934,23892,2,2,-7.143604900052905,-7.143604900052905,2.5,0.1757910597689603,2024,10
"Reno, NV",2024-11-01,40616,36470,2,2,61.52563637429177,61.52563637429177,3.5,11.368247874965725,2024,11
"Reno, NV",2024-12-01,43686,42160,2,2,5.686797639259439,5.686797639259439,2.5,3.61954459203036,2024,12
"Reno, NV",2025-01-01,26504,24231,2,2,5.962624559467563,5.962624559467563,2.5,9.380545582105567,2025,1
"Reno, NV",2025-02-01,35119,35070,2,2,-0.19027749012303785,-0.19027749012303785,4.0,0.13972055888223553,2025,2
"Reno, NV",2025-03-01,53345,53001,2,2,0.3823889392816524,0.3823889392816524,5.0,0.6490443576536292,2025,3
"Reno, NV",2025-04-01,48419,47241,2,2,2.3419761000455113,2.3419761000455113,4.0,2.4935966639148197,2025,4
"Reno, NV",2025-05-01,56959,56065,2,2,1.5457053103522076,1.5457053103522076,5.0,1.5945777222866317,2025,5
"Reno, NV",2025-06-01,51610,51498,2,2,0.15331121002363202,0.15331121002363202,4.0,0.21748417414268517,2025,6
"Reno, NV",2025-07-01,53832,54663,2,2,-1.623783130700673,-1.623783130700673,4.0,-1.5202239174578782,2025,7
"Reno, NV",2025-08-01,77950,80146,2,2,-2.6520192143934778,-2.6520192143934778,5.0,-2.7399995009108378,2025,8
"Reno, NV",2025-09-01,49272,53010,2,2,-6.908169150973366,-6.908169150973366,4.0,-7.051499717034522,2025,9
"Reno, NV",2025-10-01,52144,51967,2,2,0.5783976386663312,0.5783976386663312,4.0,0.3406007658706487,2025,10
"Reno, NV",2025-11-01,63242,75572,2,2,-16.307927491192302,-16.307927491192302,5.0,-16.315566611972688,2025,11
"Reno, NV",2025-12-01,66064,73732,2,2,-10.31305752582487,-10.31305752582487,4.0,-10.399826398307384,2025,12
"Reno, NV",2026-01-01,48988,50959,2,2,-3.762897226098237,-3.762897226098237,5.0,-3.8678153024980864,2026,1
"Reno, NV",2026-02-01,39634,44323,2,2,-10.561559201792804,-10.561559201792804,4.0,-10.579157547999909,2026,2
"Reno, NV",2026-03-01,48082,50189,2,2,-4.0524013856574514,-4.0524013856574514,4.0,-4.198131064575903,2026,3
"Reno, NV",2026-04-01,44740,50154,2,2,-10.646883538553602,-10.646883538553602,4.0,-10.794752163336922,2026,4
"Reno, NV",2026-05-01,56365,62364,2,2,-9.585882939766286,-9.585882939766286,5.0,-9.619331665704573,2026,5
"Reno, NV",2026-06-01,48832,54189,2,2,-9.807416832195724,-9.807416832195724,4.0,-9.885770174758715,2026,6
"Reno, NV",2026-07-01,44460,49275,2,2,-9.650050207393662,-9.650050207393662,4.0,-9.771689497716896,2026,7
"Reno, NV",2026-08-01,45818,50809,2,2,-10.002739605307678,-10.002739605307678,3.0,-9.823062843197071,2026,8
"Richmond-Petersburg, VA",2024-02-01,36356,34905,3,3,3.60566554341774,3.2796975292359094,3.0,4.156997564818794,2024,2
"Richmond-Petersburg, VA",2024-03-01,67329,61569,3,3,8.699565230105286,6.86531830580001,5.0,9.35535740388832,2024,3
"Richmond-Petersburg, VA",2024-04-01,37762,37354,3,3,0.029950420454274134,-2.5059665871121717,4.0,1.0922525030786527,2024,4
"Richmond-Petersburg, VA",2024-05-01,68329,61303,4,4,11.97375027922988,10.098267407543538,3.75,11.46110304552795,2024,5
"Richmond-Petersburg, VA",2024-06-01,97916,88615,4,4,10.338971286307695,11.958907613091238,5.0,10.495965694295547,2024,6
"Richmond-Petersburg, VA",2024-07-01,72130,68400,4,4,5.461200531952261,5.935916703350969,4.0,5.453216374269005,2024,7
"Richmond-Petersburg, VA",2024-08-01,103759,97009,4,4,6.325096781853663,5.136060832201835,5.0,6.958117288086672,2024,8
"Richmond-Petersburg, VA",2024-09-01,63952,61851,4,4,3.322750626041887,4.0110363422914945,4.0,3.396873130588026,2024,9
"Richmond-Petersburg, VA",2024-10-01,62057,61820,4,4,0.05527208878692991,-0.09122173224374097,4.0,0.38337107732125525,2024,10
"Richmond-Petersburg, VA",2024-11-01,109008,106232,5,5,5.211832984113246,5.4058363897305055,4.4,2.6131485804653964,2024,11
"Richmond-Petersburg, VA",2024-12-01,121028,117778,4,4,2.577355270975294,1.643899454033539,4.0,2.7594287557948003,2024,12
"Richmond-Petersburg, VA",2025-01-01,60945,58050,4,4,4.9893947917282,6.68623526469846,4.0,4.987080103359173,2025,1
"Richmond-Petersburg, VA",2025-02-01,45106,52003,4,4,-13.026220470480743,-12.23102637061939,3.25,-13.262696382900987,2025,2
"Richmond-Petersburg, VA",2025-03-01,65859,69721,3,3,-5.92775485617936,-6.166967360997211,5.0,-5.539220607851293,2025,3
"Richmond-Petersburg, VA",2025-04-01,53715,53370,3,3,0.5963424769889044,2.9372615138876563,4.0,0.6464305789769533,2025,4
"Richmond-Petersburg, VA",2025-05-01,84850,90686,4,4,-6.03763307232378,-4.632213376313639,4.75,-6.435392453079858,2025,5
"Richmond-Petersburg, VA",2025-06-01,73820,83558,4,4,-10.788061513076764,-8.141799507050829,4.0,-11.654180329830776,2025,6
"Richmond-Petersburg, VA",2025-07-01,66586,69230,4,4,-3.087728512428631,-2.449004845516595,3.75,-3.8191535461505124,2025,7
"Richmond-Petersburg, VA",2025-08-01,110994,113875,4,4,-2.652702812130098,-2.729789786169324,5.0,-2.529967069154775,2025,8
"Richmond-Petersburg, VA",2025-09-01,72038,78526,5,5,-6.340640007077809,-6.696051201545707,3.4,-8.262231617553422,2025,9
"Richmond-Petersburg, VA",2025-10-01,62393,65749,3,3,-4.732813336752179,-4.543615025201428,4.0,-5.104260140838644,2025,10
"Richmond-Petersburg, VA",2025-11-01,91404,91120,4,4,17.524058974311256,1.0623070271923702,4.0,0.31167690956979804,2025,11
"Richmond-Petersburg, VA",2025-12-01,91577,91182,4,4,11.312947136208864,1.936478835738445,3.25,0.43319953499594216,2025,12
"Richmond-Petersburg, VA",2026-01-01,79325,83811,5,5,-6.050554494022774,-7.481506388702084,4.6,-5.352519359034017,2026,1
"Richmond-Petersburg, VA",2026-02-01,92036,84254,6,6,8.905268693754484,10.660255034535865,4.0,9.236356730837706,2026,2
"Richmond-Petersburg, VA",2026-03-01,126659,118364,6,6,6.620546198643015,6.535400080906172,4.0,7.008042986043053,2026,3
"Richmond-Petersburg, VA",2026-04-01,123495,118940,6,6,3.590401854653807,3.466328741421941,4.0,3.829662014461073,2026,4
"Richmond-Petersburg, VA",2026-05-01,148318,150254,7,7,0.19096218594761336,-1.0888136956011927,4.571428571428571,-1.288484832350553,2026,5
"Richmond-Petersburg, VA",2026-06-01,123629,117867,7,7,3.1192904715307717,3.448802852776363,3.7142857142857144,4.888560835518,2026,6
"Richmond-Petersburg, VA",2026-07-01,106300,106751,6,6,-0.5174239068109066,-0.4960425585967503,3.8333333333333335,-0.4224784779533681,2026,7
"Richmond-Petersburg, VA",2026-08-01,102249,103677,7,7,0.21071735039627804,0.9043197416229309,2.857142857142857,-1.3773546688272231,2026,8
"Roanoke-Lynchburg, VA",2024-02-01,23832,26390,2,2,-9.349818039282084,-9.349818039282084,3.0,-9.69306555513452,2024,2
"Roanoke-Lynchburg, VA",2024-03-01,41174,42140,2,2,-2.181583871146322,-2.181583871146322,5.0,-2.292358803986711,2024,3
"Roanoke-Lynchburg, VA",2024-04-01,27649,30997,2,2,-10.796608375171207,-10.796608375171207,4.0,-10.801045262444752,2024,4
"Roanoke-Lynchburg, VA",2024-05-01,33715,35828,2,2,-5.800519759664608,-5.800519759664608,4.0,-5.897621971642291,2024,5
"Roanoke-Lynchburg, VA",2024-06-01,41182,44474,2,2,-7.220386114197101,-7.220386114197101,5.0,-7.402077618383775,2024,6
"Roanoke-Lynchburg, VA",2024-07-01,33809,36588,2,2,-7.467498457734937,-7.467498457734937,4.0,-7.595386465507817,2024,7
"Roanoke-Lynchburg, VA",2024-08-01,47586,49083,2,2,-3.191074917550284,-3.191074917550284,5.0,-3.049935822993705,2024,8
"Roanoke-Lynchburg, VA",2024-09-01,29044,31541,2,2,-7.836453799055394,-7.836453799055394,4.0,-7.91667987698551,2024,9
"Roanoke-Lynchburg, VA",2024-10-01,29598,30968,2,2,-4.26130729763459,-4.26130729763459,4.0,-4.423921467321105,2024,10
"Roanoke-Lynchburg, VA",2024-11-01,48243,47940,2,2,0.6163269216046621,0.6163269216046621,5.0,0.6320400500625782,2024,11
"Roanoke-Lynchburg, VA",2024-12-01,57653,57219,2,2,0.8023316654086934,0.8023316654086934,4.0,0.7584893129904402,2024,12
"Roanoke-Lynchburg, VA",2025-01-01,25368,24472,2,2,3.2645906048302926,3.2645906048302926,4.0,3.6613272311212817,2025,1
"Roanoke-Lynchburg, VA",2025-02-01,25435,30126,2,2,-15.537320518064558,-15.537320518064558,4.0,-15.571267343822612,2025,2
"Roanoke-Lynchburg, VA",2025-03-01,41810,43000,2,2,-2.775089886764509,-2.775089886764509,5.0,-2.7674418604651163,2025,3
"Roanoke-Lynchburg, VA",2025-04-01,31746,30133,2,2,5.549558415178594,5.549558415178594,4.0,5.352935320080975,2025,4
"Roanoke-Lynchburg, VA",2025-05-01,39249,39423,2,2,-0.44173218966375694,-0.44173218966375694,5.0,-0.44136671486188267,2025,5
"Roanoke-Lynchburg, VA",2025-06-01,31451,31515,2,2,-0.185147900209099,-0.185147900209099,4.0,-0.20307789941297794,2025,6
"Roanoke-Lynchburg, VA",2025-07-01,34257,33304,2,2,2.842218967313044,2.842218967313044,4.0,2.8615181359596447,2025,7
"Roanoke-Lynchburg, VA",2025-08-01,49322,48467,2,2,1.7905473699653929,1.7905473699653929,5.0,1.764086904491716,2025,8
"Roanoke-Lynchburg, VA",2025-09-01,32690,31645,2,2,3.341334410208183,3.341334410208183,4.0,3.3022594406699324,2025,9
"Roanoke-Lynchburg, VA",2025-10-01,35202,34312,2,2,2.6410043334505255,2.6410043334505255,4.0,2.5938447190487293,2025,10
"Roanoke-Lynchburg, VA",2025-11-01,50950,49794,2,2,2.324402616934992,2.324402616934992,5.0,2.321564847170342,2025,11
"Roanoke-Lynchburg, VA",2025-12-01,54259,56908,2,2,-4.653616040753893,-4.653616040753893,4.0,-4.654881563224854,2025,12
"Roanoke-Lynchburg, VA",2026-01-01,31916,32605,2,2,-2.1224971498712364,-2.1224971498712364,5.0,-2.113172826253642,2026,1
"Roanoke-Lynchburg, VA",2026-02-01,27797,24464,2,2,13.62844792492399,13.62844792492399,4.0,13.624100719424462,2026,2
"Roanoke-Lynchburg, VA",2026-03-01,35512,33361,2,2,6.449008537558504,6.449008537558504,4.0,6.447648451785018,2026,3
"Roanoke-Lynchburg, VA",2026-04-01,33750,33719,2,2,0.14672716979415623,0.14672716979415623,4.0,0.09193629704321006,2026,4
"Roanoke-Lynchburg, VA",2026-05-01,40524,39712,2,2,2.009966313495078,2.009966313495078,5.0,2.0447219983883964,2026,5
"Roanoke-Lynchburg, VA",2026-06-01,33682,31662,2,2,6.385177545308969,6.385177545308969,4.0,6.379887562377613,2026,6
"Roanoke-Lynchburg, VA",2026-07-01,34867,33296,2,2,4.706315869669105,4.706315869669105,4.0,4.71828447861605,2026,7
"Roanoke-Lynchburg, VA",2026-08-01,33528,33987,2,2,-1.2125903386711505,-1.2125903386711505,3.0,-1.3505163739076704,2026,8
"Rochester, MN-Mason City, IA-Austin, MN",2025-08-01,21417,24871,1,1,-13.887660327288812,-13.887660327288812,4.0,-13.887660327288812,2025,8
"Rochester, MN-Mason City, IA-Austin, MN",2025-09-01,16902,19389,1,1,-12.826860591056786,-12.826860591056786,4.0,-12.826860591056786,2025,9
"Rochester, MN-Mason City, IA-Austin, MN",2025-10-01,17299,20002,1,1,-13.513648635136486,-13.513648635136486,4.0,-13.513648635136486,2025,10
"Rochester, MN-Mason City, IA-Austin, MN",2025-11-01,23301,25826,1,1,-9.776968946023388,-9.776968946023388,5.0,-9.776968946023388,2025,11
"Rochester, MN-Mason City, IA-Austin, MN",2025-12-01,19277,20599,1,1,-6.417787271226759,-6.417787271226759,4.0,-6.417787271226759,2025,12
"Rochester, MN-Mason City, IA-Austin, MN",2026-01-01,13470,17025,1,1,-20.881057268722465,-20.881057268722465,5.0,-20.881057268722465,2026,1
"Rochester, MN-Mason City, IA-Austin, MN",2026-02-01,10979,10482,1,1,4.7414615531387145,4.7414615531387145,4.0,4.7414615531387145,2026,2
"Rochester, MN-Mason City, IA-Austin, MN",2026-03-01,15845,14148,1,1,11.994628216002262,11.994628216002262,4.0,11.994628216002262,2026,3
"Rochester, MN-Mason City, IA-Austin, MN",2026-04-01,17075,14866,1,1,14.859410735907439,14.859410735907439,4.0,14.859410735907439,2026,4
"Rochester, MN-Mason City, IA-Austin, MN",2026-05-01,19670,18123,1,1,8.536114329857087,8.536114329857087,5.0,8.536114329857087,2026,5
"Rochester, MN-Mason City, IA-Austin, MN",2026-06-01,15114,14977,1,1,0.9147359284235829,0.9147359284235829,4.0,0.9147359284235829,2026,6
"Rochester, MN-Mason City, IA-Austin, MN",2026-07-01,15786,17013,1,1,-7.212131899135955,-7.212131899135955,4.0,-7.212131899135955,2026,7
"Rochester, MN-Mason City, IA-Austin, MN",2026-08-01,14514,15729,1,1,-7.72458516116727,-7.72458516116727,3.0,-7.72458516116727,2026,8
"Rochester, NY",2024-02-01,27717,28117,2,2,-1.3343623853812274,-1.3343623853812274,3.0,-1.4226268805349078,2024,2
"Rochester, NY",2024-03-01,49377,47399,2,2,4.2189477819919485,4.2189477819919485,5.0,4.173083820333763,2024,3
"Rochester, NY",2024-04-01,29119,33656,2,2,-13.60720668734376,-13.60720668734376,4.0,-13.480508676016164,2024,4
"Rochester, NY",2024-05-01,26262,27017,2,2,-3.037270131331164,-3.037270131331164,3.0,-2.794536773142836,2024,5
"Rochester, NY",2024-06-01,24888,25714,1,1,-3.2122579139768224,-3.2122579139768224,5.0,-3.2122579139768224,2024,6
"Rochester, NY",2024-07-01,18749,19675,1,1,-4.7064803049555275,-4.7064803049555275,4.0,-4.7064803049555275,2024,7
"Rochester, NY",2024-08-01,31744,32951,1,1,-3.663014779521107,-3.663014779521107,5.0,-3.663014779521107,2024,8
"Rochester, NY",2024-09-01,17639,18762,1,1,-5.98550261166187,-5.98550261166187,4.0,-5.98550261166187,2024,9
"Rochester, NY",2024-10-01,19620,19839,1,1,-1.1038862845909572,-1.1038862845909572,4.0,-1.1038862845909572,2024,10
"Rochester, NY",2024-11-01,36425,34151,3,3,3.936552984167022,3.936552984167022,2.6666666666666665,6.658662996691166,2024,11
"Rochester, NY",2024-12-01,62793,55296,3,3,7.118238909663354,7.118238909663354,3.0,13.557942708333334,2024,12
"Rochester, NY",2025-01-01,31632,29012,2,2,8.943836257774073,8.943836257774073,4.0,9.030745898249,2025,1
"Rochester, NY",2025-02-01,29641,35872,2,2,-17.308164709106116,-17.308164709106116,4.0,-17.370093666369314,2025,2
"Rochester, NY",2025-03-01,46825,50170,2,2,-6.635296904947783,-6.635296904947783,5.0,-6.66733107434722,2025,3
"Rochester, NY",2025-04-01,29976,30022,2,2,-1.101644999778197,-1.101644999778197,4.0,-0.15322097128772233,2025,4
"Rochester, NY",2025-05-01,43720,46262,2,2,-5.4850672332158155,-5.4850672332158155,5.0,-5.494790540832649,2025,5
"Rochester, NY",2025-06-01,68571,69405,3,3,-1.0832869896394515,-1.1154231668765582,4.0,-1.2016425329587206,2025,6
"Rochester, NY",2025-07-01,67951,65066,3,3,4.468024088566598,4.085716924782167,4.0,4.433959364337749,2025,7
"Rochester, NY",2025-08-01,115930,107199,3,3,7.356727945738956,8.309419837804118,5.0,8.144665528596349,2025,8
"Rochester, NY",2025-09-01,78072,74705,3,3,2.954860339621882,6.454973951872985,4.0,4.507061107020949,2025,9
"Rochester, NY",2025-10-01,68696,71056,3,3,-4.023954143751509,-7.4684316762897245,4.0,-3.3213240261202435,2025,10
"Rochester, NY",2025-11-01,100313,102564,3,3,-3.582262994642381,-6.981303830263987,5.0,-2.1947271947271947,2025,11
"Rochester, NY",2025-12-01,98223,109459,3,3,-11.788528787791856,-14.194741897612865,4.0,-10.26503074210435,2025,12
"Rochester, NY",2026-01-01,65796,70785,3,3,-8.654101835738578,-11.670139922596011,5.0,-7.048103411739776,2026,1
"Rochester, NY",2026-02-01,47792,48546,3,3,-2.106362373660725,-2.9318131339305546,4.0,-1.5531660692951015,2026,2
"Rochester, NY",2026-03-01,74809,74586,3,3,-1.4363893147587523,-4.120040691759918,4.0,0.29898372348698143,2026,3
"Rochester, NY",2026-04-01,69709,70827,3,3,-2.5525617872398594,-2.613146551724138,4.0,-1.5784940771174834,2026,4
"Rochester, NY",2026-05-01,82191,87479,3,3,-6.509758155462504,-6.571033991179222,5.0,-6.0448793424707645,2026,5
"Rochester, NY",2026-06-01,71453,78091,3,3,-9.475286646246964,-11.072647951441578,4.0,-8.500339347684111,2026,6
"Rochester, NY",2026-07-01,64773,73837,3,3,-12.813647806105912,-13.424968995452666,4.0,-12.275688340533879,2026,7
"Rochester, NY",2026-08-01,47338,56357,3,3,-16.327373447081243,-16.586966713548993,2.6666666666666665,-16.00333587664354,2026,8
"Rockford, IL",2024-04-01,1040,0,1,1,,,1.0,,2024,4
"Rockford, IL",2024-11-01,2773,307,1,1,803.257328990228,803.257328990228,1.0,803.257328990228,2024,11
"Rockford, IL",2025-02-01,16161,18680,1,1,-13.485010706638114,-13.485010706638114,3.0,-13.485010706638114,2025,2
"Rockford, IL",2025-03-01,34244,34070,1,1,0.510713237452304,0.510713237452304,5.0,0.510713237452304,2025,3
"Rockford, IL",2025-04-01,23873,22566,1,1,5.791899317557387,5.791899317557387,4.0,5.791899317557387,2025,4
"Rockford, IL",2025-05-01,30027,29755,1,1,0.9141320786422449,0.9141320786422449,5.0,0.9141320786422449,2025,5
"Rockford, IL",2025-06-01,24905,25982,1,1,-4.145177430528828,-4.145177430528828,4.0,-4.145177430528828,2025,6
"Rockford, IL",2025-07-01,25915,25716,1,1,0.7738372997355732,0.7738372997355732,4.0,0.7738372997355732,2025,7
"Rockford, IL",2025-08-01,38208,38052,1,1,0.4099653106275623,0.4099653106275623,5.0,0.4099653106275623,2025,8
"Rockford, IL",2025-09-01,25073,26072,1,1,-3.831696839521326,-3.831696839521326,4.0,-3.831696839521326,2025,9
"Rockford, IL",2025-10-01,25813,27173,1,1,-5.004968166930409,-5.004968166930409,4.0,-5.004968166930409,2025,10
"Rockford, IL",2025-11-01,39348,39669,1,1,-0.8091960977085382,-0.8091960977085382,5.0,-0.8091960977085382,2025,11
"Rockford, IL",2025-12-01,43864,40406,2,2,4.873038657625106,4.873038657625106,2.5,8.558134930455873,2025,12
"Rockford, IL",2026-01-01,25073,24918,1,1,0.6220402921582792,0.6220402921582792,5.0,0.6220402921582792,2026,1
"Rockford, IL",2026-02-01,22516,21137,1,1,6.524104650612669,6.524104650612669,4.0,6.524104650612669,2026,2
"Rockford, IL",2026-03-01,27172,27213,1,1,-0.150663285929519,-0.150663285929519,4.0,-0.150663285929519,2026,3
"Rockford, IL",2026-04-01,25640,25292,1,1,1.3759291475565396,1.3759291475565396,4.0,1.3759291475565396,2026,4
"Rockford, IL",2026-05-01,31654,30721,1,1,3.0370105139806647,3.0370105139806647,5.0,3.0370105139806647,2026,5
"Rockford, IL",2026-06-01,24746,24299,1,1,1.8395818757973577,1.8395818757973577,4.0,1.8395818757973577,2026,6
"Rockford, IL",2026-07-01,26178,25915,1,1,1.0148562608527878,1.0148562608527878,4.0,1.0148562608527878,2026,7
"Rockford, IL",2026-08-01,23913,22013,1,1,8.631263344387408,8.631263344387408,3.0,8.631263344387408,2026,8
Sacramento,2024-02-01,218560,218650,11,11,0.47091438010931924,-0.3038394254672682,3.0,-0.041161673908072266,2024,2
Sacramento,2024-03-01,392142,377743,11,11,4.30697158036121,3.275141278544568,5.0,3.8118509145106594,2024,3
Sacramento,2024-04-01,255205,256877,11,11,-8.874330726839172,-0.041239729721155985,3.727272727272727,-0.6508951755120155,2024,4
Sacramento,2024-05-01,270538,265662,10,10,1.7601424391401335,1.8141946547074945,3.7,1.835414925732698,2024,5
Sacramento,2024-06-01,355199,339246,10,10,3.9515512105429798,3.407733565825641,4.8,4.702487280616426,2024,6
Sacramento,2024-07-01,293019,281403,11,11,5.188070347002568,1.8060071467662493,3.909090909090909,4.127887762390593,2024,7
Sacramento,2024-08-01,418315,390440,11,11,8.75655015013194,6.6571473901316836,4.454545454545454,7.139381210941502,2024,8
Sacramento,2024-09-01,247514,244609,10,10,1.550598318859615,0.650946200924245,4.0,1.1876096137100434,2024,9
Sacramento,2024-10-01,264717,260080,11,11,3.2344039146659482,0.7262850225856928,3.909090909090909,1.782912949861581,2024,10
Sacramento,2024-11-01,399328,362735,11,11,9.080671830548914,6.547379322248433,5.0,10.088080830358251,2024,11
Sacramento,2024-12-01,420630,394614,11,11,4.615123324677385,2.821493138911117,3.909090909090909,6.592771670543874,2024,12
Sacramento,2025-01-01,276487,267687,12,12,2.091533303408298,0.3092037554371305,3.8333333333333335,3.287421503472339,2025,1
Sacramento,2025-02-01,290692,287347,13,13,0.005911973753932478,-2.4379497723601116,3.8461538461538463,1.1640977633314424,2025,2
Sacramento,2025-03-01,422143,418953,13,13,1.10358051570141,-1.8883902108561266,4.846153846153846,0.7614219256097939,2025,3
Sacramento,2025-04-01,319813,315280,15,15,-0.17360752461987627,-2.965962882056648,3.2666666666666666,1.4377696016239532,2025,4
Sacramento,2025-05-01,390865,392067,12,12,-1.14081158604678,-2.977242656747957,4.916666666666667,-0.306580252864944,2025,5
Sacramento,2025-06-01,310034,318110,12,12,-3.1908007855351155,-3.013572631987051,4.0,-2.5387444594637074,2025,6
Sacramento,2025-07-01,349332,346651,13,13,-0.7432243676630671,-1.6769959897921984,3.769230769230769,0.7734003363613547,2025,7
Sacramento,2025-08-01,473540,473705,13,13,-1.233335198794138,-2.7518530117966384,4.923076923076923,-0.03483180460413127,2025,8
Sacramento,2025-09-01,318803,330937,13,13,-5.272862875123474,-6.727709591531918,3.8461538461538463,-3.66655889187368,2025,9
Sacramento,2025-10-01,334610,332230,12,12,-0.26410666722896736,-0.040481650866735386,3.8333333333333335,0.7163711886343799,2025,10
Sacramento,2025-11-01,452239,489460,13,13,-3.9597667335967652,-7.800205268559698,4.538461538461538,-7.604502921587056,2025,11
Sacramento,2025-12-01,469044,456882,15,15,-13.59970902943479,0.9334058850613203,3.2,2.6619564789157812,2025,12
Sacramento,2026-01-01,344234,337411,13,13,1.4251165123125717,-1.0142215568862276,4.615384615384615,2.022162881470966,2026,1
Sacramento,2026-02-01,266517,275019,14,14,-7.346517312073664,-5.799980997707433,3.5714285714285716,-3.091422774426494,2026,2
Sacramento,2026-03-01,352789,351524,14,14,-2.1890365889626278,-0.3750568765345901,3.642857142857143,0.35986163106928687,2026,3
Sacramento,2026-04-01,355619,376910,15,15,-11.817082839029208,-6.304329942139468,3.6666666666666665,-5.648828632830118,2026,4
Sacramento,2026-05-01,457484,463792,14,14,-0.9080954482380909,-1.4867422010363853,4.928571428571429,-1.3600924552385552,2026,5
Sacramento,2026-06-01,379726,376175,14,14,1.262197184344776,0.8642821466475621,4.0,0.9439755432976673,2026,6
Sacramento,2026-07-01,383307,395988,15,15,-2.7327424177866955,-2.8731913892483236,3.8,-3.2023697687808723,2026,7
Sacramento,2026-08-01,363781,382468,15,15,-3.9635067693581476,-2.6683733753446237,3.0,-4.8858989510233535,2026,8
"Salisbury, MD",2024-02-01,34901,37166,1,1,-6.0942797180218475,-6.0942797180218475,3.0,-6.0942797180218475,2024,2
"Salisbury, MD",2024-03-01,57036,54672,1,1,4.323968393327481,4.323968393327481,5.0,4.323968393327481,2024,3
"Salisbury, MD",2024-04-01,37446,39239,1,1,-4.569433471801014,-4.569433471801014,4.0,-4.569433471801014,2024,4
"Salisbury, MD",2024-05-01,46742,43132,1,1,8.369655939905407,8.369655939905407,4.0,8.369655939905407,2024,5
"Salisbury, MD",2024-06-01,61147,58592,1,1,4.360663571818678,4.360663571818678,5.0,4.360663571818678,2024,6
"Salisbury, MD",2024-07-01,44107,42855,1,1,2.9214794073036985,2.9214794073036985,4.0,2.9214794073036985,2024,7
"Salisbury, MD",2024-08-01,60869,59842,1,1,1.716185956351726,1.716185956351726,5.0,1.716185956351726,2024,8
"Salisbury, MD",2024-09-01,44760,45541,1,1,-1.7149381875672471,-1.7149381875672471,4.0,-1.7149381875672471,2024,9
"Salisbury, MD",2024-10-01,52032,52324,1,1,-0.5580613102973778,-0.5580613102973778,4.0,-0.5580613102973778,2024,10
"Salisbury, MD",2024-11-01,62272,65647,1,1,-5.141133639008637,-5.141133639008637,5.0,-5.141133639008637,2024,11
"Salisbury, MD",2024-12-01,72488,73555,1,1,-1.4506151859153014,-1.4506151859153014,4.0,-1.4506151859153014,2024,12
"Salisbury, MD",2025-01-01,43560,41167,1,1,5.812908397502854,5.812908397502854,4.0,5.812908397502854,2025,1
"Salisbury, MD",2025-02-01,38072,43910,1,1,-13.295376907310407,-13.295376907310407,4.0,-13.295376907310407,2025,2
"Salisbury, MD",2025-03-01,63579,64441,1,1,-1.3376577023944383,-1.3376577023944383,5.0,-1.3376577023944383,2025,3
"Salisbury, MD",2025-04-01,50083,45084,1,1,11.08819093248159,11.08819093248159,4.0,11.08819093248159,2025,4
"Salisbury, MD",2025-05-01,51096,50246,1,1,1.6916769494089081,1.6916769494089081,5.0,1.6916769494089081,2025,5
"Salisbury, MD",2025-06-01,33979,35267,1,1,-3.652139393767545,-3.652139393767545,3.0,-3.652139393767545,2025,6
"Salisbury, MD",2025-07-01,29378,30352,1,1,-3.209014232999473,-3.209014232999473,3.0,-3.209014232999473,2025,7
"Salisbury, MD",2025-08-01,25613,24262,1,1,5.568378534333526,5.568378534333526,3.0,5.568378534333526,2025,8
"Salisbury, MD",2025-09-01,11226,11637,1,1,-3.531838102603764,-3.531838102603764,2.0,-3.531838102603764,2025,9
"Salisbury, MD",2025-10-01,59640,62381,2,2,-9.05324271273604,-9.05324271273604,3.5,-4.393966111476251,2025,10
"Salisbury, MD",2025-11-01,90125,93488,2,2,-8.624180910721883,-8.624180910721883,5.0,-3.5972531233955163,2025,11
"Salisbury, MD",2025-12-01,65471,70473,2,2,-10.549778792723146,-10.549778792723146,4.0,-7.097753749662991,2025,12
"Salisbury, MD",2026-01-01,62676,63898,2,2,-5.172812965475871,-5.172812965475871,5.0,-1.912422924035181,2026,1
"Salisbury, MD",2026-02-01,41495,38173,2,2,1.1175977608521412,1.1175977608521412,3.5,8.702486050349725,2026,2
"Salisbury, MD",2026-03-01,46763,48573,2,2,-3.664212798429866,-3.664212798429866,3.5,-3.7263500298519756,2026,3
"Salisbury, MD",2026-04-01,61729,67519,2,2,-4.261177600379822,-4.261177600379822,4.0,-8.575363971622803,2026,4
"Salisbury, MD",2026-05-01,66122,69734,2,2,0.693461409547071,0.693461409547071,5.0,-5.179682794619554,2026,5
"Salisbury, MD",2026-06-01,47291,45759,2,2,3.272276793675487,3.272276793675487,4.0,3.3479752616971523,2026,6
"Salisbury, MD",2026-07-01,46255,46611,2,2,-0.556189873227274,-0.556189873227274,4.0,-0.7637682092209993,2026,7
"Salisbury, MD",2026-08-01,36136,36267,2,2,-0.34479601909566004,-0.34479601909566004,2.5,-0.3612099153500427,2026,8
"Salt Lake City, UT",2024-02-01,89737,81698,7,7,9.639447325603545,11.351909184726521,2.7142857142857144,9.8398981615217,2024,2
"Salt Lake City, UT",2024-03-01,168348,152645,7,7,10.814240415872638,7.5576208178438655,4.857142857142857,10.287267843689607,2024,3
"Salt Lake City, UT",2024-04-01,125140,117239,7,7,6.788415265457396,6.905716909099696,4.0,6.739225001919157,2024,4
"Salt Lake City, UT",2024-05-01,146825,139214,7,7,5.121597259131254,2.4720149253731343,4.0,5.467122559512692,2024,5
"Salt Lake City, UT",2024-06-01,181716,170501,7,7,6.695856205946282,3.76844494892168,5.0,6.577674031237353,2024,6
"Salt Lake City, UT",2024-07-01,152942,145722,7,7,5.193384868374241,3.686833963561361,4.0,4.95463965633192,2024,7
"Salt Lake City, UT",2024-08-01,259435,248650,7,7,3.72378496647815,-0.2664349840718216,5.0,4.337422079227831,2024,8
"Salt Lake City, UT",2024-09-01,139464,133815,7,7,3.920742873104756,1.4885745375408053,4.0,4.221499831857415,2024,9
"Salt Lake City, UT",2024-10-01,125568,131819,7,7,-4.1772230457609165,-7.346775803553604,3.7142857142857144,-4.742108497257603,2024,10
"Salt Lake City, UT",2024-11-01,206436,199925,7,7,4.312780911168669,0.22668177878525236,4.857142857142857,3.2567212704764286,2024,11
"Salt Lake City, UT",2024-12-01,245278,243942,7,7,0.8413432588670168,0.19624253268303946,4.0,0.5476711677365931,2024,12
"Salt Lake City, UT",2025-01-01,129104,124660,7,7,4.527053876737215,3.529238038984052,4.0,3.5648965185304027,2025,1
"Salt Lake City, UT",2025-02-01,117817,129473,7,7,-7.815644912418179,-9.289145384801465,4.0,-9.002649200991712,2025,2
"Salt Lake City, UT",2025-03-01,155055,160756,7,7,-3.6843742024059525,-4.171097719484816,4.714285714285714,-3.546368409266217,2025,3
"Salt Lake City, UT",2025-04-01,119178,122069,7,7,8.960632209314838,-3.6167922497308935,3.5714285714285716,-2.3683326643128066,2025,4
"Salt Lake City, UT",2025-05-01,139985,145107,6,6,-4.101455072840248,-4.097745794217161,5.0,-3.529809037468902,2025,5
"Salt Lake City, UT",2025-06-01,113822,120801,7,7,-5.907395047653828,-6.948257655755016,3.5714285714285716,-5.777270055711459,2025,6
"Salt Lake City, UT",2025-07-01,118925,126539,6,6,-6.264250679050655,-5.45885846344207,3.8333333333333335,-6.017117252388592,2025,7
"Salt Lake City, UT",2025-08-01,184234,193596,6,6,-5.1430052690210575,-4.167072632810468,5.0,-4.8358437157792515,2025,8
"Salt Lake City, UT",2025-09-01,116490,129194,6,6,-10.336878795146282,-10.46699536232996,4.0,-9.833273991052216,2025,9
"Salt Lake City, UT",2025-10-01,114172,117372,6,6,-2.8774856942919693,-3.893942430258874,3.6666666666666665,-2.726374263026957,2025,10
"Salt Lake City, UT",2025-11-01,170225,185783,6,6,-8.676414623697378,-7.847622655575247,4.833333333333333,-8.374286129516694,2025,11
"Salt Lake City, UT",2025-12-01,229951,232290,7,7,-1.20123205007437,-0.9081363862434837,4.0,-1.0069309914331224,2025,12
"Salt Lake City, UT",2026-01-01,152800,147331,7,7,3.2044859963980636,4.365942028985508,5.0,3.7120497383442723,2026,1
"Salt Lake City, UT",2026-02-01,115919,115400,7,7,0.45055791420748637,-0.08405287690074119,4.0,0.44974003466204504,2026,2
"Salt Lake City, UT",2026-03-01,133809,133816,7,7,0.007581735224300838,-0.1669195751138088,4.0,-0.0052310635499491845,2026,3
"Salt Lake City, UT",2026-04-01,123907,129533,7,7,-4.255586885469902,-5.828334444197586,3.857142857142857,-4.343294758864536,2026,4
"Salt Lake City, UT",2026-05-01,143778,151733,7,7,-5.473458507307434,-5.964380842951898,4.571428571428571,-5.24276195685843,2026,5
"Salt Lake City, UT",2026-06-01,124993,126117,7,7,-1.4057177764581448,-2.080138036809816,3.7142857142857144,-0.8912359158559116,2026,6
"Salt Lake City, UT",2026-07-01,126720,128526,7,7,-1.3587785157945877,-1.9688126143392282,3.857142857142857,-1.405163157649036,2026,7
"Salt Lake City, UT",2026-08-01,121102,126985,7,7,-4.523634811536895,-2.519161982626469,2.857142857142857,-4.632830649289286,2026,8
"San Angelo, TX",2024-02-01,10953,11706,1,1,-6.432598667350077,-6.432598667350077,3.0,-6.432598667350077,2024,2
"San Angelo, TX",2024-03-01,19454,19083,1,1,1.9441387622491222,1.9441387622491222,5.0,1.9441387622491222,2024,3
"San Angelo, TX",2024-04-01,11582,12186,1,1,-4.956507467585754,-4.956507467585754,4.0,-4.956507467585754,2024,4
"San Angelo, TX",2024-05-01,16620,16628,1,1,-0.04811161895597787,-0.04811161895597787,4.0,-0.04811161895597787,2024,5
"San Angelo, TX",2024-06-01,18668,18263,1,1,2.2175984230411214,2.2175984230411214,5.0,2.2175984230411214,2024,6
"San Angelo, TX",2024-07-01,10807,10079,1,1,7.222938783609485,7.222938783609485,3.0,7.222938783609485,2024,7
"San Angelo, TX",2024-08-01,16310,16412,1,1,-0.6214964660004875,-0.6214964660004875,5.0,-0.6214964660004875,2024,8
"San Angelo, TX",2024-09-01,14039,13552,1,1,3.593565525383707,3.593565525383707,4.0,3.593565525383707,2024,9
"San Angelo, TX",2024-10-01,11143,11574,1,1,-3.7238638327285294,-3.7238638327285294,4.0,-3.7238638327285294,2024,10
"San Angelo, TX",2024-11-01,10484,10235,1,1,2.4328285295554473,2.4328285295554473,3.0,2.4328285295554473,2024,11
"San Angelo, TX",2024-12-01,26789,24647,1,1,8.690712865663164,8.690712865663164,4.0,8.690712865663164,2024,12
"San Angelo, TX",2025-01-01,14515,13662,1,1,6.243595374030156,6.243595374030156,4.0,6.243595374030156,2025,1
"San Angelo, TX",2025-02-01,13406,14113,1,1,-5.0095656486926945,-5.0095656486926945,4.0,-5.0095656486926945,2025,2
"San Angelo, TX",2025-03-01,20534,20082,1,1,2.2507718354745543,2.2507718354745543,5.0,2.2507718354745543,2025,3
"San Angelo, TX",2025-04-01,14249,13611,1,1,4.687385203144515,4.687385203144515,4.0,4.687385203144515,2025,4
"San Angelo, TX",2025-05-01,18581,18611,1,1,-0.1611949922089087,-0.1611949922089087,5.0,-0.1611949922089087,2025,5
"San Angelo, TX",2025-06-01,15079,15137,1,1,-0.38316707405694655,-0.38316707405694655,4.0,-0.38316707405694655,2025,6
"San Angelo, TX",2025-07-01,11784,11713,1,1,0.6061640911807393,0.6061640911807393,3.0,0.6061640911807393,2025,7
"San Angelo, TX",2025-08-01,21631,21067,1,1,2.6771728295438364,2.6771728295438364,5.0,2.6771728295438364,2025,8
"San Angelo, TX",2025-09-01,14633,14035,1,1,4.260776629853937,4.260776629853937,4.0,4.260776629853937,2025,9
"San Angelo, TX",2025-10-01,14847,15429,1,1,-3.772117441182189,-3.772117441182189,4.0,-3.772117441182189,2025,10
"San Angelo, TX",2025-11-01,14524,14264,1,1,1.8227706113292206,1.8227706113292206,4.0,1.8227706113292206,2025,11
"San Angelo, TX",2025-12-01,25567,26060,1,1,-1.8917881811204913,-1.8917881811204913,4.0,-1.8917881811204913,2025,12
"San Angelo, TX",2026-01-01,16827,16921,1,1,-0.5555227232433071,-0.5555227232433071,5.0,-0.5555227232433071,2026,1
"San Angelo, TX",2026-02-01,14377,13730,1,1,4.712308812818645,4.712308812818645,4.0,4.712308812818645,2026,2
"San Angelo, TX",2026-03-01,16612,16060,1,1,3.4371108343711083,3.4371108343711083,4.0,3.4371108343711083,2026,3
"San Angelo, TX",2026-04-01,14684,15050,1,1,-2.431893687707641,-2.431893687707641,4.0,-2.431893687707641,2026,4
"San Angelo, TX",2026-05-01,20161,20403,1,1,-1.1861000833210802,-1.1861000833210802,5.0,-1.1861000833210802,2026,5
"San Angelo, TX",2026-06-01,15121,15079,1,1,0.2785330592214338,0.2785330592214338,4.0,0.2785330592214338,2026,6
"San Angelo, TX",2026-07-01,14798,14369,1,1,2.985593987055467,2.985593987055467,4.0,2.985593987055467,2026,7
"San Angelo, TX",2026-08-01,16382,15961,1,1,2.6376793433995362,2.6376793433995362,3.0,2.6376793433995362,2026,8
San Antonio,2024-02-01,202923,187183,8,8,7.365897884541846,8.958310359023308,2.875,8.408883285341084,2024,2
San Antonio,2024-03-01,380964,332040,8,8,16.014454775109144,17.49821316118678,4.625,14.73436935308999,2024,3
San Antonio,2024-04-01,204029,211010,8,8,-1.9873271842648084,-0.5382904791747499,3.875,-3.308374010710393,2024,4
San Antonio,2024-05-01,297328,279878,9,9,6.428171420476972,5.446302402260952,3.888888888888889,6.234859474485312,2024,5
San Antonio,2024-06-01,414470,386355,9,9,7.027607175061689,6.901567045134653,5.0,7.276986191456045,2024,6
San Antonio,2024-07-01,320354,303976,9,9,4.611681420055722,3.579300934187047,3.888888888888889,5.3879253625286205,2024,7
San Antonio,2024-08-01,539868,490279,9,9,9.229830277874012,9.534907285439253,4.333333333333333,10.114445040476953,2024,8
San Antonio,2024-09-01,287839,260833,8,8,9.356723282623708,8.088958383498717,4.0,10.35375125080032,2024,9
San Antonio,2024-10-01,319678,317418,9,9,0.2662721084647786,-0.2570694087403599,3.888888888888889,0.7119949089213592,2024,10
San Antonio,2024-11-01,496362,481254,9,9,2.995855465227994,0.4659854864937019,5.0,3.1392985824533404,2024,11
San Antonio,2024-12-01,558355,520256,9,9,5.6948511312768755,6.8382073124323055,4.0,7.32312553819658,2024,12
San Antonio,2025-01-01,355102,331811,10,10,9.593158376419638,10.661015181147002,3.9,7.019357405269868,2025,1
San Antonio,2025-02-01,318753,341286,10,10,-4.097085645403761,-4.772464969579846,4.0,-6.602380408220672,2025,2
San Antonio,2025-03-01,460890,486173,10,10,-4.234853680342464,-4.36288855608106,5.0,-5.200412198949757,2025,3
San Antonio,2025-04-01,345257,319019,12,12,9.195064571239717,8.505378795470488,3.4166666666666665,8.224588504132983,2025,4
San Antonio,2025-05-01,423550,420314,10,10,1.1979521744999342,0.3044081896884937,4.9,0.7699005981242595,2025,5
San Antonio,2025-06-01,393846,406050,11,11,-1.7806453926288468,-2.309053702781926,4.0,-3.005541189508681,2025,6
San Antonio,2025-07-01,443976,451841,11,11,-0.752707742571398,-1.1048563266677869,4.0,-1.7406565583911155,2025,7
San Antonio,2025-08-01,563347,580351,11,11,-3.013919735236033,-1.8907991995752846,4.818181818181818,-2.9299510124045622,2025,8
San Antonio,2025-09-01,369943,408410,11,11,-8.753013119135005,-7.4522220965735615,4.0,-9.418721382924023,2025,9
San Antonio,2025-10-01,375101,426152,10,10,-10.780091698650399,-7.671853945352103,4.0,-11.979528431170099,2025,10
San Antonio,2025-11-01,524979,571755,11,11,-13.681529589157476,-6.037892761565609,4.636363636363637,-8.181126531468898,2025,11
San Antonio,2025-12-01,512793,545984,13,13,-8.996250517888114,-8.786738533509611,3.230769230769231,-6.079115871527371,2025,12
San Antonio,2026-01-01,407721,447592,12,12,-9.863870877845148,-8.338953070257844,4.416666666666667,-8.907889327780657,2026,1
San Antonio,2026-02-01,288664,288988,12,12,-1.9609768562083687,-1.7227912316605076,3.5833333333333335,-0.11211538195357593,2026,2
San Antonio,2026-03-01,355985,374872,12,12,-6.091191926070901,-5.971637297649396,3.8333333333333335,-5.0382530570434705,2026,3
San Antonio,2026-04-01,341709,374762,13,13,-7.728200835966892,-9.113082972370579,3.769230769230769,-8.81973092255885,2026,4
San Antonio,2026-05-01,437850,478931,12,12,-8.72744702877555,-7.719550599362622,5.0,-8.577644796432054,2026,5
San Antonio,2026-06-01,394012,412710,14,14,-4.868902973959325,-5.779159645336737,3.857142857142857,-4.530542027089239,2026,6
San Antonio,2026-07-01,417905,448011,14,14,-6.808321178212578,-6.557952028917766,3.9285714285714284,-6.7199242875732965,2026,7
San Antonio,2026-08-01,329238,338161,14,14,-3.9904072677121563,-5.224293922786371,2.642857142857143,-2.638683940489885,2026,8
San Diego,2024-02-01,181504,174226,9,9,3.608725711095015,3.4623130650897713,3.0,4.177332889465407,2024,2
San Diego,2024-03-01,319898,304576,9,9,4.2505152304601275,5.038677169824711,5.0,5.030599915948729,2024,3
San Diego,2024-04-01,206637,210789,9,9,-2.7276844000453675,-3.4170792835747905,4.0,-1.9697422541024436,2024,4
San Diego,2024-05-01,276727,263021,9,9,4.220636372566917,5.265471167369902,4.0,5.210990757391995,2024,5
San Diego,2024-06-01,352419,338881,9,9,3.1025790802630278,2.5195913103858745,5.0,3.9949126684588396,2024,6
San Diego,2024-07-01,279756,270417,9,9,2.5643639206967066,2.047473080248369,4.0,3.453555064955236,2024,7
San Diego,2024-08-01,398787,383186,9,9,3.4279947058115345,0.9253800210197123,4.888888888888889,4.0713909172047,2024,8
San Diego,2024-09-01,243057,236851,9,9,1.18369980809448,0.3487290762554247,4.0,2.620212707567205,2024,9
San Diego,2024-10-01,229410,228105,9,9,-1.2189800761486744,-3.6790278650743766,3.7777777777777777,0.5721049516669955,2024,10
San Diego,2024-11-01,348543,339836,9,9,-1.572207210197087,-0.22989219919848394,4.777777777777778,2.562118198189715,2024,11
San Diego,2024-12-01,379620,375243,9,9,-1.0493796168280982,-1.7055883432637733,4.0,1.166444144194562,2024,12
San Diego,2025-01-01,221113,219945,9,9,0.3382085482053739,-3.745005927031655,3.7777777777777777,0.5310418513719338,2025,1
San Diego,2025-02-01,208638,208110,9,9,-1.5664739497684508,-1.7711056759719999,4.0,0.25371197924174715,2025,2
San Diego,2025-03-01,281861,291288,9,9,-3.6867489340377833,-1.915280301971201,5.0,-3.2363159484771087,2025,3
San Diego,2025-04-01,248923,248581,9,9,-0.644751506195631,-1.222057928155171,4.0,0.13758090924085106,2025,4
San Diego,2025-05-01,285111,295270,9,9,-3.616291191287434,-3.840898179266536,5.0,-3.4405798083110373,2025,5
San Diego,2025-06-01,247673,264093,9,9,-7.128390218817547,-8.147119471447208,4.0,-6.21750671165082,2025,6
San Diego,2025-07-01,261307,270441,9,9,-3.768056346916892,-2.3438069548735148,4.0,-3.377446467066754,2025,7
San Diego,2025-08-01,303642,310781,9,9,-1.6695115253441735,-2.7338432390709424,4.888888888888889,-2.2971159755583512,2025,8
San Diego,2025-09-01,226049,239530,9,9,-5.4382823989018165,-6.833569516611557,4.0,-5.628105039034777,2025,9
San Diego,2025-10-01,250502,260902,9,9,-3.5645106477398705,-4.523312456506611,3.7777777777777777,-3.9861710527324434,2025,10
San Diego,2025-11-01,335891,351466,10,10,26.72620661143025,-1.4320538582156466,4.4,-4.431438602880506,2025,11
San Diego,2025-12-01,299168,305518,9,9,0.8003775051730355,-2.8666236519494888,3.888888888888889,-2.078437277018048,2025,12
San Diego,2026-01-01,210451,212989,9,9,-0.865734271631807,-2.540115636977847,4.333333333333333,-1.191610834362338,2026,1
San Diego,2026-02-01,162826,169062,9,9,-4.268003108458985,-3.5653850694581086,4.0,-3.6885876187434197,2026,2
San Diego,2026-03-01,204079,207389,9,9,-1.3804115372162737,-0.9775929489168891,3.7777777777777777,-1.596034505205194,2026,3
San Diego,2026-04-01,226637,234642,9,9,-2.968987290735388,-4.239492538675671,4.0,-3.411580194509082,2026,4
San Diego,2026-05-01,289005,296819,9,9,-2.7948328318603703,-1.964365588191442,4.888888888888889,-2.632580798399024,2026,5
San Diego,2026-06-01,251336,252405,9,9,0.12000427278803194,-0.6475285991797971,4.0,-0.42352568293021137,2026,6
San Diego,2026-07-01,214529,232330,9,9,-6.835202494718727,-3.2078440866723157,4.0,-7.66194636938837,2026,7
San Diego,2026-08-01,171381,185313,9,9,-7.107007327733432,-3.9645447219983887,2.6666666666666665,-7.518091013582426,2026,8
"San Francisco-Oakland-San Jose, CA",2024-02-01,100435,101132,5,5,0.15588734573075574,-1.436485757709467,3.0,-0.6891982755211011,2024,2
"San Francisco-Oakland-San Jose, CA",2024-03-01,172187,167412,5,5,3.9403437631190137,1.6472868217054266,5.0,2.852244761426899,2024,3
"San Francisco-Oakland-San Jose, CA",2024-04-01,116770,117163,5,5,-0.23887396555626667,-3.1024368231046933,4.0,-0.33543012725860555,2024,4
"San Francisco-Oakland-San Jose, CA",2024-05-01,143885,139238,5,5,4.510084711837406,1.7122448264995274,4.0,3.337450983208607,2024,5
"San Francisco-Oakland-San Jose, CA",2024-06-01,219648,211617,6,6,5.108704007760124,1.6862724848828945,4.833333333333333,3.7950637236138873,2024,6
"San Francisco-Oakland-San Jose, CA",2024-07-01,186759,179731,6,6,5.19539607668806,1.5764363296951176,4.0,3.9102881528506486,2024,7
"San Francisco-Oakland-San Jose, CA",2024-08-01,265557,262088,6,6,2.659342143988906,0.13444756903316593,5.0,1.3236012331735907,2024,8
"San Francisco-Oakland-San Jose, CA",2024-09-01,139770,140420,5,5,0.9533251497519071,-4.530897876882932,4.0,-0.4628970232160661,2024,9
"San Francisco-Oakland-San Jose, CA",2024-10-01,125518,127855,5,5,0.4574208849038179,-7.100742096167531,4.0,-1.827851863439052,2024,10
"San Francisco-Oakland-San Jose, CA",2024-11-01,196551,191143,6,6,3.2482253503426635,-2.86120736262207,4.5,2.8292953443233597,2024,11
"San Francisco-Oakland-San Jose, CA",2024-12-01,243234,251855,6,6,-2.6634274034254966,-6.8585921626139585,4.0,-3.4230013301304325,2024,12
"San Francisco-Oakland-San Jose, CA",2025-01-01,170259,172108,7,7,1.421156999358944,-1.4408246181626665,3.857142857142857,-1.0743254235712458,2025,1
"San Francisco-Oakland-San Jose, CA",2025-02-01,161489,168590,7,7,-2.58699131651846,-5.938558757470783,4.0,-4.211993593926093,2025,2
"San Francisco-Oakland-San Jose, CA",2025-03-01,220111,228812,7,7,-1.0578352797217339,-3.313400930178814,5.0,-3.802685173854518,2025,3
"San Francisco-Oakland-San Jose, CA",2025-04-01,188349,189919,10,10,-2.95574350706501,-0.6341289633060206,3.1,-0.8266682111847683,2025,4
"San Francisco-Oakland-San Jose, CA",2025-05-01,221024,237584,7,7,-5.766163995524145,-3.719459954503826,5.0,-6.970166341167755,2025,5
"San Francisco-Oakland-San Jose, CA",2025-06-01,175804,197222,7,7,-9.959123578721258,-8.976449618870644,4.0,-10.85984322235856,2025,6
"San Francisco-Oakland-San Jose, CA",2025-07-01,183844,202930,7,7,-8.462244817990841,-6.031653179942154,4.0,-9.405213620460257,2025,7
"San Francisco-Oakland-San Jose, CA",2025-08-01,240719,259911,7,7,-6.422696096419287,-8.68832247188184,5.0,-7.384066084159578,2025,8
"San Francisco-Oakland-San Jose, CA",2025-09-01,173531,187494,7,7,-7.120298995557151,-10.034520402442983,4.0,-7.447171642825904,2025,9
"San Francisco-Oakland-San Jose, CA",2025-10-01,208099,220533,8,8,-4.96033251796926,-5.335972433996922,3.875,-5.638158461545437,2025,10
"San Francisco-Oakland-San Jose, CA",2025-11-01,272836,292619,8,8,-6.019531458147306,-5.3922245626271215,4.75,-6.760668309303224,2025,11
"San Francisco-Oakland-San Jose, CA",2025-12-01,365841,357227,11,11,0.30270680548307166,-2.128084945687185,3.4545454545454546,2.411351885495777,2025,12
"San Francisco-Oakland-San Jose, CA",2026-01-01,268832,263926,9,9,2.5047498110860142,2.461422657132104,5.0,1.8588543758477756,2026,1
"San Francisco-Oakland-San Jose, CA",2026-02-01,228668,232740,11,11,-3.3388212806509716,-2.388726585323939,3.727272727272727,-1.7495918191973876,2026,2
"San Francisco-Oakland-San Jose, CA",2026-03-01,270998,263004,12,12,4.07574293145433,4.578711994823706,3.4166666666666665,3.0394974981369107,2026,3
"San Francisco-Oakland-San Jose, CA",2026-04-01,270850,275486,11,11,-9.289143915591191,-4.18844889654093,3.6363636363636362,-1.6828441372701335,2026,4
"San Francisco-Oakland-San Jose, CA",2026-05-01,340580,346691,9,9,-1.0581505034172294,-2.4006782945736433,5.0,-1.7626647360329515,2026,5
"San Francisco-Oakland-San Jose, CA",2026-06-01,280234,273521,11,11,1.4828306909148,3.3653511519454304,3.4545454545454546,2.454290529794787,2026,6
"San Francisco-Oakland-San Jose, CA",2026-07-01,274960,273190,9,9,2.809502590439381,1.9754694453489634,4.0,0.6479007284307624,2026,7
"San Francisco-Oakland-San Jose, CA",2026-08-01,209960,206422,9,9,2.9994850123420824,4.012730040127301,2.6666666666666665,1.713964596796853,2026,8
"Savannah, GA",2024-02-01,22930,22187,1,1,3.348807860458827,3.348807860458827,3.0,3.348807860458827,2024,2
"Savannah, GA",2024-03-01,43098,40267,1,1,7.030570938982293,7.030570938982293,5.0,7.030570938982293,2024,3
"Savannah, GA",2024-04-01,23965,24871,1,1,-3.642796831651321,-3.642796831651321,4.0,-3.642796831651321,2024,4
"Savannah, GA",2024-05-01,29883,31862,1,1,-6.211160630217814,-6.211160630217814,4.0,-6.211160630217814,2024,5
"Savannah, GA",2024-06-01,36878,38771,1,1,-4.8825152820407,-4.8825152820407,5.0,-4.8825152820407,2024,6
"Savannah, GA",2024-07-01,32024,34893,1,1,-8.222279540308945,-8.222279540308945,4.0,-8.222279540308945,2024,7
"Savannah, GA",2024-08-01,42412,44247,1,1,-4.1471738196939905,-4.1471738196939905,5.0,-4.1471738196939905,2024,8
"Savannah, GA",2024-09-01,27614,29366,1,1,-5.966083225498877,-5.966083225498877,4.0,-5.966083225498877,2024,9
"Savannah, GA",2024-10-01,25058,28753,1,1,-12.850832956561053,-12.850832956561053,4.0,-12.850832956561053,2024,10
"Savannah, GA",2024-11-01,42727,43866,1,1,-2.596544020425842,-2.596544020425842,5.0,-2.596544020425842,2024,11
"Savannah, GA",2024-12-01,49920,50735,1,1,-1.6063861239775303,-1.6063861239775303,4.0,-1.6063861239775303,2024,12
"Savannah, GA",2025-01-01,29487,31649,1,1,-6.831179500142184,-6.831179500142184,4.0,-6.831179500142184,2025,1
"Savannah, GA",2025-02-01,29070,33675,1,1,-13.674832962138083,-13.674832962138083,4.0,-13.674832962138083,2025,2
"Savannah, GA",2025-03-01,42388,47952,1,1,-11.603269936603269,-11.603269936603269,5.0,-11.603269936603269,2025,3
"Savannah, GA",2025-04-01,33384,33370,1,1,0.041953850764159424,0.041953850764159424,4.0,0.041953850764159424,2025,4
"Savannah, GA",2025-05-01,35927,38231,1,1,-6.026522978734534,-6.026522978734534,5.0,-6.026522978734534,2025,5
"Savannah, GA",2025-06-01,28278,31175,1,1,-9.292702485966318,-9.292702485966318,4.0,-9.292702485966318,2025,6
"Savannah, GA",2025-07-01,33665,33631,1,1,0.10109720198626267,0.10109720198626267,4.0,0.10109720198626267,2025,7
"Savannah, GA",2025-08-01,38462,39767,1,1,-3.281615409761863,-3.281615409761863,5.0,-3.281615409761863,2025,8
"Savannah, GA",2025-09-01,27961,30321,1,1,-7.78338445301936,-7.78338445301936,4.0,-7.78338445301936,2025,9
"Savannah, GA",2025-10-01,26977,29184,1,1,-7.5623629385964914,-7.5623629385964914,4.0,-7.5623629385964914,2025,10
"Savannah, GA",2025-11-01,37665,37791,1,1,-0.3334127173136461,-0.3334127173136461,5.0,-0.3334127173136461,2025,11
"Savannah, GA",2025-12-01,31441,32631,1,1,-3.6468388955287914,-3.6468388955287914,4.0,-3.6468388955287914,2025,12
"Savannah, GA",2026-01-01,34337,34516,1,1,-0.5186000695329702,-0.5186000695329702,5.0,-0.5186000695329702,2026,1
"Savannah, GA",2026-02-01,25483,25320,1,1,0.6437598736176936,0.6437598736176936,4.0,0.6437598736176936,2026,2
"Savannah, GA",2026-03-01,32543,31744,1,1,2.5170110887096775,2.5170110887096775,4.0,2.5170110887096775,2026,3
"Savannah, GA",2026-04-01,32798,34460,1,1,-4.822983168891469,-4.822983168891469,4.0,-4.822983168891469,2026,4
"Savannah, GA",2026-05-01,38948,37738,1,1,3.2063172399173245,3.2063172399173245,5.0,3.2063172399173245,2026,5
"Savannah, GA",2026-06-01,29524,28093,1,1,5.093795607446695,5.093795607446695,4.0,5.093795607446695,2026,6
"Savannah, GA",2026-07-01,33549,33665,1,1,-0.34457151344125947,-0.34457151344125947,4.0,-0.34457151344125947,2026,7
"Savannah, GA",2026-08-01,27298,25103,1,1,8.743974823726248,8.743974823726248,3.0,8.743974823726248,2026,8
Seattle,2024-02-01,122736,124717,7,7,-1.774532287145371,0.7397133610725843,2.7142857142857144,-1.588396128835684,2024,2
Seattle,2024-03-01,320454,316420,7,7,4.287479977725039,7.161772355416844,5.0,1.2748878073446686,2024,3
Seattle,2024-04-01,222130,228797,8,8,-0.08746026831272584,1.490595696243699,3.625,-2.913936808612001,2024,4
Seattle,2024-05-01,212470,218327,7,7,0.11367731262473083,2.410204241333438,3.7142857142857144,-2.682673237849648,2024,5
Seattle,2024-06-01,259956,272944,7,7,-1.8395525280077583,-0.6723863691136067,5.0,-4.758485257049065,2024,6
Seattle,2024-07-01,220641,227123,7,7,0.46317256153166897,2.8025722238218638,3.857142857142857,-2.8539601889724953,2024,7
Seattle,2024-08-01,413340,419472,7,7,1.5438545821488598,3.979747140639834,5.0,-1.4618377388717245,2024,8
Seattle,2024-09-01,249536,258934,7,7,-0.19182260611602323,0.5480913808992579,4.0,-3.629496319525439,2024,9
Seattle,2024-10-01,218440,216928,7,7,4.151173689986463,5.812556323220186,4.0,0.6970054580321582,2024,10
Seattle,2024-11-01,254480,255119,9,9,3.6770018963442817,7.586528635535611,4.111111111111111,-0.25047134866474074,2024,11
Seattle,2024-12-01,314772,299115,9,9,6.165202002119232,7.255795522092331,3.3333333333333335,5.234441602728047,2024,12
Seattle,2025-01-01,197925,193672,8,8,4.6629573050906785,7.069258919018001,4.0,2.1959808335742905,2025,1
Seattle,2025-02-01,197676,220219,10,10,-7.66980374436063,-7.977172804119908,3.6,-10.236628083861973,2025,2
Seattle,2025-03-01,363373,382225,10,10,-3.8747482201647694,-2.539160179887623,5.0,-4.93217345804173,2025,3
Seattle,2025-04-01,309908,323197,12,12,-1.912482384327547,-2.43860267448101,3.5,-4.11173371039954,2025,4
Seattle,2025-05-01,366754,364065,10,10,1.267974569691948,2.078051970046608,5.0,0.7386043700987461,2025,5
Seattle,2025-06-01,298073,299369,10,10,-1.0360795802307063,-0.14303310809059022,3.9,-0.43291055520110633,2025,6
Seattle,2025-07-01,300952,302784,10,10,-2.4380039403503755,1.2261254046416536,3.8,-0.6050517860917354,2025,7
Seattle,2025-08-01,431889,427383,10,10,-1.6261619452140146,5.907067202067058,4.8,1.054323639452201,2025,8
Seattle,2025-09-01,315958,322200,10,10,-3.230350261232868,0.8275049969210904,3.9,-1.9373060211049036,2025,9
Seattle,2025-10-01,331561,335810,10,10,-2.4534252172643773,0.982882863686539,4.0,-1.2652988296953633,2025,10
Seattle,2025-11-01,399346,399852,10,10,-2.702243783466625,-0.4743856691558204,4.7,-0.12654682232425998,2025,11
Seattle,2025-12-01,372590,367603,12,12,2.9395433431717883,4.144815226663774,3.3333333333333335,1.3566265781291231,2025,12
Seattle,2026-01-01,312268,298756,11,11,3.379696407215089,6.514097137527799,4.7272727272727275,4.522754354724256,2026,1
Seattle,2026-02-01,206642,193661,11,11,4.352636874911268,7.034544638851504,3.727272727272727,6.702950000258183,2026,2
Seattle,2026-03-01,307847,297223,11,11,2.348200036867628,7.034082668600434,3.8181818181818183,3.574420552918179,2026,3
Seattle,2026-04-01,325650,319291,12,12,-5.476893537851911,4.097826095884476,3.6666666666666665,1.9916001390581008,2026,4
Seattle,2026-05-01,393501,386649,11,11,1.7960442650001227,5.0907221038712995,4.818181818181818,1.7721499344366596,2026,5
Seattle,2026-06-01,311217,303212,11,11,4.900267341917627,7.189564289050511,3.8181818181818183,2.640067015817316,2026,6
Seattle,2026-07-01,293621,294170,11,11,0.6323256528886546,2.1461391908550937,3.909090909090909,-0.18662678043308292,2026,7
Seattle,2026-08-01,267416,269971,11,11,1.2697725020887287,2.297714638665843,2.909090909090909,-0.9463979464460999,2026,8
"Sherman, TX-Ada, OK",2025-01-01,5657,6315,1,1,-10.41963578780681,-10.41963578780681,3.0,-10.41963578780681,2025,1
"Sherman, TX-Ada, OK",2025-02-01,7511,8464,1,1,-11.25945179584121,-11.25945179584121,4.0,-11.25945179584121,2025,2
"Sherman, TX-Ada, OK",2025-03-01,11830,12078,1,1,-2.053320086106971,-2.053320086106971,5.0,-2.053320086106971,2025,3
"Sherman, TX-Ada, OK",2025-04-01,6166,5789,1,1,6.512351010537226,6.512351010537226,4.0,6.512351010537226,2025,4
"Sherman, TX-Ada, OK",2025-05-01,12480,11533,1,1,8.211219977455995,8.211219977455995,5.0,8.211219977455995,2025,5
"Sherman, TX-Ada, OK",2025-06-01,7617,6921,1,1,10.056350238404853,10.056350238404853,4.0,10.056350238404853,2025,6
"Sherman, TX-Ada, OK",2025-07-01,8256,7888,1,1,4.665314401622718,4.665314401622718,4.0,4.665314401622718,2025,7
"Sherman, TX-Ada, OK",2025-08-01,3784,3219,1,1,17.552034793414105,17.552034793414105,3.0,17.552034793414105,2025,8
"Sherman, TX-Ada, OK",2025-09-01,4248,4047,1,1,4.966641957005189,4.966641957005189,4.0,4.966641957005189,2025,9
"Sherman, TX-Ada, OK",2025-10-01,7954,7460,1,1,6.621983914209115,6.621983914209115,4.0,6.621983914209115,2025,10
"Sherman, TX-Ada, OK",2025-11-01,13055,12588,1,1,3.709882427708929,3.709882427708929,5.0,3.709882427708929,2025,11
"Sherman, TX-Ada, OK",2025-12-01,8869,7504,1,1,18.19029850746269,18.19029850746269,4.0,18.19029850746269,2025,12
"Sherman, TX-Ada, OK",2026-01-01,6584,6673,1,1,-1.3337329536939908,-1.3337329536939908,5.0,-1.3337329536939908,2026,1
"Sherman, TX-Ada, OK",2026-02-01,7131,6983,1,1,2.119432908492052,2.119432908492052,4.0,2.119432908492052,2026,2
"Sherman, TX-Ada, OK",2026-03-01,7452,7211,1,1,3.3421162113437806,3.3421162113437806,4.0,3.3421162113437806,2026,3
"Sherman, TX-Ada, OK",2026-04-01,8092,7660,1,1,5.639686684073107,5.639686684073107,4.0,5.639686684073107,2026,4
"Sherman, TX-Ada, OK",2026-05-01,11216,11253,1,1,-0.32880120856660444,-0.32880120856660444,5.0,-0.32880120856660444,2026,5
"Sherman, TX-Ada, OK",2026-06-01,7519,7129,1,1,5.470612989199046,5.470612989199046,4.0,5.470612989199046,2026,6
"Sherman, TX-Ada, OK",2026-07-01,7757,7588,1,1,2.227200843437006,2.227200843437006,3.0,2.227200843437006,2026,7
"Sherman, TX-Ada, OK",2026-08-01,9224,10908,1,1,-15.438210487715438,-15.438210487715438,3.0,-15.438210487715438,2026,8
"Shreveport, LA",2024-02-01,26949,28681,2,2,-6.498876517136255,-6.498876517136255,3.0,-6.038841044593982,2024,2
"Shreveport, LA",2024-03-01,54061,53095,2,2,1.901607579333294,1.901607579333294,5.0,1.8193803559657218,2024,3
"Shreveport, LA",2024-04-01,30813,33629,2,2,-8.263230736966772,-8.263230736966772,4.0,-8.373725058729073,2024,4
"Shreveport, LA",2024-05-01,42394,42987,2,2,-1.4551880205549255,-1.4551880205549255,4.0,-1.3794868215972271,2024,5
"Shreveport, LA",2024-06-01,46586,46276,2,2,0.6398091674472962,0.6398091674472962,5.0,0.6698936813899213,2024,6
"Shreveport, LA",2024-07-01,41718,40857,2,2,1.694161055376245,1.694161055376245,4.0,2.107350025699391,2024,7
"Shreveport, LA",2024-08-01,53583,52917,2,2,1.949820867440939,1.949820867440939,4.5,1.2585747491354387,2024,8
"Shreveport, LA",2024-09-01,29420,29230,2,2,-0.5244923865149822,-0.5244923865149822,3.5,0.6500171057133082,2024,9
"Shreveport, LA",2024-10-01,32894,33642,2,2,-3.104550244722976,-3.104550244722976,4.0,-2.223411212175257,2024,10
"Shreveport, LA",2024-11-01,49429,46922,2,2,5.228861448849564,5.228861448849564,5.0,5.342909509398576,2024,11
"Shreveport, LA",2024-12-01,58643,58042,2,2,0.8186027253166852,0.8186027253166852,4.0,1.0354570828021088,2024,12
"Shreveport, LA",2025-01-01,40761,33779,3,3,20.78807562787669,21.73120728929385,3.6666666666666665,20.669646821989993,2025,1
"Shreveport, LA",2025-02-01,49423,53258,3,3,-7.468253867087324,-7.353565365025466,4.0,-7.200796124525893,2025,2
"Shreveport, LA",2025-03-01,78842,82545,3,3,-4.554106375797551,-5.06862002189105,5.0,-4.486037918711006,2025,3
"Shreveport, LA",2025-04-01,53309,49267,3,3,8.030115206108464,7.79657021627674,4.0,8.204274666612541,2025,4
"Shreveport, LA",2025-05-01,66785,62874,3,3,5.897728090595526,3.7512962712475764,5.0,6.220377262461431,2025,5
"Shreveport, LA",2025-06-01,52607,52975,3,3,-0.8377737576965346,-3.1419506703510387,4.0,-0.6946672958942898,2025,6
"Shreveport, LA",2025-07-01,62596,61036,3,3,2.409937285379795,0.696336663639116,4.0,2.5558686676715383,2025,7
"Shreveport, LA",2025-08-01,79020,74462,3,3,5.885256055578641,5.090826692850939,5.0,6.121243050146384,2025,8
"Shreveport, LA",2025-09-01,48506,46503,3,3,3.030642041835518,-2.5656974032032345,3.6666666666666665,4.307248994688514,2025,9
"Shreveport, LA",2025-10-01,42833,42656,2,2,0.4571861973418627,0.4571861973418627,4.0,0.4149474868717179,2025,10
"Shreveport, LA",2025-11-01,63225,58776,2,2,7.331768729124415,7.331768729124415,5.0,7.569416088199265,2025,11
"Shreveport, LA",2025-12-01,76106,70638,2,2,7.662464927900266,7.662464927900266,4.0,7.740876015742234,2025,12
"Shreveport, LA",2026-01-01,40050,41615,2,2,-3.74736834539351,-3.74736834539351,5.0,-3.7606632223957708,2026,1
"Shreveport, LA",2026-02-01,39998,35339,2,2,13.48878728430665,13.48878728430665,4.0,13.183734684060102,2026,2
"Shreveport, LA",2026-03-01,47401,43225,2,2,9.707916116107375,9.707916116107375,4.0,9.661075766338923,2026,3
"Shreveport, LA",2026-04-01,39765,41400,2,2,-3.95077614770167,-3.95077614770167,4.0,-3.949275362318841,2026,4
"Shreveport, LA",2026-05-01,49632,52045,2,2,-4.6051648449580815,-4.6051648449580815,5.0,-4.636372370064367,2026,5
"Shreveport, LA",2026-06-01,42127,42161,2,2,0.05937697563241695,0.05937697563241695,4.0,-0.08064324849979838,2026,6
"Shreveport, LA",2026-07-01,40791,41300,2,2,-1.182096881690636,-1.182096881690636,4.0,-1.2324455205811138,2026,7
"Shreveport, LA",2026-08-01,42070,41017,2,2,2.5748821678170213,2.5748821678170213,3.0,2.5672282224443523,2026,8
"Sioux Falls(Mitchell), SD",2024-02-01,15682,14191,1,1,10.506659150165598,10.506659150165598,3.0,10.506659150165598,2024,2
"Sioux Falls(Mitchell), SD",2024-03-01,28101,25027,1,1,12.282734646581691,12.282734646581691,5.0,12.282734646581691,2024,3
"Sioux Falls(Mitchell), SD",2024-04-01,20898,19844,1,1,5.311429147349324,5.311429147349324,4.0,5.311429147349324,2024,4
"Sioux Falls(Mitchell), SD",2024-05-01,22828,21993,1,1,3.796662574455509,3.796662574455509,4.0,3.796662574455509,2024,5
"Sioux Falls(Mitchell), SD",2024-06-01,30575,29711,1,1,2.9080138669179765,2.9080138669179765,5.0,2.9080138669179765,2024,6
"Sioux Falls(Mitchell), SD",2024-07-01,25340,23091,1,1,9.739725434151834,9.739725434151834,4.0,9.739725434151834,2024,7
"Sioux Falls(Mitchell), SD",2024-08-01,41689,38303,1,1,8.840038639271075,8.840038639271075,5.0,8.840038639271075,2024,8
"Sioux Falls(Mitchell), SD",2024-09-01,23186,22009,1,1,5.347812258621473,5.347812258621473,4.0,5.347812258621473,2024,9
"Sioux Falls(Mitchell), SD",2024-10-01,26493,24800,1,1,6.826612903225807,6.826612903225807,4.0,6.826612903225807,2024,10
"Sioux Falls(Mitchell), SD",2024-11-01,37145,33130,1,1,12.118925445215817,12.118925445215817,5.0,12.118925445215817,2024,11
"Sioux Falls(Mitchell), SD",2024-12-01,35850,33350,1,1,7.496251874062969,7.496251874062969,4.0,7.496251874062969,2024,12
"Sioux Falls(Mitchell), SD",2025-01-01,19377,16119,1,1,20.21217197096594,20.21217197096594,4.0,20.21217197096594,2025,1
"Sioux Falls(Mitchell), SD",2025-02-01,19081,20864,1,1,-8.545820552147239,-8.545820552147239,4.0,-8.545820552147239,2025,2
"Sioux Falls(Mitchell), SD",2025-03-01,30649,29361,1,1,4.386771567725895,4.386771567725895,5.0,4.386771567725895,2025,3
"Sioux Falls(Mitchell), SD",2025-04-01,23361,22959,1,1,1.7509473409120606,1.7509473409120606,4.0,1.7509473409120606,2025,4
"Sioux Falls(Mitchell), SD",2025-05-01,27740,26596,1,1,4.301398706572416,4.301398706572416,5.0,4.301398706572416,2025,5
"Sioux Falls(Mitchell), SD",2025-06-01,24984,24261,1,1,2.980091504884382,2.980091504884382,4.0,2.980091504884382,2025,6
"Sioux Falls(Mitchell), SD",2025-07-01,25926,25340,1,1,2.312549329123915,2.312549329123915,4.0,2.312549329123915,2025,7
"Sioux Falls(Mitchell), SD",2025-08-01,35698,34158,1,1,4.50846068270976,4.50846068270976,5.0,4.50846068270976,2025,8
"Sioux Falls(Mitchell), SD",2025-09-01,24095,24563,1,1,-1.905304726621341,-1.905304726621341,4.0,-1.905304726621341,2025,9
"Sioux Falls(Mitchell), SD",2025-10-01,26301,27057,1,1,-2.794101341612152,-2.794101341612152,4.0,-2.794101341612152,2025,10
"Sioux Falls(Mitchell), SD",2025-11-01,34881,35381,1,1,-1.4131878691953308,-1.4131878691953308,5.0,-1.4131878691953308,2025,11
"Sioux Falls(Mitchell), SD",2025-12-01,32146,31197,1,1,3.041959162740007,3.041959162740007,4.0,3.041959162740007,2025,12
"Sioux Falls(Mitchell), SD",2026-01-01,23646,23141,1,1,2.182273886176051,2.182273886176051,5.0,2.182273886176051,2026,1
"Sioux Falls(Mitchell), SD",2026-02-01,20724,17883,1,1,15.886596208689818,15.886596208689818,4.0,15.886596208689818,2026,2
"Sioux Falls(Mitchell), SD",2026-03-01,25748,24192,1,1,6.431878306878307,6.431878306878307,4.0,6.431878306878307,2026,3
"Sioux Falls(Mitchell), SD",2026-04-01,25140,23361,1,1,7.615256196224476,7.615256196224476,4.0,7.615256196224476,2026,4
"Sioux Falls(Mitchell), SD",2026-05-01,32487,31003,1,1,4.786633551591781,4.786633551591781,5.0,4.786633551591781,2026,5
"Sioux Falls(Mitchell), SD",2026-06-01,25734,24163,1,1,6.501676116376277,6.501676116376277,4.0,6.501676116376277,2026,6
"Sioux Falls(Mitchell), SD",2026-07-01,26386,25926,1,1,1.774280644912443,1.774280644912443,4.0,1.774280644912443,2026,7
"Sioux Falls(Mitchell), SD",2026-08-01,22644,22529,1,1,0.5104531936615029,0.5104531936615029,3.0,0.5104531936615029,2026,8
"South Bend-Elkhart, IN",2024-04-01,1078,0,1,1,,,1.0,,2024,4
"South Bend-Elkhart, IN",2024-11-01,1071,0,1,1,,,1.0,,2024,11
"South Bend-Elkhart, IN",2024-12-01,3332,0,1,1,,,1.0,,2024,12
"South Bend-Elkhart, IN",2025-01-01,3480,4383,1,1,-20.602327173169062,-20.602327173169062,1.0,-20.602327173169062,2025,1
"South Bend-Elkhart, IN",2025-02-01,21302,24432,1,1,-12.811067452521282,-12.811067452521282,4.0,-12.811067452521282,2025,2
"South Bend-Elkhart, IN",2025-03-01,34723,34991,1,1,-0.7659112343173959,-0.7659112343173959,5.0,-0.7659112343173959,2025,3
"South Bend-Elkhart, IN",2025-04-01,27108,24350,3,3,4.295687885010267,4.295687885010267,2.0,11.326488706365504,2025,4
"South Bend-Elkhart, IN",2025-05-01,29482,29802,1,1,-1.0737534393664854,-1.0737534393664854,5.0,-1.0737534393664854,2025,5
"South Bend-Elkhart, IN",2025-06-01,7857,7767,1,1,1.1587485515643106,1.1587485515643106,2.0,1.1587485515643106,2025,6
"South Bend-Elkhart, IN",2025-07-01,16542,16369,1,1,1.0568758018205142,1.0568758018205142,3.0,1.0568758018205142,2025,7
"South Bend-Elkhart, IN",2025-08-01,41632,41262,1,1,0.8967088362173428,0.8967088362173428,5.0,0.8967088362173428,2025,8
"South Bend-Elkhart, IN",2025-09-01,29838,28487,1,1,4.74251412925194,4.74251412925194,4.0,4.74251412925194,2025,9
"South Bend-Elkhart, IN",2025-10-01,31727,30602,1,1,3.6762303117443302,3.6762303117443302,4.0,3.6762303117443302,2025,10
"South Bend-Elkhart, IN",2025-11-01,44662,43134,1,1,3.5424491120693653,3.5424491120693653,5.0,3.5424491120693653,2025,11
"South Bend-Elkhart, IN",2025-12-01,42749,39878,2,2,3.7715030844074424,3.7715030844074424,2.5,7.199458347961282,2025,12
"South Bend-Elkhart, IN",2026-01-01,47493,48334,3,3,-3.448977381453048,-6.090373280943026,3.6666666666666665,-1.73997600033103,2026,1
"South Bend-Elkhart, IN",2026-02-01,50391,44828,2,2,13.085140160339927,13.085140160339927,4.0,12.409654680110645,2026,2
"South Bend-Elkhart, IN",2026-03-01,56630,57849,3,3,0.2539682554706119,1.9484954401189185,3.0,-2.1072101505644003,2026,3
"South Bend-Elkhart, IN",2026-04-01,67284,66580,3,3,0.11657706903818459,-1.1636608545985183,4.0,1.057374586963052,2026,4
"South Bend-Elkhart, IN",2026-05-01,83016,82353,3,3,0.19233127071675696,0.45778070422976835,5.0,0.8050708535208189,2026,5
"South Bend-Elkhart, IN",2026-06-01,71217,68312,3,3,2.9445265881744613,4.438736750714466,4.0,4.252547136667057,2026,6
"South Bend-Elkhart, IN",2026-07-01,57875,58185,3,3,-1.0080196755159452,-1.5243290946287456,3.6666666666666665,-0.5327833634098136,2026,7
"South Bend-Elkhart, IN",2026-08-01,62282,60562,3,3,2.3415923379644217,0.5162864920679621,3.0,2.8400647270565704,2026,8
"Spokane, WA",2024-02-01,19614,21499,2,2,-9.537023846336755,-9.537023846336755,3.0,-8.767849667426391,2024,2
"Spokane, WA",2024-03-01,39542,39778,2,2,-0.6905110930090435,-0.6905110930090435,5.0,-0.5932927749006989,2024,3
"Spokane, WA",2024-04-01,23860,26688,2,2,-10.617305666439634,-10.617305666439634,4.0,-10.59652278177458,2024,4
"Spokane, WA",2024-05-01,27301,30625,2,2,-10.814728015695875,-10.814728015695875,4.0,-10.853877551020407,2024,5
"Spokane, WA",2024-06-01,37577,40492,2,2,-7.155814259765023,-7.155814259765023,5.0,-7.198952879581152,2024,6
"Spokane, WA",2024-07-01,27840,30041,2,2,-7.029455564193452,-7.029455564193452,4.0,-7.32665357344962,2024,7
"Spokane, WA",2024-08-01,53556,56959,2,2,-6.20676879427382,-6.20676879427382,5.0,-5.974472866447796,2024,8
"Spokane, WA",2024-09-01,30874,34931,2,2,-11.32364613431257,-11.32364613431257,4.0,-11.614325384329106,2024,9
"Spokane, WA",2024-10-01,25053,25468,2,2,-1.6504969194213963,-1.6504969194213963,3.5,-1.6294958379142452,2024,10
"Spokane, WA",2024-11-01,39168,37338,2,2,5.535271180432471,5.535271180432471,5.0,4.901173067652258,2024,11
"Spokane, WA",2024-12-01,40961,39524,2,2,4.304500765002471,4.304500765002471,4.0,3.6357656107681406,2024,12
"Spokane, WA",2025-01-01,20680,18990,2,2,9.014532451670343,9.014532451670343,4.0,8.89942074776198,2025,1
"Spokane, WA",2025-02-01,16675,18718,2,2,-10.499844619820866,-10.499844619820866,4.0,-10.914627631157176,2025,2
"Spokane, WA",2025-03-01,35291,36222,2,2,-2.133114745705932,-2.133114745705932,5.0,-2.5702611672464246,2025,3
"Spokane, WA",2025-04-01,26847,26567,2,2,0.8347459021883923,0.8347459021883923,4.0,1.0539390973764444,2025,4
"Spokane, WA",2025-05-01,20222,20388,2,2,-0.43235641132239283,-0.43235641132239283,3.0,-0.814204433980773,2025,5
"Spokane, WA",2025-06-01,3858,4003,1,1,-3.6222832875343496,-3.6222832875343496,1.0,-3.6222832875343496,2025,6
"Spokane, WA",2025-10-01,11748,8207,1,1,43.146094797124405,43.146094797124405,3.0,43.146094797124405,2025,10
"Spokane, WA",2025-11-01,13822,11056,1,1,25.01808972503618,25.01808972503618,5.0,25.01808972503618,2025,11
"Spokane, WA",2025-12-01,21120,16154,2,2,-31.339401820546165,-31.339401820546165,2.5,30.741611984647765,2025,12
"Spokane, WA",2026-01-01,18900,13745,1,1,37.50454710803929,37.50454710803929,5.0,37.50454710803929,2026,1
"Spokane, WA",2026-02-01,9657,6328,1,1,52.60745891276864,52.60745891276864,3.0,52.60745891276864,2026,2
"Spokane, WA",2026-03-01,15746,11807,1,1,33.36156517320234,33.36156517320234,4.0,33.36156517320234,2026,3
"Spokane, WA",2026-04-01,17173,12909,1,1,33.03121852970796,33.03121852970796,4.0,33.03121852970796,2026,4
"Spokane, WA",2026-05-01,20909,18901,2,2,17.824212123740715,17.824212123740715,3.0,10.62377651976086,2026,5
"Spokane, WA",2026-06-01,11095,9581,1,1,15.802108339421771,15.802108339421771,4.0,15.802108339421771,2026,6
"Spokane, WA",2026-07-01,7187,7121,1,1,0.9268361185226793,0.9268361185226793,4.0,0.9268361185226793,2026,7
"Springfield, MO",2024-02-01,30087,28704,2,2,4.805631976188822,4.805631976188822,3.0,4.81814381270903,2024,2
"Springfield, MO",2024-03-01,38772,35445,2,2,8.368486943022026,8.368486943022026,5.0,9.386373254337705,2024,3
"Springfield, MO",2024-04-01,22718,25675,2,2,-14.201058509472343,-14.201058509472343,4.0,-11.517039922103214,2024,4
"Springfield, MO",2024-05-01,28793,28653,2,2,1.8309955251676358,1.8309955251676358,4.0,0.48860503263183613,2024,5
"Springfield, MO",2024-06-01,27274,27636,2,2,-1.4279102907294203,-1.4279102907294203,3.5,-1.3098856563902157,2024,6
"Springfield, MO",2024-07-01,20235,20747,1,1,-2.4678266737359618,-2.4678266737359618,4.0,-2.4678266737359618,2024,7
"Springfield, MO",2024-08-01,72278,78279,2,2,-7.755669497280692,-7.755669497280692,5.0,-7.666168448753817,2024,8
"Springfield, MO",2024-09-01,26208,27694,2,2,-7.761338455927495,-7.761338455927495,3.0,-5.3657832021376475,2024,9
"Springfield, MO",2024-10-01,25178,28331,2,2,-12.083575595032045,-12.083575595032045,3.5,-11.129151812502206,2024,10
"Springfield, MO",2024-11-01,48389,49509,2,2,-2.235883530533448,-2.235883530533448,5.0,-2.262214950817023,2024,11
"Springfield, MO",2024-12-01,65083,64583,2,2,0.967475793201789,0.967475793201789,4.0,0.7741975442453897,2024,12
"Springfield, MO",2025-01-01,26937,27554,2,2,-2.2020860415715173,-2.2020860415715173,4.0,-2.239239311896639,2025,1
"Springfield, MO",2025-02-01,30690,39983,2,2,-23.231115361561763,-23.231115361561763,4.0,-23.242378010654527,2025,2
"Springfield, MO",2025-03-01,32482,34159,2,2,-5.142328073797193,-5.142328073797193,4.0,-4.909394303111918,2025,3
"Springfield, MO",2025-04-01,26461,25836,2,2,0.8762254536637908,0.8762254536637908,4.0,2.419105124632296,2025,4
"Springfield, MO",2025-05-01,28199,29603,2,2,-6.571362884492509,-6.571362884492509,4.5,-4.742762557848867,2025,5
"Springfield, MO",2025-06-01,23639,25226,2,2,-6.976244763679745,-6.976244763679745,3.5,-6.291128201062396,2025,6
"Springfield, MO",2025-07-01,21118,21316,2,2,-2.6910210723092707,-2.6910210723092707,2.5,-0.9288797147682493,2025,7
"Springfield, MO",2025-08-01,66681,67505,2,2,-1.4328557000489555,-1.4328557000489555,5.0,-1.2206503221983558,2025,8
"Springfield, MO",2025-09-01,38587,40104,2,2,-3.847601694684223,-3.847601694684223,4.0,-3.7826650708158787,2025,9
"Springfield, MO",2025-10-01,41457,44308,2,2,-6.643940644978651,-6.643940644978651,4.0,-6.4345039270560624,2025,10
"Springfield, MO",2025-11-01,62613,62977,2,2,-0.7208102231165465,-0.7208102231165465,5.0,-0.5779887895580926,2025,11
"Springfield, MO",2025-12-01,68553,69856,2,2,-1.8665035088388215,-1.8665035088388215,4.0,-1.8652656894182318,2025,12
"Springfield, MO",2026-01-01,41678,40242,2,2,3.6820857485678604,3.6820857485678604,5.0,3.5684111127677554,2026,1
"Springfield, MO",2026-02-01,33934,30608,2,2,10.632437683299578,10.632437683299578,4.0,10.866440146366962,2026,2
"Springfield, MO",2026-03-01,34311,33027,2,2,2.8805697903385052,2.8805697903385052,3.5,3.8877282223635206,2026,3
"Springfield, MO",2026-04-01,37670,38297,2,2,-1.3923486732779062,-1.3923486732779062,4.0,-1.637203958534611,2026,4
"Springfield, MO",2026-05-01,46827,46390,2,2,1.110967593871327,1.110967593871327,5.0,0.9420133649493425,2026,5
"Springfield, MO",2026-06-01,39024,37092,2,2,5.389978883139763,5.389978883139763,4.0,5.208670333225494,2026,6
"Springfield, MO",2026-07-01,36690,35747,2,2,2.668069701481082,2.668069701481082,4.0,2.6379836070159732,2026,7
"Springfield, MO",2026-08-01,43505,44972,2,2,-2.9868209584216925,-2.9868209584216925,3.0,-3.2620297073734768,2026,8
"Springfield-Holyoke, MA",2024-02-01,30799,27621,1,1,11.505738387458818,11.505738387458818,3.0,11.505738387458818,2024,2
"Springfield-Holyoke, MA",2024-03-01,45735,42855,1,1,6.72033601680084,6.72033601680084,5.0,6.72033601680084,2024,3
"Springfield-Holyoke, MA",2024-04-01,27743,27011,1,1,2.710007034171263,2.710007034171263,4.0,2.710007034171263,2024,4
"Springfield-Holyoke, MA",2024-05-01,34128,32474,1,1,5.093305413561619,5.093305413561619,4.0,5.093305413561619,2024,5
"Springfield-Holyoke, MA",2024-06-01,43517,42834,1,1,1.5945277116309473,1.5945277116309473,5.0,1.5945277116309473,2024,6
"Springfield-Holyoke, MA",2024-07-01,35735,36306,1,1,-1.572742797333774,-1.572742797333774,4.0,-1.572742797333774,2024,7
"Springfield-Holyoke, MA",2024-08-01,63682,63620,1,1,0.09745363093366866,0.09745363093366866,5.0,0.09745363093366866,2024,8
"Springfield-Holyoke, MA",2024-09-01,29578,31546,1,1,-6.238508844227477,-6.238508844227477,4.0,-6.238508844227477,2024,9
"Springfield-Holyoke, MA",2024-10-01,29468,30569,1,1,-3.6016879845595215,-3.6016879845595215,4.0,-3.6016879845595215,2024,10
"Springfield-Holyoke, MA",2024-11-01,43750,48815,1,1,-10.375909044351122,-10.375909044351122,5.0,-10.375909044351122,2024,11
"Springfield-Holyoke, MA",2024-12-01,59747,60215,1,1,-0.7772149796562319,-0.7772149796562319,4.0,-0.7772149796562319,2024,12
"Springfield-Holyoke, MA",2025-01-01,28301,28152,1,1,0.5292696788860473,0.5292696788860473,4.0,0.5292696788860473,2025,1
"Springfield-Holyoke, MA",2025-02-01,7624,8083,1,1,-5.678584683904491,-5.678584683904491,1.0,-5.678584683904491,2025,2
"Springfield-Holyoke, MA",2025-04-01,1277,0,1,1,,,1.0,,2025,4
"Springfield-Holyoke, MA",2025-05-01,8065,9024,1,1,-10.627216312056738,-10.627216312056738,4.0,-10.627216312056738,2025,5
"Springfield-Holyoke, MA",2025-06-01,3962,4585,1,1,-13.587786259541984,-13.587786259541984,3.0,-13.587786259541984,2025,6
"Springfield-Holyoke, MA",2025-07-01,9067,11883,1,1,-23.69771943112009,-23.69771943112009,2.0,-23.69771943112009,2025,7
"Springfield-Holyoke, MA",2025-08-01,27330,35651,1,1,-23.34015876132507,-23.34015876132507,4.0,-23.34015876132507,2025,8
"Springfield-Holyoke, MA",2025-09-01,20908,25769,1,1,-18.863751018665837,-18.863751018665837,4.0,-18.863751018665837,2025,9
"Springfield-Holyoke, MA",2025-10-01,23092,29417,1,1,-21.50117279124316,-21.50117279124316,4.0,-21.50117279124316,2025,10
"Springfield-Holyoke, MA",2025-11-01,21275,26415,1,1,-19.458640923717585,-19.458640923717585,5.0,-19.458640923717585,2025,11
"Springfield-Holyoke, MA",2025-12-01,24167,30377,2,2,-31.194653849952264,-31.194653849952264,2.5,-20.44309839681338,2025,12
"Springfield-Holyoke, MA",2026-01-01,22167,34070,1,1,-34.93689462870561,-34.93689462870561,5.0,-34.93689462870561,2026,1
"Springfield-Holyoke, MA",2026-04-01,370,1298,1,1,-71.49460708782742,-71.49460708782742,1.0,-71.49460708782742,2026,4
"Springfield-Holyoke, MA",2026-05-01,26010,28991,1,1,-10.282501465972198,-10.282501465972198,4.0,-10.282501465972198,2026,5
"Springfield-Holyoke, MA",2026-06-01,30206,31720,1,1,-4.773013871374527,-4.773013871374527,4.0,-4.773013871374527,2026,6
"Springfield-Holyoke, MA",2026-07-01,27000,29549,1,1,-8.626349453450201,-8.626349453450201,4.0,-8.626349453450201,2026,7
"Springfield-Holyoke, MA",2026-08-01,22435,24180,1,1,-7.2167080231596366,-7.2167080231596366,3.0,-7.2167080231596366,2026,8
"St. Louis, MO",2024-02-01,50649,52817,5,5,-5.4203154813198795,-6.037813966326249,3.0,-4.104739004487191,2024,2
"St. Louis, MO",2024-03-01,92628,86946,5,5,5.195752241690137,4.972778325545505,5.0,6.535090745980264,2024,3
"St. Louis, MO",2024-04-01,58211,61313,5,5,-7.382093108109503,-6.5011037527593825,4.0,-5.059285958932038,2024,4
"St. Louis, MO",2024-05-01,75139,72143,5,5,0.5934140770120362,4.977768137945993,3.6,4.152863063637498,2024,5
"St. Louis, MO",2024-06-01,90065,87233,5,5,2.4173103377090883,0.5708124563962707,4.4,3.246477823759357,2024,6
"St. Louis, MO",2024-07-01,67457,67465,4,4,-0.14748724884980968,0.11354954972025753,4.0,-0.011858000444675018,2024,7
"St. Louis, MO",2024-08-01,119682,120103,5,5,-3.8710504112179485,-1.5361776286064674,4.2,-0.35053245963881,2024,8
"St. Louis, MO",2024-09-01,63008,64225,4,4,-1.9174028970776542,-1.4183347474599743,4.0,-1.894900739587388,2024,9
"St. Louis, MO",2024-10-01,62718,63109,4,4,-0.7670061889615685,0.7611523976325416,4.0,-0.6195629783390642,2024,10
"St. Louis, MO",2024-11-01,101861,102209,4,4,-0.6947790248248717,1.7766273167033595,5.0,-0.340478822804254,2024,11
"St. Louis, MO",2024-12-01,115738,115665,4,4,-0.013797719886254334,-0.7506469617754781,4.0,0.06311330134439977,2024,12
"St. Louis, MO",2025-01-01,59006,58189,5,5,5.729133525904376,-0.3065347638288978,3.8,1.4040454381412295,2025,1
"St. Louis, MO",2025-02-01,55182,65131,5,5,-12.303146807274958,-11.841735513966166,4.0,-15.275368104282139,2025,2
"St. Louis, MO",2025-03-01,92606,94676,5,5,3.1849317188684907,-2.5584640757812833,4.8,-2.1864041573366007,2025,3
"St. Louis, MO",2025-04-01,70916,68390,5,5,14.037782568116517,2.8334235697527523,3.8,3.6935224448018715,2025,4
"St. Louis, MO",2025-05-01,81470,84362,5,5,6.627831893261815,-1.6009568937755898,4.2,-3.4280837343827786,2025,5
"St. Louis, MO",2025-06-01,68732,73121,5,5,0.36974592500070536,-3.799800010525762,3.6,-6.00237961734659,2025,6
"St. Louis, MO",2025-07-01,75847,69613,4,4,9.413368944899414,7.678753776534451,4.0,8.955223880597014,2025,7
"St. Louis, MO",2025-08-01,105503,102863,5,5,16.44261411046349,2.3297850974091183,4.2,2.5665205175816377,2025,8
"St. Louis, MO",2025-09-01,64706,64956,4,4,-0.4906007110878472,-0.10844067733016022,4.0,-0.38487591600468013,2025,9
"St. Louis, MO",2025-10-01,61921,64126,4,4,-3.3356120388270307,-3.9146675645156455,4.0,-3.4385428687271937,2025,10
"St. Louis, MO",2025-11-01,100697,96229,4,4,5.548968099805517,5.151789612806178,5.0,4.643090960105582,2025,11
"St. Louis, MO",2025-12-01,114195,110931,4,4,2.963668168480927,3.3916584161000474,4.0,2.9423695810909485,2025,12
"St. Louis, MO",2026-01-01,75968,74420,5,5,1.8735597706023168,5.297341181246194,4.8,2.0800859983875304,2026,1
"St. Louis, MO",2026-02-01,77251,68441,5,5,13.283804357792368,14.120922832140014,4.0,12.872401046156542,2026,2
"St. Louis, MO",2026-03-01,93974,93120,5,5,1.110816937004539,1.3139588808162004,4.0,0.9170962199312716,2026,3
"St. Louis, MO",2026-04-01,84395,86511,5,5,-2.745387962106977,-2.0629750271444083,4.0,-2.445931731224931,2026,4
"St. Louis, MO",2026-05-01,100265,108404,5,5,-7.3727133556752,-8.46175857417324,5.0,-7.508025534113133,2026,5
"St. Louis, MO",2026-06-01,79918,84603,5,5,-5.265521178140138,-4.54673344212481,4.0,-5.537628689289978,2026,6
"St. Louis, MO",2026-07-01,73003,84126,5,5,-14.531956597237883,-10.53968253968254,3.8,-13.221833915792978,2026,7
"St. Louis, MO",2026-08-01,49383,57846,4,4,-14.70582577140531,-12.783378210380022,2.75,-14.630225080385854,2026,8
"Syracuse, NY",2024-02-01,23386,22251,2,2,4.948166082576169,4.948166082576169,3.0,5.100894341827333,2024,2
"Syracuse, NY",2024-03-01,38806,38766,2,2,-0.21711757493949868,-0.21711757493949868,5.0,0.10318320177475106,2024,3
"Syracuse, NY",2024-04-01,32013,33089,2,2,-3.6493139146854983,-3.6493139146854983,4.0,-3.2518359575689804,2024,4
"Syracuse, NY",2024-05-01,33542,32326,2,2,3.4362049021071135,3.4362049021071135,4.0,3.761677906329271,2024,5
"Syracuse, NY",2024-06-01,43771,43004,2,2,1.218830397529956,1.218830397529956,5.0,1.7835550181378477,2024,6
"Syracuse, NY",2024-07-01,33400,32396,2,2,2.650962607966988,2.650962607966988,4.0,3.0991480429682676,2024,7
"Syracuse, NY",2024-08-01,60949,58631,2,2,3.6935550782065296,3.6935550782065296,5.0,3.9535399362112194,2024,8
"Syracuse, NY",2024-09-01,36699,36969,2,2,-1.1283986278504874,-1.1283986278504874,4.0,-0.7303416375882497,2024,9
"Syracuse, NY",2024-10-01,32158,31001,2,2,2.9563092694627158,2.9563092694627158,4.0,3.732137672978291,2024,10
"Syracuse, NY",2024-11-01,50501,48282,2,2,4.1053314274869255,4.1053314274869255,5.0,4.595915662151526,2024,11
"Syracuse, NY",2024-12-01,53721,48856,2,2,9.3263324434123,9.3263324434123,4.0,9.95783527100049,2024,12
"Syracuse, NY",2025-01-01,27280,24987,2,2,7.857540798717269,7.857540798717269,4.0,9.176771921399128,2025,1
"Syracuse, NY",2025-02-01,26093,29973,2,2,-14.294217377546724,-14.294217377546724,4.0,-12.944983818770226,2025,2
"Syracuse, NY",2025-03-01,42588,40396,2,2,4.968035172872401,4.968035172872401,5.0,5.4262798296861074,2025,3
"Syracuse, NY",2025-04-01,35064,32136,3,3,4.330521800893694,4.330521800893694,3.0,9.111277072442121,2025,4
"Syracuse, NY",2025-05-01,40629,39781,2,2,1.8925609023778527,1.8925609023778527,5.0,2.131670898167467,2025,5
"Syracuse, NY",2025-06-01,35140,34832,2,2,0.7701504193769256,0.7701504193769256,4.0,0.8842443729903537,2025,6
"Syracuse, NY",2025-07-01,35389,33400,2,2,5.485096158536152,5.485096158536152,4.0,5.955089820359281,2025,7
"Syracuse, NY",2025-08-01,38224,36065,2,2,5.2670271813055,5.2670271813055,4.0,5.986413420213504,2025,8
"Syracuse, NY",2025-09-01,16999,14836,1,1,14.579401455918036,14.579401455918036,4.0,14.579401455918036,2025,9
"Syracuse, NY",2025-10-01,17195,14413,1,1,19.302019010615417,19.302019010615417,4.0,19.302019010615417,2025,10
"Syracuse, NY",2025-11-01,24840,21537,1,1,15.336397826995404,15.336397826995404,5.0,15.336397826995404,2025,11
"Syracuse, NY",2025-12-01,26944,21265,2,2,12.193745591347284,12.193745591347284,2.5,26.70585469080649,2025,12
"Syracuse, NY",2026-01-01,13634,12449,1,1,9.518836854365812,9.518836854365812,5.0,9.518836854365812,2026,1
"Syracuse, NY",2026-02-01,12786,10821,1,1,18.15913501524813,18.15913501524813,4.0,18.15913501524813,2026,2
"Syracuse, NY",2026-03-01,21141,21011,2,2,-2.776176512131686,-2.776176512131686,2.5,0.6187235257722146,2026,3
"Syracuse, NY",2026-04-01,43545,41236,2,2,4.447923745260544,4.447923745260544,4.0,5.599476185857019,2026,4
"Syracuse, NY",2026-05-01,56754,55192,2,2,1.840583150953368,1.840583150953368,5.0,2.830120307290912,2026,5
"Syracuse, NY",2026-06-01,42323,41740,2,2,0.46385576174043264,0.46385576174043264,4.0,1.396741734547197,2026,6
"Syracuse, NY",2026-07-01,43405,42050,2,2,3.0095404278076936,3.0095404278076936,4.0,3.2223543400713437,2026,7
"Syracuse, NY",2026-08-01,39775,38818,2,2,0.7364658581840517,0.7364658581840517,3.0,2.465351125766397,2026,8
"Tallahassee, FL-Thomasville, GA",2024-02-01,16509,16228,1,1,1.7315750554596991,1.7315750554596991,3.0,1.7315750554596991,2024,2
"Tallahassee, FL-Thomasville, GA",2024-03-01,28989,27126,1,1,6.867949568679496,6.867949568679496,5.0,6.867949568679496,2024,3
"Tallahassee, FL-Thomasville, GA",2024-04-01,17560,17933,1,1,-2.079964311604305,-2.079964311604305,4.0,-2.079964311604305,2024,4
"Tallahassee, FL-Thomasville, GA",2024-05-01,19727,18312,1,1,7.7271734381826125,7.7271734381826125,4.0,7.7271734381826125,2024,5
"Tallahassee, FL-Thomasville, GA",2024-06-01,25734,23723,1,1,8.477005437760823,8.477005437760823,5.0,8.477005437760823,2024,6
"Tallahassee, FL-Thomasville, GA",2024-07-01,22452,21191,1,1,5.950639422396301,5.950639422396301,4.0,5.950639422396301,2024,7
"Tallahassee, FL-Thomasville, GA",2024-08-01,32436,29194,1,1,11.105021579776666,11.105021579776666,5.0,11.105021579776666,2024,8
"Tallahassee, FL-Thomasville, GA",2024-09-01,17140,16572,1,1,3.4274680183441952,3.4274680183441952,4.0,3.4274680183441952,2024,9
"Tallahassee, FL-Thomasville, GA",2024-10-01,22938,21158,1,1,8.412893468191701,8.412893468191701,4.0,8.412893468191701,2024,10
"Tallahassee, FL-Thomasville, GA",2024-11-01,29985,27002,1,1,11.04732982742019,11.04732982742019,5.0,11.04732982742019,2024,11
"Tallahassee, FL-Thomasville, GA",2024-12-01,39804,36968,1,1,7.671499675394935,7.671499675394935,4.0,7.671499675394935,2024,12
"Tallahassee, FL-Thomasville, GA",2025-01-01,21479,19904,1,1,7.912982315112541,7.912982315112541,4.0,7.912982315112541,2025,1
"Tallahassee, FL-Thomasville, GA",2025-02-01,20331,21612,1,1,-5.927262631871183,-5.927262631871183,4.0,-5.927262631871183,2025,2
"Tallahassee, FL-Thomasville, GA",2025-03-01,27285,28989,1,1,-5.878091689951361,-5.878091689951361,5.0,-5.878091689951361,2025,3
"Tallahassee, FL-Thomasville, GA",2025-04-01,22327,19717,1,1,13.237307906882387,13.237307906882387,4.0,13.237307906882387,2025,4
"Tallahassee, FL-Thomasville, GA",2025-05-01,23843,21816,1,1,9.291345801246791,9.291345801246791,5.0,9.291345801246791,2025,5
"Tallahassee, FL-Thomasville, GA",2025-06-01,19987,20183,1,1,-0.9711143041173265,-0.9711143041173265,4.0,-0.9711143041173265,2025,6
"Tallahassee, FL-Thomasville, GA",2025-07-01,21818,21665,1,1,0.70620816985922,0.70620816985922,4.0,0.70620816985922,2025,7
"Tallahassee, FL-Thomasville, GA",2025-08-01,31060,31016,1,1,0.1418622646376064,0.1418622646376064,5.0,0.1418622646376064,2025,8
"Tallahassee, FL-Thomasville, GA",2025-09-01,17932,18230,1,1,-1.6346681294569392,-1.6346681294569392,4.0,-1.6346681294569392,2025,9
"Tallahassee, FL-Thomasville, GA",2025-10-01,22603,24604,1,1,-8.132823931068119,-8.132823931068119,4.0,-8.132823931068119,2025,10
"Tallahassee, FL-Thomasville, GA",2025-11-01,35165,33818,1,1,3.9830859305695197,3.9830859305695197,5.0,3.9830859305695197,2025,11
"Tallahassee, FL-Thomasville, GA",2025-12-01,33923,34247,1,1,-0.9460682687534675,-0.9460682687534675,4.0,-0.9460682687534675,2025,12
"Tallahassee, FL-Thomasville, GA",2026-01-01,28141,27982,1,1,0.568222428704167,0.568222428704167,5.0,0.568222428704167,2026,1
"Tallahassee, FL-Thomasville, GA",2026-02-01,20705,19144,1,1,8.153990806519014,8.153990806519014,4.0,8.153990806519014,2026,2
"Tallahassee, FL-Thomasville, GA",2026-03-01,24545,22338,1,1,9.880025069388486,9.880025069388486,4.0,9.880025069388486,2026,3
"Tallahassee, FL-Thomasville, GA",2026-04-01,22451,23103,1,1,-2.822144310262736,-2.822144310262736,4.0,-2.822144310262736,2026,4
"Tallahassee, FL-Thomasville, GA",2026-05-01,28588,27713,1,1,3.1573629704470827,3.1573629704470827,5.0,3.1573629704470827,2026,5
"Tallahassee, FL-Thomasville, GA",2026-06-01,22665,21471,1,1,5.560989241302221,5.560989241302221,4.0,5.560989241302221,2026,6
"Tallahassee, FL-Thomasville, GA",2026-07-01,21966,21185,1,1,3.6865706868067027,3.6865706868067027,4.0,3.6865706868067027,2026,7
"Tallahassee, FL-Thomasville, GA",2026-08-01,20417,20313,1,1,0.5119873972332989,0.5119873972332989,3.0,0.5119873972332989,2026,8
Tampa,2024-02-01,249742,251569,12,12,-0.8110020927944621,-0.16909161540415815,3.0,-0.7262421045518327,2024,2
Tampa,2024-03-01,456649,445828,13,13,2.3809699637488055,4.181271216846521,4.923076923076923,2.427169222211256,2024,3
Tampa,2024-04-01,301983,301764,18,18,-2.7571280699728535,-0.10859844129296027,3.111111111111111,0.07257326917723785,2024,4
Tampa,2024-05-01,373344,358626,13,13,3.5575361407180335,4.187262551574819,4.0,4.103996921584046,2024,5
Tampa,2024-06-01,401122,388500,13,13,2.575751274909792,3.0441978457280845,4.769230769230769,3.248906048906049,2024,6
Tampa,2024-07-01,311710,310348,12,12,-0.21705460857322678,0.19074209856287505,4.0,0.4388621805199324,2024,7
Tampa,2024-08-01,473682,443083,12,12,5.571367035511898,2.8017095041479245,4.833333333333333,6.905929588812931,2024,8
Tampa,2024-09-01,292909,288268,12,12,-0.09716218136384008,-0.13569523854278218,4.0,1.6099601759473823,2024,9
Tampa,2024-10-01,226437,257270,12,12,-16.347511231430797,-10.36689817107466,3.3333333333333335,-11.984685350021378,2024,10
Tampa,2024-11-01,474377,432588,18,18,5.211673212830943,6.941941790840934,3.2777777777777777,9.66023098190426,2024,11
Tampa,2024-12-01,607816,575162,18,18,1.111953323564094,3.220106484387715,3.1666666666666665,5.67735698811813,2024,12
Tampa,2025-01-01,434527,391379,18,18,13.840076228031755,12.049378346647291,3.4444444444444446,11.024607860922533,2025,1
Tampa,2025-02-01,480001,488028,19,19,-2.008876141685824,-3.384681368168984,3.9473684210526314,-1.644782676403813,2025,2
Tampa,2025-03-01,674434,683709,19,19,-2.210089692066269,-2.363736754923356,5.0,-1.3565712898323703,2025,3
Tampa,2025-04-01,499211,473980,20,20,191.80696282951686,2.3472714179572103,3.85,5.323220389045951,2025,4
Tampa,2025-05-01,605905,601486,19,19,0.5329384757309701,0.23914704221609592,5.0,0.7346804414400335,2025,5
Tampa,2025-06-01,435528,428570,19,19,1.5828459061939821,-1.5689204333208817,3.736842105263158,1.6235387451291505,2025,6
Tampa,2025-07-01,457173,439466,17,17,3.151358660367387,2.7087769103383015,4.0,4.029208175376479,2025,7
Tampa,2025-08-01,628394,599923,17,17,4.077413584387474,3.1891276230188605,4.9411764705882355,4.745775707882512,2025,8
Tampa,2025-09-01,398840,400994,17,17,-0.7073844510210359,-2.0653826659908767,4.0,-0.5371651446156301,2025,9
Tampa,2025-10-01,409267,383685,18,18,8.190630432922642,6.146936206461967,3.7222222222222223,6.667448558061952,2025,10
Tampa,2025-11-01,686085,732034,20,20,-11.527139442645836,-6.275266325078036,4.6,-6.276894242617146,2025,11
Tampa,2025-12-01,712019,773184,20,20,-13.438298288592067,-9.42389561563554,3.6,-7.910794843142124,2025,12
Tampa,2026-01-01,626616,656137,20,20,-5.162221443630349,-5.3926516936342885,4.7,-4.4992128168355086,2026,1
Tampa,2026-02-01,499071,481794,20,20,3.204861204513582,3.966867660412955,3.85,3.5859724280501624,2026,2
Tampa,2026-03-01,580379,577806,20,20,0.20584199897609898,0.7483037354237618,4.0,0.44530517163200106,2026,3
Tampa,2026-04-01,555858,566037,21,21,4.188104759431216,-2.4233588979738436,3.9047619047619047,-1.798292337780039,2026,4
Tampa,2026-05-01,671204,690221,20,20,-2.864131651185114,-2.2192949411650966,5.0,-2.7552044924741494,2026,5
Tampa,2026-06-01,509869,512084,20,20,-0.30544920952991994,0.009138057454202264,4.0,-0.43254622288530786,2026,6
Tampa,2026-07-01,486486,509416,20,20,-4.4279758157178915,-4.815028291552284,3.85,-4.501232784207799,2026,7
Tampa,2026-08-01,415337,441790,19,19,-6.496303247780798,-6.261110013825795,2.8947368421052633,-5.987686457366622,2026,8
"Terre Haute, IN",2024-02-01,11072,11592,1,1,-4.485852311939269,-4.485852311939269,3.0,-4.485852311939269,2024,2
"Terre Haute, IN",2024-03-01,18438,18010,1,1,2.3764575235980008,2.3764575235980008,5.0,2.3764575235980008,2024,3
"Terre Haute, IN",2024-04-01,12142,13709,1,1,-11.430447151506309,-11.430447151506309,4.0,-11.430447151506309,2024,4
"Terre Haute, IN",2024-05-01,10718,10629,1,1,0.8373318280176875,0.8373318280176875,4.0,0.8373318280176875,2024,5
"Terre Haute, IN",2024-06-01,13804,13707,1,1,0.7076676150871817,0.7076676150871817,5.0,0.7076676150871817,2024,6
"Terre Haute, IN",2024-07-01,11379,12003,1,1,-5.19870032491877,-5.19870032491877,4.0,-5.19870032491877,2024,7
"Terre Haute, IN",2024-08-01,18323,18624,1,1,-1.6161941580756016,-1.6161941580756016,5.0,-1.6161941580756016,2024,8
"Terre Haute, IN",2024-09-01,12017,13541,1,1,-11.254707924082416,-11.254707924082416,4.0,-11.254707924082416,2024,9
"Terre Haute, IN",2024-10-01,14743,16502,1,1,-10.659314022542722,-10.659314022542722,4.0,-10.659314022542722,2024,10
"Terre Haute, IN",2024-11-01,20919,23417,1,1,-10.667463808344365,-10.667463808344365,5.0,-10.667463808344365,2024,11
"Terre Haute, IN",2024-12-01,22617,24025,1,1,-5.860561914672217,-5.860561914672217,4.0,-5.860561914672217,2024,12
"Terre Haute, IN",2025-01-01,9810,11402,1,1,-13.962462725837572,-13.962462725837572,4.0,-13.962462725837572,2025,1
"Terre Haute, IN",2025-02-01,12147,14695,1,1,-17.339231030962914,-17.339231030962914,4.0,-17.339231030962914,2025,2
"Terre Haute, IN",2025-03-01,17887,18325,1,1,-2.3901773533424286,-2.3901773533424286,5.0,-2.3901773533424286,2025,3
"Terre Haute, IN",2025-04-01,9700,9635,1,1,0.6746237675142709,0.6746237675142709,4.0,0.6746237675142709,2025,4
"Terre Haute, IN",2025-05-01,7183,7894,1,1,-9.00684063845959,-9.00684063845959,5.0,-9.00684063845959,2025,5
"Terre Haute, IN",2025-06-01,5236,5533,1,1,-5.36779324055666,-5.36779324055666,4.0,-5.36779324055666,2025,6
"Terre Haute, IN",2025-07-01,4172,4406,1,1,-5.3109396277803,-5.3109396277803,4.0,-5.3109396277803,2025,7
"Terre Haute, IN",2025-08-01,8195,8111,1,1,1.0356306250770557,1.0356306250770557,5.0,1.0356306250770557,2025,8
"Terre Haute, IN",2025-09-01,7066,6626,1,1,6.6405070932689405,6.6405070932689405,3.0,6.6405070932689405,2025,9
"Terre Haute, IN",2025-10-01,8354,8669,1,1,-3.633637097704464,-3.633637097704464,4.0,-3.633637097704464,2025,10
"Terre Haute, IN",2025-11-01,6144,6212,1,1,-1.0946555054732776,-1.0946555054732776,5.0,-1.0946555054732776,2025,11
"Terre Haute, IN",2025-12-01,15010,12510,1,1,19.984012789768187,19.984012789768187,3.0,19.984012789768187,2025,12
"Terre Haute, IN",2026-01-01,15496,13254,1,1,16.91564810623208,16.91564810623208,5.0,16.91564810623208,2026,1
"Terre Haute, IN",2026-02-01,12081,9473,1,1,27.530877230022167,27.530877230022167,4.0,27.530877230022167,2026,2
"Terre Haute, IN",2026-03-01,15039,13832,1,1,8.726142278773857,8.726142278773857,4.0,8.726142278773857,2026,3
"Terre Haute, IN",2026-04-01,11107,9648,1,1,15.122305140961858,15.122305140961858,4.0,15.122305140961858,2026,4
"Terre Haute, IN",2026-05-01,6676,5796,1,1,15.18288474810214,15.18288474810214,5.0,15.18288474810214,2026,5
"Terre Haute, IN",2026-06-01,4186,3763,1,1,11.241031092213658,11.241031092213658,4.0,11.241031092213658,2026,6
"Terre Haute, IN",2026-07-01,2662,2369,1,1,12.368087800759813,12.368087800759813,2.0,12.368087800759813,2026,7
"Terre Haute, IN",2026-08-01,2959,2661,1,1,11.198797444569712,11.198797444569712,3.0,11.198797444569712,2026,8
"Toledo, OH",2024-02-01,29720,29022,2,2,2.403608219808878,2.403608219808878,3.0,2.4050720143339537,2024,2
"Toledo, OH",2024-03-01,56409,49517,2,2,13.991821869304419,13.991821869304419,5.0,13.91845224872266,2024,3
"Toledo, OH",2024-04-01,34480,35970,2,2,-4.058567301878915,-4.058567301878915,4.0,-4.142340839588546,2024,4
"Toledo, OH",2024-05-01,43436,40199,2,2,8.221129881894825,8.221129881894825,4.0,8.052439115400881,2024,5
"Toledo, OH",2024-06-01,52815,51937,2,2,1.8744191358459796,1.8744191358459796,5.0,1.690509655929299,2024,6
"Toledo, OH",2024-07-01,40981,40306,2,2,1.91547355150738,1.91547355150738,4.0,1.6746886319654641,2024,7
"Toledo, OH",2024-08-01,76146,75433,2,2,1.1333716139679413,1.1333716139679413,5.0,0.9452096562512429,2024,8
"Toledo, OH",2024-09-01,36259,39239,2,2,-7.725607104984079,-7.725607104984079,4.0,-7.594485078620759,2024,9
"Toledo, OH",2024-10-01,37258,38146,2,2,-2.9480218264107596,-2.9480218264107596,4.0,-2.3278980758139776,2024,10
"Toledo, OH",2024-11-01,57171,56034,2,2,1.7223583173866817,1.7223583173866817,5.0,2.029125174001499,2024,11
"Toledo, OH",2024-12-01,67541,63820,2,2,5.906980787002226,5.906980787002226,4.0,5.830460670636165,2024,12
"Toledo, OH",2025-01-01,30670,29887,2,2,2.610187676516576,2.610187676516576,4.0,2.6198681701074045,2025,1
"Toledo, OH",2025-02-01,32859,38649,2,2,-14.933886944392153,-14.933886944392153,4.0,-14.980982690367151,2025,2
"Toledo, OH",2025-03-01,53682,56409,2,2,-4.788254917010246,-4.788254917010246,5.0,-4.834334946551082,2025,3
"Toledo, OH",2025-04-01,39282,38255,2,2,2.7803368415580647,2.7803368415580647,4.0,2.6846163900143774,2025,4
"Toledo, OH",2025-05-01,45133,48385,2,2,-6.5405046600168655,-6.5405046600168655,5.0,-6.721091247287382,2025,5
"Toledo, OH",2025-06-01,38385,39782,2,2,-3.47044008025042,-3.47044008025042,4.0,-3.51163842944045,2025,6
"Toledo, OH",2025-07-01,41884,40981,2,2,2.198615741218453,2.198615741218453,4.0,2.203460140064908,2025,7
"Toledo, OH",2025-08-01,67994,66528,2,2,2.190961675915218,2.190961675915218,5.0,2.2035834535834535,2025,8
"Toledo, OH",2025-09-01,39600,38595,2,2,2.58616146083941,2.58616146083941,4.0,2.6039642440730666,2025,9
"Toledo, OH",2025-10-01,44984,44327,2,2,1.6493207214675547,1.6493207214675547,4.0,1.4821666253073746,2025,10
"Toledo, OH",2025-11-01,62672,59309,2,2,5.715895791674189,5.715895791674189,5.0,5.670302989428248,2025,11
"Toledo, OH",2025-12-01,69136,66592,2,2,3.9233310421793166,3.9233310421793166,4.0,3.820278712157617,2025,12
"Toledo, OH",2026-01-01,42308,39545,2,2,7.428670357244805,7.428670357244805,5.0,6.98697686180301,2026,1
"Toledo, OH",2026-02-01,37227,31965,2,2,16.661516546483476,16.661516546483476,4.0,16.46175504458001,2026,2
"Toledo, OH",2026-03-01,45673,41173,2,2,11.017747419752299,11.017747419752299,4.0,10.929492628664415,2026,3
"Toledo, OH",2026-04-01,34831,32096,2,2,9.08278667178785,9.08278667178785,3.5,8.521311066799601,2026,4
"Toledo, OH",2026-05-01,49000,46063,2,2,6.017438867795182,6.017438867795182,5.0,6.376050192128173,2026,5
"Toledo, OH",2026-06-01,41431,38329,2,2,8.071092357379225,8.071092357379225,4.0,8.09308878394949,2026,6
"Toledo, OH",2026-07-01,40920,40294,2,2,1.5729041991778618,1.5729041991778618,4.0,1.5535811783392068,2026,7
"Toledo, OH",2026-08-01,39106,39999,2,2,-2.235068978929528,-2.235068978929528,3.0,-2.232555813895347,2026,8
"Topeka, KS",2024-12-01,31264,31746,1,1,-1.5183015183015183,-1.5183015183015183,4.0,-1.5183015183015183,2024,12
"Topeka, KS",2025-01-01,21436,21404,2,2,-1.2028812478360291,-1.2028812478360291,3.5,0.14950476546439917,2025,1
"Topeka, KS",2025-02-01,25838,31157,2,2,-17.572951122792055,-17.572951122792055,4.0,-17.071605096767982,2025,2
"Topeka, KS",2025-03-01,39694,40505,2,2,-2.294901969507003,-2.294901969507003,5.0,-2.0022219479076657,2025,3
"Topeka, KS",2025-04-01,28184,27914,2,2,0.3902142131578916,0.3902142131578916,4.0,0.9672565737622698,2025,4
"Topeka, KS",2025-05-01,33342,34093,2,2,-1.8014509417105165,-1.8014509417105165,5.0,-2.2027982283753262,2025,5
"Topeka, KS",2025-06-01,27008,27738,2,2,-2.4876158242010997,-2.4876158242010997,4.0,-2.631768692768044,2025,6
"Topeka, KS",2025-07-01,28740,29323,2,2,-1.7678027591103962,-1.7678027591103962,4.0,-1.9882003887733177,2025,7
"Topeka, KS",2025-08-01,36290,36950,2,2,-1.6094422802434298,-1.6094422802434298,4.5,-1.7861975642760486,2025,8
"Topeka, KS",2025-09-01,27882,29563,2,2,-5.799679339541809,-5.799679339541809,4.0,-5.686161756249366,2025,9
"Topeka, KS",2025-10-01,30597,31771,2,2,-3.8346667817808147,-3.8346667817808147,4.0,-3.695193730131252,2025,10
"Topeka, KS",2025-11-01,47261,46448,2,2,1.5957771535304623,1.5957771535304623,5.0,1.7503444712366516,2025,11
"Topeka, KS",2025-12-01,47292,47519,2,2,-0.3526288570303689,-0.3526288570303689,4.0,-0.47770365537995324,2025,12
"Topeka, KS",2026-01-01,29748,29604,2,2,0.24874840833683676,0.24874840833683676,5.0,0.48642075395216866,2026,1
"Topeka, KS",2026-02-01,26527,23847,2,2,10.419360329095593,10.419360329095593,4.0,11.238310898645532,2026,2
"Topeka, KS",2026-03-01,30301,30628,2,2,-1.6477354836844997,-1.6477354836844997,4.0,-1.0676505158678333,2026,3
"Topeka, KS",2026-04-01,29055,28640,2,2,1.508894685994654,1.508894685994654,4.0,1.449022346368715,2026,4
"Topeka, KS",2026-05-01,36568,35261,2,2,3.5309157435264504,3.5309157435264504,5.0,3.706644734976319,2026,5
"Topeka, KS",2026-06-01,27943,27085,2,2,3.2694218165515583,3.2694218165515583,4.0,3.1678050581502677,2026,6
"Topeka, KS",2026-07-01,28865,29091,2,2,-0.7063556864143247,-0.7063556864143247,4.0,-0.7768725722732116,2026,7
"Topeka, KS",2026-08-01,26903,26795,2,2,0.09776791557140418,0.09776791557140418,3.0,0.4030602724388878,2026,8
"Traverse City-Cadillac, MI",2024-02-01,8425,8057,1,1,4.567456869802656,4.567456869802656,3.0,4.567456869802656,2024,2
"Traverse City-Cadillac, MI",2024-03-01,15198,14295,1,1,6.316894018887723,6.316894018887723,5.0,6.316894018887723,2024,3
"Traverse City-Cadillac, MI",2024-04-01,9768,10344,1,1,-5.56844547563805,-5.56844547563805,4.0,-5.56844547563805,2024,4
"Traverse City-Cadillac, MI",2024-05-01,11232,11042,1,1,1.7207027712370946,1.7207027712370946,4.0,1.7207027712370946,2024,5
"Traverse City-Cadillac, MI",2024-06-01,15945,15422,1,1,3.3912592400466868,3.3912592400466868,5.0,3.3912592400466868,2024,6
"Traverse City-Cadillac, MI",2024-07-01,4941,4923,1,1,0.3656307129798903,0.3656307129798903,2.0,0.3656307129798903,2024,7
"Traverse City-Cadillac, MI",2024-08-01,18225,17245,1,1,5.682806610611771,5.682806610611771,4.0,5.682806610611771,2024,8
"Traverse City-Cadillac, MI",2024-09-01,14867,15188,1,1,-2.1135106663155123,-2.1135106663155123,4.0,-2.1135106663155123,2024,9
"Traverse City-Cadillac, MI",2024-10-01,14708,15946,1,1,-7.763702495923742,-7.763702495923742,4.0,-7.763702495923742,2024,10
"Traverse City-Cadillac, MI",2024-11-01,18725,19524,1,1,-4.09239909854538,-4.09239909854538,5.0,-4.09239909854538,2024,11
"Traverse City-Cadillac, MI",2024-12-01,18043,19567,1,1,-7.788623703173711,-7.788623703173711,4.0,-7.788623703173711,2024,12
"Traverse City-Cadillac, MI",2025-01-01,8777,8977,1,1,-2.2279157847833355,-2.2279157847833355,4.0,-2.2279157847833355,2025,1
"Traverse City-Cadillac, MI",2025-02-01,8528,10894,1,1,-21.71837708830549,-21.71837708830549,4.0,-21.71837708830549,2025,2
"Traverse City-Cadillac, MI",2025-03-01,14748,15969,1,1,-7.6460642494833735,-7.6460642494833735,5.0,-7.6460642494833735,2025,3
"Traverse City-Cadillac, MI",2025-04-01,10728,10537,1,1,1.812660149947803,1.812660149947803,4.0,1.812660149947803,2025,4
"Traverse City-Cadillac, MI",2025-05-01,13752,13945,1,1,-1.3840086052348513,-1.3840086052348513,5.0,-1.3840086052348513,2025,5
"Traverse City-Cadillac, MI",2025-06-01,12800,13716,1,1,-6.67833187518227,-6.67833187518227,4.0,-6.67833187518227,2025,6
"Traverse City-Cadillac, MI",2025-07-01,11575,11411,1,1,1.4372097099290158,1.4372097099290158,4.0,1.4372097099290158,2025,7
"Traverse City-Cadillac, MI",2025-08-01,20342,21045,1,1,-3.3404609170824426,-3.3404609170824426,5.0,-3.3404609170824426,2025,8
"Traverse City-Cadillac, MI",2025-09-01,14316,14468,1,1,-1.050594415261266,-1.050594415261266,4.0,-1.050594415261266,2025,9
"Traverse City-Cadillac, MI",2025-10-01,15161,15488,1,1,-2.1113119834710745,-2.1113119834710745,4.0,-2.1113119834710745,2025,10
"Traverse City-Cadillac, MI",2025-11-01,20146,19057,1,1,5.71443564044708,5.71443564044708,5.0,5.71443564044708,2025,11
"Traverse City-Cadillac, MI",2025-12-01,18026,18780,1,1,-4.0149094781682635,-4.0149094781682635,4.0,-4.0149094781682635,2025,12
"Traverse City-Cadillac, MI",2026-01-01,10554,11276,1,1,-6.402979780063853,-6.402979780063853,5.0,-6.402979780063853,2026,1
"Traverse City-Cadillac, MI",2026-02-01,8678,7747,1,1,12.017555182651348,12.017555182651348,4.0,12.017555182651348,2026,2
"Traverse City-Cadillac, MI",2026-03-01,8241,8557,1,1,-3.6928830197499125,-3.6928830197499125,4.0,-3.6928830197499125,2026,3
"Traverse City-Cadillac, MI",2026-04-01,428,524,1,1,-18.3206106870229,-18.3206106870229,1.0,-18.3206106870229,2026,4
"Traverse City-Cadillac, MI",2026-05-01,10574,10803,1,1,-2.1197815421642137,-2.1197815421642137,5.0,-2.1197815421642137,2026,5
"Traverse City-Cadillac, MI",2026-06-01,13468,13298,1,1,1.2783877274778164,1.2783877274778164,4.0,1.2783877274778164,2026,6
"Traverse City-Cadillac, MI",2026-07-01,10205,10099,1,1,1.049608872165561,1.049608872165561,4.0,1.049608872165561,2026,7
"Traverse City-Cadillac, MI",2026-08-01,11950,12395,1,1,-3.5901573215006053,-3.5901573215006053,3.0,-3.5901573215006053,2026,8
"Tri-Cities, TN-VA",2024-02-01,10018,10775,1,1,-7.025522041763341,-7.025522041763341,3.0,-7.025522041763341,2024,2
"Tri-Cities, TN-VA",2024-03-01,18923,18698,1,1,1.2033372553214248,1.2033372553214248,5.0,1.2033372553214248,2024,3
"Tri-Cities, TN-VA",2024-04-01,12352,14946,1,1,-17.355814264686202,-17.355814264686202,4.0,-17.355814264686202,2024,4
"Tri-Cities, TN-VA",2024-05-01,12129,13227,1,1,-8.301202086640961,-8.301202086640961,4.0,-8.301202086640961,2024,5
"Tri-Cities, TN-VA",2024-06-01,16107,16545,1,1,-2.6473254759746148,-2.6473254759746148,5.0,-2.6473254759746148,2024,6
"Tri-Cities, TN-VA",2024-07-01,14343,14498,1,1,-1.0691129811008415,-1.0691129811008415,4.0,-1.0691129811008415,2024,7
"Tri-Cities, TN-VA",2024-08-01,16593,15879,1,1,4.496504817683733,4.496504817683733,5.0,4.496504817683733,2024,8
"Tri-Cities, TN-VA",2024-09-01,13131,13928,1,1,-5.722286042504308,-5.722286042504308,4.0,-5.722286042504308,2024,9
"Tri-Cities, TN-VA",2024-10-01,12724,13472,1,1,-5.552256532066508,-5.552256532066508,4.0,-5.552256532066508,2024,10
"Tri-Cities, TN-VA",2024-11-01,21835,21571,1,1,1.2238653748087711,1.2238653748087711,5.0,1.2238653748087711,2024,11
"Tri-Cities, TN-VA",2024-12-01,26121,25704,1,1,1.6223155929038284,1.6223155929038284,4.0,1.6223155929038284,2024,12
"Tri-Cities, TN-VA",2025-01-01,9703,10533,1,1,-7.879996202411468,-7.879996202411468,4.0,-7.879996202411468,2025,1
"Tri-Cities, TN-VA",2025-02-01,11807,13031,1,1,-9.392985956565115,-9.392985956565115,4.0,-9.392985956565115,2025,2
"Tri-Cities, TN-VA",2025-03-01,16961,18190,1,1,-6.7564595931830675,-6.7564595931830675,5.0,-6.7564595931830675,2025,3
"Tri-Cities, TN-VA",2025-04-01,12810,11421,1,1,12.16180719726819,12.16180719726819,4.0,12.16180719726819,2025,4
"Tri-Cities, TN-VA",2025-05-01,13825,13664,1,1,1.1782786885245902,1.1782786885245902,5.0,1.1782786885245902,2025,5
"Tri-Cities, TN-VA",2025-06-01,11397,11590,1,1,-1.6652286453839518,-1.6652286453839518,4.0,-1.6652286453839518,2025,6
"Tri-Cities, TN-VA",2025-07-01,14346,14421,1,1,-0.5200748907842729,-0.5200748907842729,4.0,-0.5200748907842729,2025,7
"Tri-Cities, TN-VA",2025-08-01,21606,21486,1,1,0.5585032113934655,0.5585032113934655,5.0,0.5585032113934655,2025,8
"Tri-Cities, TN-VA",2025-09-01,13044,12782,1,1,2.0497574714442184,2.0497574714442184,4.0,2.0497574714442184,2025,9
"Tri-Cities, TN-VA",2025-10-01,14699,14476,1,1,1.5404807957999447,1.5404807957999447,4.0,1.5404807957999447,2025,10
"Tri-Cities, TN-VA",2025-11-01,21731,22180,1,1,-2.024346257889991,-2.024346257889991,5.0,-2.024346257889991,2025,11
"Tri-Cities, TN-VA",2025-12-01,24441,24996,1,1,-2.2203552568410947,-2.2203552568410947,4.0,-2.2203552568410947,2025,12
"Tri-Cities, TN-VA",2026-01-01,12010,11996,1,1,0.11670556852284096,0.11670556852284096,5.0,0.11670556852284096,2026,1
"Tri-Cities, TN-VA",2026-02-01,10719,10563,1,1,1.4768531667140017,1.4768531667140017,4.0,1.4768531667140017,2026,2
"Tri-Cities, TN-VA",2026-03-01,13987,13979,1,1,0.05722870019314687,0.05722870019314687,4.0,0.05722870019314687,2026,3
"Tri-Cities, TN-VA",2026-04-01,13396,13789,1,1,-2.8500979041264776,-2.8500979041264776,4.0,-2.8500979041264776,2026,4
"Tri-Cities, TN-VA",2026-05-01,15394,15381,1,1,0.08451986216760939,0.08451986216760939,5.0,0.08451986216760939,2026,5
"Tri-Cities, TN-VA",2026-06-01,10717,10632,1,1,0.7994732881866066,0.7994732881866066,4.0,0.7994732881866066,2026,6
"Tri-Cities, TN-VA",2026-07-01,13667,14071,1,1,-2.871153436145263,-2.871153436145263,4.0,-2.871153436145263,2026,7
"Tri-Cities, TN-VA",2026-08-01,14054,14487,1,1,-2.9888865879754265,-2.9888865879754265,3.0,-2.9888865879754265,2026,8
"Tucson (Sierra Vista), AZ",2024-02-01,72053,67895,3,3,5.00037092488544,1.0653930933137399,3.0,6.124162309448413,2024,2
"Tucson (Sierra Vista), AZ",2024-03-01,127617,109366,3,3,13.395278640268947,12.56562073015797,5.0,16.68800175557303,2024,3
"Tucson (Sierra Vista), AZ",2024-04-01,71732,70108,3,3,-1.3692804993089271,-9.06332686540836,3.6666666666666665,2.316426085468135,2024,4
"Tucson (Sierra Vista), AZ",2024-05-01,85796,76548,3,3,4.219956471932402,5.826214628937533,3.3333333333333335,12.08130846005121,2024,5
"Tucson (Sierra Vista), AZ",2024-06-01,103089,92287,3,3,7.9633621775807475,4.963496614702552,5.0,11.704790490534961,2024,6
"Tucson (Sierra Vista), AZ",2024-07-01,112643,98876,3,3,10.947406787517226,9.410084202085004,4.0,13.923500141591488,2024,7
"Tucson (Sierra Vista), AZ",2024-08-01,166633,142926,3,3,15.757548978106861,11.903426791277258,5.0,16.586905111736144,2024,8
"Tucson (Sierra Vista), AZ",2024-09-01,94485,79666,3,3,16.998327839459698,12.161718878136789,4.0,18.601410890467704,2024,9
"Tucson (Sierra Vista), AZ",2024-10-01,86843,73293,3,3,17.40554460221634,11.556892900924998,4.0,18.487440819723574,2024,10
"Tucson (Sierra Vista), AZ",2024-11-01,168030,142272,3,3,18.363570189332467,20.787529603053976,5.0,18.104757085020243,2024,11
"Tucson (Sierra Vista), AZ",2024-12-01,186036,166595,3,3,11.617379172507803,13.193986548859291,4.0,11.669617935712356,2024,12
"Tucson (Sierra Vista), AZ",2025-01-01,100164,86649,3,3,15.579375669871387,15.465201880061159,4.0,15.597410241318421,2025,1
"Tucson (Sierra Vista), AZ",2025-02-01,101436,95047,3,3,6.590781638314703,6.746265723270441,4.0,6.72193756772965,2025,2
"Tucson (Sierra Vista), AZ",2025-03-01,126217,129064,3,3,-1.895121137084293,-1.940627985898323,5.0,-2.2058823529411766,2025,3
"Tucson (Sierra Vista), AZ",2025-04-01,99441,91131,3,3,9.559727542301317,8.190799174284871,4.0,9.118741152845903,2025,4
"Tucson (Sierra Vista), AZ",2025-05-01,107142,101934,3,3,6.418637200201348,8.001854427445526,4.333333333333333,5.109188298310672,2025,5
"Tucson (Sierra Vista), AZ",2025-06-01,94987,93948,3,3,1.6955976056007829,1.403279955558776,4.0,1.1059309405202877,2025,6
"Tucson (Sierra Vista), AZ",2025-07-01,124014,126768,3,3,-1.6125441609985505,-1.3383596976966505,4.0,-2.1724725482771676,2025,7
"Tucson (Sierra Vista), AZ",2025-08-01,143503,151163,3,3,-4.518082106051602,0.27616345234663064,5.0,-5.067377599015632,2025,8
"Tucson (Sierra Vista), AZ",2025-09-01,87704,99956,3,3,-10.491208394227456,-9.632638873802438,4.0,-12.257393253031333,2025,9
"Tucson (Sierra Vista), AZ",2025-10-01,53934,60523,3,3,-11.045324724683729,-11.921639678405617,3.0,-10.886770318721808,2025,10
"Tucson (Sierra Vista), AZ",2025-11-01,134129,158365,3,3,-16.247690590320268,-13.237662214644311,5.0,-15.303886591102833,2025,11
"Tucson (Sierra Vista), AZ",2025-12-01,131844,141165,3,3,-12.180452970669526,-4.4593127959259125,4.0,-6.602911486558282,2025,12
"Tucson (Sierra Vista), AZ",2026-01-01,89111,98373,3,3,-10.518622136518134,-6.999166765861207,4.666666666666667,-9.415185060941518,2026,1
"Tucson (Sierra Vista), AZ",2026-02-01,72495,79166,3,3,-10.010680967928197,-6.97256062848685,4.0,-8.426597276608645,2026,2
"Tucson (Sierra Vista), AZ",2026-03-01,82101,87090,3,3,-6.625388622196053,-5.764369136911602,4.0,-5.728556665518429,2026,3
"Tucson (Sierra Vista), AZ",2026-04-01,84313,92850,3,3,-11.822013194479345,-8.049394953124354,3.6666666666666665,-9.194399569197632,2026,4
"Tucson (Sierra Vista), AZ",2026-05-01,97265,104378,3,3,-10.178514593228682,-5.978279372212576,4.333333333333333,-6.8146544290942535,2026,5
"Tucson (Sierra Vista), AZ",2026-06-01,74527,80167,3,3,-9.598018051633721,-4.580826132199249,4.0,-7.035313782479075,2026,6
"Tucson (Sierra Vista), AZ",2026-07-01,84656,92132,3,3,-9.5297749792055,-5.015095605501509,4.0,-8.11444449268441,2026,7
"Tucson (Sierra Vista), AZ",2026-08-01,80821,79016,3,3,2.6541325486249288,2.8720274246227766,3.0,2.284347473929331,2026,8
"Tulsa, OK",2024-02-01,44462,42995,2,2,3.91454869035031,3.91454869035031,3.0,3.4120246540295387,2024,2
"Tulsa, OK",2024-03-01,79109,72354,2,2,10.124297491120203,10.124297491120203,5.0,9.336042236780274,2024,3
"Tulsa, OK",2024-04-01,50111,49519,2,2,1.9261066780922838,1.9261066780922838,4.0,1.1955007168965448,2024,4
"Tulsa, OK",2024-05-01,61066,56565,2,2,9.159681270002135,9.159681270002135,4.0,7.95721736055865,2024,5
"Tulsa, OK",2024-06-01,71295,64400,2,2,11.518680505092476,11.518680505092476,5.0,10.706521739130435,2024,6
"Tulsa, OK",2024-07-01,40989,41895,2,2,0.020387321078851883,0.020387321078851883,4.0,-2.1625492302184033,2024,7
"Tulsa, OK",2024-08-01,89128,90258,2,2,-0.017920830845306712,-0.017920830845306712,5.0,-1.2519665846794745,2024,8
"Tulsa, OK",2024-09-01,43815,43577,2,2,2.017980669004851,2.017980669004851,4.0,0.5461596713862817,2024,9
"Tulsa, OK",2024-10-01,48016,51246,2,2,-5.3644219732406935,-5.3644219732406935,4.0,-6.302930960465207,2024,10
"Tulsa, OK",2024-11-01,80502,80652,2,2,0.7669421035722896,0.7669421035722896,5.0,-0.18598422853742003,2024,11
"Tulsa, OK",2024-12-01,88464,89350,2,2,-0.47195665055506186,-0.47195665055506186,4.0,-0.9916060436485731,2024,12
"Tulsa, OK",2025-01-01,48457,44025,2,2,10.728400110016118,10.728400110016118,4.0,10.067007382169223,2025,1
"Tulsa, OK",2025-02-01,49455,57067,2,2,-12.491508555794114,-12.491508555794114,4.0,-13.338707133720012,2025,2
"Tulsa, OK",2025-03-01,65913,71677,2,2,-6.751267972122743,-6.751267972122743,5.0,-8.041631206663226,2025,3
"Tulsa, OK",2025-04-01,51832,51912,2,2,0.990459923080397,0.990459923080397,4.0,-0.15410695022345508,2025,4
"Tulsa, OK",2025-05-01,58272,59245,2,2,-1.2462421867133717,-1.2462421867133717,5.0,-1.6423326863026415,2025,5
"Tulsa, OK",2025-06-01,57193,61494,2,2,-6.189729889040726,-6.189729889040726,4.0,-6.994178293817282,2025,6
"Tulsa, OK",2025-07-01,48337,49630,2,2,-0.5078725950252103,-0.5078725950252103,4.0,-2.605279065081604,2025,7
"Tulsa, OK",2025-08-01,74334,73239,2,2,3.1686931571235464,3.1686931571235464,5.0,1.4951050669725146,2025,8
"Tulsa, OK",2025-09-01,63638,69139,3,3,-7.466223042242397,-10.607290306644554,4.0,-7.956435586282707,2025,9
"Tulsa, OK",2025-10-01,73531,77086,3,3,-4.196538824845537,-6.6133255746290365,4.0,-4.6117323508808346,2025,10
"Tulsa, OK",2025-11-01,116149,113026,3,3,2.847468558585863,2.1082941682663665,5.0,2.763081060994815,2025,11
"Tulsa, OK",2025-12-01,121924,118355,4,4,-1.6784608347299508,3.1618146656616646,3.25,3.015504203455705,2025,12
"Tulsa, OK",2026-01-01,84392,89060,4,4,-6.777984008633389,-4.765968750295366,4.75,-5.241410285200988,2026,1
"Tulsa, OK",2026-02-01,80262,75142,4,4,6.8920027910978945,6.113594059415705,4.0,6.8137659364935725,2026,2
"Tulsa, OK",2026-03-01,90050,88021,4,4,1.7887018557902632,3.321011020847769,4.0,2.3051317299280853,2026,3
"Tulsa, OK",2026-04-01,89107,86354,4,4,2.4494389950052144,3.359213373185403,4.0,3.188039928665725,2026,4
"Tulsa, OK",2026-05-01,105800,106866,4,4,-1.055848674152126,-2.1778618807601324,5.0,-0.9975109015028165,2026,5
"Tulsa, OK",2026-06-01,80738,78466,4,4,3.4673151659112116,4.847800380922158,4.0,2.8955216272015907,2026,6
"Tulsa, OK",2026-07-01,74203,75038,4,4,-0.763455646859877,0.751318719973352,4.0,-1.1127695301047469,2026,7
"Tulsa, OK",2026-08-01,67701,68805,4,4,-2.3564866783506675,-0.35466197834515767,2.75,-1.604534554174842,2026,8
"Tyler-Longview(Lufkin & Nacogdoches), TX",2024-02-01,24826,25367,2,2,-4.18741126262952,-4.18741126262952,2.5,-2.1326920802617573,2024,2
"Tyler-Longview(Lufkin & Nacogdoches), TX",2024-03-01,60685,59145,2,2,2.539120413295028,2.539120413295028,5.0,2.603770394792459,2024,3
"Tyler-Longview(Lufkin & Nacogdoches), TX",2024-04-01,34725,38076,2,2,-9.06886590632277,-9.06886590632277,4.0,-8.800819413803971,2024,4
"Tyler-Longview(Lufkin & Nacogdoches), TX",2024-05-01,48258,47897,2,2,0.14525607861259537,0.14525607861259537,4.0,0.7537006493099777,2024,5
"Tyler-Longview(Lufkin & Nacogdoches), TX",2024-06-01,58201,57302,2,2,0.7639596446335823,0.7639596446335823,5.0,1.568880667341454,2024,6
"Tyler-Longview(Lufkin & Nacogdoches), TX",2024-07-01,50226,50119,2,2,-0.29878565060274065,-0.29878565060274065,4.0,0.21349188930345778,2024,7
"Tyler-Longview(Lufkin & Nacogdoches), TX",2024-08-01,73523,70792,2,2,4.298884681703437,4.298884681703437,5.0,3.857780540174031,2024,8
"Tyler-Longview(Lufkin & Nacogdoches), TX",2024-09-01,38976,37451,2,2,3.5939704288750653,3.5939704288750653,4.0,4.071987396865237,2024,9
"Tyler-Longview(Lufkin & Nacogdoches), TX",2024-10-01,37939,38622,2,2,-2.0590001426413274,-2.0590001426413274,4.0,-1.7684221428201543,2024,10
"Tyler-Longview(Lufkin & Nacogdoches), TX",2024-11-01,71521,70346,3,3,0.20668696566860137,0.20668696566860137,3.6666666666666665,1.6703152986665908,2024,11
"Tyler-Longview(Lufkin & Nacogdoches), TX",2024-12-01,84344,82104,3,3,-0.5867783182801173,-0.5867783182801173,3.0,2.728247101237455,2024,12
"Tyler-Longview(Lufkin & Nacogdoches), TX",2025-01-01,42079,37531,2,2,11.236730567843026,11.236730567843026,4.0,12.117982467826597,2025,1
"Tyler-Longview(Lufkin & Nacogdoches), TX",2025-02-01,39596,43207,2,2,-8.7452668559719,-8.7452668559719,4.0,-8.357442081144258,2025,2
"Tyler-Longview(Lufkin & Nacogdoches), TX",2025-03-01,53281,54701,2,2,-2.794110847653899,-2.794110847653899,5.0,-2.5959306045593316,2025,3
"Tyler-Longview(Lufkin & Nacogdoches), TX",2025-04-01,41912,39325,2,2,6.395652286648749,6.395652286648749,4.0,6.578512396694215,2025,4
"Tyler-Longview(Lufkin & Nacogdoches), TX",2025-05-01,75999,79262,3,3,-3.937412041074115,-4.00208918195469,4.666666666666667,-4.11672680477404,2025,5
"Tyler-Longview(Lufkin & Nacogdoches), TX",2025-06-01,72004,77942,3,3,-7.461330472888658,-6.846124681796025,4.0,-7.618485540530137,2025,6
"Tyler-Longview(Lufkin & Nacogdoches), TX",2025-07-01,72043,75937,3,3,-5.537822874116611,-7.230534898306604,3.6666666666666665,-5.127934998748962,2025,7
"Tyler-Longview(Lufkin & Nacogdoches), TX",2025-08-01,97150,99296,3,3,-4.000682492678816,-5.076697411928499,4.666666666666667,-2.161214953271028,2025,8
"Tyler-Longview(Lufkin & Nacogdoches), TX",2025-09-01,67244,71793,3,3,-6.8167738457378375,-10.364800891116682,4.0,-6.3362723385288255,2025,9
"Tyler-Longview(Lufkin & Nacogdoches), TX",2025-10-01,59522,62604,3,3,-4.035028766966966,-1.7682198327359617,4.0,-4.923008114497477,2025,10
"Tyler-Longview(Lufkin & Nacogdoches), TX",2025-11-01,93086,98840,3,3,-5.608026237473164,-5.783422001029689,4.333333333333333,-5.821529745042493,2025,11
"Tyler-Longview(Lufkin & Nacogdoches), TX",2025-12-01,110313,108954,3,3,1.7926560493681205,3.0680212608490884,4.0,1.2473153808029076,2025,12
"Tyler-Longview(Lufkin & Nacogdoches), TX",2026-01-01,67921,73274,3,3,-7.530078258998274,-12.079856771273182,5.0,-7.305456232770151,2026,1
"Tyler-Longview(Lufkin & Nacogdoches), TX",2026-02-01,65357,61534,3,3,5.935911163957332,2.688482886216466,4.0,6.212825429843663,2026,2
"Tyler-Longview(Lufkin & Nacogdoches), TX",2026-03-01,76769,75817,3,3,0.9631090856605296,-0.697722142417402,4.0,1.2556550641676667,2026,3
"Tyler-Longview(Lufkin & Nacogdoches), TX",2026-04-01,70758,74548,3,3,-5.0288085098592825,-4.69012663902275,4.0,-5.083972742394162,2026,4
"Tyler-Longview(Lufkin & Nacogdoches), TX",2026-05-01,86896,91159,3,3,-5.183578004100267,-6.813166319584744,5.0,-4.676444454195417,2026,5
"Tyler-Longview(Lufkin & Nacogdoches), TX",2026-06-01,73699,72626,3,3,1.056007896524932,1.024008590933497,4.0,1.4774323245118828,2026,6
"Tyler-Longview(Lufkin & Nacogdoches), TX",2026-07-01,66418,67576,3,3,-2.131443196841629,-1.4635678391959799,3.6666666666666665,-1.7136261394577956,2026,7
"Tyler-Longview(Lufkin & Nacogdoches), TX",2026-08-01,67768,65747,3,3,4.058691074275715,3.1980936853326645,2.6666666666666665,3.0739045127534337,2026,8
"Utica, NY",2024-04-01,933,0,1,1,,,1.0,,2024,4
"Utica, NY",2024-11-01,760,0,1,1,,,1.0,,2024,11
"Utica, NY",2024-12-01,2039,0,1,1,,,1.0,,2024,12
"Utica, NY",2025-01-01,6771,4949,1,1,36.81551828652253,36.81551828652253,2.0,36.81551828652253,2025,1
"Utica, NY",2025-02-01,15414,15718,1,1,-1.9340883064003052,-1.9340883064003052,4.0,-1.9340883064003052,2025,2
"Utica, NY",2025-03-01,29005,21695,1,1,33.69439963125144,33.69439963125144,5.0,33.69439963125144,2025,3
"Utica, NY",2025-04-01,20133,16298,1,1,23.530494539207265,23.530494539207265,4.0,23.530494539207265,2025,4
"Utica, NY",2025-05-01,20119,16667,1,1,20.711585768284635,20.711585768284635,5.0,20.711585768284635,2025,5
"Utica, NY",2025-06-01,17469,14499,1,1,20.48417132216015,20.48417132216015,4.0,20.48417132216015,2025,6
"Utica, NY",2025-07-01,21787,16922,1,1,28.749556789977543,28.749556789977543,4.0,28.749556789977543,2025,7
"Utica, NY",2025-08-01,38204,29626,1,1,28.95429690137042,28.95429690137042,5.0,28.95429690137042,2025,8
"Utica, NY",2025-09-01,25145,20595,1,1,22.09274095654285,22.09274095654285,4.0,22.09274095654285,2025,9
"Utica, NY",2025-10-01,24132,19983,1,1,20.76264825101336,20.76264825101336,4.0,20.76264825101336,2025,10
"Utica, NY",2025-11-01,27489,22819,1,1,20.465401638985057,20.465401638985057,5.0,20.465401638985057,2025,11
"Utica, NY",2025-12-01,30254,25496,1,1,18.661750862880453,18.661750862880453,4.0,18.661750862880453,2025,12
"Utica, NY",2026-01-01,23765,19722,1,1,20.499949295203326,20.499949295203326,5.0,20.499949295203326,2026,1
"Utica, NY",2026-02-01,14222,11267,1,1,26.227034703115294,26.227034703115294,4.0,26.227034703115294,2026,2
"Utica, NY",2026-03-01,26938,22399,1,1,20.264297513281843,20.264297513281843,4.0,20.264297513281843,2026,3
"Utica, NY",2026-04-01,21693,17215,1,1,26.012198663955854,26.012198663955854,4.0,26.012198663955854,2026,4
"Utica, NY",2026-05-01,21724,18532,1,1,17.224260738182604,17.224260738182604,5.0,17.224260738182604,2026,5
"Utica, NY",2026-06-01,11868,10064,1,1,17.925278219395864,17.925278219395864,4.0,17.925278219395864,2026,6
"Utica, NY",2026-07-01,9108,8659,1,1,5.185356276706317,5.185356276706317,4.0,5.185356276706317,2026,7
"Utica, NY",2026-08-01,14678,13291,1,1,10.435633135204274,10.435633135204274,3.0,10.435633135204274,2026,8
"Waco-Temple-Bryan, TX",2024-02-01,42498,44881,1,1,-5.309596488491789,-5.309596488491789,3.0,-5.309596488491789,2024,2
"Waco-Temple-Bryan, TX",2024-03-01,75781,75425,1,1,0.47199204507789194,0.47199204507789194,5.0,0.47199204507789194,2024,3
"Waco-Temple-Bryan, TX",2024-04-01,31089,34560,1,1,-10.043402777777779,-10.043402777777779,4.0,-10.043402777777779,2024,4
"Waco-Temple-Bryan, TX",2024-05-01,79508,78223,2,2,5.4522244007820895,5.4522244007820895,3.5,1.642739347762167,2024,5
"Waco-Temple-Bryan, TX",2024-06-01,104247,101673,2,2,5.712720058631937,5.712720058631937,5.0,2.5316455696202533,2024,6
"Waco-Temple-Bryan, TX",2024-07-01,78254,77513,2,2,4.176445171367149,4.176445171367149,4.0,0.9559686762220531,2024,7
"Waco-Temple-Bryan, TX",2024-08-01,103719,103753,2,2,2.349601924950541,2.349601924950541,5.0,-0.03277013676712962,2024,8
"Waco-Temple-Bryan, TX",2024-09-01,73769,74495,2,2,2.09357049641892,2.09357049641892,4.0,-0.9745620511443721,2024,9
"Waco-Temple-Bryan, TX",2024-10-01,72713,77208,2,2,-3.759874526206976,-3.759874526206976,4.0,-5.8219355507201325,2024,10
"Waco-Temple-Bryan, TX",2024-11-01,100976,106188,2,2,-3.592457714061634,-3.592457714061634,5.0,-4.908275888047613,2024,11
"Waco-Temple-Bryan, TX",2024-12-01,113726,114975,2,2,3.3367542704154323,3.3367542704154323,4.0,-1.0863231137203742,2024,12
"Waco-Temple-Bryan, TX",2025-01-01,64420,66327,3,3,-0.24636021566089225,4.168251312086407,3.6666666666666665,-2.875148883561747,2025,1
"Waco-Temple-Bryan, TX",2025-02-01,87191,91016,4,4,-5.711931151522778,-4.490419088407464,3.0,-4.202557792036565,2025,2
"Waco-Temple-Bryan, TX",2025-03-01,126292,126755,3,3,-0.7454003332268027,0.005217708904020245,5.0,-0.3652715869196481,2025,3
"Waco-Temple-Bryan, TX",2025-04-01,89239,82910,3,3,9.405367234415653,9.831384280663585,4.0,7.633578579182246,2025,4
"Waco-Temple-Bryan, TX",2025-05-01,134940,135177,4,4,0.519698506056574,1.2541809122015977,4.75,-0.17532568410306487,2025,5
"Waco-Temple-Bryan, TX",2025-06-01,122155,124607,4,4,-2.115807440192172,-0.4227687286111968,4.0,-1.9677867214522458,2025,6
"Waco-Temple-Bryan, TX",2025-07-01,125487,128999,4,4,-1.6508355371465047,-1.8384294863075472,4.0,-2.722501724819572,2025,7
"Waco-Temple-Bryan, TX",2025-08-01,172360,169509,4,4,4.009366346465118,2.1897470112938873,5.0,1.6819165943991174,2025,8
"Waco-Temple-Bryan, TX",2025-09-01,109469,116072,4,4,-4.1786385918448925,-4.5828822536878855,4.0,-5.6887104555792956,2025,9
"Waco-Temple-Bryan, TX",2025-10-01,111218,120116,4,4,-4.803169070383022,-5.237071050095333,3.75,-7.407839088880748,2025,10
"Waco-Temple-Bryan, TX",2025-11-01,173029,175238,4,4,0.5001772739066639,-1.7316843408773053,5.0,-1.260571337267031,2025,11
"Waco-Temple-Bryan, TX",2025-12-01,163693,164018,4,4,0.4968692989749903,1.791810836920121,4.0,-0.19814898364813618,2025,12
"Waco-Temple-Bryan, TX",2026-01-01,83618,93416,4,4,-10.367053264026314,-10.79221288660999,5.0,-10.488567268990323,2026,1
"Waco-Temple-Bryan, TX",2026-02-01,100570,97725,4,4,3.574829327726035,3.682485283424038,4.0,2.9112304937324125,2026,2
"Waco-Temple-Bryan, TX",2026-03-01,121419,119996,4,4,2.102592567398568,0.6673093769150487,4.0,1.1858728624287476,2026,3
"Waco-Temple-Bryan, TX",2026-04-01,113209,118504,4,4,-4.275448278399394,-4.2555139432994835,4.0,-4.468203604941605,2026,4
"Waco-Temple-Bryan, TX",2026-05-01,133616,143935,4,4,-6.083930725960199,-8.030009550124067,5.0,-7.169208323201445,2026,5
"Waco-Temple-Bryan, TX",2026-06-01,108021,112021,4,4,-1.6537040439347213,-2.671311473686755,4.0,-3.5707590541059266,2026,6
"Waco-Temple-Bryan, TX",2026-07-01,111355,118600,4,4,-5.600164802556272,-6.682213519054576,4.0,-6.108768971332209,2026,7
"Waco-Temple-Bryan, TX",2026-08-01,98658,106579,4,4,-7.756686085179869,-9.549837593729011,3.0,-7.432045712570018,2026,8
Washington DC,2024-02-01,245188,249518,11,11,-0.6615773624770558,1.7640807651434645,2.8181818181818183,-1.7353457465994437,2024,2
Washington DC,2024-03-01,446378,432460,11,11,4.8630563549191805,4.967282800783302,5.0,3.2183323313138787,2024,3
Washington DC,2024-04-01,298854,311862,14,14,35.78136323182888,-4.91686195737083,3.4285714285714284,-4.17107566808396,2024,4
Washington DC,2024-05-01,329364,328193,11,11,1.5350449742140284,0.8052927793078674,3.727272727272727,0.3568022474580506,2024,5
Washington DC,2024-06-01,430570,435934,11,11,-0.12915035593882276,0.5270593349271897,4.909090909090909,-1.2304614918772108,2024,6
Washington DC,2024-07-01,306723,317039,11,11,-1.1407619799177697,2.6634922996800836,3.909090909090909,-3.253858358119979,2024,7
Washington DC,2024-08-01,590773,620405,12,12,-3.39841109468095,-4.129312540527284,4.916666666666667,-4.776234878829152,2024,8
Washington DC,2024-09-01,351993,370592,12,12,-3.489681145152051,-2.7485551441955947,4.0,-5.018726793886538,2024,9
Washington DC,2024-10-01,342410,356243,12,12,-2.626674089474186,-2.6538831849772677,4.0,-3.883023666429937,2024,10
Washington DC,2024-11-01,509665,539049,13,13,-2.615595358670365,-1.3127283702226324,4.6923076923076925,-5.451081441575812,2024,11
Washington DC,2024-12-01,562161,583165,13,13,-2.6505368423758786,-2.647498899999824,3.769230769230769,-3.601725069234265,2024,12
Washington DC,2025-01-01,310611,294772,12,12,6.5344203915967265,7.4949682928709676,3.75,5.373305469990365,2025,1
Washington DC,2025-02-01,325828,376003,14,14,-11.395777704720818,-11.937562540389687,3.642857142857143,-13.34430842307109,2025,2
Washington DC,2025-03-01,567155,617553,15,15,-6.469664335570212,-6.891606916912695,4.933333333333334,-8.16091898185257,2025,3
Washington DC,2025-04-01,458196,453374,20,20,1.0519695074027662,-1.421294081224846,3.25,1.0635810611106946,2025,4
Washington DC,2025-05-01,522035,538221,15,15,-3.173781590470517,-3.822486653897877,4.866666666666666,-3.0073148390716824,2025,5
Washington DC,2025-06-01,482457,499422,15,15,-3.616134544526922,-5.143336010335556,4.0,-3.3969268474356356,2025,6
Washington DC,2025-07-01,480622,472953,15,15,0.3360367623334038,-0.8892256160778371,3.8666666666666667,1.6215141885134465,2025,7
Washington DC,2025-08-01,706980,688420,15,15,2.295054600616754,3.95334471857854,5.0,2.6960285871996748,2025,8
Washington DC,2025-09-01,497454,517577,17,17,-4.621331874988282,-4.30625853619346,4.0,-3.8879239224308653,2025,9
Washington DC,2025-10-01,544461,545992,16,16,-0.5453456125472069,-0.10268418359022154,4.0,-0.28040703893097335,2025,10
Washington DC,2025-11-01,730400,719408,18,18,1.9706549737662047,1.8862705291331303,4.722222222222222,1.5279229588772991,2025,11
Washington DC,2025-12-01,747956,738184,22,22,-0.5545183518318467,0.7907532620618524,3.3181818181818183,1.3237891907708648,2025,12
Washington DC,2026-01-01,529457,544472,20,20,-3.3731543763874767,-3.504109649022938,4.4,-2.7577175685802024,2026,1
Washington DC,2026-02-01,433802,414335,21,21,3.776414666424526,4.144074360960496,3.7142857142857144,4.6983720902168535,2026,2
Washington DC,2026-03-01,624089,602150,21,21,3.1702868784883664,3.3085793636418526,4.0,3.6434443245038612,2026,3
Washington DC,2026-04-01,674316,658470,23,23,3.001842784367316,2.6697738037944223,3.782608695652174,2.4064877670964506,2026,4
Washington DC,2026-05-01,884105,871290,22,22,1.4721462760478743,0.7458841500330035,4.863636363636363,1.4708076530202345,2026,5
Washington DC,2026-06-01,767918,730674,23,23,5.0314089531384925,5.0766373965316465,3.9130434782608696,5.0972116155768505,2026,6
Washington DC,2026-07-01,717282,730842,23,23,-1.6221882372025835,-1.4921396216360245,4.0,-1.85539418916811,2026,7
Washington DC,2026-08-01,517694,533394,23,23,-3.1445007284351036,-2.594931584487086,2.6956521739130435,-2.9434151865225333,2026,8
"Watertown, NY",2025-04-01,549,0,1,1,,,1.0,,2025,4
"Watertown, NY",2026-01-01,9105,10802,1,1,-15.710053693760415,-15.710053693760415,4.0,-15.710053693760415,2026,1
"Watertown, NY",2026-02-01,11500,11621,1,1,-1.041218483779365,-1.041218483779365,4.0,-1.041218483779365,2026,2
"Watertown, NY",2026-03-01,15421,15764,1,1,-2.1758436944937833,-2.1758436944937833,4.0,-2.1758436944937833,2026,3
"Watertown, NY",2026-04-01,13984,13804,1,1,1.303969863807592,1.303969863807592,4.0,1.303969863807592,2026,4
"Watertown, NY",2026-05-01,16689,16616,1,1,0.4393355801636976,0.4393355801636976,5.0,0.4393355801636976,2026,5
"Watertown, NY",2026-06-01,15115,14548,1,1,3.89744294748419,3.89744294748419,4.0,3.89744294748419,2026,6
"Watertown, NY",2026-07-01,15091,14457,1,1,4.385418828249291,4.385418828249291,4.0,4.385418828249291,2026,7
"Watertown, NY",2026-08-01,14688,14004,1,1,4.884318766066838,4.884318766066838,3.0,4.884318766066838,2026,8
West Palm,2024-02-01,130770,131641,7,7,-1.3702811697041721,-2.505346776657501,3.0,-0.6616479668188483,2024,2
West Palm,2024-03-01,230055,217739,7,7,4.783952007564148,5.838340763713898,5.0,5.656313292519943,2024,3
West Palm,2024-04-01,159161,153615,7,7,3.851042911352377,3.0105168718536612,4.0,3.6103245125801515,2024,4
West Palm,2024-05-01,180680,169861,7,7,5.582428887438198,6.595711622125544,4.0,6.369325507326579,2024,5
West Palm,2024-06-01,228436,218224,7,7,4.095950562430888,2.9406157658945764,5.0,4.679595278246206,2024,6
West Palm,2024-07-01,172752,173009,7,7,-0.31255932951096693,0.709263599358579,4.0,-0.14854718540653955,2024,7
West Palm,2024-08-01,277642,262378,7,7,5.489355158131931,6.815886906765399,5.0,5.817560923553041,2024,8
West Palm,2024-09-01,180469,174611,7,7,4.058616711365599,5.115089514066496,4.0,3.3548860037454684,2024,9
West Palm,2024-10-01,166076,173875,7,7,-4.243950806146903,-5.814273904656931,4.0,-4.4854061826024445,2024,10
West Palm,2024-11-01,260166,254651,7,7,2.454009551512587,3.0505771830692967,4.857142857142857,2.1657091470286787,2024,11
West Palm,2024-12-01,310274,314033,8,8,-12.926132866723764,-1.5446503785756498,3.625,-1.1970079577624007,2024,12
West Palm,2025-01-01,226620,209510,8,8,8.362355829555776,7.561943528580639,4.0,8.166674621736432,2025,1
West Palm,2025-02-01,194459,205695,8,8,-5.070433494544796,-5.449162345114745,4.0,-5.462456549745983,2025,2
West Palm,2025-03-01,276898,294730,8,8,-5.509547449429535,-5.857416268816101,5.0,-6.050283310148271,2025,3
West Palm,2025-04-01,221467,222538,9,9,0.19454134026964054,-0.9905472457914595,3.6666666666666665,-0.48126612084228315,2025,4
West Palm,2025-05-01,266484,277349,8,8,-2.9520520283573757,-3.5974323092018405,5.0,-3.9174469711446585,2025,5
West Palm,2025-06-01,207582,214241,8,8,-2.756749728281688,-2.9926107209574777,4.0,-3.1081819072913213,2025,6
West Palm,2025-07-01,215176,217922,8,8,-0.9066440063961816,-1.1286051508950579,4.0,-1.260083883224273,2025,7
West Palm,2025-08-01,285069,298407,8,8,-4.3324380406354255,-3.3747481610038346,5.0,-4.469734289074989,2025,8
West Palm,2025-09-01,217468,232281,9,9,-6.240421313468547,-5.5732435792474,4.0,-6.37718969696187,2025,9
West Palm,2025-10-01,208729,220516,9,9,-4.337117014161823,-5.2947910704064105,4.0,-5.345190371673711,2025,10
West Palm,2025-11-01,336948,360607,9,9,-6.24370049093079,-6.726028191890481,4.888888888888889,-6.560882068290411,2025,11
West Palm,2025-12-01,331588,360725,9,9,-1.5492439535489488,-7.6876014151570775,3.7777777777777777,-8.077344237299883,2025,12
West Palm,2026-01-01,328916,337459,10,10,-2.7807263260154738,-2.8357708073942,4.9,-2.5315667977443184,2026,1
West Palm,2026-02-01,250698,241197,10,10,3.9128365915733356,2.5494499629307645,4.0,3.939103720195525,2026,2
West Palm,2026-03-01,307439,313180,11,11,-1.8677301536815643,-3.3111209832666963,4.0,-1.8331311067117952,2026,3
West Palm,2026-04-01,291649,307176,11,11,-5.203311274148456,-6.465814917127072,4.0,-5.054756882048077,2026,4
West Palm,2026-05-01,375326,396343,11,11,-5.343947238397777,-4.5112306232204995,5.0,-5.302730210953643,2026,5
West Palm,2026-06-01,285010,293071,11,11,-2.9397406670282185,-4.423129375397764,4.0,-2.7505280290441565,2026,6
West Palm,2026-07-01,264475,281932,11,11,-6.036003244433103,-5.9010258295184945,3.909090909090909,-6.1919186186740065,2026,7
West Palm,2026-08-01,248521,264247,11,11,-5.829853985393333,-5.8163058871130895,3.0,-5.951250156103948,2026,8
"Wichita Falls, TX & Lawton, OK",2024-02-01,15332,15029,1,1,2.0161022024086765,2.0161022024086765,3.0,2.0161022024086765,2024,2
"Wichita Falls, TX & Lawton, OK",2024-03-01,26751,24806,1,1,7.840844956865274,7.840844956865274,5.0,7.840844956865274,2024,3
"Wichita Falls, TX & Lawton, OK",2024-04-01,19396,21092,1,1,-8.040963398444909,-8.040963398444909,4.0,-8.040963398444909,2024,4
"Wichita Falls, TX & Lawton, OK",2024-05-01,24555,24009,1,1,2.2741471948019494,2.2741471948019494,4.0,2.2741471948019494,2024,5
"Wichita Falls, TX & Lawton, OK",2024-06-01,27967,27643,1,1,1.1720869659588322,1.1720869659588322,5.0,1.1720869659588322,2024,6
"Wichita Falls, TX & Lawton, OK",2024-07-01,22916,22934,1,1,-0.0784860905206244,-0.0784860905206244,4.0,-0.0784860905206244,2024,7
"Wichita Falls, TX & Lawton, OK",2024-08-01,29843,28845,1,1,3.459871728202461,3.459871728202461,5.0,3.459871728202461,2024,8
"Wichita Falls, TX & Lawton, OK",2024-09-01,20842,20034,1,1,4.033143655785166,4.033143655785166,4.0,4.033143655785166,2024,9
"Wichita Falls, TX & Lawton, OK",2024-10-01,22055,22712,1,1,-2.892743923916872,-2.892743923916872,4.0,-2.892743923916872,2024,10
"Wichita Falls, TX & Lawton, OK",2024-11-01,36166,34729,2,2,2.438883929856892,2.438883929856892,3.0,4.137752310748942,2024,11
"Wichita Falls, TX & Lawton, OK",2024-12-01,41532,36621,2,2,8.956609595587231,8.956609595587231,2.5,13.410338330466127,2024,12
"Wichita Falls, TX & Lawton, OK",2025-01-01,19153,17583,1,1,8.929079224250696,8.929079224250696,4.0,8.929079224250696,2025,1
"Wichita Falls, TX & Lawton, OK",2025-02-01,26242,28369,2,2,-9.285642271679203,-9.285642271679203,3.5,-7.497620642250344,2025,2
"Wichita Falls, TX & Lawton, OK",2025-03-01,50253,51695,2,2,-3.7071790572280356,-3.7071790572280356,5.0,-2.789438050101557,2025,3
"Wichita Falls, TX & Lawton, OK",2025-04-01,35923,34832,2,2,2.1415937797846443,2.1415937797846443,4.0,3.1321773082223245,2025,4
"Wichita Falls, TX & Lawton, OK",2025-05-01,42795,42586,2,2,0.44692055372494977,0.44692055372494977,5.0,0.4907716150847697,2025,5
"Wichita Falls, TX & Lawton, OK",2025-06-01,36659,36667,2,2,0.2534509269364107,0.2534509269364107,4.0,-0.021817983472877518,2025,6
"Wichita Falls, TX & Lawton, OK",2025-07-01,39379,37880,2,2,3.7959785286870824,3.7959785286870824,4.0,3.957233368532207,2025,7
"Wichita Falls, TX & Lawton, OK",2025-08-01,55737,54094,2,2,3.2825802297677824,3.2825802297677824,5.0,3.0373054312862795,2025,8
"Wichita Falls, TX & Lawton, OK",2025-09-01,36547,36806,2,2,-0.4622819456727362,-0.4622819456727362,4.0,-0.703689615823507,2025,9
"Wichita Falls, TX & Lawton, OK",2025-10-01,39372,39637,2,2,-0.34477651809917975,-0.34477651809917975,4.0,-0.6685672477735449,2025,10
"Wichita Falls, TX & Lawton, OK",2025-11-01,62818,60486,2,2,4.5181283008711395,4.5181283008711395,5.0,3.8554376219290414,2025,11
"Wichita Falls, TX & Lawton, OK",2025-12-01,67466,64614,2,2,4.577497371071132,4.577497371071132,4.0,4.413904107468969,2025,12
"Wichita Falls, TX & Lawton, OK",2026-01-01,37794,38277,2,2,-0.43369932023141655,-0.43369932023141655,5.0,-1.2618543773022965,2026,1
"Wichita Falls, TX & Lawton, OK",2026-02-01,33636,30469,2,2,11.575002034322978,11.575002034322978,4.0,10.394171124749747,2026,2
"Wichita Falls, TX & Lawton, OK",2026-03-01,39390,37546,2,2,5.4163594416302345,5.4163594416302345,4.0,4.9113087945453575,2026,3
"Wichita Falls, TX & Lawton, OK",2026-04-01,36732,34450,2,2,7.0192427161278275,7.0192427161278275,4.0,6.624092888243832,2026,4
"Wichita Falls, TX & Lawton, OK",2026-05-01,47053,46182,2,2,2.185192913907452,2.185192913907452,5.0,1.8860161967866267,2026,5
"Wichita Falls, TX & Lawton, OK",2026-06-01,38544,37008,2,2,4.216821692023863,4.216821692023863,4.0,4.150453955901426,2026,6
"Wichita Falls, TX & Lawton, OK",2026-07-01,38790,38092,2,2,2.7305639301447755,2.7305639301447755,4.0,1.8324057544891317,2026,7
"Wichita Falls, TX & Lawton, OK",2026-08-01,40473,39712,2,2,1.8486076072581688,1.8486076072581688,3.0,1.91629734085415,2026,8
"Wichita-Hutchinson, KS Plus",2024-02-01,13902,14642,1,1,-5.053954377817238,-5.053954377817238,3.0,-5.053954377817238,2024,2
"Wichita-Hutchinson, KS Plus",2024-03-01,25649,25272,1,1,1.491769547325103,1.491769547325103,5.0,1.491769547325103,2024,3
"Wichita-Hutchinson, KS Plus",2024-04-01,17401,18750,1,1,-7.194666666666667,-7.194666666666667,4.0,-7.194666666666667,2024,4
"Wichita-Hutchinson, KS Plus",2024-05-01,19969,19613,1,1,1.8151226227502166,1.8151226227502166,4.0,1.8151226227502166,2024,5
"Wichita-Hutchinson, KS Plus",2024-06-01,21649,21546,1,1,0.4780469692750394,0.4780469692750394,5.0,0.4780469692750394,2024,6
"Wichita-Hutchinson, KS Plus",2024-07-01,18540,19524,1,1,-5.039950829748002,-5.039950829748002,4.0,-5.039950829748002,2024,7
"Wichita-Hutchinson, KS Plus",2024-08-01,35429,35807,1,1,-1.0556595079174462,-1.0556595079174462,5.0,-1.0556595079174462,2024,8
"Wichita-Hutchinson, KS Plus",2024-09-01,14619,14543,1,1,0.5225881867565152,0.5225881867565152,4.0,0.5225881867565152,2024,9
"Wichita-Hutchinson, KS Plus",2024-10-01,17643,19466,1,1,-9.365046748176308,-9.365046748176308,4.0,-9.365046748176308,2024,10
"Wichita-Hutchinson, KS Plus",2024-11-01,28115,28003,1,1,0.39995714744848765,0.39995714744848765,5.0,0.39995714744848765,2024,11
"Wichita-Hutchinson, KS Plus",2024-12-01,31761,32570,1,1,-2.4838808719680685,-2.4838808719680685,4.0,-2.4838808719680685,2024,12
"Wichita-Hutchinson, KS Plus",2025-01-01,16628,16697,1,1,-0.41324788884230695,-0.41324788884230695,4.0,-0.41324788884230695,2025,1
"Wichita-Hutchinson, KS Plus",2025-02-01,16573,18141,1,1,-8.643404442974479,-8.643404442974479,4.0,-8.643404442974479,2025,2
"Wichita-Hutchinson, KS Plus",2025-03-01,25606,25649,1,1,-0.1676478615150688,-0.1676478615150688,5.0,-0.1676478615150688,2025,3
"Wichita-Hutchinson, KS Plus",2025-04-01,20997,18768,2,2,6.351236146632566,6.351236146632566,2.5,11.876598465473146,2025,4
"Wichita-Hutchinson, KS Plus",2025-05-01,21758,22213,1,1,-2.04835006527709,-2.04835006527709,5.0,-2.04835006527709,2025,5
"Wichita-Hutchinson, KS Plus",2025-06-01,18067,18910,1,1,-4.457958751983078,-4.457958751983078,4.0,-4.457958751983078,2025,6
"Wichita-Hutchinson, KS Plus",2025-07-01,19438,19032,1,1,2.1332492643968055,2.1332492643968055,4.0,2.1332492643968055,2025,7
"Wichita-Hutchinson, KS Plus",2025-08-01,46645,46704,2,2,-1.2699603759607734,-1.2699603759607734,4.5,-0.1263275094210346,2025,8
"Wichita-Hutchinson, KS Plus",2025-09-01,32955,33970,2,2,-3.3543882078645075,-3.3543882078645075,4.0,-2.9879305269355316,2025,9
"Wichita-Hutchinson, KS Plus",2025-10-01,15697,15722,1,1,-0.15901284823813766,-0.15901284823813766,4.0,-0.15901284823813766,2025,10
"Wichita-Hutchinson, KS Plus",2025-11-01,21331,21182,1,1,0.7034274383910868,0.7034274383910868,5.0,0.7034274383910868,2025,11
"Wichita-Hutchinson, KS Plus",2025-12-01,26351,21859,3,3,65.6159850580586,65.6159850580586,2.0,20.549887918020037,2025,12
"Wichita-Hutchinson, KS Plus",2026-01-01,31703,30280,3,3,8.349281465226357,5.087910378092422,3.3333333333333335,4.699471598414795,2026,1
"Wichita-Hutchinson, KS Plus",2026-02-01,48551,43866,3,3,11.284096461872421,8.802992518703242,4.0,10.680253499293302,2026,2
"Wichita-Hutchinson, KS Plus",2026-03-01,59015,56569,3,3,5.209051506108014,4.156467708529467,4.0,4.323922996694303,2026,3
"Wichita-Hutchinson, KS Plus",2026-04-01,54713,54071,3,3,1.9363118507111003,1.4478957915831663,4.0,1.187327772743245,2026,4
"Wichita-Hutchinson, KS Plus",2026-05-01,66693,66376,3,3,0.0724036063861675,-0.511614473738499,5.0,0.477582258647704,2026,5
"Wichita-Hutchinson, KS Plus",2026-06-01,53016,49378,3,3,7.181491601172513,5.507860408072249,4.0,7.3676536109198425,2026,6
"Wichita-Hutchinson, KS Plus",2026-07-01,52135,51998,3,3,0.054841583504103696,-1.2556772642265563,4.0,0.26347167198738414,2026,7
"Wichita-Hutchinson, KS Plus",2026-08-01,46673,46654,3,3,0.5774889606975444,-1.0675101314618958,2.6666666666666665,0.04072533973507095,2026,8
"Wilkes Barre-Scranton-Hazleton, PA",2024-02-01,19466,18981,1,1,2.5551867657130813,2.5551867657130813,3.0,2.5551867657130813,2024,2
"Wilkes Barre-Scranton-Hazleton, PA",2024-03-01,34250,31626,1,1,8.296970846771643,8.296970846771643,5.0,8.296970846771643,2024,3
"Wilkes Barre-Scranton-Hazleton, PA",2024-04-01,25332,25589,1,1,-1.0043378013990387,-1.0043378013990387,4.0,-1.0043378013990387,2024,4
"Wilkes Barre-Scranton-Hazleton, PA",2024-05-01,29668,27000,1,1,9.881481481481481,9.881481481481481,4.0,9.881481481481481,2024,5
"Wilkes Barre-Scranton-Hazleton, PA",2024-06-01,37732,35348,1,1,6.744370261400928,6.744370261400928,5.0,6.744370261400928,2024,6
"Wilkes Barre-Scranton-Hazleton, PA",2024-07-01,30186,28234,1,1,6.913650208967911,6.913650208967911,4.0,6.913650208967911,2024,7
"Wilkes Barre-Scranton-Hazleton, PA",2024-08-01,51660,50911,1,1,1.4711948301938678,1.4711948301938678,5.0,1.4711948301938678,2024,8
"Wilkes Barre-Scranton-Hazleton, PA",2024-09-01,29125,28283,1,1,2.977053353604639,2.977053353604639,4.0,2.977053353604639,2024,9
"Wilkes Barre-Scranton-Hazleton, PA",2024-10-01,28018,26253,1,1,6.723041176246525,6.723041176246525,4.0,6.723041176246525,2024,10
"Wilkes Barre-Scranton-Hazleton, PA",2024-11-01,42070,41172,1,1,2.1810939473428546,2.1810939473428546,5.0,2.1810939473428546,2024,11
"Wilkes Barre-Scranton-Hazleton, PA",2024-12-01,48826,43625,2,2,5.2997134670487105,5.2997134670487105,2.5,11.922063037249284,2024,12
"Wilkes Barre-Scranton-Hazleton, PA",2025-01-01,23306,21093,1,1,10.491632295074195,10.491632295074195,4.0,10.491632295074195,2025,1
"Wilkes Barre-Scranton-Hazleton, PA",2025-02-01,21531,25148,1,1,-14.382853507237156,-14.382853507237156,4.0,-14.382853507237156,2025,2
"Wilkes Barre-Scranton-Hazleton, PA",2025-03-01,35470,35303,1,1,0.47304761634988524,0.47304761634988524,5.0,0.47304761634988524,2025,3
"Wilkes Barre-Scranton-Hazleton, PA",2025-04-01,27469,24480,2,2,6.299019607843137,6.299019607843137,2.5,12.209967320261438,2025,4
"Wilkes Barre-Scranton-Hazleton, PA",2025-05-01,36783,35479,1,1,3.675413624961245,3.675413624961245,5.0,3.675413624961245,2025,5
"Wilkes Barre-Scranton-Hazleton, PA",2025-06-01,30318,28900,1,1,4.906574394463668,4.906574394463668,4.0,4.906574394463668,2025,6
"Wilkes Barre-Scranton-Hazleton, PA",2025-07-01,31231,30186,1,1,3.4618697409395085,3.4618697409395085,4.0,3.4618697409395085,2025,7
"Wilkes Barre-Scranton-Hazleton, PA",2025-08-01,47142,44917,1,1,4.953581049491284,4.953581049491284,5.0,4.953581049491284,2025,8
"Wilkes Barre-Scranton-Hazleton, PA",2025-09-01,29578,29910,1,1,-1.1099966566365764,-1.1099966566365764,4.0,-1.1099966566365764,2025,9
"Wilkes Barre-Scranton-Hazleton, PA",2025-10-01,31990,31516,1,1,1.5039979692854424,1.5039979692854424,4.0,1.5039979692854424,2025,10
"Wilkes Barre-Scranton-Hazleton, PA",2025-11-01,47006,43795,1,1,7.331887201735358,7.331887201735358,5.0,7.331887201735358,2025,11
"Wilkes Barre-Scranton-Hazleton, PA",2025-12-01,80385,84202,2,2,-4.950663348563931,-4.950663348563931,4.0,-4.533146481081209,2025,12
"Wilkes Barre-Scranton-Hazleton, PA",2026-01-01,56827,57855,2,2,-1.6217808851376998,-1.6217808851376998,5.0,-1.7768559329357878,2026,1
"Wilkes Barre-Scranton-Hazleton, PA",2026-02-01,48090,43873,2,2,9.56928841706676,9.56928841706676,4.0,9.611834157682402,2026,2
"Wilkes Barre-Scranton-Hazleton, PA",2026-03-01,60344,58952,2,2,2.5301989191794623,2.5301989191794623,4.0,2.3612430451893065,2026,3
"Wilkes Barre-Scranton-Hazleton, PA",2026-04-01,58494,56825,2,2,2.9934128027343796,2.9934128027343796,4.0,2.937087549494061,2026,4
"Wilkes Barre-Scranton-Hazleton, PA",2026-05-01,75531,75193,2,2,0.3972153657243189,0.3972153657243189,5.0,0.44950992778583115,2026,5
"Wilkes Barre-Scranton-Hazleton, PA",2026-06-01,61146,61028,2,2,0.20402791489194572,0.20402791489194572,4.0,0.19335387035459134,2026,6
"Wilkes Barre-Scranton-Hazleton, PA",2026-07-01,60027,62297,2,2,-3.656215897568689,-3.656215897568689,4.0,-3.6438351766537718,2026,7
"Wilkes Barre-Scranton-Hazleton, PA",2026-08-01,49945,51017,2,2,-2.1911209335881,-2.1911209335881,3.0,-2.1012603641923278,2026,8
"Wilmington, NC",2024-02-01,12793,13915,1,1,-8.063241106719369,-8.063241106719369,3.0,-8.063241106719369,2024,2
"Wilmington, NC",2024-03-01,21980,22462,1,1,-2.145846318226338,-2.145846318226338,5.0,-2.145846318226338,2024,3
"Wilmington, NC",2024-04-01,15800,17019,1,1,-7.162582995475645,-7.162582995475645,4.0,-7.162582995475645,2024,4
"Wilmington, NC",2024-05-01,17976,18323,1,1,-1.8937946842765925,-1.8937946842765925,4.0,-1.8937946842765925,2024,5
"Wilmington, NC",2024-06-01,23163,22950,1,1,0.9281045751633987,0.9281045751633987,5.0,0.9281045751633987,2024,6
"Wilmington, NC",2024-07-01,19490,18908,1,1,3.078062195895917,3.078062195895917,4.0,3.078062195895917,2024,7
"Wilmington, NC",2024-08-01,11186,11014,1,1,1.561648810604685,1.561648810604685,4.0,1.561648810604685,2024,8
"Wilmington, NC",2024-09-01,17664,16927,1,1,4.353990665800201,4.353990665800201,4.0,4.353990665800201,2024,9
"Wilmington, NC",2024-10-01,16857,16410,1,1,2.7239488117001827,2.7239488117001827,4.0,2.7239488117001827,2024,10
"Wilmington, NC",2024-11-01,26596,23829,1,1,11.611901464601955,11.611901464601955,5.0,11.611901464601955,2024,11
"Wilmington, NC",2024-12-01,31063,28079,1,1,10.627159086862067,10.627159086862067,4.0,10.627159086862067,2024,12
"Wilmington, NC",2025-01-01,16788,15477,1,1,8.470633843768171,8.470633843768171,4.0,8.470633843768171,2025,1
"Wilmington, NC",2025-02-01,15613,16522,1,1,-5.501755235443651,-5.501755235443651,4.0,-5.501755235443651,2025,2
"Wilmington, NC",2025-03-01,23695,23412,1,1,1.2087818212882284,1.2087818212882284,5.0,1.2087818212882284,2025,3
"Wilmington, NC",2025-04-01,19902,17113,1,1,16.297551568982644,16.297551568982644,4.0,16.297551568982644,2025,4
"Wilmington, NC",2025-05-01,23066,22270,1,1,3.574315222272115,3.574315222272115,5.0,3.574315222272115,2025,5
"Wilmington, NC",2025-06-01,18554,18989,1,1,-2.2907999368055187,-2.2907999368055187,4.0,-2.2907999368055187,2025,6
"Wilmington, NC",2025-07-01,21210,20563,1,1,3.146428050381753,3.146428050381753,4.0,3.146428050381753,2025,7
"Wilmington, NC",2025-08-01,28291,26166,1,1,8.121226018497287,8.121226018497287,5.0,8.121226018497287,2025,8
"Wilmington, NC",2025-09-01,18742,18722,1,1,0.10682619378271552,0.10682619378271552,4.0,0.10682619378271552,2025,9
"Wilmington, NC",2025-10-01,19652,19306,1,1,1.7921889568009945,1.7921889568009945,4.0,1.7921889568009945,2025,10
"Wilmington, NC",2025-11-01,25696,25587,1,1,0.4259975768945167,0.4259975768945167,5.0,0.4259975768945167,2025,11
"Wilmington, NC",2025-12-01,27951,26810,1,1,4.255874673629243,4.255874673629243,4.0,4.255874673629243,2025,12
"Wilmington, NC",2026-01-01,20246,18546,1,1,9.166397066752939,9.166397066752939,5.0,9.166397066752939,2026,1
"Wilmington, NC",2026-02-01,17786,15987,1,1,11.252892975542629,11.252892975542629,4.0,11.252892975542629,2026,2
"Wilmington, NC",2026-03-01,19986,19100,1,1,4.638743455497382,4.638743455497382,4.0,4.638743455497382,2026,3
"Wilmington, NC",2026-04-01,20149,20541,1,1,-1.908378365220778,-1.908378365220778,4.0,-1.908378365220778,2026,4
"Wilmington, NC",2026-05-01,25137,24294,1,1,3.4699925907631513,3.4699925907631513,5.0,3.4699925907631513,2026,5
"Wilmington, NC",2026-06-01,20872,19284,1,1,8.234806056834682,8.234806056834682,4.0,8.234806056834682,2026,6
"Wilmington, NC",2026-07-01,19868,20026,1,1,-0.7889743333666235,-0.7889743333666235,4.0,-0.7889743333666235,2026,7
"Wilmington, NC",2026-08-01,17247,17138,1,1,0.6360135371688646,0.6360135371688646,3.0,0.6360135371688646,2026,8
"Yakima-Pasco-Richland-Kennewick, WA",2024-02-01,60925,64322,2,2,-5.2969296128195555,-5.2969296128195555,3.0,-5.281241254936102,2024,2
"Yakima-Pasco-Richland-Kennewick, WA",2024-03-01,116067,108994,2,2,6.4733769607367675,6.4733769607367675,5.0,6.489348037506653,2024,3
"Yakima-Pasco-Richland-Kennewick, WA",2024-04-01,69597,68788,2,2,1.167641533429562,1.167641533429562,4.0,1.1760772227714136,2024,4
"Yakima-Pasco-Richland-Kennewick, WA",2024-05-01,85273,81655,2,2,4.411587456074756,4.411587456074756,4.0,4.430837058355276,2024,5
"Yakima-Pasco-Richland-Kennewick, WA",2024-06-01,98150,94016,2,2,4.424361622591114,4.424361622591114,5.0,4.397123893805309,2024,6
"Yakima-Pasco-Richland-Kennewick, WA",2024-07-01,68563,64623,2,2,5.9272475964071525,5.9272475964071525,3.5,6.096900484347678,2024,7
"Yakima-Pasco-Richland-Kennewick, WA",2024-08-01,158622,153810,2,2,3.1335264792139013,3.1335264792139013,5.0,3.128535205773357,2024,8
"Yakima-Pasco-Richland-Kennewick, WA",2024-09-01,65760,64224,2,2,4.589567892389902,4.589567892389902,3.0,2.391629297458894,2024,9
"Yakima-Pasco-Richland-Kennewick, WA",2024-10-01,66325,60029,2,2,9.75633055056543,9.75633055056543,4.0,10.488264005730564,2024,10
"Yakima-Pasco-Richland-Kennewick, WA",2024-11-01,114583,108714,2,2,6.061834780855955,6.061834780855955,5.0,5.398568721599794,2024,11
"Yakima-Pasco-Richland-Kennewick, WA",2024-12-01,122965,119878,2,2,2.9137791865789517,2.9137791865789517,4.0,2.575118036670615,2024,12
"Yakima-Pasco-Richland-Kennewick, WA",2025-01-01,68287,58539,2,2,16.575755575625735,16.575755575625735,4.0,16.652146432293,2025,1
"Yakima-Pasco-Richland-Kennewick, WA",2025-02-01,66419,71180,2,2,-6.286293680967582,-6.286293680967582,4.0,-6.688676594549031,2025,2
"Yakima-Pasco-Richland-Kennewick, WA",2025-03-01,116458,115085,2,2,1.2538470232459271,1.2538470232459271,5.0,1.1930312377807708,2025,3
"Yakima-Pasco-Richland-Kennewick, WA",2025-04-01,75072,73216,2,2,1.979772461441668,1.979772461441668,4.0,2.534965034965035,2025,4
"Yakima-Pasco-Richland-Kennewick, WA",2025-05-01,75097,72667,2,2,0.3973702509267927,0.3973702509267927,3.5,3.3440213577001945,2025,5
"Yakima-Pasco-Richland-Kennewick, WA",2025-06-01,84945,90481,2,2,-6.191723426292368,-6.191723426292368,4.0,-6.118411600225461,2025,6
"Yakima-Pasco-Richland-Kennewick, WA",2025-07-01,57676,56723,2,2,-7.232722478443323,-7.232722478443323,2.5,1.680094494296846,2025,7
"Yakima-Pasco-Richland-Kennewick, WA",2025-08-01,105441,98355,2,2,5.722699482679323,5.722699482679323,3.5,7.204514259569924,2025,8
"Yakima-Pasco-Richland-Kennewick, WA",2025-09-01,94099,97185,2,2,-3.0441890556974087,-3.0441890556974087,4.0,-3.1753871482224625,2025,9
"Yakima-Pasco-Richland-Kennewick, WA",2025-10-01,109133,114154,2,2,-4.223381287675688,-4.223381287675688,4.0,-4.398444206948509,2025,10
"Yakima-Pasco-Richland-Kennewick, WA",2025-11-01,132113,144822,2,2,-8.554667893039001,-8.554667893039001,5.0,-8.775600392205604,2025,11
"Yakima-Pasco-Richland-Kennewick, WA",2025-12-01,125451,123016,2,2,2.702200161772195,2.702200161772195,4.0,1.9794173115692266,2025,12
"Yakima-Pasco-Richland-Kennewick, WA",2026-01-01,78624,77033,2,2,2.6552253367132943,2.6552253367132943,5.0,2.065348616826555,2026,1
"Yakima-Pasco-Richland-Kennewick, WA",2026-02-01,50145,48751,2,2,2.9851992589709884,2.9851992589709884,3.0,2.859428524543086,2026,2
"Yakima-Pasco-Richland-Kennewick, WA",2026-03-01,96854,94527,2,2,2.3234098380434522,2.3234098380434522,4.0,2.461730510859331,2026,3
"Yakima-Pasco-Richland-Kennewick, WA",2026-04-01,91824,88254,2,2,3.94009154789422,3.94009154789422,4.0,4.045142429804882,2026,4
"Yakima-Pasco-Richland-Kennewick, WA",2026-05-01,107313,110805,2,2,-3.3861931467637416,-3.3861931467637416,5.0,-3.1514823338297004,2026,5
"Yakima-Pasco-Richland-Kennewick, WA",2026-06-01,94938,88212,2,2,7.565136211421422,7.565136211421422,4.0,7.624812950618963,2026,6
"Yakima-Pasco-Richland-Kennewick, WA",2026-07-01,75614,76081,2,2,-0.0377458465496916,-0.0377458465496916,4.0,-0.6138194818680092,2026,7
"Yakima-Pasco-Richland-Kennewick, WA",2026-08-01,50449,52675,2,2,-0.9789999019610551,-0.9789999019610551,2.0,-4.225913621262459,2026,8
"Youngstown, OH",2024-03-01,2651,2094,1,1,26.599808978032474,26.599808978032474,1.0,26.599808978032474,2024,3
"Youngstown, OH",2024-04-01,13332,15951,1,1,-16.419033289448937,-16.419033289448937,4.0,-16.419033289448937,2024,4
"Youngstown, OH",2024-05-01,15261,16300,1,1,-6.374233128834356,-6.374233128834356,4.0,-6.374233128834356,2024,5
"Youngstown, OH",2024-06-01,15857,16176,1,1,-1.9720573689416419,-1.9720573689416419,5.0,-1.9720573689416419,2024,6
"Youngstown, OH",2024-07-01,15794,16819,1,1,-6.0942981152268265,-6.0942981152268265,4.0,-6.0942981152268265,2024,7
"Youngstown, OH",2024-08-01,23328,23375,1,1,-0.20106951871657752,-0.20106951871657752,5.0,-0.20106951871657752,2024,8
"Youngstown, OH",2024-09-01,14460,15512,1,1,-6.781846312532233,-6.781846312532233,4.0,-6.781846312532233,2024,9
"Youngstown, OH",2024-10-01,5237,5400,1,1,-3.0185185185185186,-3.0185185185185186,2.0,-3.0185185185185186,2024,10
"Youngstown, OH",2024-11-01,25457,26306,1,1,-3.227400593020604,-3.227400593020604,5.0,-3.227400593020604,2024,11
"Youngstown, OH",2024-12-01,28447,28680,1,1,-0.8124128312412832,-0.8124128312412832,4.0,-0.8124128312412832,2024,12
"Youngstown, OH",2025-01-01,11995,12469,1,1,-3.801427540299944,-3.801427540299944,4.0,-3.801427540299944,2025,1
"Youngstown, OH",2025-02-01,12645,14877,1,1,-15.00302480338778,-15.00302480338778,4.0,-15.00302480338778,2025,2
"Youngstown, OH",2025-03-01,20595,21035,1,1,-2.0917518421678154,-2.0917518421678154,5.0,-2.0917518421678154,2025,3
"Youngstown, OH",2025-04-01,16243,14240,2,2,9.88061797752809,9.88061797752809,2.5,14.066011235955056,2025,4
"Youngstown, OH",2025-05-01,16679,17126,1,1,-2.610066565456032,-2.610066565456032,5.0,-2.610066565456032,2025,5
"Youngstown, OH",2025-06-01,14158,14708,1,1,-3.7394615175414736,-3.7394615175414736,4.0,-3.7394615175414736,2025,6
"Youngstown, OH",2025-07-01,5509,5236,1,1,5.213903743315508,5.213903743315508,2.0,5.213903743315508,2025,7
"Youngstown, OH",2025-08-01,25444,25011,1,1,1.7312382551677261,1.7312382551677261,5.0,1.7312382551677261,2025,8
"Youngstown, OH",2025-09-01,15216,15934,1,1,-4.506087611397012,-4.506087611397012,4.0,-4.506087611397012,2025,9
"Youngstown, OH",2025-10-01,15921,15996,1,1,-0.46886721680420107,-0.46886721680420107,4.0,-0.46886721680420107,2025,10
"Youngstown, OH",2025-11-01,25749,24632,1,1,4.534751542708672,4.534751542708672,5.0,4.534751542708672,2025,11
"Youngstown, OH",2025-12-01,29421,28447,2,2,-2.0388793194361443,-2.0388793194361443,2.5,3.4239111329841463,2025,12
"Youngstown, OH",2026-01-01,19284,20135,2,2,-8.776671145083814,-8.776671145083814,3.5,-4.226471318599454,2026,1
"Youngstown, OH",2026-02-01,28514,26222,2,2,8.763997351252272,8.763997351252272,4.0,8.740752040271529,2026,2
"Youngstown, OH",2026-03-01,17095,16262,1,1,5.122371172057558,5.122371172057558,4.0,5.122371172057558,2026,3
"Youngstown, OH",2026-04-01,15868,16044,1,1,-1.0969832959361756,-1.0969832959361756,4.0,-1.0969832959361756,2026,4
"Youngstown, OH",2026-05-01,18160,18106,1,1,0.29824367612945984,0.29824367612945984,5.0,0.29824367612945984,2026,5
"Youngstown, OH",2026-06-01,14246,14110,1,1,0.9638554216867471,0.9638554216867471,4.0,0.9638554216867471,2026,6
"Youngstown, OH",2026-07-01,18758,17934,2,2,7.73262103432421,7.73262103432421,3.0,4.594624735139958,2026,7
"Youngstown, OH",2026-08-01,21712,23303,2,2,-2.951057566949225,-2.951057566949225,2.5,-6.827447109814187,2026,8
"Yuma, AZ-El Centro, CA",2024-02-01,67963,67786,2,2,-0.1198672699789971,-0.1198672699789971,3.0,0.26111586463281505,2024,2
"Yuma, AZ-El Centro, CA",2024-03-01,124364,116802,2,2,6.211088311749736,6.211088311749736,5.0,6.474204208832041,2024,3
"Yuma, AZ-El Centro, CA",2024-04-01,84490,84994,2,2,-0.5307014188961477,-0.5307014188961477,4.0,-0.5929830340965244,2024,4
"Yuma, AZ-El Centro, CA",2024-05-01,95521,92842,2,2,3.2359743129146876,3.2359743129146876,4.0,2.885547489282868,2024,5
"Yuma, AZ-El Centro, CA",2024-06-01,110903,113648,2,2,-0.699304284691638,-0.699304284691638,5.0,-2.4153526678868085,2024,6
"Yuma, AZ-El Centro, CA",2024-07-01,80194,89662,2,2,-10.371335391475101,-10.371335391475101,4.0,-10.55965737993799,2024,7
"Yuma, AZ-El Centro, CA",2024-08-01,119834,127852,2,2,-6.312081666441193,-6.312081666441193,5.0,-6.2713137064731095,2024,8
"Yuma, AZ-El Centro, CA",2024-09-01,68121,70373,2,2,-2.0523184232761804,-2.0523184232761804,4.0,-3.2000909439699883,2024,9
"Yuma, AZ-El Centro, CA",2024-10-01,63142,66528,2,2,-5.6507657709532175,-5.6507657709532175,3.5,-5.08958633958634,2024,10
"Yuma, AZ-El Centro, CA",2024-11-01,196906,200809,3,3,-1.9401579514393161,-1.6468623840620318,4.666666666666667,-1.943637984353291,2024,11
"Yuma, AZ-El Centro, CA",2024-12-01,234250,245323,3,3,-5.4584540957963155,-6.6570528227314005,4.0,-4.513641199561395,2024,12
"Yuma, AZ-El Centro, CA",2025-01-01,132720,133611,3,3,-0.846198679176157,-3.606611509603566,4.0,-0.6668612614230864,2025,1
"Yuma, AZ-El Centro, CA",2025-02-01,119827,121954,3,3,-1.765735331839812,-5.188465031789283,4.0,-1.744100234514653,2025,2
"Yuma, AZ-El Centro, CA",2025-03-01,166069,185882,3,3,-10.541534426459327,-11.258636477149754,5.0,-10.658912643505019,2025,3
"Yuma, AZ-El Centro, CA",2025-04-01,136875,136572,3,3,-0.5219410988776604,0.06916705573135516,4.0,0.2218609963975046,2025,4
"Yuma, AZ-El Centro, CA",2025-05-01,146039,149546,3,3,-4.3997549494446835,-1.1263408820023837,4.666666666666667,-2.3450978294304092,2025,5
"Yuma, AZ-El Centro, CA",2025-06-01,138193,138110,3,3,-1.1240153423475725,2.5488711587366297,4.0,0.060097024111215695,2025,6
"Yuma, AZ-El Centro, CA",2025-07-01,141987,134004,3,3,6.036290180563891,6.57661573439433,4.0,5.9572848571684425,2025,7
"Yuma, AZ-El Centro, CA",2025-08-01,170275,169234,3,3,1.406844860542968,2.692648618800587,4.666666666666667,0.615124620348157,2025,8
"Yuma, AZ-El Centro, CA",2025-09-01,113168,113335,3,3,-0.49691419632428735,-1.7646312047733907,4.0,-0.1473507742533198,2025,9
"Yuma, AZ-El Centro, CA",2025-10-01,137626,135260,4,4,-2.0573669726937736,2.180276099922808,3.5,1.7492237172852285,2025,10
"Yuma, AZ-El Centro, CA",2025-11-01,212061,210778,4,4,-0.41447299530314563,0.11481789952740606,4.75,0.6086973023750106,2025,11
"Yuma, AZ-El Centro, CA",2025-12-01,230501,217680,4,4,3.173410571723761,6.4913853398709955,4.0,5.889838294744579,2025,12
"Yuma, AZ-El Centro, CA",2026-01-01,147732,142368,4,4,0.6716029527968472,3.4812626103998827,4.25,3.76770060687795,2026,1
"Yuma, AZ-El Centro, CA",2026-02-01,112915,105425,3,3,6.86905117002318,6.352412556423522,4.0,7.104576713303295,2026,2
"Yuma, AZ-El Centro, CA",2026-03-01,163529,156020,4,4,4.811985185439204,6.60742105561885,4.0,4.812844507114473,2026,3
"Yuma, AZ-El Centro, CA",2026-04-01,162716,157286,4,4,3.5440314613232577,3.6217979680192354,4.0,3.452309805068474,2026,4
"Yuma, AZ-El Centro, CA",2026-05-01,200291,193794,4,4,3.8669806251782837,3.123325429724849,5.0,3.352528974065244,2026,5
"Yuma, AZ-El Centro, CA",2026-06-01,164091,162610,4,4,1.315461129343201,1.000224219974841,4.0,0.9107680954430847,2026,6
"Yuma, AZ-El Centro, CA",2026-07-01,160522,157114,4,4,2.135445045395339,2.953421487356733,4.0,2.1691256030652903,2026,7
"Yuma, AZ-El Centro, CA",2026-08-01,132571,123726,4,4,7.366236575259497,7.29421102045684,3.0,7.148861193281928,2026,8
